Video link,260101,260102,260103,260104,260105,260106,260107,260108,260109,260110,260111,260112,260113,260114,260115,260116,260117,260118,260119,260120,260121,260122,260123,260124,260125,260126,260127,260128,260129,260130,260131,260201,260202,260203,260204,260205,260206,260207,260208,260209,260210,260211,260212,260213,260214,260215,260216,260217,260218,260219,260220,260221,260222,260223,260224,260225,260226,260227,260228,260301,260302,260303,260304,260305,260306,260307,260308,260309,260310,260311,260312,260313,260314,260315,260317,260318,260319,260320,260321,260322,260323,260324,260325,260326,260327,260328,260329,260330,260331,260401,260402,260403,260404,260405,260406,260407,260408,260409,260410,260411,260412,260413,260414,260415,260416,260417,260418,260419,260420,260421,260422,260423,260424,260425,260426,260427,260428,260429,260430,260501,260502,260503,260504,260505,260506,260507,260508,260509,260510,260511,260512,260513,260514,260515,260516,260517,260518,260519,260520,260521,260522,260523,260524,260525,260526,260527,260528,260529,260530,260531,260601,260602,260603,260604
ZZIKS6NIMHo,3231.0,3282.0,3308.0,3335.0,3359.0,3377.0,3440.0,3480.0,3533.0,3577.0,3606.0,3620.0,3632.0,3639.0,3646.0,3656.0,3669.0,3679.0,3686.0,3694.0,3700.0,3706.0,3709.0,3715.0,3720.0,3722.0,3725.0,3729.0,3730.0,3735.0,3733.0,3734.0,3738.0,3740.0,3742.0,3742.0,3744.0,3745.0,3746.0,3749.0,3749.0,3749.0,3749.0,3749.0,3751.0,3751.0,3750.0,3749.0,3748.0,3749.0,3751.0,3752.0,3751.0,,3754.0,3754.0,3754.0,3754.0,3755.0,3755.0,3756.0,3759.0,3759.0,3759.0,3758.0,3762.0,3763.0,3762.0,3763.0,3764.0,3766.0,3764.0,3766.0,3770.0,3773.0,3775.0,3780.0,3781.0,3782.0,3782.0,3782.0,3782.0,3783.0,3783.0,3784.0,3785.0,3786.0,3787.0,3786.0,3787.0,3788.0,3788.0,3789.0,3790.0,3791.0,3792.0,3792.0,3793.0,3793.0,3796.0,3797.0,3797.0,3797.0,3795.0,3794.0,3798.0,3801.0,3804.0,3805.0,3805.0,3806.0,3808.0,3810.0,3811.0,3812.0,3815.0,3817.0,3820.0,3820.0,3821.0,3820.0,3820.0,3820.0,3820.0,3820.0,3819.0,3819.0,3820.0,3822.0,3823.0,3823.0,3824.0,3824.0,3824.0,3824.0,3825.0,3824.0,3825.0,3825.0,3825.0,3826.0,3829.0,3829.0,3829.0,3830.0,3830.0,3830.0,3831.0,3833.0,3833.0,3832.0,3831.0,3828.0,3829
No2UhSOp8aM,2734.0,2739.0,2744.0,2756.0,2766.0,2777.0,2781.0,2785.0,2786.0,2792.0,2794.0,2798.0,2806.0,2812.0,2815.0,2819.0,2820.0,2824.0,2826.0,2828.0,2831.0,2833.0,2833.0,2835.0,2837.0,2839.0,2842.0,2841.0,2846.0,2846.0,2848.0,2848.0,2849.0,2851.0,2850.0,2851.0,2852.0,2853.0,2857.0,2859.0,2859.0,2860.0,2862.0,2860.0,2862.0,2864.0,2865.0,2864.0,2866.0,2867.0,2866.0,2865.0,2865.0,,2868.0,2868.0,2870.0,2868.0,2868.0,2871.0,2871.0,2872.0,2872.0,2875.0,2877.0,2875.0,2876.0,2878.0,2879.0,2882.0,2883.0,2884.0,2885.0,2885.0,2887.0,2889.0,2890.0,2886.0,2886.0,2887.0,2888.0,2888.0,2890.0,2891.0,2891.0,2891.0,2893.0,2892.0,2895.0,2898.0,2898.0,2900.0,2902.0,2905.0,2905.0,2906.0,2906.0,2906.0,2906.0,2906.0,2906.0,2907.0,2907.0,2909.0,2910.0,2911.0,2910.0,2912.0,2914.0,2915.0,2915.0,2918.0,2918.0,2918.0,2918.0,2919.0,2919.0,2919.0,2920.0,2921.0,2920.0,2920.0,2921.0,2920.0,2921.0,2920.0,2920.0,2921.0,2920.0,2920.0,2920.0,2919.0,2919.0,2919.0,2919.0,2919.0,2919.0,2919.0,2919.0,2919.0,2919.0,2919.0,2920.0,2919.0,2919.0,2919.0,2919.0,2920.0,2920.0,2920.0,2919.0,2919.0,2919.0,2919
eDSb9J1DJKc,30397.0,30799.0,31449.0,32019.0,32411.0,32848.0,33226.0,33488.0,33719.0,33973.0,34149.0,34287.0,34427.0,34559.0,34669.0,34782.0,34895.0,35001.0,35097.0,35184.0,35261.0,35316.0,35362.0,35398.0,35455.0,35504.0,35549.0,35584.0,35611.0,35651.0,35703.0,35742.0,35783.0,35806.0,35843.0,35859.0,35896.0,35932.0,35961.0,35994.0,36039.0,36063.0,36077.0,36092.0,36105.0,36118.0,36130.0,36148.0,36158.0,36176.0,36185.0,36200.0,36221.0,,36251.0,36266.0,36292.0,36306.0,36322.0,36330.0,36346.0,36357.0,36368.0,36380.0,36388.0,36403.0,36417.0,36422.0,36436.0,36446.0,36457.0,36468.0,36483.0,36492.0,36513.0,36525.0,36536.0,36544.0,36558.0,36567.0,36580.0,36585.0,36598.0,36605.0,36610.0,36627.0,36637.0,36644.0,36651.0,36660.0,36666.0,36680.0,36691.0,36705.0,36722.0,36731.0,36744.0,36755.0,36762.0,36773.0,36779.0,36786.0,36797.0,36805.0,36810.0,36817.0,36828.0,36837.0,36847.0,36859.0,36862.0,36863.0,36866.0,36867.0,36870.0,36878.0,36883.0,36887.0,36894.0,36899.0,36905.0,36914.0,36924.0,36934.0,36941.0,36945.0,36948.0,36955.0,36963.0,36966.0,36970.0,36975.0,36980.0,36990.0,37001.0,37008.0,37015.0,37023.0,37025.0,37033.0,37044.0,37047.0,37056.0,37064.0,37072.0,37076.0,37080.0,37086.0,37093.0,37100.0,37103.0,37103.0,37106.0,37113
_LGkbAg-4oo,130.0,134.0,136.0,137.0,138.0,139.0,142.0,143.0,144.0,144.0,146.0,146.0,146.0,146.0,146.0,146.0,146.0,146.0,146.0,146.0,146.0,146.0,147.0,147.0,146.0,146.0,146.0,146.0,146.0,146.0,146.0,146.0,146.0,146.0,146.0,146.0,147.0,147.0,147.0,147.0,147.0,147.0,147.0,147.0,147.0,147.0,147.0,147.0,147.0,147.0,147.0,147.0,147.0,,147.0,147.0,147.0,147.0,147.0,147.0,147.0,147.0,147.0,147.0,147.0,147.0,147.0,147.0,147.0,147.0,147.0,147.0,147.0,147.0,147.0,147.0,147.0,147.0,147.0,147.0,147.0,147.0,147.0,147.0,147.0,147.0,147.0,147.0,147.0,147.0,147.0,147.0,147.0,147.0,147.0,147.0,147.0,147.0,147.0,147.0,147.0,147.0,147.0,147.0,147.0,147.0,147.0,147.0,147.0,147.0,147.0,147.0,147.0,147.0,147.0,147.0,147.0,147.0,147.0,147.0,147.0,147.0,147.0,147.0,147.0,147.0,147.0,147.0,147.0,147.0,147.0,147.0,147.0,147.0,147.0,147.0,147.0,147.0,147.0,147.0,147.0,147.0,147.0,147.0,147.0,147.0,147.0,147.0,147.0,147.0,147.0,147.0,147.0,147
aLBo0oJqBXI,180367.0,180902.0,181645.0,182312.0,182830.0,183387.0,183913.0,184472.0,184960.0,185499.0,185968.0,187384.0,188449.0,189097.0,189651.0,190251.0,190796.0,191234.0,191598.0,191981.0,192315.0,192623.0,192895.0,193147.0,193431.0,193652.0,193879.0,194129.0,194340.0,194541.0,194782.0,194989.0,195163.0,195337.0,195526.0,195658.0,195839.0,196006.0,196167.0,196317.0,196443.0,196563.0,196672.0,196776.0,196903.0,197038.0,197133.0,197224.0,197294.0,197403.0,197512.0,197634.0,197728.0,,197938.0,198005.0,198100.0,198172.0,198256.0,198349.0,198417.0,198482.0,198550.0,198615.0,198674.0,198743.0,198804.0,198872.0,198967.0,199022.0,199110.0,199184.0,199311.0,199409.0,199644.0,199747.0,199874.0,199981.0,200079.0,200167.0,200252.0,200318.0,200418.0,200505.0,200596.0,200675.0,200772.0,200864.0,200948.0,201017.0,201093.0,201150.0,201237.0,201341.0,201422.0,201495.0,201571.0,201637.0,201715.0,201747.0,201845.0,201921.0,201972.0,202031.0,202092.0,202139.0,202215.0,202286.0,202322.0,202375.0,202435.0,202487.0,202527.0,202589.0,202656.0,202726.0,202773.0,202840.0,202894.0,202970.0,203030.0,203075.0,203139.0,203196.0,203246.0,203281.0,203321.0,203390.0,203479.0,203560.0,203624.0,203683.0,203748.0,203823.0,203893.0,203975.0,204067.0,204153.0,204215.0,204279.0,204329.0,204396.0,204473.0,204517.0,204667.0,204815.0,204906.0,204980.0,205060.0,205139.0,205220.0,205272.0,205328.0,205375
VW7jSCsuWCI,14309.0,14358.0,14406.0,14452.0,14522.0,14552.0,14564.0,14579.0,14591.0,14596.0,14598.0,14604.0,14606.0,14608.0,14610.0,14612.0,14613.0,14615.0,14613.0,14620.0,14623.0,14625.0,14632.0,14636.0,14633.0,14633.0,14631.0,14631.0,14632.0,14633.0,14636.0,14635.0,14636.0,14637.0,14637.0,14634.0,14635.0,14636.0,14637.0,14637.0,14637.0,14636.0,14637.0,14637.0,14638.0,14639.0,14640.0,14639.0,14636.0,14637.0,14636.0,14636.0,14635.0,,14635.0,14634.0,14633.0,14631.0,14629.0,14629.0,14629.0,14629.0,14629.0,14629.0,14628.0,14628.0,14628.0,14628.0,14629.0,14630.0,14631.0,14630.0,14630.0,14629.0,14628.0,14627.0,14628.0,14629.0,14629.0,14630.0,14630.0,14630.0,14630.0,14631.0,14629.0,14629.0,14628.0,14628.0,14629.0,14629.0,14630.0,14628.0,14629.0,14629.0,14630.0,14631.0,14631.0,14629.0,14629.0,14628.0,14628.0,14627.0,14626.0,14626.0,14627.0,14627.0,14627.0,14626.0,14625.0,14624.0,14624.0,14624.0,14625.0,14625.0,14624.0,14624.0,14624.0,14622.0,14623.0,14625.0,14626.0,14625.0,14626.0,14626.0,14626.0,14625.0,14625.0,14625.0,14625.0,14625.0,14625.0,14625.0,14624.0,14624.0,14623.0,14624.0,14624.0,14624.0,14625.0,14626.0,14627.0,14625.0,14626.0,14626.0,14626.0,14627.0,14627.0,14627.0,14627.0,14626.0,14626.0,14624.0,14626.0,14626
AoC7BBs_l6g,1121.0,1137.0,1155.0,1164.0,1170.0,1179.0,1190.0,1200.0,1223.0,1240.0,1252.0,1268.0,1297.0,1358.0,1433.0,1471.0,1481.0,1493.0,1498.0,1503.0,1507.0,1509.0,1511.0,1511.0,1512.0,1514.0,1515.0,1516.0,1516.0,1516.0,1518.0,1518.0,1518.0,1519.0,1519.0,1519.0,1519.0,1520.0,1520.0,1520.0,1521.0,1521.0,1521.0,1522.0,1522.0,1522.0,1522.0,1522.0,1524.0,1527.0,1527.0,1529.0,1529.0,,1529.0,1529.0,1531.0,1529.0,1529.0,1529.0,1529.0,1529.0,1530.0,1530.0,1530.0,1530.0,1531.0,1531.0,1531.0,1531.0,1532.0,1532.0,1534.0,1535.0,1536.0,1536.0,1536.0,1536.0,1536.0,1537.0,1537.0,1537.0,1537.0,1537.0,1537.0,1537.0,1537.0,1538.0,1538.0,1539.0,1540.0,1542.0,1542.0,1542.0,1542.0,1543.0,1543.0,1543.0,1543.0,1543.0,1543.0,1543.0,1543.0,1543.0,1543.0,1543.0,1543.0,1543.0,1543.0,1543.0,1543.0,1543.0,1543.0,1543.0,1543.0,1543.0,1543.0,1543.0,1543.0,1542.0,1543.0,1544.0,1544.0,1544.0,1544.0,1544.0,1544.0,1544.0,1544.0,1544.0,1544.0,1544.0,1544.0,1544.0,1544.0,1544.0,1544.0,1544.0,1544.0,1544.0,1544.0,1544.0,1544.0,1544.0,1545.0,1545.0,1545.0,1545.0,1546.0,1546.0,1546.0,1546.0,1546.0,1546
YgwGBgZEKaM,3717.0,5478.0,6090.0,6444.0,6769.0,7018.0,7290.0,7466.0,7597.0,7717.0,7775.0,7845.0,7899.0,7932.0,7953.0,7987.0,8016.0,8041.0,8060.0,8081.0,8101.0,8109.0,8117.0,8125.0,8131.0,8143.0,8153.0,8160.0,8167.0,8176.0,8186.0,8195.0,8206.0,8216.0,8223.0,8229.0,8240.0,8249.0,8256.0,8260.0,8264.0,8275.0,8289.0,8302.0,8306.0,8311.0,8316.0,8325.0,8331.0,8337.0,8343.0,8351.0,8360.0,,8367.0,8378.0,8384.0,8388.0,8391.0,8394.0,8397.0,8404.0,8409.0,8416.0,8425.0,8439.0,8446.0,8452.0,8461.0,8468.0,8473.0,8478.0,8484.0,8488.0,8495.0,8505.0,8507.0,8510.0,8517.0,8521.0,8530.0,8536.0,8539.0,8546.0,8551.0,8557.0,8564.0,8566.0,8573.0,8577.0,8580.0,8582.0,8585.0,8586.0,8591.0,8596.0,8601.0,8607.0,8607.0,8609.0,8611.0,8616.0,8618.0,8624.0,8624.0,8627.0,8630.0,8634.0,8642.0,8647.0,8652.0,8656.0,8660.0,8662.0,8670.0,8675.0,8681.0,8684.0,8686.0,8686.0,8686.0,8693.0,8695.0,8697.0,8701.0,8706.0,8709.0,8712.0,8716.0,8716.0,8720.0,8726.0,8726.0,8730.0,8732.0,8738.0,8744.0,8753.0,8754.0,8757.0,8758.0,8760.0,8764.0,8768.0,8774.0,8778.0,8777.0,8780.0,8786.0,8788.0,8791.0,8797.0,8798.0,8802
YgwGBgZEKaM,3717.0,5478.0,6090.0,6444.0,6769.0,7018.0,7290.0,7466.0,7597.0,7717.0,7775.0,7845.0,7899.0,7932.0,7953.0,7987.0,8016.0,8041.0,8060.0,8081.0,8101.0,8109.0,8117.0,8125.0,8131.0,8143.0,8153.0,8160.0,8167.0,8176.0,8186.0,8195.0,8206.0,8216.0,8223.0,8229.0,8240.0,8249.0,8256.0,8260.0,8264.0,8275.0,8289.0,8302.0,8306.0,8311.0,8316.0,8325.0,8331.0,8337.0,8343.0,8351.0,8360.0,,8367.0,8378.0,8384.0,8388.0,8391.0,8394.0,8397.0,8404.0,8409.0,8416.0,8425.0,8439.0,8446.0,8452.0,8461.0,8468.0,8473.0,8478.0,8484.0,8488.0,8495.0,8505.0,8507.0,8510.0,8517.0,8521.0,8530.0,8536.0,8539.0,8546.0,8551.0,8557.0,8564.0,8566.0,8573.0,8577.0,8580.0,8582.0,8585.0,8586.0,8591.0,8596.0,8601.0,8607.0,8607.0,8609.0,8611.0,8616.0,8618.0,8624.0,8624.0,8627.0,8630.0,8634.0,8642.0,8647.0,8652.0,8656.0,8660.0,8662.0,8670.0,8675.0,8681.0,8684.0,8686.0,8686.0,8686.0,8693.0,8695.0,8697.0,8701.0,8706.0,8709.0,8712.0,8716.0,8716.0,8720.0,8726.0,8726.0,8730.0,8732.0,8738.0,8744.0,8753.0,8754.0,8757.0,8758.0,8760.0,8764.0,8768.0,8774.0,8778.0,8777.0,8780.0,8786.0,8788.0,8791.0,8797.0,8798.0,8802
blYK_tKXn9E,78404.0,78599.0,78772.0,78974.0,79099.0,79302.0,79534.0,79724.0,79816.0,79905.0,79978.0,80281.0,80452.0,80537.0,80618.0,80678.0,80728.0,80765.0,80788.0,80795.0,80803.0,80831.0,80854.0,80863.0,80872.0,80884.0,80897.0,80901.0,80913.0,80919.0,80923.0,80922.0,80924.0,80921.0,80923.0,80929.0,80932.0,80934.0,80943.0,80945.0,80947.0,80951.0,80954.0,80957.0,80959.0,80963.0,80966.0,80962.0,80961.0,80960.0,80966.0,80961.0,80959.0,,80963.0,80961.0,80958.0,80962.0,80967.0,80970.0,80969.0,80969.0,80966.0,80976.0,80974.0,80980.0,80981.0,80980.0,80983.0,80986.0,80984.0,80982.0,80981.0,80979.0,80985.0,80986.0,80987.0,80996.0,80994.0,80994.0,80996.0,80996.0,81001.0,80999.0,80998.0,80994.0,80994.0,80997.0,80994.0,80990.0,80993.0,80998.0,80995.0,81001.0,81001.0,81000.0,81000.0,81003.0,81000.0,81001.0,80999.0,81003.0,81002.0,81003.0,81007.0,81034.0,81145.0,81189.0,81211.0,81211.0,81215.0,81225.0,81232.0,81231.0,81233.0,81232.0,81234.0,81233.0,81233.0,81234.0,81240.0,81243.0,81247.0,81244.0,81245.0,81243.0,81246.0,81244.0,81246.0,81240.0,81240.0,81242.0,81243.0,81243.0,81241.0,81244.0,81244.0,81242.0,81245.0,81241.0,81245.0,81244.0,81247.0,81248.0,81251.0,81256.0,81254.0,81254.0,81259.0,81259.0,81257.0,81256.0,81259.0,81260
OCfFVUySdYw,261695.0,264526.0,268046.0,269962.0,271287.0,272448.0,273388.0,274663.0,276747.0,278352.0,279419.0,280103.0,280822.0,281692.0,282851.0,287261.0,289547.0,290880.0,291740.0,292415.0,292987.0,293544.0,293939.0,294291.0,294718.0,295013.0,295290.0,295508.0,295748.0,295918.0,296146.0,296347.0,296499.0,296643.0,296790.0,296896.0,297044.0,297199.0,297391.0,297503.0,297629.0,297764.0,297899.0,298013.0,298147.0,298215.0,298242.0,298266.0,298266.0,298316.0,298353.0,298357.0,298378.0,,298394.0,298404.0,298415.0,298428.0,298430.0,298437.0,298438.0,298454.0,298466.0,298478.0,298502.0,298501.0,298509.0,298516.0,298540.0,298591.0,298631.0,298671.0,298687.0,298727.0,298794.0,298815.0,298844.0,298875.0,298901.0,298929.0,298938.0,298941.0,298958.0,298980.0,298984.0,299008.0,299022.0,299034.0,299053.0,299068.0,299086.0,299087.0,299062.0,299085.0,299103.0,299105.0,299129.0,299141.0,299163.0,299169.0,299181.0,299185.0,299191.0,299181.0,299194.0,299194.0,299197.0,299218.0,299226.0,299231.0,299238.0,299245.0,299247.0,299240.0,299253.0,299260.0,299266.0,299271.0,299273.0,299275.0,299289.0,299289.0,299302.0,299316.0,299326.0,299323.0,299321.0,299323.0,299330.0,299327.0,299337.0,299339.0,299340.0,299342.0,299341.0,299340.0,299343.0,299344.0,299359.0,299351.0,299360.0,299361.0,299369.0,299373.0,299379.0,299377.0,299379.0,299381.0,299392.0,299400.0,299395.0,299391.0,299378.0,299377
7hTbNeHqGD8,355858.0,356704.0,357584.0,358371.0,359137.0,359813.0,360478.0,361169.0,361772.0,362437.0,363302.0,364174.0,364866.0,365464.0,366052.0,366607.0,367324.0,368477.0,374313.0,379929.0,382570.0,384191.0,385266.0,386121.0,386900.0,387467.0,387932.0,388414.0,388865.0,389232.0,389613.0,389984.0,390285.0,390541.0,390786.0,390989.0,391212.0,391415.0,391624.0,391805.0,391981.0,392123.0,392246.0,392366.0,392502.0,392634.0,392746.0,392872.0,392951.0,393053.0,393181.0,393291.0,393386.0,,393589.0,393677.0,393807.0,394029.0,394204.0,394317.0,394417.0,394497.0,394592.0,394674.0,394749.0,394847.0,394921.0,394973.0,395030.0,395084.0,395131.0,395212.0,395288.0,395354.0,395492.0,395545.0,395620.0,395720.0,395826.0,395944.0,396039.0,396130.0,396204.0,396281.0,396378.0,396458.0,396504.0,396579.0,396662.0,396748.0,396833.0,396915.0,397009.0,397116.0,397205.0,397306.0,397432.0,397515.0,397615.0,397707.0,397812.0,397928.0,398004.0,398091.0,398159.0,398244.0,398291.0,398361.0,398422.0,398486.0,398554.0,398608.0,398655.0,398711.0,398773.0,398833.0,398884.0,398962.0,399016.0,399074.0,399110.0,399148.0,399206.0,399266.0,399301.0,399348.0,399396.0,399445.0,399487.0,399520.0,399572.0,399612.0,399644.0,399691.0,399738.0,399766.0,399835.0,399891.0,399949.0,399996.0,400052.0,400104.0,400122.0,400159.0,400195.0,400217.0,400243.0,400283.0,400316.0,400363.0,400411.0,400439.0,400484.0,400518
QjMGurFjvT4,971.0,999.0,1025.0,1047.0,1068.0,1074.0,1079.0,1084.0,1086.0,1088.0,1089.0,1088.0,1089.0,1090.0,1092.0,1092.0,1092.0,1092.0,1094.0,1095.0,1096.0,1099.0,1097.0,1097.0,1098.0,1100.0,1100.0,1100.0,1100.0,1100.0,1100.0,1100.0,1099.0,1098.0,1097.0,1097.0,1097.0,1096.0,1097.0,1097.0,1097.0,1097.0,1097.0,1097.0,1098.0,1099.0,1099.0,1099.0,1098.0,1098.0,1097.0,1097.0,1097.0,,1098.0,1098.0,1098.0,1097.0,1098.0,1098.0,1098.0,1099.0,1100.0,1100.0,1100.0,1102.0,1102.0,1103.0,1104.0,1105.0,1105.0,1106.0,1106.0,1106.0,1107.0,1107.0,1107.0,1107.0,1107.0,1107.0,1108.0,1108.0,1108.0,1109.0,1109.0,1109.0,1109.0,1109.0,1109.0,1109.0,1109.0,1109.0,1109.0,1109.0,1109.0,1109.0,1109.0,1109.0,1110.0,1110.0,1111.0,1113.0,1113.0,1113.0,1113.0,1113.0,1113.0,1113.0,1114.0,1115.0,1115.0,1115.0,1115.0,1115.0,1115.0,1115.0,1115.0,1117.0,1117.0,1117.0,1117.0,1117.0,1117.0,1117.0,1117.0,1117.0,1117.0,1117.0,1118.0,1118.0,1118.0,1118.0,1118.0,1117.0,1117.0,1117.0,1117.0,1117.0,1117.0,1117.0,1118.0,1118.0,1118.0,1118.0,1118.0,1118.0,1118.0,1118.0,1118.0,1118.0,1117.0,1117.0,1117.0,1117
cC-6G5daQBo,3442.0,3463.0,3481.0,3501.0,3528.0,3550.0,3570.0,3592.0,3619.0,3641.0,3661.0,3689.0,3752.0,3781.0,3808.0,3843.0,3859.0,3886.0,3898.0,3912.0,3928.0,3939.0,3952.0,3958.0,3962.0,3964.0,3971.0,3976.0,3985.0,3991.0,3996.0,4002.0,4005.0,4010.0,4020.0,4024.0,4028.0,4029.0,4033.0,4037.0,4041.0,4050.0,4053.0,4055.0,4057.0,4062.0,4063.0,4064.0,4067.0,4071.0,4071.0,4073.0,4074.0,,4079.0,4083.0,4083.0,4082.0,4085.0,4087.0,4091.0,4092.0,4097.0,4097.0,4097.0,4098.0,4099.0,4101.0,4103.0,4105.0,4105.0,4107.0,4113.0,4113.0,4119.0,4119.0,4122.0,4125.0,4127.0,4128.0,4130.0,4133.0,4134.0,4134.0,4137.0,4140.0,4139.0,4141.0,4142.0,4142.0,4144.0,4143.0,4146.0,4146.0,4147.0,4149.0,4149.0,4150.0,4149.0,4148.0,4148.0,4149.0,4150.0,4151.0,4151.0,4151.0,4153.0,4155.0,4156.0,4155.0,4154.0,4154.0,4155.0,4155.0,4154.0,4154.0,4153.0,4154.0,4156.0,4156.0,4156.0,4156.0,4158.0,4159.0,4158.0,4158.0,4159.0,4159.0,4159.0,4158.0,4158.0,4158.0,4160.0,4160.0,4160.0,4159.0,4160.0,4160.0,4159.0,4159.0,4159.0,4159.0,4159.0,4160.0,4159.0,4159.0,4159.0,4159.0,4159.0,4164.0,4165.0,4165.0,4164.0,4164
Mxp_q_RBCXE,1074.0,52503.0,83962.0,95857.0,105296.0,113723.0,121329.0,128211.0,135109.0,143363.0,151221.0,157310.0,163051.0,168422.0,173442.0,178646.0,184304.0,189704.0,193990.0,198022.0,202251.0,205981.0,209696.0,213986.0,218199.0,221668.0,225051.0,228610.0,232263.0,235935.0,240434.0,244749.0,248319.0,251672.0,254964.0,258427.0,262262.0,266578.0,270615.0,273726.0,276626.0,279328.0,282025.0,284782.0,288360.0,291766.0,294502.0,297136.0,299855.0,302456.0,305094.0,307912.0,310845.0,,315254.0,317441.0,319677.0,322016.0,324648.0,327237.0,329319.0,331158.0,333034.0,334855.0,336712.0,339001.0,341155.0,342763.0,344208.0,345659.0,347033.0,348650.0,350721.0,352828.0,355899.0,357469.0,359107.0,360766.0,362859.0,364857.0,366589.0,368132.0,369505.0,370934.0,372596.0,374533.0,376289.0,377803.0,379138.0,380544.0,382121.0,383863.0,385439.0,387065.0,388461.0,389932.0,391329.0,392757.0,394419.0,396041.0,397810.0,399380.0,400808.0,402133.0,403456.0,404802.0,406397.0,408008.0,409286.0,410361.0,411451.0,412500.0,413581.0,414954.0,416251.0,417317.0,418257.0,419215.0,420137.0,421423.0,422715.0,424068.0,425123.0,425960.0,426917.0,427781.0,428783.0,430147.0,431436.0,432426.0,433344.0,434318.0,435258.0,436368.0,437600.0,438837.0,439792.0,440679.0,441482.0,442229.0,443155.0,444308.0,445488.0,446450.0,447282.0,448135.0,448998.0,449877.0,450896.0,451973.0,452838.0,453593.0,454534.0,455591
lRZXbdupH7I,8045.0,8277.0,8528.0,8759.0,8939.0,9115.0,9343.0,9526.0,9676.0,9855.0,10045.0,10218.0,10692.0,10998.0,11211.0,11406.0,11586.0,11795.0,11981.0,12159.0,12374.0,12569.0,12735.0,12893.0,13057.0,13216.0,13389.0,13518.0,13628.0,13731.0,13856.0,13970.0,14072.0,14167.0,14259.0,14337.0,14420.0,14492.0,14570.0,14631.0,14703.0,14785.0,14863.0,14924.0,14999.0,15055.0,15120.0,15196.0,15249.0,15323.0,15413.0,15489.0,15552.0,,15698.0,15758.0,15814.0,15864.0,15927.0,15983.0,16032.0,16075.0,16119.0,16149.0,16194.0,16237.0,16273.0,16308.0,16341.0,16366.0,16401.0,16445.0,16495.0,16545.0,16624.0,16651.0,16696.0,16734.0,16764.0,16810.0,16859.0,16898.0,16934.0,16970.0,17007.0,17040.0,17083.0,17115.0,17154.0,17200.0,17246.0,17294.0,17330.0,17367.0,17412.0,17456.0,17503.0,17530.0,17567.0,17593.0,17629.0,17661.0,17682.0,17717.0,17750.0,17774.0,17813.0,17852.0,17889.0,17921.0,17951.0,17980.0,18004.0,18026.0,18060.0,18095.0,18123.0,18163.0,18200.0,18233.0,18270.0,18308.0,18324.0,18364.0,18398.0,18429.0,18456.0,18493.0,18528.0,18579.0,18616.0,18647.0,18680.0,18708.0,18735.0,18753.0,18793.0,18818.0,18836.0,18867.0,18884.0,18910.0,18925.0,18940.0,18960.0,18985.0,19020.0,19037.0,19069.0,19101.0,19121.0,19142.0,19176.0,19201
J1kMnHO8xSk,4305.0,4325.0,4361.0,4387.0,4424.0,4478.0,4546.0,4588.0,4599.0,4599.0,4599.0,4599.0,4599.0,4597.0,4598.0,4599.0,4600.0,4597.0,4596.0,4597.0,4597.0,4597.0,4597.0,4597.0,4596.0,4596.0,4596.0,4596.0,4593.0,4593.0,4591.0,4589.0,4589.0,4590.0,4590.0,4589.0,4591.0,4591.0,4592.0,4592.0,4593.0,4592.0,4592.0,4591.0,4591.0,4589.0,4588.0,4588.0,4587.0,4587.0,4588.0,4587.0,4589.0,,4589.0,4588.0,4587.0,4586.0,4586.0,4585.0,4585.0,4585.0,4585.0,4584.0,4584.0,4584.0,4583.0,4583.0,4583.0,4583.0,4584.0,4583.0,4583.0,4583.0,4584.0,4584.0,4583.0,4583.0,4581.0,4581.0,4581.0,4580.0,4580.0,4580.0,4580.0,4579.0,4579.0,4579.0,4578.0,4576.0,4574.0,4574.0,4573.0,4574.0,4574.0,4572.0,4572.0,4570.0,4569.0,4569.0,4567.0,4567.0,4563.0,4562.0,4562.0,4562.0,4561.0,4561.0,4561.0,4561.0,4561.0,4560.0,4562.0,4561.0,4561.0,4561.0,4561.0,4561.0,4561.0,4561.0,4561.0,4561.0,4562.0,4561.0,4560.0,4560.0,4560.0,4562.0,4562.0,4562.0,4560.0,4560.0,4560.0,4560.0,4560.0,4558.0,4558.0,4558.0,4558.0,4557.0,4557.0,4556.0,4556.0,4556.0,4556.0,4556.0,4556.0,4556.0,4556.0,4556.0,4555.0,4554.0,4554.0,4554
ELaFmC2UFzk,38643.0,38654.0,38675.0,38686.0,38692.0,38715.0,38751.0,38801.0,38863.0,38922.0,38972.0,39027.0,39088.0,39157.0,39352.0,39585.0,39665.0,39747.0,39784.0,39822.0,39851.0,39867.0,39886.0,39906.0,39936.0,40051.0,40103.0,40147.0,40174.0,40196.0,40215.0,40235.0,40266.0,40300.0,40372.0,40395.0,40409.0,40425.0,40435.0,40449.0,40454.0,40458.0,40466.0,40471.0,40476.0,40482.0,40485.0,40485.0,40487.0,40486.0,40491.0,40496.0,40497.0,,40510.0,40514.0,40518.0,40518.0,40521.0,40522.0,40522.0,40522.0,40526.0,40528.0,40530.0,40531.0,40538.0,40537.0,40538.0,40540.0,40538.0,40539.0,40542.0,40539.0,40546.0,40551.0,40554.0,40556.0,40557.0,40556.0,40556.0,40558.0,40557.0,40562.0,40562.0,40565.0,40567.0,40571.0,40566.0,40564.0,40565.0,40568.0,40567.0,40570.0,40573.0,40575.0,40579.0,40579.0,40587.0,40589.0,40588.0,40592.0,40591.0,40596.0,40594.0,40597.0,40596.0,40599.0,40599.0,40599.0,40599.0,40603.0,40604.0,40605.0,40606.0,40609.0,40608.0,40609.0,40608.0,40611.0,40608.0,40610.0,40609.0,40612.0,40615.0,40617.0,40616.0,40618.0,40621.0,40625.0,40629.0,40629.0,40628.0,40626.0,40625.0,40627.0,40626.0,40629.0,40627.0,40628.0,40631.0,40632.0,40634.0,40632.0,40635.0,40638.0,40639.0,40641.0,40640.0,40641.0,40642.0,40638.0,40638.0,40638
UulR1x4tvZE,33979.0,34025.0,34074.0,34117.0,34163.0,34198.0,34242.0,34288.0,34320.0,34388.0,34437.0,34484.0,34561.0,34947.0,35223.0,35336.0,35460.0,35558.0,35643.0,35722.0,35774.0,35825.0,35875.0,35933.0,35977.0,36020.0,36051.0,36081.0,36128.0,36161.0,36214.0,36260.0,36298.0,36332.0,36377.0,36420.0,36446.0,36477.0,36518.0,36551.0,36570.0,36598.0,36643.0,36684.0,36722.0,36763.0,36826.0,36857.0,36906.0,36950.0,36982.0,37011.0,37045.0,,37096.0,37120.0,37151.0,37191.0,37211.0,37227.0,37239.0,37255.0,37259.0,37281.0,37293.0,37310.0,37335.0,37349.0,37373.0,37388.0,37407.0,37421.0,37447.0,37467.0,37503.0,37520.0,37538.0,37562.0,37574.0,37586.0,37607.0,37629.0,37648.0,37665.0,37681.0,37697.0,37714.0,37738.0,37761.0,37777.0,37798.0,37820.0,37833.0,37850.0,37868.0,37887.0,37908.0,37920.0,37941.0,37958.0,37985.0,38040.0,38064.0,38085.0,38098.0,38133.0,38159.0,38179.0,38205.0,38231.0,38254.0,38278.0,38295.0,38313.0,38328.0,38355.0,38369.0,38381.0,38395.0,38410.0,38423.0,38441.0,38457.0,38464.0,38484.0,38487.0,38497.0,38510.0,38518.0,38533.0,38542.0,38551.0,38566.0,38576.0,38586.0,38599.0,38607.0,38618.0,38628.0,38635.0,38650.0,38664.0,38676.0,38690.0,38704.0,38717.0,38731.0,38739.0,38750.0,38764.0,38777.0,38787.0,38793.0,38810
8cEdndsuzSE,364852.0,365309.0,365742.0,366187.0,366654.0,367121.0,367562.0,368028.0,368414.0,368921.0,369381.0,369837.0,370354.0,370902.0,371402.0,372070.0,372654.0,373217.0,373624.0,374060.0,374463.0,374945.0,375988.0,377455.0,378683.0,379815.0,380884.0,381981.0,383012.0,384020.0,385128.0,386147.0,387018.0,387861.0,388637.0,389410.0,390132.0,390883.0,391575.0,392253.0,392871.0,393441.0,393977.0,394481.0,395020.0,395541.0,395991.0,396449.0,396847.0,397241.0,397697.0,398172.0,398737.0,,399945.0,400514.0,401036.0,401594.0,402164.0,402640.0,403059.0,403456.0,403808.0,404153.0,404515.0,404822.0,405183.0,405460.0,405726.0,405987.0,406248.0,406554.0,406896.0,407183.0,407743.0,408013.0,408299.0,408580.0,408886.0,409146.0,409402.0,409629.0,409848.0,410089.0,410356.0,410622.0,410846.0,411072.0,411283.0,411506.0,411860.0,412089.0,412349.0,412600.0,412813.0,413066.0,413328.0,413585.0,413885.0,414140.0,414397.0,414637.0,414835.0,415020.0,415231.0,415453.0,415687.0,415908.0,416072.0,416255.0,416413.0,416557.0,416747.0,416926.0,417083.0,417218.0,417378.0,417605.0,417795.0,418009.0,418216.0,418400.0,418560.0,418914.0,419138.0,419342.0,419565.0,419781.0,419977.0,420109.0,420290.0,420499.0,420675.0,420866.0,421057.0,421204.0,421361.0,421508.0,421679.0,421830.0,422023.0,422159.0,422350.0,422489.0,422648.0,422813.0,422961.0,423140.0,423311.0,423454.0,423623.0,423763.0,423894.0,424084
n71tJihpPHA,1308.0,1321.0,1337.0,1348.0,1381.0,1396.0,1406.0,1416.0,1423.0,1429.0,1431.0,1436.0,1436.0,1438.0,1441.0,1443.0,1442.0,1443.0,1444.0,1445.0,1445.0,1447.0,1447.0,1447.0,1447.0,1448.0,1449.0,1449.0,1450.0,1450.0,1452.0,1451.0,1451.0,1455.0,1455.0,1456.0,1456.0,1457.0,1457.0,1458.0,1459.0,1460.0,1460.0,1460.0,1461.0,1462.0,1463.0,1463.0,1464.0,1464.0,1465.0,1464.0,1465.0,,1466.0,1466.0,1466.0,1466.0,1465.0,1466.0,1466.0,1466.0,1467.0,1466.0,1466.0,1468.0,1468.0,1468.0,1468.0,1468.0,1468.0,1469.0,1468.0,1468.0,1468.0,1468.0,1469.0,1469.0,1469.0,1469.0,1469.0,1470.0,1470.0,1470.0,1470.0,1470.0,1470.0,1471.0,1471.0,1471.0,1472.0,1472.0,1472.0,1472.0,1472.0,1472.0,1472.0,1472.0,1473.0,1473.0,1473.0,1474.0,1473.0,1473.0,1473.0,1474.0,1474.0,1475.0,1477.0,1477.0,1477.0,1477.0,1477.0,1477.0,1477.0,1477.0,1477.0,1477.0,1477.0,1477.0,1477.0,1479.0,1479.0,1479.0,1480.0,1479.0,1480.0,1480.0,1480.0,1481.0,1481.0,1482.0,1482.0,1483.0,1483.0,1483.0,1482.0,1482.0,1483.0,1483.0,1482.0,1482.0,1482.0,1482.0,1481.0,1482.0,1482.0,1482.0,1482.0,1482.0,1482.0,1482.0,1481.0,1483
_onCG9RhAIo,,,751.0,1362.0,1698.0,1930.0,2068.0,2200.0,2352.0,2504.0,2624.0,2667.0,2712.0,2759.0,2813.0,2860.0,2912.0,2957.0,2999.0,3039.0,3076.0,3107.0,3124.0,3133.0,3144.0,3153.0,3162.0,3169.0,3173.0,3178.0,3183.0,3187.0,3191.0,3193.0,3198.0,3203.0,3204.0,3206.0,3208.0,3209.0,3211.0,3214.0,3219.0,3223.0,3226.0,3229.0,3230.0,3234.0,3236.0,3239.0,3240.0,3243.0,3249.0,,3263.0,3271.0,3271.0,3275.0,3281.0,3287.0,3292.0,3293.0,3297.0,3298.0,3301.0,3301.0,3303.0,3305.0,3306.0,3309.0,3310.0,3312.0,3313.0,3314.0,3318.0,3324.0,3331.0,3332.0,3332.0,3337.0,3338.0,3341.0,3345.0,3345.0,3347.0,3348.0,3351.0,3351.0,3354.0,3356.0,3358.0,3359.0,3359.0,3361.0,3361.0,3362.0,3364.0,3365.0,3366.0,3367.0,3367.0,3369.0,3369.0,3369.0,3371.0,3373.0,3374.0,3376.0,3376.0,3376.0,3378.0,3379.0,3380.0,3382.0,3382.0,3382.0,3384.0,3385.0,3385.0,3385.0,3386.0,3386.0,3387.0,3389.0,3391.0,3392.0,3392.0,3395.0,3393.0,3396.0,3398.0,3398.0,3399.0,3399.0,3398.0,3399.0,3401.0,3403.0,3403.0,3404.0,3405.0,3406.0,3409.0,3409.0,3409.0,3411.0,3412.0,3414.0,3414.0,3415.0,3415.0,3414.0,3414.0,3415
QFI8C6_STTc,,,37.0,62.0,70.0,75.0,77.0,82.0,88.0,96.0,103.0,106.0,107.0,109.0,111.0,114.0,119.0,122.0,127.0,128.0,128.0,130.0,131.0,136.0,138.0,139.0,140.0,144.0,144.0,143.0,144.0,149.0,150.0,150.0,151.0,151.0,151.0,151.0,151.0,152.0,153.0,153.0,153.0,153.0,153.0,153.0,154.0,155.0,156.0,156.0,156.0,158.0,158.0,,160.0,160.0,160.0,160.0,161.0,161.0,161.0,161.0,161.0,161.0,161.0,161.0,161.0,161.0,162.0,162.0,162.0,162.0,162.0,162.0,164.0,165.0,165.0,165.0,165.0,166.0,167.0,167.0,167.0,167.0,167.0,168.0,168.0,170.0,170.0,170.0,170.0,170.0,170.0,170.0,172.0,172.0,172.0,172.0,172.0,172.0,172.0,172.0,172.0,172.0,172.0,172.0,173.0,173.0,173.0,173.0,173.0,173.0,173.0,174.0,174.0,174.0,175.0,175.0,175.0,176.0,176.0,177.0,178.0,178.0,178.0,178.0,178.0,178.0,178.0,178.0,178.0,178.0,178.0,178.0,178.0,178.0,178.0,178.0,178.0,178.0,178.0,178.0,178.0,178.0,178.0,178.0,180.0,180.0,180.0,180.0,180.0,181.0,181.0,181
3Lj1CoLVQbU,,,,,,,,,,,,,,,,,,,,,,,,,,,,,,,,,,,,,,,,,,,,,,,,,,,,,,,,,,,,,,,,,,,,,,,,,,,,,,,,,,,,,,,,,,,,,,,,,,,,,,,,,,,,,,,,,,,,,,,,,,,,,,,,,,,,,,,,,,,,,,,,,,,,,,,,,,
N_P7j2JG7ws,,,,18.0,24.0,27.0,27.0,28.0,29.0,29.0,29.0,30.0,30.0,30.0,30.0,31.0,31.0,31.0,31.0,31.0,31.0,31.0,31.0,31.0,31.0,31.0,31.0,31.0,31.0,31.0,31.0,31.0,31.0,31.0,31.0,31.0,31.0,31.0,31.0,31.0,31.0,31.0,31.0,31.0,31.0,31.0,31.0,31.0,31.0,31.0,31.0,31.0,31.0,,31.0,31.0,31.0,31.0,31.0,31.0,31.0,31.0,31.0,31.0,31.0,31.0,31.0,31.0,31.0,31.0,31.0,31.0,31.0,31.0,31.0,31.0,31.0,31.0,31.0,31.0,31.0,31.0,31.0,31.0,31.0,31.0,31.0,31.0,31.0,31.0,31.0,31.0,31.0,32.0,32.0,32.0,32.0,32.0,32.0,32.0,32.0,32.0,32.0,32.0,32.0,32.0,32.0,32.0,32.0,32.0,32.0,32.0,32.0,32.0,32.0,32.0,32.0,32.0,32.0,32.0,33.0,33.0,33.0,34.0,34.0,34.0,34.0,34.0,34.0,34.0,34.0,34.0,34.0,34.0,34.0,34.0,34.0,34.0,34.0,34.0,34.0,34.0,34.0,34.0,34.0,34.0,34.0,34.0,34.0,34.0,34.0,34.0,34.0,34
oB5ZwlgICvg,,,,,676.0,1166.0,1334.0,1407.0,1495.0,1720.0,1902.0,2061.0,2146.0,2201.0,2245.0,2290.0,2332.0,2357.0,2367.0,2373.0,2391.0,2402.0,2411.0,2415.0,2421.0,2428.0,2434.0,2438.0,2442.0,2446.0,2448.0,2451.0,2454.0,2458.0,2462.0,2466.0,2471.0,2474.0,2478.0,2481.0,2482.0,2482.0,2489.0,2495.0,2497.0,2499.0,2501.0,2502.0,2507.0,2508.0,2509.0,2510.0,2512.0,,2514.0,2514.0,2515.0,2516.0,2515.0,2524.0,2524.0,2525.0,2528.0,2529.0,2533.0,2533.0,2535.0,2537.0,2540.0,2542.0,2544.0,2545.0,2544.0,2548.0,2553.0,2555.0,2558.0,2562.0,2562.0,2565.0,2567.0,2570.0,2572.0,2575.0,2577.0,2579.0,2580.0,2581.0,2581.0,2582.0,2586.0,2587.0,2588.0,2590.0,2589.0,2589.0,2589.0,2589.0,2588.0,2588.0,2590.0,2593.0,2595.0,2597.0,2597.0,2598.0,2600.0,2601.0,2599.0,2598.0,2600.0,2600.0,2603.0,2602.0,2603.0,2603.0,2603.0,2605.0,2604.0,2604.0,2604.0,2603.0,2604.0,2607.0,2607.0,2609.0,2610.0,2612.0,2613.0,2614.0,2617.0,2620.0,2620.0,2621.0,2621.0,2621.0,2623.0,2628.0,2631.0,2632.0,2634.0,2634.0,2637.0,2639.0,2639.0,2639.0,2640.0,2641.0,2643.0,2646.0,2649.0,2652.0,2654.0,2655
-XJi9qCv_1s,,,,,1045.0,2212.0,2408.0,2506.0,2600.0,2659.0,2728.0,2778.0,2797.0,2827.0,2845.0,2854.0,2874.0,2894.0,2911.0,2919.0,2928.0,2930.0,2931.0,2933.0,2934.0,2939.0,2938.0,2939.0,2941.0,2942.0,2942.0,2942.0,2943.0,2944.0,2946.0,2946.0,2946.0,2946.0,2946.0,2947.0,2948.0,2948.0,2948.0,2947.0,2947.0,2947.0,2948.0,2948.0,2949.0,2949.0,2949.0,2949.0,2949.0,,2949.0,2949.0,2949.0,2950.0,2950.0,2950.0,2950.0,2949.0,2949.0,2949.0,2949.0,2949.0,2949.0,2949.0,2949.0,2949.0,2949.0,2949.0,2949.0,2949.0,2949.0,2948.0,2948.0,2948.0,2947.0,2948.0,2949.0,2949.0,2949.0,2949.0,2949.0,2949.0,2949.0,2949.0,2949.0,2949.0,2949.0,2949.0,2949.0,2948.0,2948.0,2948.0,2948.0,2948.0,2948.0,2948.0,2948.0,2948.0,2948.0,2948.0,2948.0,2948.0,2948.0,2948.0,2948.0,2947.0,2947.0,2947.0,2947.0,2947.0,2946.0,2946.0,2945.0,2945.0,2945.0,2945.0,2944.0,2944.0,2944.0,2944.0,2944.0,2944.0,2944.0,2944.0,2944.0,2943.0,2943.0,2943.0,2943.0,2943.0,2943.0,2943.0,2943.0,2943.0,2943.0,2943.0,2942.0,2942.0,2941.0,2941.0,2941.0,2941.0,2940.0,2940.0,2940.0,2940.0,2940.0,2940.0,2940.0,2940
5XCdT42R1Yg,,,,,,2825.0,2825.0,2825.0,2825.0,2825.0,2823.0,2823.0,2822.0,2823.0,2823.0,2823.0,2823.0,2823.0,2823.0,2823.0,2823.0,2823.0,2823.0,2823.0,2823.0,2823.0,2823.0,2823.0,2823.0,2823.0,2823.0,2823.0,2823.0,2823.0,2823.0,2823.0,2823.0,2823.0,2823.0,2824.0,2824.0,2825.0,2825.0,2825.0,2825.0,2825.0,2825.0,2825.0,2825.0,2825.0,2825.0,2825.0,2825.0,,2825.0,2825.0,2825.0,2825.0,2825.0,2825.0,2825.0,2824.0,2824.0,2824.0,2824.0,2825.0,2826.0,2826.0,2826.0,2826.0,2826.0,2826.0,2826.0,2826.0,2825.0,2825.0,2825.0,2825.0,2825.0,2825.0,2825.0,2825.0,2825.0,2825.0,2825.0,2824.0,2824.0,2824.0,2824.0,2824.0,2824.0,2824.0,2824.0,2824.0,2824.0,2825.0,2825.0,2824.0,2824.0,2824.0,2824.0,2824.0,2824.0,2824.0,2824.0,2824.0,2824.0,2824.0,2824.0,2824.0,2825.0,2825.0,2825.0,2825.0,2825.0,2825.0,2825.0,2825.0,2825.0,2825.0,2824.0,2824.0,2824.0,2825.0,2825.0,2825.0,2825.0,2824.0,2824.0,2824.0,2824.0,2824.0,2824.0,2824.0,2823.0,2823.0,2823.0,2823.0,2823.0,2823.0,2823.0,2823.0,2823.0,2823.0,2823.0,2823.0,2823.0,2823.0,2824.0,2824.0,2824.0,2824.0,2824.0,2824
t_HEiqWHg44,,,,,,1314.0,1371.0,1418.0,1446.0,1466.0,1479.0,1503.0,1521.0,1529.0,1536.0,1537.0,1542.0,1545.0,1545.0,1548.0,1549.0,1549.0,1550.0,1550.0,1551.0,1551.0,1551.0,1551.0,1551.0,1551.0,1551.0,1551.0,1551.0,1551.0,1551.0,1551.0,1552.0,1553.0,1553.0,1555.0,1555.0,1555.0,1555.0,1555.0,1555.0,1555.0,1555.0,1556.0,1556.0,1556.0,1556.0,1556.0,1556.0,,1556.0,1556.0,1556.0,1555.0,1554.0,1555.0,1556.0,1556.0,1556.0,1556.0,1556.0,1558.0,1558.0,1558.0,1559.0,1559.0,1559.0,1559.0,1560.0,1560.0,1560.0,1560.0,1560.0,1560.0,1560.0,1560.0,1560.0,1560.0,1560.0,1560.0,1560.0,1560.0,1560.0,1560.0,1560.0,1560.0,1560.0,1560.0,1560.0,1560.0,1560.0,1560.0,1560.0,1560.0,1560.0,1560.0,1559.0,1559.0,1559.0,1559.0,1559.0,1559.0,1559.0,1559.0,1559.0,1559.0,1559.0,1559.0,1559.0,1559.0,1559.0,1559.0,1559.0,1559.0,1559.0,1559.0,1559.0,1559.0,1559.0,1559.0,1559.0,1559.0,1559.0,1559.0,1559.0,1559.0,1559.0,1559.0,1559.0,1559.0,1559.0,1560.0,1560.0,1560.0,1560.0,1560.0,1560.0,1560.0,1560.0,1560.0,1560.0,1560.0,1560.0,1560.0,1560.0,1560.0,1560.0,1560.0,1560.0,1560
n17xAjgbHO0,,,,,,48.0,54.0,64.0,70.0,74.0,76.0,82.0,84.0,86.0,88.0,90.0,91.0,91.0,91.0,91.0,92.0,92.0,92.0,92.0,93.0,94.0,93.0,94.0,95.0,96.0,96.0,97.0,97.0,97.0,97.0,98.0,98.0,98.0,98.0,99.0,99.0,99.0,99.0,99.0,99.0,99.0,99.0,99.0,99.0,99.0,99.0,99.0,99.0,,99.0,99.0,100.0,103.0,104.0,104.0,105.0,105.0,105.0,105.0,105.0,106.0,106.0,106.0,106.0,106.0,106.0,105.0,105.0,105.0,105.0,105.0,105.0,105.0,105.0,105.0,105.0,105.0,105.0,105.0,105.0,105.0,105.0,105.0,105.0,105.0,105.0,105.0,105.0,105.0,105.0,105.0,105.0,105.0,105.0,105.0,105.0,106.0,107.0,106.0,106.0,106.0,105.0,105.0,105.0,105.0,105.0,105.0,105.0,105.0,105.0,105.0,105.0,105.0,105.0,105.0,105.0,105.0,105.0,105.0,105.0,105.0,105.0,105.0,105.0,105.0,106.0,106.0,106.0,106.0,106.0,106.0,106.0,106.0,106.0,106.0,106.0,106.0,106.0,106.0,106.0,106.0,106.0,106.0,106.0,106.0,106.0,106.0,106.0,106
VQucfbsmlyc,,,,,,193.0,223.0,238.0,268.0,277.0,284.0,287.0,291.0,293.0,297.0,299.0,300.0,300.0,303.0,304.0,305.0,306.0,308.0,309.0,309.0,310.0,310.0,310.0,311.0,311.0,311.0,312.0,312.0,312.0,312.0,312.0,312.0,312.0,312.0,312.0,312.0,312.0,312.0,312.0,312.0,312.0,312.0,312.0,313.0,313.0,313.0,313.0,313.0,,322.0,326.0,327.0,329.0,330.0,331.0,332.0,332.0,334.0,335.0,336.0,336.0,336.0,336.0,336.0,336.0,336.0,336.0,336.0,336.0,336.0,336.0,336.0,336.0,337.0,337.0,338.0,338.0,338.0,338.0,338.0,339.0,340.0,340.0,340.0,341.0,342.0,344.0,344.0,347.0,348.0,349.0,349.0,352.0,355.0,360.0,360.0,361.0,361.0,362.0,362.0,362.0,363.0,365.0,365.0,365.0,365.0,365.0,365.0,365.0,365.0,367.0,367.0,367.0,367.0,367.0,367.0,367.0,367.0,367.0,368.0,368.0,368.0,369.0,370.0,372.0,373.0,374.0,373.0,373.0,373.0,373.0,373.0,373.0,374.0,374.0,374.0,374.0,374.0,374.0,374.0,374.0,376.0,376.0,377.0,378.0,378.0,378.0,378.0,378
U4avKonYpIk,,,,,,461.0,861.0,911.0,931.0,952.0,969.0,986.0,990.0,994.0,998.0,1001.0,1003.0,1004.0,1006.0,1006.0,1006.0,1006.0,1007.0,1007.0,1008.0,1009.0,1009.0,1009.0,1009.0,1009.0,1009.0,1008.0,1008.0,1008.0,1008.0,1008.0,1008.0,1008.0,1008.0,1008.0,1008.0,1008.0,1008.0,1008.0,1009.0,1009.0,1009.0,1009.0,1009.0,1009.0,1009.0,1009.0,1009.0,,1009.0,1009.0,1009.0,1009.0,1009.0,1009.0,1009.0,1009.0,1009.0,1009.0,1009.0,1009.0,1010.0,1010.0,1010.0,1010.0,1009.0,1009.0,1009.0,1009.0,1009.0,1009.0,1009.0,1009.0,1009.0,1009.0,1009.0,1009.0,1009.0,1009.0,1009.0,1009.0,1008.0,1008.0,1008.0,1008.0,1008.0,1008.0,1008.0,1008.0,1008.0,1008.0,1008.0,1008.0,1008.0,1008.0,1008.0,1008.0,1008.0,1008.0,1008.0,1008.0,1008.0,1008.0,1008.0,1008.0,1008.0,1008.0,1008.0,1008.0,1008.0,1008.0,1008.0,1008.0,1007.0,1007.0,1007.0,1007.0,1007.0,1007.0,1007.0,1007.0,1007.0,1007.0,1007.0,1007.0,1007.0,1007.0,1007.0,1007.0,1007.0,1007.0,1007.0,1007.0,1007.0,1007.0,1007.0,1007.0,1007.0,1007.0,1007.0,1007.0,1007.0,1007.0,1007.0,1007.0,1007.0,1007.0,1007.0,1007
1UyzVpQDkW8,,,,,,676.0,1319.0,1642.0,1864.0,2002.0,2078.0,2134.0,2184.0,2222.0,2236.0,2250.0,2261.0,2269.0,2278.0,2290.0,2296.0,2306.0,2312.0,2320.0,2322.0,2329.0,2337.0,2361.0,2383.0,2399.0,2418.0,2433.0,2451.0,2463.0,2475.0,2484.0,2492.0,2504.0,2510.0,2517.0,2523.0,2530.0,2530.0,2534.0,2537.0,2543.0,2551.0,2557.0,2563.0,2568.0,2569.0,2571.0,2572.0,,2577.0,2578.0,2580.0,2581.0,2586.0,2590.0,2590.0,2592.0,2594.0,2597.0,2599.0,2597.0,2597.0,2599.0,2600.0,2601.0,2602.0,2604.0,2606.0,2608.0,2613.0,2613.0,2621.0,2623.0,2628.0,2629.0,2628.0,2631.0,2636.0,2639.0,2644.0,2644.0,2644.0,2646.0,2646.0,2647.0,2650.0,2651.0,2652.0,2653.0,2654.0,2658.0,2663.0,2666.0,2665.0,2668.0,2668.0,2670.0,2673.0,2675.0,2675.0,2676.0,2678.0,2680.0,2680.0,2683.0,2684.0,2686.0,2686.0,2685.0,2685.0,2687.0,2690.0,2691.0,2694.0,2698.0,2698.0,2698.0,2698.0,2701.0,2704.0,2705.0,2707.0,2709.0,2710.0,2711.0,2712.0,2713.0,2712.0,2712.0,2713.0,2713.0,2715.0,2717.0,2717.0,2720.0,2720.0,2723.0,2725.0,2725.0,2728.0,2728.0,2729.0,2732.0,2734.0,2739.0,2741.0,2740.0,2741.0,2743
L_IrTG4E-CY,,,,,,286.0,329.0,363.0,387.0,403.0,434.0,454.0,468.0,479.0,493.0,513.0,526.0,535.0,542.0,547.0,549.0,560.0,567.0,576.0,580.0,584.0,590.0,593.0,595.0,599.0,603.0,607.0,616.0,621.0,622.0,625.0,629.0,633.0,634.0,636.0,640.0,645.0,645.0,646.0,648.0,650.0,654.0,657.0,659.0,660.0,663.0,665.0,668.0,,675.0,679.0,680.0,682.0,683.0,685.0,687.0,688.0,689.0,691.0,693.0,698.0,700.0,702.0,704.0,708.0,707.0,708.0,712.0,713.0,716.0,717.0,719.0,719.0,719.0,719.0,720.0,721.0,721.0,722.0,725.0,727.0,731.0,732.0,735.0,736.0,736.0,738.0,741.0,743.0,745.0,749.0,751.0,754.0,754.0,757.0,757.0,757.0,760.0,767.0,769.0,769.0,772.0,772.0,772.0,774.0,775.0,777.0,777.0,779.0,781.0,784.0,787.0,789.0,789.0,793.0,795.0,796.0,797.0,797.0,799.0,799.0,800.0,801.0,803.0,804.0,805.0,807.0,808.0,811.0,811.0,812.0,812.0,814.0,818.0,818.0,819.0,820.0,820.0,823.0,824.0,824.0,824.0,825.0,826.0,828.0,828.0,833.0,833.0,834
OrlkRhaVnhk,,,,,,,1322.0,2921.0,3765.0,4584.0,5296.0,5665.0,5893.0,6157.0,6296.0,6404.0,6500.0,6571.0,6626.0,6688.0,6749.0,6800.0,6862.0,6905.0,6942.0,6981.0,7016.0,7051.0,7096.0,7130.0,7158.0,7191.0,7220.0,7250.0,7284.0,7326.0,7358.0,7412.0,7459.0,7493.0,7521.0,7550.0,7572.0,7594.0,7630.0,7653.0,7664.0,7678.0,7689.0,7702.0,7715.0,7723.0,7726.0,,7739.0,7745.0,7752.0,7759.0,7765.0,7765.0,7769.0,7771.0,7773.0,7777.0,7782.0,7784.0,7787.0,7789.0,7791.0,7795.0,7797.0,7798.0,7804.0,7805.0,7815.0,7816.0,7818.0,7819.0,7821.0,7824.0,7826.0,7829.0,7831.0,7835.0,7835.0,7832.0,7833.0,7835.0,7837.0,7839.0,7842.0,7844.0,7847.0,7855.0,7855.0,7856.0,7861.0,7864.0,7865.0,7869.0,7873.0,7874.0,7874.0,7874.0,7877.0,7879.0,7878.0,7877.0,7879.0,7880.0,7881.0,7880.0,7879.0,7882.0,7883.0,7883.0,7883.0,7885.0,7886.0,7887.0,7889.0,7893.0,7895.0,7897.0,7899.0,7899.0,7899.0,7902.0,7903.0,7904.0,7906.0,7908.0,7910.0,7909.0,7914.0,7916.0,7917.0,7919.0,7920.0,7922.0,7924.0,7926.0,7927.0,7927.0,7929.0,7928.0,7929.0,7932.0,7932.0,7933.0,7933.0,7933.0,7932.0,7933
zSFmsS5ufDs,,,,,,,115.0,264.0,315.0,330.0,401.0,514.0,589.0,614.0,624.0,636.0,650.0,655.0,658.0,665.0,668.0,673.0,677.0,678.0,684.0,697.0,699.0,709.0,714.0,717.0,723.0,728.0,733.0,733.0,736.0,738.0,742.0,746.0,752.0,754.0,757.0,762.0,766.0,768.0,771.0,772.0,778.0,778.0,779.0,787.0,788.0,790.0,793.0,,796.0,797.0,799.0,801.0,802.0,805.0,806.0,808.0,808.0,814.0,817.0,820.0,822.0,823.0,825.0,826.0,829.0,831.0,831.0,830.0,839.0,841.0,843.0,844.0,846.0,846.0,846.0,849.0,852.0,854.0,855.0,855.0,857.0,859.0,861.0,861.0,865.0,867.0,868.0,868.0,867.0,867.0,870.0,874.0,874.0,876.0,878.0,880.0,881.0,883.0,885.0,887.0,887.0,886.0,889.0,893.0,897.0,899.0,901.0,903.0,904.0,906.0,906.0,911.0,910.0,911.0,914.0,914.0,915.0,918.0,924.0,925.0,927.0,928.0,929.0,934.0,941.0,944.0,948.0,948.0,950.0,952.0,953.0,954.0,955.0,961.0,961.0,963.0,965.0,966.0,969.0,974.0,978.0,984.0,984.0,987.0,989.0,991.0,994.0,997
22CcsqxQdW0,,,,,,,885.0,1063.0,1106.0,1158.0,1181.0,1202.0,1216.0,1222.0,1227.0,1229.0,1233.0,1233.0,1237.0,1242.0,1243.0,1243.0,1243.0,1247.0,1247.0,1251.0,1252.0,1253.0,1254.0,1254.0,1256.0,1257.0,1257.0,1257.0,1258.0,1259.0,1258.0,1260.0,1262.0,1263.0,1263.0,1263.0,1263.0,1263.0,1263.0,1263.0,1263.0,1263.0,1261.0,1261.0,1261.0,1263.0,1263.0,,1263.0,1263.0,1263.0,1262.0,1263.0,1262.0,1259.0,1260.0,1261.0,1261.0,1262.0,1262.0,1262.0,1262.0,1262.0,1263.0,1263.0,1264.0,1264.0,1265.0,1265.0,1266.0,1265.0,1266.0,1267.0,1268.0,1268.0,1268.0,1268.0,1268.0,1269.0,1269.0,1269.0,1270.0,1270.0,1271.0,1270.0,1271.0,1270.0,1270.0,1270.0,1269.0,1269.0,1270.0,1270.0,1270.0,1271.0,1271.0,1271.0,1272.0,1273.0,1273.0,1271.0,1271.0,1272.0,1272.0,1272.0,1272.0,1272.0,1272.0,1273.0,1273.0,1273.0,1273.0,1273.0,1273.0,1272.0,1273.0,1273.0,1273.0,1273.0,1273.0,1273.0,1273.0,1274.0,1273.0,1273.0,1273.0,1272.0,1272.0,1272.0,1273.0,1273.0,1273.0,1273.0,1273.0,1273.0,1273.0,1273.0,1273.0,1273.0,1273.0,1273.0,1273.0,1273.0,1273.0,1273.0,1273.0,1273.0,1273
nhDcqoetCy8,,,,,,,,3736.0,6937.0,8173.0,9228.0,10027.0,10508.0,10904.0,11282.0,11540.0,11777.0,11991.0,12204.0,12438.0,12586.0,12720.0,12805.0,12945.0,13125.0,13276.0,13410.0,13513.0,13630.0,13708.0,13782.0,13843.0,13887.0,13942.0,13987.0,14026.0,14069.0,14122.0,14172.0,14226.0,14261.0,14304.0,14340.0,14364.0,14408.0,14432.0,14454.0,14488.0,14520.0,14564.0,14591.0,14608.0,14631.0,,14675.0,14695.0,14728.0,14742.0,14755.0,14777.0,14802.0,14820.0,14846.0,14865.0,14887.0,14902.0,14926.0,14943.0,14959.0,14991.0,15022.0,15061.0,15086.0,15124.0,15184.0,15234.0,15332.0,15397.0,15459.0,15515.0,15550.0,15594.0,15634.0,15664.0,15692.0,15721.0,15743.0,15762.0,15784.0,15802.0,15819.0,15834.0,15860.0,15880.0,15895.0,15906.0,15923.0,15933.0,15944.0,15955.0,15964.0,15973.0,15983.0,15989.0,16002.0,16008.0,16016.0,16020.0,16026.0,16034.0,16039.0,16043.0,16045.0,16052.0,16058.0,16060.0,16059.0,16063.0,16071.0,16083.0,16093.0,16104.0,16117.0,16125.0,16135.0,16139.0,16143.0,16148.0,16154.0,16160.0,16166.0,16176.0,16178.0,16187.0,16192.0,16196.0,16198.0,16202.0,16206.0,16219.0,16226.0,16233.0,16243.0,16248.0,16252.0,16257.0,16261.0,16264.0,16265.0,16269.0,16273.0,16276.0,16282.0,16281
v5_GoNFr5wc,,,,,,,,,42577.0,62137.0,69910.0,74205.0,77266.0,79428.0,80885.0,82194.0,83230.0,83977.0,84494.0,84992.0,85321.0,85639.0,86074.0,86371.0,86597.0,86771.0,86926.0,87094.0,87223.0,87345.0,87481.0,87607.0,87871.0,88150.0,88345.0,88459.0,88593.0,88711.0,88814.0,88909.0,88975.0,89028.0,89113.0,89209.0,89306.0,89374.0,89430.0,89516.0,89588.0,89723.0,89795.0,89867.0,89935.0,,90027.0,90082.0,90123.0,90174.0,90210.0,90270.0,90303.0,90339.0,90365.0,90398.0,90433.0,90469.0,90495.0,90526.0,90571.0,90608.0,90660.0,90719.0,90814.0,91056.0,91434.0,91518.0,91587.0,91640.0,91685.0,91720.0,91752.0,91771.0,91792.0,91814.0,91845.0,91870.0,91887.0,91902.0,91911.0,91930.0,91957.0,91968.0,91982.0,92000.0,92014.0,92031.0,92060.0,92073.0,92086.0,92096.0,92104.0,92118.0,92136.0,92141.0,92151.0,92171.0,92180.0,92192.0,92200.0,92222.0,92231.0,92253.0,92261.0,92277.0,92293.0,92308.0,92318.0,92332.0,92345.0,92362.0,92385.0,92403.0,92411.0,92417.0,92431.0,92437.0,92459.0,92466.0,92473.0,92497.0,92515.0,92534.0,92543.0,92557.0,92572.0,92587.0,92660.0,92694.0,92722.0,92734.0,92768.0,92789.0,92803.0,92817.0,92835.0,92850.0,92868.0,92889.0,92901.0,92919.0,92937.0,92953.0,92967.0,92983
fAVrqc-IphQ,,,,,,,,,98.0,122.0,128.0,131.0,131.0,132.0,131.0,131.0,131.0,131.0,132.0,132.0,132.0,132.0,133.0,133.0,133.0,133.0,133.0,132.0,132.0,132.0,132.0,132.0,132.0,132.0,132.0,131.0,131.0,131.0,131.0,131.0,131.0,131.0,131.0,131.0,131.0,131.0,131.0,131.0,131.0,131.0,131.0,131.0,131.0,,131.0,131.0,131.0,131.0,132.0,132.0,132.0,132.0,132.0,132.0,132.0,132.0,132.0,133.0,133.0,133.0,133.0,133.0,133.0,133.0,133.0,133.0,133.0,133.0,133.0,133.0,133.0,133.0,133.0,133.0,133.0,133.0,133.0,133.0,133.0,133.0,133.0,133.0,133.0,133.0,133.0,133.0,133.0,133.0,133.0,133.0,133.0,133.0,133.0,133.0,133.0,133.0,133.0,133.0,133.0,133.0,133.0,133.0,133.0,133.0,133.0,133.0,133.0,133.0,135.0,135.0,135.0,135.0,135.0,135.0,135.0,136.0,136.0,136.0,136.0,136.0,136.0,136.0,136.0,136.0,137.0,137.0,137.0,137.0,137.0,137.0,137.0,138.0,138.0,138.0,138.0,138.0,138.0,138.0,138.0,138.0,138.0,138.0,138.0,138
v5_GoNFr5wc,,,,,,,,,42577.0,62137.0,69910.0,74205.0,77266.0,79428.0,80885.0,82194.0,83230.0,83977.0,84494.0,84992.0,85321.0,85639.0,86074.0,86371.0,86597.0,86771.0,86926.0,87094.0,87223.0,87345.0,87481.0,87607.0,87871.0,88150.0,88345.0,88459.0,88593.0,88711.0,88814.0,88909.0,88975.0,89028.0,89113.0,89209.0,89306.0,89374.0,89430.0,89516.0,89588.0,89723.0,89795.0,89867.0,89935.0,,90027.0,90082.0,90123.0,90174.0,90210.0,90270.0,90303.0,90339.0,90365.0,90398.0,90433.0,90469.0,90495.0,90526.0,90571.0,90608.0,90660.0,90719.0,90814.0,91056.0,91434.0,91518.0,91587.0,91640.0,91685.0,91720.0,91752.0,91771.0,91792.0,91814.0,91845.0,91870.0,91887.0,91902.0,91911.0,91930.0,91957.0,91968.0,91982.0,92000.0,92014.0,92031.0,92060.0,92073.0,92086.0,92096.0,92104.0,92118.0,92136.0,92141.0,92151.0,92171.0,92180.0,92192.0,92200.0,92222.0,92231.0,92253.0,92261.0,92277.0,92293.0,92308.0,92318.0,92332.0,92345.0,92362.0,92385.0,92403.0,92411.0,92417.0,92431.0,92437.0,92459.0,92466.0,92473.0,92497.0,92515.0,92534.0,92543.0,92557.0,92572.0,92587.0,92660.0,92694.0,92722.0,92734.0,92768.0,92789.0,92803.0,92817.0,92835.0,92850.0,92868.0,92889.0,92901.0,92919.0,92937.0,92953.0,92967.0,92983
hRlt2L-MJKU,,,,,,,,,4194.0,5271.0,5729.0,6414.0,6672.0,6933.0,7067.0,7169.0,7267.0,7337.0,7395.0,7453.0,7492.0,7693.0,7788.0,7865.0,7914.0,7963.0,8008.0,8047.0,8106.0,8134.0,8173.0,8199.0,8234.0,8273.0,8318.0,8358.0,8389.0,8427.0,8454.0,8492.0,8519.0,8545.0,8567.0,8577.0,8595.0,8608.0,8634.0,8652.0,8682.0,8704.0,8733.0,8749.0,8771.0,,8813.0,8831.0,8858.0,8873.0,8888.0,8905.0,8920.0,8933.0,8947.0,8956.0,8978.0,9000.0,9017.0,9034.0,9049.0,9056.0,9071.0,9089.0,9101.0,9112.0,9143.0,9150.0,9170.0,9185.0,9194.0,9205.0,9211.0,9222.0,9234.0,9252.0,9261.0,9268.0,9273.0,9283.0,9293.0,9307.0,9316.0,9329.0,9346.0,9361.0,9373.0,9386.0,9394.0,9411.0,9421.0,9435.0,9450.0,9462.0,9482.0,9499.0,9508.0,9520.0,9539.0,9555.0,9573.0,9601.0,9626.0,9650.0,9661.0,9674.0,9688.0,9697.0,9705.0,9723.0,9735.0,9746.0,9754.0,9768.0,9782.0,9792.0,9802.0,9817.0,9837.0,9848.0,9859.0,9873.0,9888.0,9898.0,9905.0,9919.0,9941.0,9959.0,9973.0,9987.0,10007.0,10036.0,10056.0,10078.0,10096.0,10117.0,10131.0,10151.0,10170.0,10180.0,10194.0,10217.0,10232.0,10244.0,10258.0,10272
Sf5ErqLw33M,,,,,,,,,2929.0,3148.0,3248.0,3283.0,3300.0,3319.0,3331.0,3339.0,3341.0,3347.0,3352.0,3363.0,3368.0,3370.0,3374.0,3376.0,3381.0,3388.0,3395.0,3404.0,3407.0,3410.0,3409.0,3410.0,3413.0,3413.0,3418.0,3420.0,3419.0,3421.0,3421.0,3421.0,3421.0,3421.0,3421.0,3420.0,3420.0,3419.0,3421.0,3423.0,3423.0,3425.0,3425.0,3425.0,3426.0,,3427.0,3427.0,3425.0,3425.0,3426.0,3426.0,3426.0,3428.0,3428.0,3428.0,3428.0,3428.0,3428.0,3429.0,3429.0,3428.0,3427.0,3428.0,3427.0,3427.0,3428.0,3427.0,3428.0,3427.0,3427.0,3427.0,3430.0,3430.0,3430.0,3430.0,3430.0,3430.0,3432.0,3433.0,3433.0,3432.0,3433.0,3433.0,3433.0,3434.0,3435.0,3434.0,3433.0,3433.0,3434.0,3437.0,3437.0,3437.0,3437.0,3436.0,3437.0,3437.0,3437.0,3438.0,3439.0,3439.0,3439.0,3439.0,3439.0,3441.0,3441.0,3440.0,3440.0,3440.0,3440.0,3441.0,3440.0,3440.0,3440.0,3440.0,3440.0,3438.0,3438.0,3438.0,3438.0,3439.0,3440.0,3440.0,3440.0,3440.0,3440.0,3440.0,3439.0,3439.0,3439.0,3439.0,3440.0,3440.0,3440.0,3440.0,3441.0,3441.0,3441.0,3441.0,3441.0,3440.0,3439.0,3439.0,3439.0,3439
WZgam7x_ymU,,,,,,,,,,189.0,259.0,338.0,388.0,436.0,485.0,507.0,535.0,557.0,585.0,605.0,612.0,618.0,623.0,628.0,632.0,634.0,637.0,641.0,645.0,650.0,659.0,661.0,664.0,668.0,671.0,675.0,677.0,681.0,684.0,688.0,690.0,691.0,692.0,692.0,693.0,695.0,696.0,697.0,701.0,701.0,702.0,701.0,702.0,,704.0,703.0,704.0,706.0,707.0,709.0,711.0,711.0,713.0,714.0,718.0,720.0,721.0,722.0,724.0,725.0,729.0,730.0,731.0,733.0,736.0,737.0,739.0,741.0,744.0,746.0,747.0,747.0,748.0,749.0,750.0,752.0,752.0,753.0,754.0,754.0,755.0,755.0,758.0,759.0,763.0,764.0,765.0,768.0,769.0,771.0,771.0,771.0,770.0,773.0,772.0,775.0,777.0,779.0,781.0,781.0,781.0,781.0,781.0,782.0,783.0,784.0,786.0,786.0,789.0,793.0,797.0,801.0,803.0,804.0,804.0,803.0,805.0,809.0,809.0,809.0,809.0,811.0,813.0,813.0,814.0,815.0,815.0,815.0,816.0,820.0,822.0,823.0,822.0,823.0,823.0,823.0,824.0,824.0,825.0,825.0,826.0,830.0,831.0,832
i3hQxcVNXx0,,,,,,,,,,298.0,638.0,868.0,1030.0,1150.0,1217.0,1297.0,1344.0,1398.0,1452.0,1498.0,1539.0,1572.0,1595.0,1612.0,1624.0,1627.0,1634.0,1645.0,1649.0,1659.0,1668.0,1675.0,1678.0,1683.0,1687.0,1693.0,1696.0,1704.0,1705.0,1709.0,1712.0,1718.0,1722.0,1730.0,1734.0,1738.0,1744.0,1751.0,1751.0,1752.0,1756.0,1757.0,1761.0,,1764.0,1766.0,1765.0,1766.0,1767.0,1764.0,1766.0,1767.0,1765.0,1767.0,1770.0,1772.0,1774.0,1775.0,1776.0,1777.0,1780.0,1780.0,1782.0,1783.0,1784.0,1787.0,1788.0,1789.0,1791.0,1791.0,1790.0,1791.0,1793.0,1795.0,1796.0,1796.0,1798.0,1798.0,1798.0,1798.0,1800.0,1803.0,1805.0,1807.0,1807.0,1809.0,1809.0,1809.0,1810.0,1809.0,1810.0,1811.0,1814.0,1814.0,1815.0,1817.0,1818.0,1818.0,1819.0,1822.0,1823.0,1823.0,1824.0,1825.0,1826.0,1826.0,1828.0,1829.0,1831.0,1831.0,1830.0,1832.0,1834.0,1834.0,1836.0,1838.0,1840.0,1842.0,1844.0,1846.0,1846.0,1848.0,1850.0,1850.0,1851.0,1854.0,1854.0,1854.0,1853.0,1852.0,1853.0,1854.0,1855.0,1857.0,1858.0,1858.0,1860.0,1862.0,1863.0,1866.0,1867.0,1868.0,1873.0,1876
JGvx-7IkUCA,,,,,,,,,,5.0,8.0,10.0,12.0,13.0,13.0,13.0,13.0,13.0,13.0,13.0,13.0,13.0,13.0,13.0,13.0,13.0,13.0,13.0,13.0,13.0,13.0,13.0,13.0,13.0,13.0,13.0,13.0,13.0,13.0,13.0,13.0,13.0,13.0,13.0,13.0,13.0,13.0,13.0,13.0,13.0,14.0,14.0,14.0,,14.0,14.0,14.0,14.0,14.0,14.0,14.0,14.0,14.0,14.0,14.0,14.0,14.0,14.0,15.0,15.0,15.0,15.0,15.0,15.0,15.0,15.0,15.0,15.0,15.0,15.0,15.0,15.0,15.0,15.0,15.0,15.0,15.0,15.0,15.0,15.0,15.0,15.0,15.0,15.0,15.0,15.0,15.0,15.0,15.0,15.0,15.0,15.0,15.0,15.0,15.0,15.0,15.0,15.0,15.0,15.0,15.0,15.0,15.0,15.0,15.0,15.0,15.0,15.0,15.0,15.0,15.0,15.0,15.0,15.0,15.0,15.0,15.0,15.0,15.0,15.0,15.0,15.0,15.0,15.0,15.0,15.0,15.0,15.0,15.0,15.0,15.0,15.0,15.0,15.0,15.0,15.0,15.0,15.0,15.0,15.0,15.0,15.0,15.0,15
2gbVYUcPRwY,,,,,,,,,,25.0,33.0,40.0,40.0,45.0,52.0,58.0,58.0,60.0,65.0,67.0,68.0,70.0,70.0,70.0,70.0,70.0,70.0,71.0,71.0,71.0,72.0,72.0,73.0,73.0,73.0,73.0,75.0,75.0,75.0,75.0,75.0,75.0,75.0,75.0,75.0,75.0,75.0,76.0,76.0,76.0,76.0,76.0,76.0,,76.0,76.0,76.0,76.0,76.0,76.0,76.0,75.0,75.0,75.0,75.0,76.0,76.0,76.0,76.0,76.0,76.0,76.0,76.0,76.0,76.0,77.0,77.0,77.0,77.0,77.0,77.0,77.0,77.0,77.0,77.0,76.0,76.0,76.0,76.0,76.0,76.0,76.0,76.0,76.0,76.0,76.0,76.0,76.0,76.0,76.0,76.0,76.0,76.0,76.0,76.0,76.0,76.0,76.0,76.0,76.0,76.0,76.0,76.0,76.0,76.0,76.0,76.0,75.0,75.0,75.0,75.0,75.0,75.0,75.0,75.0,75.0,76.0,76.0,76.0,76.0,77.0,77.0,77.0,77.0,77.0,77.0,77.0,77.0,77.0,77.0,77.0,77.0,77.0,77.0,77.0,77.0,77.0,77.0,77.0,77.0,78.0,79.0,79.0,79
v94Q1nzU4Vc,,,,,,,,,,,510.0,539.0,571.0,598.0,616.0,627.0,634.0,648.0,656.0,665.0,676.0,685.0,688.0,691.0,695.0,704.0,716.0,720.0,723.0,732.0,737.0,743.0,745.0,755.0,762.0,772.0,777.0,782.0,783.0,788.0,798.0,812.0,822.0,824.0,827.0,837.0,845.0,846.0,852.0,853.0,858.0,861.0,866.0,,873.0,874.0,877.0,877.0,883.0,883.0,887.0,890.0,892.0,894.0,894.0,897.0,897.0,898.0,900.0,901.0,904.0,905.0,907.0,908.0,909.0,911.0,913.0,913.0,915.0,920.0,919.0,921.0,922.0,922.0,924.0,928.0,929.0,930.0,931.0,937.0,938.0,940.0,940.0,943.0,944.0,947.0,948.0,949.0,952.0,952.0,953.0,953.0,955.0,958.0,959.0,964.0,965.0,966.0,968.0,968.0,969.0,970.0,972.0,973.0,972.0,975.0,977.0,979.0,979.0,983.0,985.0,986.0,987.0,987.0,987.0,991.0,992.0,993.0,995.0,996.0,996.0,997.0,998.0,998.0,998.0,1001.0,1003.0,1004.0,1008.0,1009.0,1011.0,1012.0,1015.0,1017.0,1018.0,1019.0,1023.0,1023.0,1024.0,1024.0,1024.0,1026.0,1026.0,1028
kacuL0bgsdI,,,,,,,,,,,,12011.0,12091.0,12181.0,12263.0,12344.0,12425.0,12475.0,12518.0,12560.0,12602.0,12634.0,12657.0,12699.0,12731.0,12750.0,12765.0,12788.0,12818.0,12858.0,12905.0,12945.0,12974.0,13011.0,13053.0,13107.0,13181.0,13247.0,13338.0,13405.0,13444.0,13492.0,13554.0,13601.0,13646.0,13711.0,13760.0,13792.0,13819.0,13839.0,13857.0,13876.0,13890.0,,13912.0,13925.0,13936.0,13940.0,13955.0,13964.0,13967.0,13981.0,13984.0,13994.0,14001.0,14006.0,14015.0,14021.0,14020.0,14024.0,14032.0,14037.0,14040.0,14046.0,14071.0,14085.0,14092.0,14109.0,14116.0,14122.0,14133.0,14139.0,14149.0,14155.0,14163.0,14171.0,14180.0,14184.0,14186.0,14197.0,14202.0,14201.0,14209.0,14215.0,14221.0,14223.0,14228.0,14229.0,14239.0,14245.0,14250.0,14263.0,14265.0,14271.0,14274.0,14278.0,14288.0,14291.0,14300.0,14306.0,14309.0,14314.0,14316.0,14320.0,14326.0,14330.0,14337.0,14343.0,14349.0,14354.0,14359.0,14356.0,14362.0,14365.0,14374.0,14375.0,14384.0,14393.0,14400.0,14401.0,14413.0,14415.0,14417.0,14421.0,14423.0,14431.0,14442.0,14450.0,14453.0,14454.0,14464.0,14472.0,14480.0,14484.0,14488.0,14494.0,14497.0,14502.0,14507.0,14513.0,14515.0,14515.0,14516.0,14518
BTlj6Sls7KE,,,,,,,,,,,,7032.0,23499.0,31364.0,35306.0,39593.0,44079.0,48051.0,50930.0,52935.0,54498.0,55753.0,56976.0,58226.0,59288.0,61562.0,63914.0,65361.0,66539.0,67569.0,68520.0,69357.0,69988.0,70513.0,71048.0,71497.0,71995.0,72515.0,73010.0,73436.0,73883.0,74289.0,74637.0,74961.0,75303.0,75674.0,75972.0,76261.0,76570.0,76861.0,77189.0,77588.0,77898.0,,78466.0,78710.0,78953.0,79206.0,79506.0,79796.0,80056.0,80286.0,80613.0,80991.0,81465.0,82110.0,82793.0,83252.0,83740.0,84152.0,84763.0,85276.0,85832.0,86280.0,87037.0,87398.0,87756.0,88093.0,88420.0,88750.0,89011.0,89346.0,89679.0,89984.0,90286.0,90588.0,90876.0,91139.0,91376.0,91637.0,91948.0,92243.0,92554.0,92840.0,93076.0,93279.0,93519.0,93750.0,94007.0,94261.0,94507.0,94715.0,94968.0,95260.0,95573.0,95921.0,96436.0,96914.0,97384.0,97859.0,98257.0,98678.0,99053.0,99489.0,99913.0,100277.0,100613.0,100947.0,101290.0,101671.0,102093.0,102505.0,102810.0,103120.0,103416.0,103698.0,103989.0,104308.0,104598.0,104878.0,105100.0,105338.0,105553.0,105778.0,106042.0,106302.0,106562.0,106805.0,107065.0,107305.0,107563.0,107816.0,108070.0,108319.0,108556.0,108794.0,109011.0,109248.0,109534.0,109787.0,110072.0,110328.0,110618.0,110865
ER4YaTP2Sc8,,,,,,,,,,,,1263.0,1292.0,1309.0,1327.0,1342.0,1353.0,1390.0,1420.0,1447.0,1460.0,1472.0,1487.0,1503.0,1534.0,1562.0,1587.0,1610.0,1625.0,1640.0,1660.0,1679.0,1707.0,1719.0,1734.0,1745.0,1761.0,1775.0,1781.0,1798.0,1803.0,1809.0,1813.0,1821.0,1831.0,1835.0,1847.0,1854.0,1862.0,1869.0,1873.0,1882.0,1892.0,,1913.0,1921.0,1930.0,1937.0,1950.0,1963.0,1975.0,1984.0,1989.0,1990.0,1993.0,1999.0,2000.0,2003.0,2007.0,2008.0,2008.0,2012.0,2016.0,2017.0,2021.0,2025.0,2029.0,2029.0,2032.0,2033.0,2037.0,2044.0,2044.0,2046.0,2046.0,2049.0,2050.0,2053.0,2057.0,2060.0,2062.0,2062.0,2066.0,2066.0,2066.0,2069.0,2074.0,2076.0,2081.0,2085.0,2088.0,2088.0,2088.0,2089.0,2091.0,2093.0,2095.0,2098.0,2100.0,2101.0,2104.0,2108.0,2108.0,2112.0,2117.0,2122.0,2124.0,2126.0,2129.0,2131.0,2132.0,2135.0,2137.0,2139.0,2139.0,2141.0,2144.0,2145.0,2148.0,2153.0,2154.0,2156.0,2156.0,2159.0,2165.0,2167.0,2170.0,2173.0,2175.0,2179.0,2179.0,2179.0,2183.0,2187.0,2187.0,2187.0,2189.0,2190.0,2191.0,2191.0,2192.0,2194.0,2194.0,2196
uGTz6iCDvIw,,,,,,,,,,,,25258.0,27220.0,28301.0,28938.0,29490.0,29966.0,30392.0,30670.0,30975.0,31244.0,31443.0,31605.0,31743.0,31936.0,32078.0,32142.0,32190.0,32271.0,32411.0,32493.0,32545.0,32597.0,32630.0,32726.0,32843.0,33058.0,33131.0,33166.0,33194.0,33207.0,33214.0,33223.0,33228.0,33231.0,33237.0,33251.0,33261.0,33262.0,33270.0,33284.0,33285.0,33293.0,,33297.0,33302.0,33306.0,33311.0,33314.0,33313.0,33313.0,33314.0,33314.0,33320.0,33322.0,33321.0,33322.0,33322.0,33321.0,33323.0,33319.0,33319.0,33324.0,33327.0,33333.0,33333.0,33338.0,33342.0,33347.0,33349.0,33348.0,33347.0,33347.0,33348.0,33351.0,33350.0,33351.0,33349.0,33348.0,33349.0,33353.0,33351.0,33350.0,33352.0,33355.0,33357.0,33358.0,33360.0,33364.0,33366.0,33367.0,33368.0,33367.0,33366.0,33366.0,33368.0,33368.0,33368.0,33370.0,33368.0,33369.0,33371.0,33373.0,33373.0,33376.0,33378.0,33381.0,33380.0,33381.0,33381.0,33383.0,33384.0,33387.0,33386.0,33386.0,33386.0,33386.0,33388.0,33389.0,33389.0,33390.0,33394.0,33396.0,33397.0,33398.0,33401.0,33402.0,33403.0,33402.0,33401.0,33404.0,33408.0,33412.0,33412.0,33412.0,33415.0,33420.0,33432.0,33438.0,33440.0,33439.0,33440.0,33441.0,33441
EKrsvC7XxhE,,,,,,,,,,,,8917.0,13105.0,15912.0,17680.0,19094.0,19833.0,20397.0,20682.0,20850.0,20980.0,21075.0,21156.0,21295.0,21396.0,21524.0,21624.0,21706.0,21801.0,21889.0,22008.0,22134.0,22227.0,22300.0,22380.0,22443.0,22531.0,22643.0,22748.0,22816.0,22884.0,22954.0,23014.0,23070.0,23166.0,23262.0,23364.0,23465.0,23564.0,23644.0,23728.0,23857.0,23964.0,,24147.0,24221.0,24300.0,24365.0,24441.0,24525.0,24590.0,24644.0,24690.0,24741.0,24788.0,24853.0,24901.0,24964.0,25027.0,25079.0,25141.0,25188.0,25264.0,25345.0,25448.0,25497.0,25538.0,25566.0,25626.0,25673.0,25714.0,25754.0,25791.0,25821.0,25858.0,25899.0,25945.0,25986.0,26028.0,26073.0,26119.0,26149.0,26194.0,26229.0,26252.0,26299.0,26325.0,26358.0,26401.0,26432.0,26454.0,26486.0,26518.0,26548.0,26572.0,26588.0,26618.0,26644.0,26662.0,26680.0,26694.0,26713.0,26729.0,26745.0,26773.0,26793.0,26805.0,26817.0,26831.0,26854.0,26869.0,26893.0,26917.0,26928.0,26943.0,26951.0,26960.0,26984.0,27003.0,27021.0,27037.0,27048.0,27056.0,27074.0,27091.0,27106.0,27125.0,27138.0,27155.0,27169.0,27185.0,27214.0,27232.0,27249.0,27261.0,27283.0,27296.0,27306.0,27316.0,27337.0,27368.0,27388.0,27397.0,27404
HHkj1M34QNg,,,,,,,,,,,,1803.0,2226.0,2440.0,2599.0,2708.0,2788.0,2897.0,2966.0,3034.0,3085.0,3123.0,3164.0,3199.0,3234.0,3268.0,3287.0,3315.0,3332.0,3344.0,3364.0,3380.0,3397.0,3418.0,3434.0,3445.0,3462.0,3476.0,3481.0,3493.0,3503.0,3508.0,3518.0,3530.0,3541.0,3549.0,3551.0,3560.0,3568.0,3575.0,3584.0,3594.0,3603.0,,3644.0,3665.0,3675.0,3684.0,3697.0,3709.0,3726.0,3734.0,3747.0,3753.0,3761.0,3766.0,3775.0,3786.0,3802.0,3815.0,3831.0,3846.0,3858.0,3868.0,3880.0,3894.0,3901.0,3906.0,3912.0,3917.0,3924.0,3926.0,3934.0,3937.0,3944.0,3946.0,3952.0,3956.0,3964.0,3974.0,3978.0,3985.0,3991.0,4000.0,4008.0,4023.0,4034.0,4038.0,4046.0,4054.0,4059.0,4069.0,4078.0,4083.0,4087.0,4094.0,4102.0,4106.0,4116.0,4126.0,4132.0,4136.0,4142.0,4148.0,4157.0,4160.0,4169.0,4173.0,4183.0,4188.0,4190.0,4191.0,4194.0,4202.0,4206.0,4211.0,4216.0,4222.0,4225.0,4231.0,4237.0,4243.0,4251.0,4255.0,4265.0,4272.0,4275.0,4280.0,4286.0,4293.0,4297.0,4299.0,4305.0,4309.0,4315.0,4318.0,4323.0,4326.0,4328.0,4332.0,4334.0,4337.0,4341.0,4347
ZkA18GPAylY,,,,,,,,,,,,,1073.0,1171.0,1193.0,1202.0,1207.0,1212.0,1216.0,1220.0,1223.0,1224.0,1226.0,1225.0,1230.0,1230.0,1233.0,1234.0,1234.0,1234.0,1235.0,1235.0,1235.0,1236.0,1236.0,1236.0,1237.0,1239.0,1239.0,1239.0,1239.0,1240.0,1240.0,1239.0,1239.0,1239.0,1239.0,1239.0,1239.0,1239.0,1239.0,1239.0,1239.0,,1239.0,1239.0,1240.0,1240.0,1240.0,1240.0,1240.0,1240.0,1240.0,1240.0,1240.0,1240.0,1240.0,1240.0,1240.0,1240.0,1240.0,1241.0,1241.0,1241.0,1241.0,1241.0,1241.0,1240.0,1240.0,1240.0,1240.0,1240.0,1241.0,1241.0,1241.0,1242.0,1242.0,1242.0,1242.0,1242.0,1242.0,1242.0,1242.0,1242.0,1242.0,1242.0,1242.0,1242.0,1242.0,1242.0,1242.0,1242.0,1242.0,1242.0,1242.0,1242.0,1242.0,1242.0,1242.0,1242.0,1242.0,1242.0,1242.0,1242.0,1242.0,1242.0,1242.0,1242.0,1242.0,1242.0,1242.0,1242.0,1242.0,1242.0,1242.0,1242.0,1242.0,1243.0,1243.0,1244.0,1244.0,1245.0,1245.0,1245.0,1244.0,1244.0,1244.0,1244.0,1244.0,1244.0,1243.0,1244.0,1244.0,1244.0,1244.0,1244.0,1245.0,1245.0,1246.0,1246.0,1246.0,1246.0,1246.0,1246
cAIfrwyYmVo,,,,,,,,,,,,,146.0,194.0,222.0,245.0,261.0,274.0,292.0,297.0,303.0,306.0,310.0,315.0,317.0,320.0,324.0,327.0,329.0,329.0,332.0,333.0,337.0,340.0,341.0,341.0,346.0,347.0,351.0,354.0,356.0,359.0,361.0,363.0,366.0,367.0,368.0,371.0,376.0,381.0,383.0,384.0,392.0,,394.0,397.0,400.0,402.0,405.0,408.0,409.0,409.0,410.0,413.0,413.0,415.0,416.0,418.0,420.0,428.0,428.0,430.0,429.0,431.0,432.0,432.0,433.0,435.0,436.0,436.0,438.0,438.0,439.0,440.0,440.0,440.0,440.0,441.0,441.0,443.0,443.0,444.0,446.0,448.0,450.0,452.0,452.0,454.0,456.0,458.0,458.0,459.0,460.0,461.0,462.0,461.0,462.0,463.0,466.0,466.0,466.0,468.0,470.0,471.0,473.0,473.0,473.0,473.0,474.0,474.0,474.0,475.0,475.0,475.0,477.0,478.0,479.0,480.0,482.0,482.0,485.0,487.0,489.0,490.0,490.0,493.0,494.0,495.0,499.0,499.0,499.0,501.0,505.0,505.0,508.0,508.0,508.0,510.0,510.0,510.0,510.0,511.0,512.0,512
_laRJSDsyHM,,,,,,,,,,,,,714.0,773.0,828.0,878.0,904.0,934.0,952.0,959.0,964.0,971.0,973.0,976.0,984.0,986.0,991.0,993.0,998.0,1003.0,1003.0,1006.0,1007.0,1009.0,1009.0,1011.0,1011.0,1012.0,1011.0,1015.0,1015.0,1015.0,1016.0,1017.0,1018.0,1019.0,1019.0,1019.0,1019.0,1018.0,1017.0,1016.0,1016.0,,1016.0,1016.0,1016.0,1016.0,1016.0,1016.0,1015.0,1015.0,1015.0,1015.0,1015.0,1015.0,1015.0,1015.0,1015.0,1015.0,1016.0,1016.0,1016.0,1016.0,1016.0,1016.0,1016.0,1016.0,1016.0,1016.0,1017.0,1017.0,1016.0,1016.0,1016.0,1016.0,1016.0,1016.0,1016.0,1016.0,1016.0,1015.0,1015.0,1015.0,1015.0,1015.0,1015.0,1015.0,1015.0,1015.0,1015.0,1015.0,1015.0,1015.0,1015.0,1015.0,1015.0,1015.0,1015.0,1015.0,1015.0,1015.0,1015.0,1015.0,1015.0,1015.0,1015.0,1015.0,1014.0,1014.0,1014.0,1015.0,1015.0,1015.0,1015.0,1015.0,1015.0,1015.0,1015.0,1015.0,1015.0,1015.0,1016.0,1016.0,1016.0,1016.0,1016.0,1016.0,1017.0,1015.0,1015.0,1015.0,1015.0,1015.0,1014.0,1014.0,1014.0,1014.0,1014.0,1014.0,1014.0,1014.0,1014.0,1014
7KqkSpD4AxI,,,,,,,,,,,,,,9.0,13.0,22.0,27.0,28.0,28.0,32.0,32.0,33.0,34.0,34.0,35.0,35.0,35.0,36.0,37.0,37.0,38.0,39.0,39.0,40.0,40.0,40.0,40.0,41.0,41.0,41.0,41.0,41.0,41.0,41.0,41.0,41.0,41.0,41.0,41.0,41.0,41.0,42.0,42.0,,42.0,42.0,42.0,42.0,42.0,42.0,43.0,43.0,43.0,43.0,43.0,43.0,43.0,43.0,43.0,43.0,43.0,43.0,43.0,43.0,43.0,43.0,43.0,43.0,43.0,43.0,44.0,45.0,45.0,45.0,47.0,47.0,47.0,47.0,47.0,47.0,47.0,48.0,48.0,48.0,48.0,48.0,48.0,48.0,49.0,49.0,49.0,49.0,50.0,50.0,50.0,50.0,50.0,50.0,50.0,50.0,50.0,50.0,50.0,50.0,50.0,50.0,50.0,50.0,50.0,50.0,50.0,50.0,50.0,50.0,50.0,50.0,50.0,50.0,50.0,50.0,50.0,50.0,51.0,51.0,51.0,51.0,51.0,51.0,51.0,51.0,51.0,51.0,51.0,51.0,51.0,51.0,51.0,51.0,51.0,51.0,51.0,51.0,51.0,51
hQ4-H-nNNz4,,,,,,,,,,,,,,9175.0,29157.0,34660.0,39006.0,42302.0,44301.0,45999.0,48124.0,53525.0,58656.0,64051.0,68923.0,72551.0,75618.0,78707.0,81636.0,84461.0,87707.0,90387.0,92673.0,94701.0,96760.0,98808.0,100711.0,102773.0,104665.0,106109.0,107536.0,109055.0,110533.0,111774.0,113156.0,114561.0,115774.0,116913.0,117921.0,119057.0,120192.0,121406.0,122449.0,,124146.0,124925.0,125749.0,126567.0,127533.0,128439.0,129281.0,130040.0,130769.0,131548.0,132283.0,133127.0,133960.0,134654.0,135297.0,135951.0,136737.0,137475.0,138235.0,138922.0,140057.0,140592.0,141174.0,141744.0,142330.0,142883.0,143407.0,143879.0,144373.0,144963.0,145632.0,146294.0,146953.0,147583.0,148201.0,148737.0,149297.0,149884.0,150500.0,151020.0,151494.0,151945.0,152323.0,152687.0,153050.0,153414.0,153768.0,154072.0,154339.0,154657.0,154946.0,155239.0,155536.0,155858.0,156099.0,156363.0,156573.0,156777.0,156990.0,157246.0,157519.0,157735.0,157940.0,158175.0,158397.0,158606.0,158879.0,159099.0,159327.0,159534.0,159742.0,159895.0,160095.0,160291.0,160497.0,160676.0,160879.0,161046.0,161199.0,161393.0,161616.0,161812.0,161987.0,162192.0,162387.0,162546.0,162742.0,163003.0,163274.0,163497.0,163701.0,163871.0,164052.0,164223.0,164436.0,164630.0,164812.0,164976.0,165136.0,165298
KRAFmgTECWw,,,,,,,,,,,,,,,3012.0,3733.0,4439.0,5233.0,5697.0,6013.0,6194.0,6329.0,6437.0,6491.0,6553.0,6606.0,6647.0,6707.0,6774.0,6811.0,6852.0,6900.0,6954.0,6987.0,7039.0,7064.0,7092.0,7135.0,7164.0,7209.0,7237.0,7289.0,7328.0,7377.0,7432.0,7466.0,7497.0,7520.0,7545.0,7603.0,7643.0,7681.0,7713.0,,7821.0,7867.0,7895.0,7926.0,7940.0,7954.0,7964.0,7974.0,7986.0,7988.0,7995.0,8002.0,8012.0,8014.0,8020.0,8031.0,8046.0,8052.0,8059.0,8068.0,8077.0,8090.0,8104.0,8110.0,8120.0,8127.0,8139.0,8147.0,8153.0,8158.0,8160.0,8170.0,8173.0,8181.0,8189.0,8194.0,8198.0,8210.0,8222.0,8229.0,8238.0,8246.0,8251.0,8259.0,8261.0,8265.0,8271.0,8274.0,8280.0,8287.0,8292.0,8298.0,8301.0,8305.0,8309.0,8310.0,8314.0,8319.0,8321.0,8328.0,8329.0,8330.0,8336.0,8337.0,8341.0,8343.0,8345.0,8349.0,8356.0,8359.0,8364.0,8367.0,8374.0,8379.0,8383.0,8382.0,8387.0,8390.0,8392.0,8394.0,8397.0,8399.0,8399.0,8401.0,8407.0,8410.0,8414.0,8420.0,8426.0,8431.0,8435.0,8443.0,8445.0,8447.0,8449.0,8454.0,8457.0,8460.0,8466.0,8467
6gi87AUDs0M,,,,,,,,,,,,,,,175438.0,189194.0,197459.0,204633.0,208498.0,211302.0,214152.0,215521.0,217277.0,219072.0,220425.0,221654.0,222944.0,224065.0,225292.0,227768.0,229461.0,230607.0,231631.0,232333.0,232910.0,233646.0,235234.0,236221.0,237222.0,238910.0,239771.0,240476.0,241209.0,242194.0,242969.0,243501.0,243967.0,244385.0,245195.0,246412.0,250042.0,253838.0,255880.0,,263537.0,265106.0,266833.0,275493.0,278157.0,279268.0,279703.0,279978.0,280125.0,280257.0,280374.0,280464.0,280572.0,280654.0,280720.0,280753.0,280780.0,280837.0,280874.0,280883.0,280886.0,280886.0,280899.0,280895.0,280906.0,280908.0,280900.0,280898.0,280899.0,280894.0,280892.0,280885.0,280889.0,280891.0,280889.0,280904.0,280916.0,280922.0,280852.0,280847.0,280841.0,280831.0,280834.0,280831.0,280817.0,280742.0,280744.0,280738.0,280721.0,280700.0,280690.0,280684.0,280656.0,280652.0,280646.0,280647.0,280630.0,280622.0,280605.0,280580.0,280565.0,280565.0,280566.0,280568.0,280549.0,280549.0,280538.0,280521.0,280520.0,280510.0,280507.0,280490.0,280491.0,280501.0,280496.0,280471.0,280469.0,280473.0,280454.0,280444.0,280433.0,280422.0,280420.0,280425.0,280441.0,280397.0,280396.0,280394.0,280392.0,280380.0,280375.0,280381.0,280389.0,280387.0,280376.0,280394.0,280381.0,280349.0,280353.0,280355
97qr0BOdHkc,,,,,,,,,,,,,,,,3562.0,5593.0,7189.0,9289.0,10636.0,11481.0,12236.0,12874.0,13323.0,13648.0,13987.0,14289.0,14520.0,14732.0,14892.0,15047.0,15177.0,15299.0,15421.0,15546.0,15870.0,16055.0,16181.0,16275.0,16364.0,16459.0,16549.0,16600.0,16665.0,16734.0,16798.0,16861.0,16929.0,16995.0,17069.0,17139.0,17220.0,17279.0,,17396.0,17465.0,17580.0,17760.0,17940.0,18087.0,18235.0,18392.0,18539.0,18672.0,18829.0,18978.0,19105.0,19196.0,19286.0,19367.0,19470.0,19616.0,19733.0,19812.0,19979.0,20062.0,20166.0,20266.0,20355.0,20437.0,20521.0,20581.0,20673.0,20757.0,20840.0,20916.0,20975.0,21051.0,21119.0,21190.0,21255.0,21308.0,21356.0,21408.0,21440.0,21482.0,21521.0,21566.0,21589.0,21622.0,21672.0,21721.0,21755.0,21786.0,21812.0,21842.0,21873.0,21913.0,21946.0,21982.0,22032.0,22061.0,22100.0,22132.0,22162.0,22207.0,22263.0,22311.0,22349.0,22367.0,22394.0,22415.0,22451.0,22470.0,22497.0,22523.0,22545.0,22576.0,22604.0,22640.0,22661.0,22693.0,22730.0,22771.0,22791.0,22820.0,22850.0,22898.0,22918.0,22953.0,22980.0,23006.0,23032.0,23054.0,23086.0,23106.0,23128.0,23161.0,23179.0,23198.0,23225.0,23243.0,23272.0,23297
6AvlefX35o8,,,,,,,,,,,,,,,,1846.0,2549.0,2879.0,3056.0,3170.0,3240.0,3309.0,3363.0,3402.0,3437.0,3460.0,3503.0,3566.0,3599.0,3630.0,3653.0,3665.0,3677.0,3690.0,3720.0,3738.0,3753.0,3775.0,3790.0,3807.0,3819.0,3835.0,3856.0,3872.0,3886.0,3905.0,3915.0,3925.0,3934.0,3948.0,3966.0,3974.0,3987.0,,4019.0,4032.0,4045.0,4056.0,4068.0,4075.0,4088.0,4091.0,4106.0,4109.0,4117.0,4125.0,4129.0,4136.0,4143.0,4148.0,4155.0,4161.0,4169.0,4172.0,4182.0,4185.0,4187.0,4192.0,4197.0,4202.0,4203.0,4204.0,4209.0,4213.0,4213.0,4214.0,4217.0,4225.0,4236.0,4243.0,4244.0,4252.0,4259.0,4263.0,4265.0,4272.0,4275.0,4278.0,4284.0,4290.0,4295.0,4298.0,4302.0,4309.0,4319.0,4319.0,4324.0,4327.0,4331.0,4334.0,4334.0,4339.0,4340.0,4339.0,4343.0,4344.0,4351.0,4353.0,4358.0,4364.0,4367.0,4370.0,4372.0,4376.0,4381.0,4386.0,4389.0,4388.0,4390.0,4391.0,4394.0,4394.0,4395.0,4399.0,4399.0,4403.0,4406.0,4409.0,4413.0,4415.0,4419.0,4421.0,4425.0,4431.0,4435.0,4441.0,4442.0,4444.0,4448.0,4452.0,4455.0,4458.0,4461.0,4462
t5oIE5lrph0,,,,,,,,,,,,,,,,33.0,33.0,33.0,33.0,34.0,34.0,34.0,34.0,34.0,36.0,36.0,37.0,39.0,40.0,40.0,41.0,41.0,41.0,41.0,44.0,44.0,44.0,44.0,44.0,44.0,44.0,44.0,44.0,44.0,44.0,45.0,45.0,45.0,45.0,45.0,45.0,45.0,45.0,,45.0,45.0,45.0,45.0,45.0,45.0,45.0,45.0,45.0,45.0,45.0,45.0,45.0,45.0,45.0,45.0,45.0,45.0,45.0,45.0,45.0,45.0,47.0,47.0,48.0,49.0,49.0,50.0,51.0,51.0,51.0,51.0,51.0,51.0,51.0,51.0,51.0,51.0,51.0,52.0,52.0,52.0,52.0,52.0,52.0,52.0,52.0,52.0,52.0,52.0,52.0,52.0,52.0,52.0,52.0,52.0,52.0,52.0,52.0,52.0,52.0,52.0,52.0,52.0,52.0,52.0,52.0,52.0,52.0,52.0,52.0,52.0,52.0,52.0,52.0,52.0,52.0,52.0,52.0,52.0,52.0,52.0,52.0,52.0,52.0,52.0,52.0,52.0,52.0,52.0,52.0,53.0,53.0,53.0,53.0,53.0,53.0,53.0,53.0,53
SoZeR3ttHKk,,,,,,,,,,,,,,,,876.0,932.0,1004.0,1065.0,1098.0,1126.0,1154.0,1182.0,1202.0,1226.0,1251.0,1270.0,1284.0,1297.0,1313.0,1330.0,1345.0,1351.0,1363.0,1370.0,1379.0,1384.0,1393.0,1400.0,1408.0,1413.0,1418.0,1423.0,1426.0,1432.0,1433.0,1431.0,1431.0,1436.0,1444.0,1457.0,1458.0,1459.0,,1462.0,1465.0,1467.0,1470.0,1472.0,1472.0,1472.0,1473.0,1473.0,1475.0,1474.0,1476.0,1475.0,1476.0,1478.0,1480.0,1480.0,1481.0,1481.0,1481.0,1484.0,1488.0,1494.0,1499.0,1504.0,1504.0,1511.0,1515.0,1518.0,1523.0,1526.0,1528.0,1528.0,1530.0,1532.0,1534.0,1536.0,1536.0,1536.0,1535.0,1536.0,1536.0,1537.0,1539.0,1539.0,1541.0,1541.0,1542.0,1542.0,1547.0,1547.0,1549.0,1551.0,1553.0,1554.0,1554.0,1554.0,1553.0,1555.0,1556.0,1558.0,1559.0,1560.0,1562.0,1565.0,1567.0,1570.0,1571.0,1573.0,1575.0,1575.0,1579.0,1581.0,1586.0,1589.0,1589.0,1590.0,1593.0,1593.0,1595.0,1603.0,1605.0,1612.0,1617.0,1618.0,1621.0,1621.0,1624.0,1626.0,1629.0,1630.0,1631.0,1633.0,1635.0,1635.0,1635.0,1635.0,1636.0,1639.0,1640
Zl-LzXzy4vc,,,,,,,,,,,,,,,,1387.0,2595.0,3790.0,4957.0,5770.0,6505.0,7582.0,8702.0,9503.0,10265.0,10965.0,11669.0,12278.0,12826.0,13291.0,13799.0,14261.0,14693.0,15147.0,15575.0,16006.0,16409.0,16753.0,17125.0,17547.0,17901.0,18213.0,18528.0,18836.0,19193.0,19514.0,19844.0,20153.0,20494.0,20885.0,21248.0,21605.0,21968.0,,22609.0,22905.0,23202.0,23518.0,23839.0,24120.0,24415.0,24677.0,25001.0,25293.0,25568.0,25801.0,26036.0,26298.0,26511.0,26759.0,26989.0,27231.0,27465.0,27671.0,28099.0,28338.0,28544.0,28743.0,28909.0,29134.0,29412.0,29772.0,30036.0,30277.0,30501.0,30753.0,30986.0,31204.0,31414.0,31602.0,31787.0,31977.0,32189.0,32381.0,32561.0,32778.0,32933.0,33117.0,33298.0,33483.0,33662.0,33842.0,33979.0,34170.0,34338.0,34522.0,34697.0,34854.0,35017.0,35225.0,35459.0,35667.0,35877.0,36074.0,36298.0,36505.0,36702.0,36920.0,37132.0,37310.0,37554.0,37778.0,38016.0,38239.0,38452.0,38706.0,38950.0,39226.0,39503.0,39811.0,40111.0,40339.0,40585.0,40810.0,41053.0,41302.0,41577.0,41874.0,42082.0,42296.0,42535.0,42720.0,42925.0,43142.0,43309.0,43459.0,43609.0,43798.0,43929.0,44080.0,44224.0,44366.0,44490.0,44638
RRad4YeoaJY,,,,,,,,,,,,,,,,1281.0,1307.0,1336.0,1351.0,1362.0,1369.0,1373.0,1380.0,1392.0,1400.0,1403.0,1406.0,1413.0,1421.0,1422.0,1425.0,1427.0,1429.0,1429.0,1428.0,1428.0,1428.0,1429.0,1430.0,1430.0,1432.0,1432.0,1433.0,1434.0,1435.0,1435.0,1435.0,1435.0,1436.0,1435.0,1435.0,1436.0,1436.0,,1436.0,1436.0,1436.0,1436.0,1435.0,1435.0,1435.0,1433.0,1433.0,1432.0,1432.0,1432.0,1432.0,1431.0,1432.0,1431.0,1431.0,1430.0,1430.0,1431.0,1430.0,1430.0,1431.0,1431.0,1431.0,1431.0,1431.0,1431.0,1431.0,1431.0,1431.0,1431.0,1431.0,1432.0,1432.0,1432.0,1432.0,1432.0,1433.0,1433.0,1434.0,1434.0,1434.0,1434.0,1434.0,1434.0,1434.0,1434.0,1434.0,1434.0,1434.0,1435.0,1435.0,1435.0,1434.0,1434.0,1434.0,1434.0,1434.0,1434.0,1435.0,1435.0,1435.0,1435.0,1435.0,1435.0,1435.0,1435.0,1435.0,1436.0,1436.0,1436.0,1435.0,1435.0,1435.0,1435.0,1435.0,1435.0,1434.0,1434.0,1434.0,1434.0,1434.0,1434.0,1434.0,1434.0,1434.0,1434.0,1434.0,1434.0,1434.0,1434.0,1434.0,1434.0,1434.0,1434.0,1434.0,1434.0,1434.0,1434
SUJn2h-J5Ko,,,,,,,,,,,,,,,,,652.0,685.0,719.0,744.0,765.0,770.0,772.0,777.0,781.0,784.0,785.0,787.0,788.0,791.0,791.0,792.0,792.0,792.0,792.0,793.0,794.0,794.0,794.0,794.0,794.0,794.0,794.0,794.0,794.0,794.0,794.0,794.0,794.0,795.0,796.0,796.0,796.0,,796.0,796.0,796.0,796.0,796.0,798.0,798.0,799.0,799.0,799.0,799.0,799.0,799.0,799.0,799.0,800.0,800.0,800.0,799.0,799.0,799.0,799.0,799.0,799.0,799.0,799.0,799.0,799.0,799.0,799.0,799.0,799.0,799.0,799.0,799.0,799.0,799.0,799.0,799.0,799.0,799.0,799.0,799.0,801.0,801.0,801.0,801.0,801.0,801.0,801.0,801.0,801.0,801.0,801.0,802.0,802.0,802.0,802.0,802.0,802.0,802.0,802.0,802.0,802.0,802.0,802.0,802.0,802.0,802.0,802.0,802.0,801.0,801.0,801.0,801.0,802.0,802.0,802.0,802.0,802.0,802.0,802.0,803.0,803.0,804.0,804.0,804.0,804.0,804.0,804.0,804.0,804.0,804.0,804.0,804.0,804.0,804.0,804.0,804.0,804
0iul7DdRFyA,,,,,,,,,,,,,,,,,7600.0,7615.0,7626.0,7637.0,7647.0,7653.0,7660.0,7665.0,7678.0,7684.0,7688.0,7696.0,7704.0,7711.0,7719.0,7727.0,7737.0,7739.0,7741.0,7744.0,7759.0,7761.0,7766.0,7771.0,7779.0,7780.0,7786.0,7787.0,7788.0,7789.0,7793.0,7793.0,7796.0,7801.0,7802.0,7804.0,7803.0,,7808.0,7810.0,7815.0,7818.0,7818.0,7822.0,7825.0,7827.0,7829.0,7830.0,7831.0,7837.0,7842.0,7844.0,7844.0,7844.0,7844.0,7847.0,7850.0,7856.0,7855.0,7857.0,7859.0,7859.0,7861.0,7864.0,7864.0,7864.0,7863.0,7868.0,7872.0,7877.0,7879.0,7880.0,7883.0,7885.0,7885.0,7885.0,7885.0,7887.0,7889.0,7893.0,7895.0,7900.0,7902.0,7906.0,7909.0,7912.0,7915.0,7918.0,7919.0,7921.0,7923.0,7925.0,7924.0,7924.0,7928.0,7930.0,7934.0,7937.0,7942.0,7943.0,7944.0,7946.0,7947.0,7947.0,7949.0,7954.0,7956.0,7959.0,7960.0,7956.0,7956.0,7960.0,7962.0,7964.0,7968.0,7968.0,7970.0,7972.0,7976.0,7979.0,7979.0,7985.0,7985.0,7987.0,7989.0,7994.0,7997.0,8000.0,8000.0,8003.0,8005.0,8008.0,8009.0,8012.0,8014.0,8012.0,8013.0,8016
gOjG-70-D5o,,,,,,,,,,,,,,,,,187369.0,201815.0,210311.0,217083.0,222675.0,226843.0,229930.0,232693.0,234937.0,237160.0,238953.0,240583.0,242116.0,243440.0,244822.0,246197.0,247403.0,248600.0,250218.0,251887.0,253543.0,255519.0,257353.0,258782.0,260127.0,261329.0,262484.0,263608.0,264670.0,265587.0,266421.0,267136.0,267850.0,268530.0,269287.0,270151.0,271063.0,,272559.0,273256.0,274053.0,274827.0,275670.0,276378.0,276960.0,277428.0,277897.0,278302.0,278787.0,279255.0,279778.0,280155.0,280448.0,280720.0,281030.0,281402.0,281761.0,282129.0,282692.0,282967.0,283258.0,283562.0,283865.0,284153.0,284454.0,284744.0,285003.0,285251.0,285490.0,285724.0,285948.0,286161.0,286336.0,286524.0,286713.0,286874.0,287072.0,287263.0,287439.0,287602.0,287796.0,287941.0,288128.0,288286.0,288462.0,288634.0,288740.0,288848.0,288960.0,289081.0,289198.0,289313.0,289422.0,289511.0,289620.0,289745.0,289826.0,289972.0,290136.0,290270.0,290396.0,290553.0,290679.0,290808.0,290951.0,291068.0,291181.0,291266.0,291370.0,291429.0,291507.0,291618.0,291713.0,291801.0,291885.0,291979.0,292037.0,292103.0,292177.0,292249.0,292309.0,292375.0,292451.0,292517.0,292599.0,292657.0,292735.0,292796.0,292868.0,292932.0,292985.0,293037.0,293108.0,293191.0,293255.0,293294.0,293367.0,293437
bt1BdmKRzzw,,,,,,,,,,,,,,,,,,,,,,,,,,,,,,,,,,,,,,,,,,,,,,,,,,,,,,,,,,,,,,,,,,,,,,,,,,,,,,,,,,,,,,,,,,,,,,,,,,,,,,,,,,,,,,,,,,,,,,,,,,,,,,,,,,,,,,,,,,,,,,,,,,,,,,,,,,
gJrl2mpEsxI,,,,,,,,,,,,,,,,,,328.0,456.0,499.0,525.0,549.0,565.0,581.0,596.0,604.0,611.0,617.0,625.0,630.0,633.0,636.0,640.0,644.0,646.0,650.0,656.0,657.0,659.0,660.0,669.0,669.0,673.0,680.0,684.0,686.0,690.0,693.0,694.0,698.0,701.0,704.0,706.0,,708.0,708.0,711.0,712.0,713.0,715.0,719.0,722.0,725.0,726.0,728.0,731.0,733.0,734.0,735.0,738.0,741.0,743.0,743.0,746.0,752.0,755.0,758.0,759.0,760.0,762.0,763.0,769.0,772.0,776.0,777.0,783.0,784.0,789.0,794.0,799.0,804.0,808.0,810.0,812.0,814.0,816.0,819.0,821.0,823.0,825.0,830.0,830.0,832.0,833.0,836.0,839.0,840.0,841.0,844.0,844.0,848.0,850.0,852.0,854.0,856.0,856.0,857.0,857.0,859.0,859.0,861.0,862.0,863.0,863.0,865.0,865.0,866.0,867.0,867.0,867.0,869.0,869.0,868.0,868.0,869.0,869.0,872.0,872.0,876.0,877.0,877.0,877.0,879.0,880.0,880.0,880.0,881.0,882.0,882.0,883.0,884.0,884.0,884.0,884
e589HW1MGbo,,,,,,,,,,,,,,,,,,267.0,285.0,289.0,291.0,291.0,292.0,292.0,293.0,296.0,297.0,298.0,299.0,299.0,299.0,300.0,300.0,300.0,300.0,300.0,300.0,300.0,300.0,300.0,300.0,300.0,300.0,300.0,300.0,300.0,300.0,300.0,301.0,301.0,301.0,301.0,301.0,,307.0,310.0,312.0,314.0,315.0,316.0,317.0,317.0,318.0,318.0,318.0,318.0,318.0,318.0,319.0,320.0,320.0,320.0,320.0,320.0,320.0,320.0,320.0,320.0,320.0,320.0,321.0,322.0,322.0,322.0,321.0,323.0,324.0,324.0,324.0,325.0,326.0,327.0,327.0,328.0,328.0,330.0,329.0,332.0,335.0,339.0,340.0,341.0,341.0,341.0,341.0,341.0,342.0,343.0,343.0,343.0,343.0,343.0,344.0,344.0,344.0,346.0,346.0,346.0,346.0,347.0,347.0,348.0,348.0,348.0,349.0,349.0,349.0,349.0,350.0,351.0,352.0,352.0,352.0,352.0,352.0,352.0,352.0,353.0,354.0,354.0,354.0,354.0,354.0,355.0,355.0,355.0,357.0,357.0,357.0,357.0,357.0,357.0,357.0,357
HUNkE8Sopwo,,,,,,,,,,,,,,,,,,4387.0,4918.0,5222.0,5419.0,5559.0,5695.0,5811.0,5912.0,5980.0,6049.0,6108.0,6158.0,6209.0,6244.0,6272.0,6317.0,6343.0,6372.0,6403.0,6447.0,6470.0,6490.0,6503.0,6513.0,6528.0,6545.0,6562.0,6581.0,6587.0,6594.0,6603.0,6608.0,6613.0,6618.0,6628.0,6637.0,,6655.0,6665.0,6672.0,6674.0,6680.0,6685.0,6694.0,6697.0,6696.0,6700.0,6705.0,6710.0,6713.0,6717.0,6722.0,6725.0,6726.0,6733.0,6736.0,6737.0,6743.0,6750.0,6754.0,6760.0,6762.0,6767.0,6778.0,6781.0,6784.0,6787.0,6790.0,6794.0,6800.0,6804.0,6812.0,6820.0,6824.0,6829.0,6831.0,6838.0,6841.0,6845.0,6850.0,6856.0,6858.0,6862.0,6871.0,6879.0,6883.0,6889.0,6898.0,6901.0,6909.0,6914.0,6921.0,6925.0,6932.0,6940.0,6952.0,6961.0,6972.0,6983.0,6991.0,6993.0,6998.0,7004.0,7009.0,7014.0,7012.0,7012.0,7013.0,7017.0,7028.0,7034.0,7037.0,7040.0,7041.0,7045.0,7048.0,7055.0,7060.0,7065.0,7067.0,7068.0,7070.0,7079.0,7082.0,7087.0,7091.0,7092.0,7093.0,7095.0,7099.0,7101.0,7104.0,7106.0,7110.0,7110.0,7115.0,7124
raPfw-TycEg,,,,,,,,,,,,,,,,,,,,,,,,,,,,,,,,,,,,,,,,,,,,,,,,,,,,,,,,,,,,,,,,,,,,,,,,,,,,,,,,,,,,,,,,,,,,,,,,,,,,,,,,,,,,,,,,,,,,,,,,,,,,,,,,,,,,,,,,,,,,,,,,,,,,,,,,,,
kn-U4BvIuXw,,,,,,,,,,,,,,,,,,,7630.0,7809.0,8034.0,8147.0,8215.0,8281.0,8342.0,8403.0,8431.0,8460.0,8479.0,8497.0,8513.0,8533.0,8544.0,8545.0,8559.0,8574.0,8584.0,8592.0,8602.0,8615.0,8625.0,8641.0,8657.0,8667.0,8676.0,8682.0,8684.0,8688.0,8695.0,8704.0,8712.0,8713.0,8716.0,,8733.0,8738.0,8751.0,8759.0,8768.0,8775.0,8788.0,8793.0,8793.0,8797.0,8809.0,8814.0,8816.0,8820.0,8823.0,8824.0,8826.0,8829.0,8831.0,8834.0,8841.0,8845.0,8847.0,8850.0,8850.0,8851.0,8857.0,8862.0,8864.0,8867.0,8873.0,8879.0,8881.0,8882.0,8883.0,8885.0,8885.0,8886.0,8887.0,8887.0,8888.0,8888.0,8887.0,8888.0,8889.0,8888.0,8888.0,8887.0,8888.0,8888.0,8889.0,8888.0,8889.0,8889.0,8889.0,8898.0,8900.0,8899.0,8903.0,8904.0,8902.0,8903.0,8904.0,8902.0,8904.0,8901.0,8903.0,8903.0,8902.0,8902.0,8900.0,8900.0,8902.0,8902.0,8903.0,8902.0,8902.0,8902.0,8901.0,8902.0,8900.0,8903.0,8903.0,8903.0,8905.0,8903.0,8904.0,8905.0,8906.0,8905.0,8904.0,8903.0,8902.0,8901.0,8900.0,8901.0,8903.0,8907.0,8910.0,8910
RV5_Y_f7u0k,,,,,,,,,,,,,,,,,,,442.0,452.0,459.0,469.0,480.0,485.0,487.0,494.0,497.0,501.0,501.0,507.0,510.0,513.0,516.0,521.0,525.0,526.0,531.0,529.0,530.0,532.0,534.0,536.0,537.0,540.0,541.0,543.0,544.0,545.0,545.0,547.0,549.0,550.0,550.0,,554.0,554.0,555.0,557.0,559.0,561.0,563.0,565.0,566.0,567.0,569.0,570.0,572.0,572.0,573.0,573.0,574.0,574.0,574.0,576.0,577.0,578.0,580.0,583.0,583.0,584.0,584.0,584.0,583.0,583.0,584.0,584.0,587.0,589.0,591.0,592.0,592.0,592.0,592.0,594.0,595.0,595.0,596.0,600.0,600.0,600.0,600.0,600.0,600.0,600.0,600.0,601.0,601.0,601.0,601.0,602.0,603.0,604.0,605.0,604.0,604.0,604.0,604.0,605.0,605.0,605.0,605.0,605.0,605.0,606.0,606.0,606.0,606.0,606.0,606.0,606.0,606.0,606.0,606.0,607.0,608.0,608.0,610.0,610.0,610.0,610.0,611.0,613.0,613.0,615.0,615.0,616.0,616.0,617.0,619.0,620.0,620.0,620.0,620.0,620
K7t12aTmhkc,,,,,,,,,,,,,,,,,,,26.0,60.0,81.0,92.0,123.0,147.0,172.0,207.0,222.0,238.0,254.0,269.0,283.0,290.0,302.0,306.0,311.0,315.0,318.0,320.0,325.0,332.0,334.0,335.0,340.0,344.0,345.0,347.0,349.0,350.0,353.0,353.0,354.0,361.0,365.0,,370.0,372.0,374.0,375.0,377.0,378.0,379.0,389.0,402.0,406.0,406.0,410.0,411.0,411.0,411.0,413.0,414.0,414.0,426.0,431.0,432.0,435.0,440.0,441.0,441.0,444.0,444.0,446.0,447.0,446.0,449.0,452.0,452.0,455.0,456.0,460.0,464.0,467.0,468.0,469.0,469.0,472.0,474.0,475.0,475.0,476.0,477.0,479.0,479.0,481.0,483.0,485.0,486.0,487.0,489.0,489.0,489.0,490.0,491.0,493.0,496.0,498.0,498.0,499.0,499.0,501.0,502.0,502.0,503.0,505.0,505.0,509.0,513.0,515.0,518.0,520.0,525.0,530.0,531.0,534.0,534.0,535.0,540.0,540.0,542.0,547.0,550.0,555.0,559.0,560.0,565.0,567.0,571.0,573.0,573.0,578.0,583.0,584.0,586.0,587
SeZ6L9jZmHc,,,,,,,,,,,,,,,,,,,1653.0,1806.0,1888.0,1942.0,2014.0,2049.0,2078.0,2089.0,2095.0,2100.0,2106.0,2107.0,2110.0,2112.0,2112.0,2114.0,2114.0,2115.0,2116.0,2116.0,2116.0,2116.0,2119.0,2121.0,2122.0,2123.0,2125.0,2125.0,2125.0,2125.0,2125.0,2125.0,2126.0,2126.0,2126.0,,2125.0,2125.0,2125.0,2125.0,2126.0,2125.0,2125.0,2125.0,2125.0,2125.0,2125.0,2125.0,2125.0,2125.0,2125.0,2125.0,2125.0,2124.0,2124.0,2124.0,2125.0,2124.0,2125.0,2125.0,2126.0,2126.0,2126.0,2126.0,2126.0,2126.0,2126.0,2126.0,2126.0,2125.0,2126.0,2126.0,2126.0,2125.0,2126.0,2126.0,2127.0,2127.0,2127.0,2127.0,2127.0,2126.0,2126.0,2126.0,2126.0,2126.0,2127.0,2127.0,2127.0,2127.0,2127.0,2127.0,2127.0,2127.0,2127.0,2128.0,2128.0,2128.0,2128.0,2128.0,2128.0,2127.0,2127.0,2127.0,2127.0,2127.0,2127.0,2127.0,2128.0,2128.0,2128.0,2128.0,2128.0,2128.0,2128.0,2128.0,2128.0,2128.0,2128.0,2128.0,2127.0,2126.0,2126.0,2126.0,2126.0,2126.0,2126.0,2126.0,2126.0,2126.0,2127.0,2127.0,2127.0,2127.0,2127.0,2127
nzWl5oaZ1Gg,,,,,,,,,,,,,,,,,,,,517.0,717.0,774.0,816.0,834.0,854.0,875.0,879.0,889.0,898.0,922.0,931.0,939.0,943.0,951.0,954.0,956.0,958.0,959.0,965.0,970.0,973.0,976.0,980.0,983.0,986.0,989.0,989.0,990.0,992.0,997.0,998.0,1001.0,1004.0,,1010.0,1011.0,1010.0,1012.0,1016.0,1016.0,1016.0,1016.0,1018.0,1019.0,1020.0,1021.0,1025.0,1025.0,1025.0,1025.0,1025.0,1029.0,1030.0,1032.0,1032.0,1033.0,1033.0,1034.0,1035.0,1034.0,1036.0,1036.0,1037.0,1040.0,1042.0,1047.0,1048.0,1049.0,1050.0,1050.0,1049.0,1049.0,1050.0,1051.0,1053.0,1055.0,1055.0,1057.0,1059.0,1061.0,1062.0,1065.0,1067.0,1067.0,1068.0,1068.0,1069.0,1071.0,1074.0,1074.0,1075.0,1078.0,1080.0,1081.0,1081.0,1081.0,1080.0,1081.0,1082.0,1083.0,1085.0,1085.0,1084.0,1083.0,1087.0,1089.0,1089.0,1091.0,1091.0,1093.0,1093.0,1094.0,1094.0,1095.0,1095.0,1095.0,1095.0,1095.0,1098.0,1098.0,1100.0,1101.0,1103.0,1104.0,1105.0,1108.0,1112.0,1114.0,1113.0,1113.0,1113.0,1113.0,1113.0,1113
Y0Ul1XB0-Lc,,,,,,,,,,,,,,,,,,,,956.0,1357.0,1494.0,1625.0,1675.0,1717.0,1743.0,1758.0,1763.0,1770.0,1780.0,1784.0,1786.0,1786.0,1788.0,1789.0,1789.0,1793.0,1795.0,1794.0,1795.0,1796.0,1798.0,1801.0,1802.0,1806.0,1807.0,1809.0,1808.0,1807.0,1808.0,1808.0,1811.0,1813.0,,1813.0,1814.0,1814.0,1815.0,1815.0,1817.0,1817.0,1816.0,1816.0,1816.0,1816.0,1818.0,1818.0,1819.0,1818.0,1819.0,1819.0,1819.0,1820.0,1821.0,1823.0,1824.0,1824.0,1825.0,1826.0,1824.0,1824.0,1824.0,1823.0,1823.0,1823.0,1826.0,1825.0,1825.0,1826.0,1826.0,1827.0,1828.0,1826.0,1826.0,1827.0,1828.0,1828.0,1828.0,1831.0,1832.0,1832.0,1832.0,1831.0,1831.0,1831.0,1830.0,1830.0,1832.0,1834.0,1834.0,1834.0,1834.0,1834.0,1834.0,1835.0,1834.0,1834.0,1834.0,1833.0,1833.0,1832.0,1832.0,1832.0,1832.0,1832.0,1832.0,1832.0,1832.0,1832.0,1833.0,1833.0,1833.0,1833.0,1834.0,1834.0,1834.0,1836.0,1836.0,1836.0,1838.0,1838.0,1838.0,1840.0,1839.0,1840.0,1841.0,1841.0,1843.0,1843.0,1844.0,1844.0,1844.0,1845.0,1845
Vj3zqFDToIM,,,,,,,,,,,,,,,,,,,,1260.0,1306.0,1346.0,1386.0,1418.0,1436.0,1472.0,1506.0,1516.0,1523.0,1531.0,1542.0,1557.0,1562.0,1567.0,1571.0,1575.0,1580.0,1584.0,1591.0,1598.0,1603.0,1606.0,1615.0,1620.0,1625.0,1626.0,1634.0,1642.0,1646.0,1653.0,1659.0,1664.0,1670.0,,1684.0,1692.0,1697.0,1700.0,1703.0,1710.0,1713.0,1721.0,1725.0,1729.0,1732.0,1737.0,1736.0,1742.0,1743.0,1750.0,1752.0,1753.0,1759.0,1761.0,1768.0,1768.0,1770.0,1775.0,1782.0,1785.0,1792.0,1795.0,1800.0,1801.0,1805.0,1809.0,1811.0,1810.0,1817.0,1825.0,1833.0,1841.0,1847.0,1851.0,1853.0,1855.0,1856.0,1859.0,1862.0,1868.0,1872.0,1873.0,1873.0,1876.0,1878.0,1881.0,1886.0,1890.0,1891.0,1893.0,1895.0,1898.0,1899.0,1899.0,1900.0,1904.0,1906.0,1909.0,1913.0,1917.0,1921.0,1925.0,1926.0,1929.0,1937.0,1942.0,1945.0,1951.0,1952.0,1958.0,1963.0,1970.0,1975.0,1975.0,1978.0,1981.0,1983.0,1988.0,1990.0,1995.0,2003.0,2004.0,2007.0,2012.0,2014.0,2020.0,2022.0,2028.0,2030.0,2032.0,2033.0,2039.0,2042.0,2046
F192Gkz5Tas,,,,,,,,,,,,,,,,,,,,1893.0,2167.0,2260.0,2289.0,2305.0,2316.0,2327.0,2337.0,2341.0,2346.0,2349.0,2352.0,2357.0,2359.0,2359.0,2360.0,2359.0,2361.0,2362.0,2361.0,2362.0,2362.0,2363.0,2363.0,2361.0,2362.0,2364.0,2365.0,2365.0,2365.0,2365.0,2364.0,2364.0,2366.0,,2366.0,2366.0,2367.0,2367.0,2366.0,2368.0,2369.0,2369.0,2368.0,2369.0,2370.0,2371.0,2371.0,2369.0,2369.0,2369.0,2369.0,2370.0,2370.0,2370.0,2370.0,2370.0,2370.0,2370.0,2371.0,2371.0,2371.0,2371.0,2370.0,2370.0,2370.0,2371.0,2371.0,2371.0,2372.0,2372.0,2372.0,2372.0,2374.0,2374.0,2374.0,2374.0,2374.0,2373.0,2373.0,2373.0,2373.0,2373.0,2372.0,2372.0,2373.0,2373.0,2375.0,2377.0,2377.0,2378.0,2378.0,2378.0,2378.0,2377.0,2377.0,2377.0,2377.0,2377.0,2377.0,2377.0,2377.0,2377.0,2378.0,2378.0,2377.0,2377.0,2377.0,2377.0,2376.0,2375.0,2375.0,2375.0,2375.0,2375.0,2374.0,2374.0,2374.0,2374.0,2374.0,2374.0,2374.0,2374.0,2374.0,2374.0,2374.0,2375.0,2375.0,2375.0,2376.0,2376.0,2376.0,2376.0,2375.0,2375
4sl47VgK_4A,,,,,,,,,,,,,,,,,,,,608.0,627.0,641.0,660.0,671.0,675.0,683.0,693.0,708.0,716.0,719.0,723.0,724.0,728.0,728.0,728.0,729.0,730.0,731.0,732.0,732.0,732.0,733.0,733.0,734.0,735.0,735.0,735.0,737.0,738.0,738.0,740.0,740.0,741.0,,741.0,741.0,741.0,741.0,741.0,741.0,741.0,741.0,742.0,743.0,743.0,745.0,745.0,745.0,745.0,745.0,745.0,745.0,744.0,744.0,745.0,745.0,745.0,745.0,745.0,745.0,745.0,745.0,745.0,745.0,745.0,745.0,746.0,747.0,748.0,748.0,748.0,748.0,748.0,748.0,748.0,748.0,748.0,749.0,749.0,750.0,750.0,751.0,752.0,752.0,752.0,752.0,752.0,752.0,752.0,751.0,751.0,751.0,751.0,751.0,751.0,751.0,751.0,751.0,751.0,751.0,751.0,751.0,751.0,751.0,751.0,751.0,751.0,751.0,751.0,751.0,751.0,751.0,751.0,751.0,751.0,751.0,751.0,751.0,751.0,751.0,751.0,751.0,751.0,751.0,751.0,753.0,753.0,753.0,753.0,753.0,753.0,753.0,753.0,753
OgOm9Ei0BUc,,,,,,,,,,,,,,,,,,,,1554.0,2663.0,3079.0,3405.0,3636.0,3824.0,3993.0,4130.0,4241.0,4315.0,4379.0,4461.0,4530.0,4602.0,4680.0,4733.0,4766.0,4809.0,4860.0,4902.0,4944.0,4969.0,4994.0,5026.0,5056.0,5091.0,5117.0,5127.0,5153.0,5176.0,5192.0,5218.0,5240.0,5259.0,,5308.0,5323.0,5346.0,5367.0,5389.0,5413.0,5433.0,5450.0,5467.0,5480.0,5507.0,5526.0,5547.0,5580.0,5613.0,5631.0,5659.0,5682.0,5699.0,5721.0,5755.0,5771.0,5792.0,5807.0,5813.0,5831.0,5851.0,5866.0,5899.0,5921.0,5947.0,5960.0,5971.0,5986.0,5999.0,6007.0,6016.0,6027.0,6034.0,6048.0,6062.0,6086.0,6110.0,6120.0,6136.0,6149.0,6160.0,6172.0,6181.0,6193.0,6205.0,6213.0,6228.0,6236.0,6253.0,6267.0,6276.0,6286.0,6300.0,6315.0,6320.0,6327.0,6337.0,6340.0,6347.0,6352.0,6359.0,6370.0,6377.0,6393.0,6395.0,6402.0,6408.0,6420.0,6431.0,6439.0,6448.0,6469.0,6471.0,6486.0,6492.0,6499.0,6510.0,6515.0,6525.0,6534.0,6541.0,6548.0,6552.0,6557.0,6565.0,6574.0,6585.0,6591.0,6596.0,6603.0,6611.0,6619.0,6626.0,6632
ou2Y2vGKCyY,,,,,,,,,,,,,,,,,,,,,4871.0,5649.0,6072.0,6317.0,6528.0,6662.0,6779.0,6840.0,6875.0,6914.0,6952.0,6981.0,6998.0,7013.0,7030.0,7044.0,7058.0,7075.0,7092.0,7107.0,7119.0,7131.0,7134.0,7140.0,7152.0,7163.0,7168.0,7180.0,7190.0,7204.0,7208.0,7217.0,7224.0,,7241.0,7246.0,7261.0,7277.0,7286.0,7300.0,7312.0,7323.0,7333.0,7340.0,7347.0,7355.0,7360.0,7370.0,7377.0,7385.0,7397.0,7406.0,7411.0,7421.0,7426.0,7427.0,7431.0,7434.0,7442.0,7448.0,7450.0,7455.0,7459.0,7463.0,7468.0,7472.0,7476.0,7480.0,7486.0,7491.0,7495.0,7499.0,7503.0,7512.0,7521.0,7527.0,7533.0,7549.0,7559.0,7569.0,7572.0,7582.0,7583.0,7587.0,7591.0,7594.0,7596.0,7603.0,7607.0,7612.0,7620.0,7620.0,7624.0,7628.0,7629.0,7633.0,7634.0,7633.0,7634.0,7637.0,7638.0,7638.0,7642.0,7644.0,7645.0,7649.0,7651.0,7653.0,7657.0,7658.0,7660.0,7663.0,7663.0,7666.0,7669.0,7672.0,7672.0,7672.0,7677.0,7679.0,7679.0,7683.0,7687.0,7689.0,7691.0,7693.0,7704.0,7709.0,7716.0,7724.0,7734.0,7740.0,7751.0,7768
3WT8A28JPnY,,,,,,,,,,,,,,,,,,,,,18.0,19.0,19.0,19.0,19.0,19.0,19.0,20.0,20.0,20.0,20.0,20.0,20.0,20.0,20.0,20.0,20.0,20.0,20.0,20.0,20.0,20.0,20.0,20.0,20.0,20.0,20.0,20.0,20.0,20.0,20.0,20.0,20.0,,20.0,20.0,20.0,20.0,20.0,20.0,20.0,20.0,20.0,20.0,20.0,20.0,20.0,20.0,21.0,21.0,21.0,21.0,21.0,21.0,21.0,21.0,21.0,21.0,21.0,21.0,21.0,21.0,21.0,21.0,21.0,21.0,21.0,21.0,21.0,20.0,20.0,20.0,20.0,20.0,20.0,20.0,20.0,20.0,20.0,20.0,20.0,20.0,20.0,20.0,20.0,20.0,20.0,20.0,20.0,20.0,20.0,20.0,20.0,20.0,20.0,20.0,20.0,20.0,20.0,20.0,20.0,20.0,20.0,20.0,20.0,20.0,20.0,20.0,20.0,20.0,20.0,20.0,20.0,20.0,20.0,20.0,20.0,20.0,20.0,20.0,20.0,20.0,20.0,20.0,20.0,20.0,20.0,20.0,20.0,20.0,20.0,20.0,20.0,20
HRDApL3_m18,,,,,,,,,,,,,,,,,,,,,470.0,768.0,1004.0,1180.0,1329.0,1430.0,1515.0,1585.0,1629.0,1680.0,1706.0,1739.0,1758.0,1781.0,1803.0,1830.0,1844.0,1863.0,1873.0,1881.0,1892.0,1898.0,1905.0,1918.0,1929.0,1940.0,1947.0,1960.0,1967.0,1973.0,1982.0,1992.0,1998.0,,2012.0,2017.0,2024.0,2029.0,2039.0,2044.0,2046.0,2053.0,2059.0,2064.0,2070.0,2079.0,2087.0,2098.0,2108.0,2122.0,2142.0,2152.0,2173.0,2193.0,2220.0,2238.0,2258.0,2269.0,2284.0,2300.0,2313.0,2323.0,2332.0,2339.0,2346.0,2356.0,2375.0,2391.0,2395.0,2410.0,2430.0,2444.0,2455.0,2474.0,2493.0,2502.0,2517.0,2530.0,2545.0,2572.0,2596.0,2615.0,2634.0,2648.0,2659.0,2679.0,2686.0,2697.0,2709.0,2721.0,2724.0,2735.0,2741.0,2747.0,2758.0,2764.0,2770.0,2780.0,2791.0,2822.0,2849.0,2869.0,2887.0,2904.0,2921.0,2942.0,2961.0,2978.0,2990.0,3000.0,3008.0,3022.0,3030.0,3036.0,3040.0,3055.0,3063.0,3074.0,3085.0,3095.0,3103.0,3111.0,3121.0,3133.0,3139.0,3148.0,3158.0,3164.0,3170.0,3182.0,3188.0,3196.0,3209.0,3215
w7j0aTM5ujk,,,,,,,,,,,,,,,,,,,,,21204.0,22836.0,24071.0,25375.0,26476.0,27253.0,27983.0,28228.0,28336.0,28385.0,28449.0,28494.0,28525.0,28543.0,28564.0,28590.0,28603.0,28625.0,28636.0,28641.0,28651.0,28661.0,28668.0,28676.0,28677.0,28687.0,28699.0,28702.0,28716.0,28724.0,28731.0,28729.0,28737.0,,28741.0,28743.0,28741.0,28745.0,28749.0,28749.0,28749.0,28749.0,28752.0,28756.0,28761.0,28762.0,28769.0,28772.0,28779.0,28783.0,28785.0,28793.0,28797.0,28799.0,28799.0,28804.0,28808.0,28810.0,28815.0,28818.0,28821.0,28827.0,28831.0,28837.0,28841.0,28843.0,28848.0,28853.0,28858.0,28859.0,28860.0,28867.0,28870.0,28876.0,28878.0,28887.0,28887.0,28894.0,28898.0,28896.0,28899.0,28900.0,28901.0,28900.0,28903.0,28900.0,28903.0,28901.0,28906.0,28911.0,28918.0,28919.0,28925.0,28929.0,28932.0,28934.0,28939.0,28946.0,28949.0,28949.0,28947.0,28947.0,28944.0,28942.0,28944.0,28945.0,28945.0,28945.0,28949.0,28948.0,28948.0,28949.0,28947.0,28944.0,28944.0,28942.0,28939.0,28939.0,28939.0,28934.0,28932.0,28929.0,28930.0,28931.0,28934.0,28932.0,28932.0,28934.0,28935.0,28934.0,28933.0,28932.0,28928.0,28926
CO7xkEXsn5s,,,,,,,,,,,,,,,,,,,,,162.0,171.0,175.0,182.0,188.0,192.0,197.0,200.0,202.0,202.0,204.0,206.0,207.0,209.0,212.0,214.0,213.0,213.0,214.0,214.0,214.0,214.0,214.0,214.0,214.0,214.0,214.0,214.0,214.0,214.0,214.0,214.0,214.0,,215.0,215.0,215.0,215.0,215.0,215.0,215.0,215.0,215.0,215.0,215.0,215.0,215.0,215.0,215.0,215.0,215.0,216.0,217.0,217.0,217.0,217.0,217.0,217.0,217.0,217.0,217.0,217.0,217.0,217.0,217.0,217.0,217.0,217.0,217.0,217.0,217.0,217.0,217.0,217.0,217.0,217.0,217.0,217.0,217.0,217.0,217.0,218.0,218.0,218.0,219.0,219.0,219.0,219.0,219.0,219.0,219.0,219.0,219.0,219.0,219.0,219.0,219.0,220.0,220.0,220.0,220.0,220.0,220.0,220.0,220.0,220.0,220.0,220.0,221.0,222.0,222.0,222.0,222.0,222.0,222.0,222.0,222.0,222.0,222.0,222.0,222.0,222.0,222.0,222.0,222.0,222.0,222.0,222.0,222.0,222.0,222.0,222.0,222.0,222
XPqXU3SfxdU,,,,,,,,,,,,,,,,,,,,,,9147.0,12146.0,13236.0,13895.0,14294.0,14626.0,14884.0,15182.0,15391.0,15554.0,15672.0,15786.0,15918.0,16037.0,16120.0,16191.0,16252.0,16312.0,16355.0,16408.0,16453.0,16494.0,16538.0,16585.0,16632.0,16657.0,16690.0,16734.0,16789.0,16844.0,16890.0,16949.0,,17034.0,17082.0,17123.0,17167.0,17214.0,17242.0,17269.0,17307.0,17344.0,17373.0,17406.0,17449.0,17480.0,17516.0,17557.0,17592.0,17619.0,17657.0,17702.0,17732.0,17810.0,17857.0,17889.0,17927.0,17962.0,18001.0,18028.0,18054.0,18077.0,18111.0,18131.0,18179.0,18235.0,18280.0,18321.0,18369.0,18410.0,18442.0,18500.0,18534.0,18576.0,18606.0,18641.0,18662.0,18683.0,18713.0,18736.0,18759.0,18771.0,18791.0,18814.0,18826.0,18843.0,18879.0,18911.0,18931.0,18951.0,18971.0,18993.0,19019.0,19044.0,19070.0,19089.0,19108.0,19124.0,19153.0,19178.0,19202.0,19236.0,19262.0,19279.0,19294.0,19317.0,19341.0,19356.0,19375.0,19391.0,19403.0,19424.0,19444.0,19461.0,19485.0,19506.0,19519.0,19531.0,19544.0,19575.0,19593.0,19604.0,19626.0,19637.0,19651.0,19665.0,19683.0,19701.0,19710.0,19726.0,19748.0,19775.0,19788
bxPt9jC1Xxo,,,,,,,,,,,,,,,,,,,,,,,60.0,59.0,59.0,60.0,61.0,61.0,61.0,63.0,63.0,63.0,64.0,64.0,64.0,64.0,63.0,64.0,64.0,64.0,64.0,64.0,64.0,64.0,65.0,66.0,65.0,65.0,66.0,66.0,65.0,65.0,65.0,,65.0,65.0,65.0,65.0,65.0,65.0,65.0,65.0,65.0,65.0,65.0,66.0,66.0,66.0,66.0,66.0,66.0,66.0,66.0,66.0,66.0,66.0,66.0,66.0,66.0,66.0,66.0,66.0,66.0,66.0,66.0,66.0,66.0,66.0,66.0,66.0,66.0,66.0,66.0,66.0,66.0,66.0,66.0,67.0,68.0,68.0,68.0,68.0,68.0,68.0,68.0,68.0,68.0,68.0,68.0,68.0,68.0,68.0,68.0,68.0,68.0,68.0,68.0,68.0,67.0,67.0,67.0,67.0,67.0,67.0,67.0,67.0,67.0,67.0,67.0,67.0,67.0,67.0,67.0,67.0,67.0,67.0,67.0,67.0,67.0,66.0,66.0,66.0,66.0,66.0,66.0,66.0,66.0,66.0,66.0,66.0,66.0,66.0,66.0,66
JBrmXv5nwZs,,,,,,,,,,,,,,,,,,,,,,,40.0,61.0,64.0,78.0,84.0,88.0,93.0,96.0,96.0,100.0,101.0,103.0,103.0,,,,,,,,,,,,,,,,,,,,,,,,,,,,,,,,,,,,,,,,,,,,,,,,,,,,,,,,,,,,,,,,,,,,,,,,,,,,,,,,,,,,,,,,,,,,,,,,,,,,,,,,,,,,,,,,,,,,,,,
f9m2SQ81v7Q,,,,,,,,,,,,,,,,,,,,,,,325.0,331.0,339.0,347.0,356.0,356.0,357.0,357.0,360.0,361.0,361.0,362.0,366.0,367.0,367.0,369.0,369.0,369.0,369.0,370.0,370.0,370.0,371.0,371.0,371.0,370.0,370.0,371.0,371.0,371.0,371.0,,372.0,372.0,372.0,372.0,372.0,372.0,372.0,373.0,373.0,373.0,373.0,373.0,373.0,374.0,374.0,374.0,374.0,374.0,374.0,374.0,375.0,375.0,376.0,376.0,376.0,376.0,376.0,376.0,376.0,376.0,376.0,376.0,376.0,376.0,377.0,377.0,377.0,377.0,377.0,377.0,377.0,377.0,377.0,377.0,377.0,377.0,377.0,377.0,377.0,377.0,377.0,377.0,377.0,377.0,377.0,377.0,377.0,377.0,377.0,377.0,377.0,377.0,376.0,377.0,377.0,377.0,377.0,378.0,378.0,378.0,378.0,377.0,377.0,377.0,377.0,377.0,377.0,377.0,377.0,377.0,377.0,377.0,377.0,377.0,377.0,377.0,377.0,377.0,377.0,377.0,377.0,378.0,378.0,378.0,378.0,378.0,378.0,378.0,378.0,378
XE4A3zRxk8M,,,,,,,,,,,,,,,,,,,,,,,38.0,55.0,72.0,87.0,101.0,113.0,127.0,135.0,140.0,140.0,147.0,148.0,153.0,157.0,160.0,161.0,161.0,160.0,159.0,160.0,161.0,163.0,163.0,163.0,163.0,163.0,163.0,163.0,163.0,164.0,165.0,,167.0,166.0,167.0,167.0,167.0,168.0,169.0,169.0,169.0,169.0,170.0,170.0,170.0,171.0,172.0,172.0,172.0,172.0,172.0,172.0,172.0,173.0,173.0,173.0,172.0,172.0,173.0,173.0,173.0,173.0,173.0,174.0,174.0,174.0,174.0,174.0,174.0,174.0,174.0,174.0,174.0,174.0,175.0,175.0,174.0,174.0,174.0,174.0,174.0,174.0,175.0,176.0,176.0,175.0,176.0,177.0,178.0,179.0,180.0,180.0,180.0,180.0,180.0,180.0,180.0,180.0,180.0,181.0,183.0,184.0,184.0,185.0,185.0,186.0,186.0,186.0,187.0,187.0,187.0,188.0,188.0,188.0,189.0,190.0,190.0,190.0,190.0,190.0,191.0,191.0,191.0,193.0,194.0,194.0,193.0,193.0,194.0,195.0,196.0,197
6PH4Kfjeuo8,,,,,,,,,,,,,,,,,,,,,,,1207.0,1303.0,1374.0,1446.0,1485.0,1510.0,1535.0,1540.0,1553.0,1565.0,1583.0,1593.0,1603.0,1618.0,1626.0,1636.0,1644.0,1657.0,1658.0,1667.0,1679.0,1687.0,1689.0,1695.0,1702.0,1705.0,1707.0,1712.0,1720.0,1727.0,1733.0,,1739.0,1743.0,1747.0,1750.0,1754.0,1760.0,1762.0,1765.0,1770.0,1773.0,1777.0,1785.0,1788.0,1794.0,1800.0,1802.0,1809.0,1812.0,1816.0,1817.0,1824.0,1831.0,1839.0,1842.0,1843.0,1850.0,1855.0,1859.0,1865.0,1866.0,1872.0,1877.0,1881.0,1882.0,1885.0,1891.0,1892.0,1895.0,1902.0,1908.0,1915.0,1928.0,1933.0,1940.0,1946.0,1957.0,1963.0,1977.0,1985.0,1992.0,2003.0,2012.0,2018.0,2031.0,2042.0,2049.0,2067.0,2086.0,2100.0,2115.0,2127.0,2136.0,2146.0,2150.0,2152.0,2158.0,2168.0,2172.0,2180.0,2193.0,2202.0,2214.0,2226.0,2239.0,2250.0,2260.0,2268.0,2274.0,2282.0,2290.0,2296.0,2300.0,2305.0,2311.0,2318.0,2326.0,2334.0,2339.0,2340.0,2343.0,2352.0,2357.0,2362.0,2368.0,2370.0,2374.0,2378.0,2380.0,2380.0,2382
vuAp-MShrVw,,,,,,,,,,,,,,,,,,,,,,,3344.0,5904.0,6847.0,7426.0,7836.0,8247.0,8609.0,8863.0,9078.0,9288.0,9488.0,9683.0,9858.0,10032.0,10192.0,10298.0,10378.0,10442.0,10524.0,10610.0,10678.0,10743.0,10834.0,10914.0,10976.0,11042.0,11112.0,11181.0,11246.0,11329.0,11409.0,,11560.0,11640.0,11722.0,11825.0,11917.0,11973.0,12048.0,12102.0,12159.0,12215.0,12308.0,12400.0,12467.0,12547.0,12618.0,12710.0,12781.0,12853.0,12907.0,12966.0,13051.0,13093.0,13144.0,13194.0,13242.0,13278.0,13309.0,13354.0,13387.0,13418.0,13466.0,13509.0,13535.0,13569.0,13600.0,13628.0,13649.0,13677.0,13719.0,13743.0,13760.0,13776.0,13802.0,13821.0,13840.0,13856.0,13878.0,13903.0,13935.0,13961.0,13977.0,14008.0,14030.0,14053.0,14078.0,14104.0,14124.0,14139.0,14165.0,14196.0,14215.0,14238.0,14262.0,14286.0,14309.0,14336.0,14372.0,14395.0,14409.0,14435.0,14448.0,14469.0,14489.0,14510.0,14543.0,14553.0,14578.0,14598.0,14623.0,14649.0,14667.0,14697.0,14721.0,14748.0,14772.0,14785.0,14802.0,14817.0,14840.0,14860.0,14871.0,14882.0,14897.0,14925.0,14944.0,14965.0,14988.0,15013.0,15030.0,15049
JUeZL0TyT3I,,,,,,,,,,,,,,,,,,,,,,,21206.0,28393.0,30556.0,31874.0,32592.0,33127.0,33552.0,33836.0,34110.0,34368.0,34899.0,35304.0,35536.0,35675.0,35799.0,35930.0,36026.0,36124.0,36198.0,36254.0,36364.0,36459.0,36531.0,36593.0,36665.0,36726.0,36774.0,36850.0,36920.0,36965.0,37018.0,,37121.0,37164.0,37206.0,37238.0,37282.0,37329.0,37367.0,37401.0,37429.0,37447.0,37466.0,37487.0,37500.0,37519.0,37539.0,37567.0,37596.0,37622.0,37684.0,37764.0,37885.0,37924.0,37956.0,37979.0,38002.0,38015.0,38030.0,38039.0,38045.0,38055.0,38069.0,38088.0,38099.0,38110.0,38120.0,38128.0,38141.0,38143.0,38155.0,38162.0,38170.0,38184.0,38202.0,38211.0,38227.0,38229.0,38234.0,38245.0,38252.0,38258.0,38263.0,38267.0,38271.0,38281.0,38290.0,38296.0,38305.0,38315.0,38324.0,38337.0,38349.0,38353.0,38362.0,38376.0,38382.0,38391.0,38400.0,38403.0,38411.0,38417.0,38418.0,38425.0,38431.0,38437.0,38440.0,38449.0,38455.0,38458.0,38464.0,38475.0,38479.0,38489.0,38544.0,38563.0,38581.0,38589.0,38601.0,38614.0,38622.0,38635.0,38647.0,38654.0,38664.0,38669.0,38675.0,38674.0,38683.0,38688.0,38692.0,38701
BN3sEtwD7qU,,,,,,,,,,,,,,,,,,,,,,,,245.0,316.0,368.0,453.0,535.0,575.0,598.0,618.0,639.0,652.0,661.0,669.0,684.0,693.0,703.0,707.0,718.0,730.0,739.0,748.0,752.0,755.0,760.0,768.0,776.0,782.0,784.0,788.0,792.0,793.0,,864.0,1870.0,2217.0,2396.0,2591.0,2773.0,2940.0,2969.0,2986.0,3010.0,3020.0,3031.0,3035.0,3039.0,3043.0,3046.0,3050.0,3054.0,3056.0,3059.0,3062.0,3063.0,3067.0,3073.0,3073.0,3076.0,3078.0,3081.0,3081.0,3086.0,3087.0,3089.0,3088.0,3090.0,3089.0,3090.0,3093.0,3095.0,3094.0,3097.0,3100.0,3101.0,3105.0,3109.0,3120.0,3125.0,3128.0,3138.0,3145.0,3151.0,3153.0,3160.0,3166.0,3179.0,3182.0,3190.0,3194.0,3196.0,3205.0,3209.0,3211.0,3215.0,3220.0,3225.0,3234.0,3241.0,3242.0,3246.0,3251.0,3258.0,3263.0,3266.0,3268.0,3269.0,3274.0,3276.0,3279.0,3282.0,3283.0,3286.0,3287.0,3290.0,3290.0,3290.0,3291.0,3291.0,3292.0,3293.0,3293.0,3294.0,3294.0,3295.0,3297.0,3298.0,3302.0,3303.0,3305.0,3305.0,3306.0,3306
8k0qIUhaCD0,,,,,,,,,,,,,,,,,,,,,,,,21.0,30.0,33.0,37.0,38.0,38.0,39.0,40.0,40.0,41.0,41.0,42.0,42.0,42.0,42.0,42.0,42.0,43.0,43.0,46.0,48.0,48.0,48.0,48.0,48.0,49.0,49.0,49.0,49.0,50.0,,50.0,50.0,51.0,52.0,52.0,52.0,52.0,52.0,52.0,52.0,52.0,52.0,52.0,52.0,52.0,52.0,52.0,52.0,52.0,53.0,53.0,53.0,53.0,53.0,53.0,53.0,53.0,53.0,53.0,54.0,54.0,54.0,54.0,54.0,54.0,55.0,55.0,55.0,55.0,55.0,55.0,55.0,55.0,54.0,54.0,54.0,54.0,54.0,54.0,54.0,54.0,54.0,54.0,54.0,54.0,54.0,54.0,54.0,54.0,54.0,54.0,54.0,54.0,54.0,55.0,55.0,55.0,55.0,55.0,55.0,55.0,55.0,55.0,55.0,55.0,55.0,55.0,55.0,55.0,55.0,55.0,55.0,55.0,55.0,55.0,55.0,55.0,55.0,55.0,56.0,56.0,56.0,56.0,56.0,56.0,56.0,56.0,56.0,56.0,56
pOAKFUpMdd0,,,,,,,,,,,,,,,,,,,,,,,,,2504.0,4823.0,5254.0,5414.0,5513.0,5593.0,5648.0,5682.0,5711.0,5733.0,5763.0,5783.0,5797.0,5808.0,5818.0,5837.0,5844.0,5852.0,5853.0,5855.0,5859.0,5859.0,5861.0,5862.0,5865.0,5865.0,5866.0,5868.0,5867.0,,5866.0,5867.0,5866.0,5866.0,5866.0,5866.0,5867.0,5867.0,5867.0,5866.0,5867.0,5867.0,5866.0,5866.0,5867.0,5867.0,5868.0,5868.0,5868.0,5869.0,5870.0,5871.0,5871.0,5872.0,5871.0,5871.0,5871.0,5871.0,5870.0,5869.0,5870.0,5869.0,5868.0,5868.0,5868.0,5868.0,5868.0,5868.0,5867.0,5866.0,5866.0,5867.0,5867.0,5867.0,5867.0,5867.0,5866.0,5866.0,5866.0,5864.0,5864.0,5863.0,5863.0,5864.0,5864.0,5864.0,5864.0,5864.0,5864.0,5864.0,5864.0,5865.0,5864.0,5866.0,5866.0,5866.0,5866.0,5866.0,5865.0,5865.0,5865.0,5865.0,5865.0,5865.0,5865.0,5865.0,5865.0,5865.0,5865.0,5865.0,5865.0,5865.0,5865.0,5865.0,5865.0,5865.0,5865.0,5864.0,5864.0,5864.0,5864.0,5864.0,5865.0,5864.0,5864.0,5864.0,5864.0,5864.0,5864.0,5865
8RAQSwpjFoE,,,,,,,,,,,,,,,,,,,,,,,,,,4486.0,5231.0,5345.0,5368.0,5388.0,5401.0,5412.0,5415.0,5417.0,5421.0,5424.0,5427.0,5427.0,5428.0,5431.0,5433.0,5434.0,5435.0,5435.0,5434.0,5434.0,5436.0,5436.0,5438.0,5438.0,5438.0,5437.0,5436.0,,5439.0,5439.0,5439.0,5439.0,5439.0,5439.0,5443.0,5443.0,5444.0,5443.0,5443.0,5444.0,5443.0,5444.0,5444.0,5443.0,5441.0,5440.0,5440.0,5443.0,5442.0,5442.0,5442.0,5442.0,5444.0,5445.0,5448.0,5449.0,5450.0,5450.0,5449.0,5451.0,5453.0,5453.0,5454.0,5456.0,5456.0,5457.0,5457.0,5458.0,5460.0,5461.0,5463.0,5464.0,5465.0,5466.0,5467.0,5467.0,5467.0,5467.0,5467.0,5467.0,5467.0,5468.0,5468.0,5468.0,5469.0,5469.0,5470.0,5470.0,5471.0,5471.0,5471.0,5469.0,5470.0,5471.0,5471.0,5470.0,5470.0,5470.0,5471.0,5473.0,5473.0,5474.0,5474.0,5473.0,5473.0,5473.0,5473.0,5473.0,5473.0,5474.0,5475.0,5476.0,5476.0,5476.0,5477.0,5477.0,5477.0,5477.0,5476.0,5476.0,5476.0,5477.0,5475.0,5475.0,5476.0,5474.0,5474.0,5474
wlR8b_uOfh4,,,,,,,,,,,,,,,,,,,,,,,,,,341.0,487.0,650.0,732.0,764.0,780.0,787.0,789.0,791.0,793.0,794.0,794.0,794.0,795.0,795.0,795.0,794.0,794.0,796.0,796.0,796.0,797.0,797.0,796.0,796.0,797.0,798.0,798.0,,799.0,799.0,799.0,799.0,799.0,798.0,798.0,798.0,799.0,799.0,799.0,799.0,799.0,799.0,799.0,798.0,798.0,798.0,798.0,797.0,797.0,797.0,797.0,797.0,796.0,796.0,796.0,796.0,797.0,797.0,797.0,797.0,797.0,797.0,797.0,797.0,798.0,798.0,798.0,798.0,798.0,798.0,798.0,798.0,798.0,797.0,797.0,797.0,797.0,797.0,798.0,798.0,797.0,797.0,797.0,797.0,797.0,797.0,797.0,797.0,797.0,797.0,797.0,797.0,797.0,797.0,797.0,797.0,797.0,797.0,797.0,797.0,797.0,797.0,797.0,797.0,797.0,797.0,797.0,797.0,797.0,797.0,797.0,797.0,797.0,796.0,796.0,796.0,796.0,796.0,796.0,796.0,796.0,796.0,795.0,795.0,795.0,795.0,795.0,795
XQ7vBKHMw7M,,,,,,,,,,,,,,,,,,,,,,,,,,13120.0,15584.0,16788.0,17548.0,18596.0,19502.0,20322.0,20878.0,21239.0,21698.0,22011.0,22216.0,22429.0,22588.0,22749.0,22870.0,22963.0,23023.0,23064.0,23100.0,23142.0,23174.0,23202.0,23242.0,23270.0,23295.0,23322.0,23344.0,,23394.0,23412.0,23438.0,23462.0,23480.0,23497.0,23524.0,23548.0,23574.0,23593.0,23614.0,23635.0,23661.0,23675.0,23698.0,23719.0,23730.0,23740.0,23754.0,23774.0,23800.0,23813.0,23826.0,23840.0,23853.0,23865.0,23878.0,23888.0,23896.0,23905.0,23919.0,23931.0,23942.0,23955.0,23969.0,23987.0,23999.0,24016.0,24029.0,24043.0,24054.0,24069.0,24081.0,24103.0,24126.0,24141.0,24159.0,24225.0,24278.0,24289.0,24305.0,24317.0,24325.0,24325.0,24330.0,24331.0,24334.0,24345.0,24353.0,24361.0,24359.0,24365.0,24368.0,24372.0,24379.0,24386.0,24395.0,24397.0,24403.0,24408.0,24417.0,24426.0,24433.0,24444.0,24457.0,24466.0,24477.0,24485.0,24490.0,24495.0,24505.0,24517.0,24520.0,24525.0,24524.0,24526.0,24531.0,24538.0,24545.0,24558.0,24567.0,24576.0,24584.0,24588.0,24597.0,24604.0,24610.0,24614.0,24618.0,24622
7ehdQWIV5Ik,,,,,,,,,,,,,,,,,,,,,,,,,,2433.0,3811.0,4170.0,4402.0,4632.0,4834.0,4990.0,5160.0,5293.0,5388.0,5465.0,5518.0,5565.0,5613.0,5678.0,5718.0,5749.0,5776.0,5791.0,5806.0,5821.0,5850.0,5873.0,5886.0,5905.0,5926.0,5948.0,5954.0,,5998.0,6012.0,6022.0,6034.0,6045.0,6054.0,6064.0,6073.0,6084.0,6091.0,6103.0,6114.0,6121.0,6132.0,6138.0,6146.0,6151.0,6155.0,6167.0,6171.0,6184.0,6198.0,6206.0,6213.0,6221.0,6229.0,6238.0,6245.0,6250.0,6254.0,6256.0,6265.0,6271.0,6282.0,6283.0,6292.0,6296.0,6303.0,6308.0,6312.0,6313.0,6319.0,6324.0,6330.0,6335.0,6338.0,6343.0,6352.0,6358.0,6362.0,6369.0,6372.0,6372.0,6380.0,6385.0,6389.0,6395.0,6397.0,6401.0,6406.0,6408.0,6413.0,6416.0,6424.0,6423.0,6430.0,6431.0,6432.0,6434.0,6438.0,6438.0,6441.0,6447.0,6449.0,6456.0,6459.0,6464.0,6467.0,6471.0,6474.0,6479.0,6484.0,6490.0,6498.0,6501.0,6505.0,6506.0,6508.0,6515.0,6520.0,6523.0,6529.0,6533.0,6539.0,6544.0,6549.0,6551.0,6552.0,6558.0,6560
4qWUNxnZ35U,,,,,,,,,,,,,,,,,,,,,,,,,,21396.0,21801.0,22115.0,22501.0,22707.0,22826.0,22930.0,23007.0,23142.0,23287.0,23440.0,23567.0,23689.0,23797.0,23945.0,24045.0,24092.0,24126.0,24155.0,24177.0,24194.0,24211.0,24234.0,24243.0,24254.0,24268.0,24285.0,24306.0,,24344.0,24351.0,24359.0,24365.0,24371.0,24374.0,24382.0,24378.0,24380.0,24388.0,24391.0,24392.0,24395.0,24398.0,24400.0,24401.0,24401.0,24401.0,24406.0,24405.0,24405.0,24409.0,24410.0,24411.0,24413.0,24416.0,24417.0,24420.0,24425.0,24427.0,24430.0,24434.0,24439.0,24440.0,24440.0,24445.0,24443.0,24444.0,24450.0,24449.0,24455.0,24456.0,24460.0,24464.0,24464.0,24461.0,24461.0,24462.0,24459.0,24461.0,24462.0,24464.0,24462.0,24464.0,24464.0,24463.0,24464.0,24466.0,24465.0,24467.0,24465.0,24462.0,24461.0,24460.0,24460.0,24459.0,24461.0,24462.0,24463.0,24464.0,24464.0,24463.0,24465.0,24467.0,24468.0,24462.0,24464.0,24467.0,24469.0,24468.0,24466.0,24468.0,24469.0,24468.0,24469.0,24466.0,24467.0,24470.0,24468.0,24466.0,24466.0,24471.0,24473.0,24472.0,24475.0,24475.0,24476.0,24477.0,24479.0,24483
OaBsMBK1Bgo,,,,,,,,,,,,,,,,,,,,,,,,,,,691.0,725.0,750.0,769.0,791.0,816.0,837.0,846.0,860.0,881.0,905.0,929.0,953.0,979.0,999.0,1017.0,1026.0,1045.0,1069.0,1082.0,1107.0,1133.0,1157.0,1180.0,1199.0,1204.0,1214.0,,1230.0,1240.0,1258.0,1273.0,1287.0,1301.0,1307.0,1312.0,1320.0,1332.0,1334.0,1343.0,1350.0,1360.0,1366.0,1371.0,1377.0,1384.0,1391.0,1399.0,1422.0,1434.0,1436.0,1443.0,1446.0,1453.0,1455.0,1461.0,1465.0,1474.0,1481.0,1492.0,1495.0,1503.0,1510.0,1515.0,1521.0,1525.0,1528.0,1531.0,1542.0,1548.0,1556.0,1565.0,1571.0,1581.0,1591.0,1595.0,1602.0,1613.0,1622.0,1627.0,1634.0,1641.0,1649.0,1657.0,1664.0,1675.0,1684.0,1694.0,1702.0,1711.0,1715.0,1722.0,1732.0,1744.0,1752.0,1764.0,1776.0,1786.0,1792.0,1799.0,1805.0,1812.0,1816.0,1825.0,1832.0,1835.0,1838.0,1841.0,1846.0,1849.0,1849.0,1856.0,1858.0,1863.0,1868.0,1874.0,1882.0,1896.0,1897.0,1903.0,1909.0,1917.0,1923.0,1930.0,1937.0,1945.0,1953.0,1961
1hRzRN2bs3k,,,,,,,,,,,,,,,,,,,,,,,,,,,,,,,,,,,,,,,,,,,,,,,,,,,,,,,,,,,,,,,,,,,,,,,,,,,,,,,,,,,,,,,,,,,,,,,,,,,,,,,,,,,,,,,,,,,,,,,,,,,,,,,,,,,,,,,,,,,,,,,,,,,,,,,,,,
X4vFdfSsMmA,,,,,,,,,,,,,,,,,,,,,,,,,,,,147.0,230.0,251.0,264.0,277.0,290.0,302.0,313.0,323.0,329.0,340.0,349.0,359.0,361.0,371.0,379.0,382.0,382.0,384.0,385.0,386.0,388.0,390.0,392.0,393.0,393.0,,399.0,402.0,404.0,408.0,408.0,410.0,410.0,410.0,410.0,410.0,412.0,413.0,415.0,415.0,415.0,415.0,416.0,418.0,418.0,419.0,421.0,423.0,425.0,425.0,425.0,425.0,425.0,426.0,426.0,426.0,427.0,428.0,429.0,429.0,429.0,429.0,429.0,431.0,430.0,430.0,430.0,430.0,431.0,431.0,431.0,431.0,431.0,431.0,431.0,431.0,430.0,432.0,432.0,432.0,433.0,433.0,433.0,434.0,436.0,438.0,438.0,438.0,438.0,438.0,438.0,438.0,438.0,438.0,438.0,438.0,438.0,438.0,439.0,438.0,438.0,439.0,439.0,439.0,439.0,440.0,440.0,441.0,442.0,444.0,444.0,445.0,446.0,446.0,449.0,450.0,450.0,450.0,450.0,451.0,452.0,453.0,453.0,454.0,454.0,454
kI9YD61ehIw,,,,,,,,,,,,,,,,,,,,,,,,,,,,4322.0,7345.0,8584.0,9354.0,9800.0,10127.0,10382.0,10562.0,10764.0,10964.0,11156.0,11351.0,11570.0,11712.0,11849.0,12034.0,12203.0,12328.0,12415.0,12496.0,12555.0,12612.0,12650.0,12690.0,12730.0,12778.0,,12861.0,12896.0,12924.0,12963.0,13008.0,13039.0,13062.0,13087.0,13122.0,13142.0,13175.0,13203.0,13235.0,13264.0,13278.0,13295.0,13319.0,13345.0,13369.0,13390.0,13425.0,13441.0,13467.0,13482.0,13492.0,13508.0,13515.0,13528.0,13542.0,13556.0,13570.0,13575.0,13581.0,13599.0,13617.0,13633.0,13647.0,13662.0,13681.0,13686.0,13702.0,13719.0,13727.0,13733.0,13743.0,13755.0,13769.0,13785.0,13794.0,13808.0,13816.0,13826.0,13840.0,13851.0,13864.0,13872.0,13881.0,13889.0,13898.0,13911.0,13917.0,13925.0,13934.0,13948.0,13953.0,13957.0,13965.0,13974.0,13987.0,13998.0,14004.0,14013.0,14019.0,14029.0,14037.0,14042.0,14044.0,14051.0,14059.0,14070.0,14079.0,14089.0,14091.0,14103.0,14107.0,14109.0,14125.0,14144.0,14150.0,14159.0,14178.0,14187.0,14195.0,14209.0,14218.0,14230.0,14238.0,14246.0,14249.0,14257
IWeJUiyqFes,,,,,,,,,,,,,,,,,,,,,,,,,,,,,493.0,595.0,659.0,671.0,687.0,695.0,705.0,722.0,734.0,745.0,758.0,771.0,779.0,786.0,794.0,803.0,804.0,806.0,809.0,808.0,809.0,813.0,811.0,809.0,811.0,,818.0,819.0,820.0,820.0,822.0,823.0,823.0,822.0,821.0,822.0,822.0,824.0,826.0,827.0,828.0,828.0,828.0,831.0,830.0,829.0,830.0,829.0,828.0,829.0,830.0,830.0,831.0,830.0,830.0,830.0,831.0,831.0,832.0,832.0,833.0,834.0,834.0,835.0,835.0,835.0,835.0,835.0,834.0,834.0,834.0,834.0,834.0,834.0,834.0,834.0,834.0,834.0,835.0,836.0,837.0,838.0,838.0,838.0,838.0,838.0,837.0,838.0,838.0,838.0,839.0,840.0,840.0,841.0,841.0,841.0,841.0,841.0,841.0,841.0,841.0,841.0,841.0,841.0,841.0,841.0,841.0,841.0,840.0,839.0,839.0,839.0,839.0,839.0,841.0,841.0,842.0,842.0,843.0,843.0,844.0,844.0,844.0,844.0,844.0,844
-xw1nTIH50I,,,,,,,,,,,,,,,,,,,,,,,,,,,,,208.0,243.0,285.0,297.0,309.0,324.0,346.0,363.0,374.0,385.0,395.0,404.0,410.0,420.0,427.0,438.0,445.0,448.0,453.0,457.0,460.0,465.0,468.0,474.0,477.0,,483.0,489.0,490.0,493.0,495.0,497.0,503.0,504.0,506.0,505.0,507.0,509.0,509.0,511.0,511.0,512.0,515.0,519.0,521.0,524.0,526.0,529.0,529.0,530.0,531.0,533.0,534.0,536.0,540.0,544.0,548.0,549.0,552.0,556.0,558.0,560.0,564.0,564.0,568.0,570.0,574.0,577.0,580.0,586.0,588.0,591.0,592.0,594.0,596.0,597.0,599.0,601.0,604.0,609.0,612.0,613.0,613.0,613.0,617.0,618.0,621.0,621.0,621.0,625.0,630.0,633.0,634.0,635.0,639.0,642.0,646.0,647.0,649.0,652.0,656.0,658.0,659.0,661.0,661.0,663.0,666.0,667.0,668.0,669.0,670.0,670.0,672.0,673.0,674.0,675.0,676.0,677.0,677.0,677.0,678.0,678.0,681.0,683.0,683.0,683
2M65XQn-2Pk,,,,,,,,,,,,,,,,,,,,,,,,,,,,,1733.0,2377.0,2561.0,2661.0,2750.0,2815.0,2856.0,2888.0,2915.0,2932.0,2950.0,2964.0,2978.0,2991.0,3003.0,3014.0,3021.0,3028.0,3034.0,3036.0,3043.0,3049.0,3052.0,3060.0,3069.0,,3082.0,3089.0,3092.0,3094.0,3100.0,3107.0,3114.0,3115.0,3120.0,3126.0,3132.0,3136.0,3144.0,3150.0,3154.0,3160.0,3163.0,3171.0,3174.0,3183.0,3213.0,3216.0,3226.0,3227.0,3234.0,3242.0,3245.0,3248.0,3258.0,3261.0,3263.0,3266.0,3270.0,3276.0,3281.0,3283.0,3291.0,3295.0,3301.0,3307.0,3312.0,3316.0,3319.0,3325.0,3328.0,3331.0,3338.0,3344.0,3352.0,3354.0,3357.0,3360.0,3362.0,3366.0,3373.0,3380.0,3388.0,3390.0,3394.0,3399.0,3403.0,3403.0,3404.0,3407.0,3410.0,3412.0,3414.0,3414.0,3415.0,3416.0,3419.0,3421.0,3423.0,3425.0,3425.0,3428.0,3430.0,3432.0,3432.0,3432.0,3433.0,3437.0,3438.0,3440.0,3445.0,3446.0,3447.0,3449.0,3453.0,3455.0,3458.0,3460.0,3460.0,3463.0,3466.0,3466.0,3467.0,3468.0,3469.0,3471
AEYrm_IFoKk,,,,,,,,,,,,,,,,,,,,,,,,,,,,,796.0,1047.0,1233.0,1346.0,1424.0,1488.0,1540.0,1568.0,1599.0,1625.0,1642.0,1658.0,1675.0,1686.0,1692.0,1711.0,1721.0,1733.0,1749.0,1764.0,1774.0,1782.0,1788.0,1797.0,1805.0,,1824.0,1836.0,1845.0,1859.0,1862.0,1866.0,1872.0,1878.0,1881.0,1884.0,1889.0,1890.0,1892.0,1892.0,1895.0,1902.0,1905.0,1908.0,1911.0,1915.0,2026.0,2064.0,2081.0,2102.0,2115.0,2124.0,2135.0,2142.0,2149.0,2157.0,2165.0,2174.0,2178.0,2182.0,2186.0,2189.0,2195.0,2199.0,2204.0,2207.0,2211.0,2219.0,2223.0,2225.0,2231.0,2234.0,2238.0,2240.0,2242.0,2247.0,2249.0,2252.0,2257.0,2259.0,2259.0,2260.0,2260.0,2260.0,2263.0,2265.0,2268.0,2271.0,2272.0,2275.0,2275.0,2276.0,2278.0,2279.0,2282.0,2285.0,2287.0,2289.0,2290.0,2293.0,2294.0,2294.0,2296.0,2299.0,2299.0,2301.0,2302.0,2303.0,2305.0,2305.0,2304.0,2304.0,2306.0,2306.0,2309.0,2309.0,2312.0,2314.0,2315.0,2316.0,2316.0,2316.0,2317.0,2318.0,2318.0,2319
KyRERlh3X28,,,,,,,,,,,,,,,,,,,,,,,,,,,,,7741.0,7794.0,7850.0,7890.0,7922.0,7949.0,7984.0,8026.0,8053.0,8088.0,8120.0,8147.0,8162.0,8191.0,8217.0,8234.0,8255.0,8264.0,8276.0,8290.0,8306.0,8315.0,8338.0,8356.0,8372.0,,8398.0,8407.0,8422.0,8432.0,8444.0,8460.0,8473.0,8482.0,8495.0,8505.0,8517.0,8534.0,8545.0,8554.0,8564.0,8576.0,8588.0,8597.0,8608.0,8619.0,8650.0,8660.0,8672.0,8685.0,8699.0,8712.0,8724.0,8735.0,8741.0,8751.0,8763.0,8767.0,8775.0,8790.0,8803.0,8814.0,8829.0,8843.0,8857.0,8873.0,8882.0,8895.0,8904.0,8914.0,8924.0,8937.0,8951.0,8959.0,8971.0,8975.0,8982.0,8988.0,9000.0,9005.0,9015.0,9026.0,9038.0,9050.0,9057.0,9071.0,9081.0,9092.0,9099.0,9105.0,9111.0,9120.0,9127.0,9136.0,9146.0,9151.0,9161.0,9169.0,9178.0,9190.0,9198.0,9207.0,9214.0,9220.0,9230.0,9240.0,9251.0,9261.0,9270.0,9281.0,9298.0,9304.0,9309.0,9324.0,9332.0,9345.0,9354.0,9362.0,9374.0,9394.0,9418.0,9432.0,9437.0,9447.0,9460.0,9472
VSzrNrTeXMM,,,,,,,,,,,,,,,,,,,,,,,,,,,,,,471.0,1131.0,1607.0,1875.0,2064.0,2183.0,2249.0,2281.0,2304.0,2317.0,2335.0,2349.0,2359.0,2369.0,2370.0,2373.0,2381.0,2387.0,2391.0,2392.0,2397.0,2402.0,2409.0,2417.0,,2425.0,2437.0,2438.0,2444.0,2447.0,2451.0,2461.0,2467.0,2469.0,2475.0,2477.0,2481.0,2484.0,2487.0,2493.0,2496.0,2501.0,2506.0,2508.0,2514.0,2514.0,2514.0,2519.0,2521.0,2525.0,2526.0,2529.0,2529.0,2533.0,2534.0,2534.0,2534.0,2539.0,2539.0,2540.0,2541.0,2545.0,2548.0,2550.0,2551.0,2553.0,2554.0,2557.0,2558.0,2558.0,2561.0,2562.0,2562.0,2563.0,2563.0,2564.0,2565.0,2567.0,2569.0,2570.0,2572.0,2575.0,2578.0,2578.0,2578.0,2580.0,2580.0,2580.0,2580.0,2581.0,2581.0,2582.0,2582.0,2583.0,2583.0,2584.0,2585.0,2586.0,2587.0,2588.0,2591.0,2592.0,2594.0,2596.0,2599.0,2601.0,2601.0,2603.0,2604.0,2604.0,2605.0,2606.0,2608.0,2610.0,2611.0,2614.0,2614.0,2615.0,2615.0,2618.0,2620.0,2622.0,2622.0,2623.0,2625
77IbsMVWyuQ,,,,,,,,,,,,,,,,,,,,,,,,,,,,,,1914.0,2546.0,2874.0,3064.0,3148.0,3238.0,3328.0,3388.0,3421.0,3453.0,3482.0,3506.0,3523.0,3538.0,3550.0,3569.0,3586.0,3595.0,3602.0,3609.0,3614.0,3627.0,3633.0,3634.0,,3658.0,3663.0,3672.0,3683.0,3685.0,3685.0,3687.0,3688.0,3688.0,3692.0,3700.0,3704.0,3707.0,3713.0,3710.0,3710.0,3712.0,3717.0,3721.0,3724.0,3729.0,3730.0,3731.0,3733.0,3734.0,3739.0,3743.0,3746.0,3747.0,3750.0,3752.0,3756.0,3762.0,3766.0,3768.0,3772.0,3776.0,3777.0,3783.0,3786.0,3786.0,3789.0,3793.0,3795.0,3797.0,3801.0,3805.0,3811.0,3812.0,3814.0,3816.0,3821.0,3821.0,3825.0,3826.0,3826.0,3826.0,3824.0,3827.0,3828.0,3832.0,3840.0,3844.0,3843.0,3847.0,3848.0,3848.0,3850.0,3852.0,3852.0,3852.0,3855.0,3857.0,3858.0,3860.0,3863.0,3865.0,3869.0,3870.0,3874.0,3878.0,3880.0,3881.0,3881.0,3882.0,3885.0,3890.0,3890.0,3894.0,3897.0,3898.0,3898.0,3903.0,3905.0,3906.0,3906.0,3906.0,3908.0,3910.0,3911
FG2BQp9oRik,,,,,,,,,,,,,,,,,,,,,,,,,,,,,,25.0,28.0,32.0,37.0,38.0,39.0,39.0,40.0,40.0,41.0,42.0,43.0,44.0,44.0,45.0,45.0,45.0,45.0,45.0,45.0,45.0,45.0,45.0,45.0,,45.0,46.0,46.0,46.0,47.0,47.0,47.0,47.0,47.0,47.0,47.0,47.0,47.0,47.0,47.0,47.0,47.0,47.0,47.0,47.0,47.0,47.0,48.0,48.0,48.0,48.0,49.0,49.0,49.0,49.0,49.0,49.0,49.0,49.0,49.0,49.0,50.0,50.0,50.0,50.0,50.0,50.0,50.0,50.0,51.0,51.0,51.0,51.0,51.0,51.0,51.0,51.0,51.0,51.0,51.0,52.0,52.0,52.0,52.0,52.0,52.0,52.0,52.0,52.0,52.0,52.0,52.0,52.0,52.0,52.0,52.0,53.0,53.0,53.0,53.0,53.0,53.0,53.0,53.0,53.0,53.0,53.0,53.0,53.0,53.0,53.0,53.0,53.0,53.0,53.0,53.0,53.0,53.0,53.0,53.0,53.0,53.0,53.0,53.0,53
Qcz-7evvAqY,,,,,,,,,,,,,,,,,,,,,,,,,,,,,,51530.0,83708.0,109964.0,127971.0,141320.0,154861.0,167770.0,179957.0,191132.0,200410.0,208303.0,215571.0,222530.0,230155.0,237542.0,244892.0,250871.0,255450.0,259914.0,263610.0,267112.0,270764.0,274566.0,278672.0,,285682.0,288753.0,292232.0,295458.0,298397.0,301097.0,303920.0,307123.0,310438.0,313509.0,316767.0,319752.0,322625.0,324966.0,327303.0,329426.0,331616.0,333812.0,336046.0,338102.0,341774.0,343597.0,345481.0,347499.0,349790.0,352061.0,354284.0,356331.0,358671.0,360964.0,363409.0,365848.0,367557.0,369454.0,371146.0,372732.0,374481.0,376248.0,377995.0,379560.0,380913.0,382223.0,383614.0,385038.0,386423.0,387764.0,389044.0,390218.0,391306.0,392539.0,393691.0,394718.0,395766.0,396734.0,397579.0,398383.0,399131.0,399919.0,400799.0,401724.0,402582.0,403353.0,404006.0,404752.0,405610.0,406647.0,407770.0,408857.0,409795.0,410689.0,411627.0,412512.0,413294.0,413952.0,414562.0,415161.0,415895.0,416571.0,417284.0,418157.0,419113.0,420104.0,421098.0,422150.0,423133.0,423966.0,424694.0,425502.0,426384.0,427191.0,428017.0,428947.0,429987.0,431043.0,432162.0,433208.0,434163.0,435105.0,436012.0,436867
LvoIv3PTk9c,,,,,,,,,,,,,,,,,,,,,,,,,,,,,,,153.0,171.0,182.0,198.0,203.0,210.0,215.0,219.0,223.0,226.0,226.0,226.0,229.0,231.0,231.0,234.0,238.0,241.0,241.0,242.0,242.0,243.0,245.0,,245.0,245.0,248.0,250.0,250.0,250.0,250.0,250.0,250.0,251.0,255.0,256.0,264.0,270.0,279.0,281.0,284.0,290.0,303.0,317.0,351.0,355.0,363.0,365.0,368.0,370.0,372.0,377.0,382.0,387.0,390.0,393.0,394.0,396.0,399.0,402.0,404.0,407.0,411.0,412.0,412.0,413.0,417.0,419.0,420.0,420.0,420.0,421.0,425.0,426.0,429.0,431.0,431.0,432.0,433.0,434.0,435.0,435.0,434.0,434.0,437.0,438.0,438.0,438.0,439.0,440.0,440.0,440.0,442.0,442.0,443.0,443.0,444.0,444.0,445.0,446.0,448.0,450.0,451.0,450.0,450.0,451.0,451.0,452.0,452.0,453.0,456.0,457.0,458.0,459.0,459.0,460.0,462.0,463.0,463.0,463.0,465.0,466.0,466.0,467
8m932pAU0f8,,,,,,,,,,,,,,,,,,,,,,,,,,,,,,,17.0,19.0,21.0,24.0,24.0,24.0,25.0,26.0,26.0,26.0,26.0,26.0,26.0,26.0,26.0,27.0,27.0,27.0,27.0,27.0,27.0,27.0,27.0,,27.0,27.0,27.0,27.0,27.0,27.0,27.0,27.0,27.0,27.0,27.0,27.0,27.0,27.0,27.0,27.0,27.0,27.0,27.0,27.0,27.0,27.0,27.0,27.0,27.0,27.0,27.0,27.0,27.0,27.0,27.0,27.0,27.0,27.0,27.0,27.0,27.0,27.0,27.0,27.0,27.0,27.0,27.0,27.0,27.0,27.0,27.0,27.0,27.0,27.0,27.0,27.0,27.0,27.0,27.0,27.0,27.0,27.0,27.0,27.0,27.0,27.0,27.0,27.0,27.0,27.0,27.0,27.0,27.0,27.0,27.0,27.0,27.0,27.0,27.0,27.0,27.0,27.0,27.0,27.0,27.0,27.0,27.0,27.0,27.0,27.0,27.0,27.0,27.0,27.0,27.0,27.0,27.0,27.0,27.0,27.0,27.0,27.0,27.0,27
unlgFDu7-pA,,,,,,,,,,,,,,,,,,,,,,,,,,,,,,,235.0,249.0,258.0,265.0,275.0,288.0,295.0,299.0,300.0,307.0,314.0,316.0,316.0,317.0,320.0,321.0,321.0,320.0,322.0,322.0,322.0,325.0,326.0,,330.0,330.0,333.0,334.0,334.0,336.0,336.0,336.0,336.0,336.0,339.0,340.0,341.0,340.0,342.0,343.0,345.0,345.0,344.0,345.0,345.0,346.0,346.0,348.0,350.0,351.0,351.0,352.0,353.0,354.0,355.0,355.0,356.0,356.0,358.0,360.0,363.0,364.0,364.0,364.0,366.0,365.0,365.0,365.0,366.0,366.0,368.0,369.0,371.0,372.0,374.0,375.0,375.0,376.0,377.0,379.0,380.0,381.0,382.0,383.0,383.0,383.0,384.0,384.0,384.0,386.0,386.0,386.0,387.0,387.0,390.0,395.0,395.0,396.0,396.0,398.0,400.0,400.0,402.0,403.0,405.0,410.0,410.0,412.0,414.0,415.0,416.0,417.0,419.0,419.0,420.0,421.0,424.0,424.0,425.0,426.0,426.0,426.0,427.0,428
3NqKXg2gxcc,,,,,,,,,,,,,,,,,,,,,,,,,,,,,,,232.0,295.0,404.0,465.0,524.0,563.0,591.0,621.0,644.0,674.0,689.0,703.0,722.0,734.0,740.0,751.0,757.0,761.0,768.0,779.0,789.0,793.0,797.0,,817.0,830.0,843.0,855.0,863.0,876.0,888.0,906.0,919.0,928.0,938.0,945.0,951.0,963.0,986.0,1007.0,1035.0,1053.0,1069.0,1090.0,1114.0,1124.0,1134.0,1139.0,1154.0,1162.0,1170.0,1184.0,1193.0,1205.0,1215.0,1220.0,1236.0,1239.0,1246.0,1253.0,1263.0,1268.0,1276.0,1283.0,1284.0,1291.0,1293.0,1300.0,1304.0,1348.0,1390.0,1433.0,1464.0,1485.0,1556.0,1954.0,2106.0,2218.0,2281.0,2394.0,2474.0,2560.0,2641.0,2699.0,2768.0,2837.0,2893.0,2939.0,2976.0,3017.0,3053.0,3097.0,3140.0,3178.0,3213.0,3268.0,3287.0,3331.0,3360.0,3422.0,3461.0,3494.0,3529.0,3567.0,3606.0,3634.0,3668.0,3700.0,3729.0,3755.0,3793.0,3823.0,3851.0,3865.0,3896.0,3917.0,3940.0,3955.0,3976.0,4001.0,4020.0,4036.0,4047.0,4064
bAENPpwyOU4,,,,,,,,,,,,,,,,,,,,,,,,,,,,,,,,,,,,,,,,,,,,,,,,,,,,,,,,,,,,,,,,,,,,,,,,,,,,,,,,,,,,,,,,,,,,,,,,,,,,,,,,,,,,,,,,,,,,,,,,,,,,,,,,,,,,,,,,,,,,,,,,,,,,,,,,,,
CuHBrVR5J7s,,,,,,,,,,,,,,,,,,,,,,,,,,,,,,,388.0,403.0,431.0,450.0,471.0,481.0,494.0,500.0,504.0,508.0,515.0,522.0,533.0,534.0,537.0,540.0,542.0,546.0,549.0,548.0,552.0,552.0,552.0,,555.0,554.0,557.0,557.0,557.0,560.0,562.0,564.0,564.0,568.0,572.0,575.0,575.0,577.0,577.0,578.0,578.0,579.0,578.0,579.0,582.0,584.0,584.0,584.0,584.0,584.0,586.0,586.0,587.0,588.0,589.0,590.0,591.0,592.0,593.0,593.0,593.0,594.0,596.0,597.0,599.0,601.0,601.0,603.0,603.0,603.0,607.0,606.0,606.0,607.0,610.0,611.0,612.0,613.0,616.0,619.0,622.0,622.0,622.0,623.0,624.0,624.0,627.0,627.0,627.0,628.0,631.0,631.0,631.0,631.0,632.0,634.0,635.0,635.0,637.0,638.0,638.0,639.0,640.0,640.0,641.0,641.0,642.0,642.0,643.0,643.0,643.0,644.0,644.0,644.0,644.0,645.0,645.0,645.0,646.0,646.0,646.0,647.0,648.0,648
e8X35-Teneg,,,,,,,,,,,,,,,,,,,,,,,,,,,,,,,3340.0,3420.0,3505.0,3582.0,3683.0,3766.0,3835.0,3925.0,4013.0,4072.0,4158.0,4268.0,4362.0,4441.0,4535.0,4627.0,4690.0,4779.0,4831.0,4894.0,4951.0,4999.0,5055.0,,5181.0,5249.0,5319.0,5385.0,5440.0,5506.0,5569.0,5634.0,5708.0,5761.0,5803.0,5854.0,5896.0,5940.0,6020.0,6092.0,6158.0,6216.0,6284.0,6336.0,6458.0,6494.0,6543.0,6607.0,6642.0,6693.0,6735.0,6798.0,6905.0,6982.0,7051.0,7122.0,7164.0,7223.0,7269.0,7303.0,7335.0,7351.0,7378.0,7396.0,7409.0,7424.0,7434.0,7443.0,7456.0,7466.0,7476.0,7487.0,7499.0,7502.0,7514.0,7523.0,7535.0,7547.0,7554.0,7561.0,7563.0,7569.0,7579.0,7583.0,7593.0,7593.0,7598.0,7606.0,7613.0,7621.0,7628.0,7631.0,7640.0,7644.0,7653.0,7657.0,7656.0,7664.0,7668.0,7671.0,7678.0,7678.0,7683.0,7688.0,7689.0,7695.0,7698.0,7703.0,7704.0,7702.0,7709.0,7716.0,7719.0,7722.0,7726.0,7728.0,7730.0,7736.0,7739.0,7741.0,7744.0,7747.0,7754.0,7757
XECOC6C_Nr4,,,,,,,,,,,,,,,,,,,,,,,,,,,,,,,1003.0,1142.0,1217.0,1309.0,1367.0,1432.0,1484.0,1525.0,1572.0,1622.0,1676.0,1725.0,1768.0,1817.0,1848.0,1884.0,1924.0,1957.0,1991.0,2029.0,2056.0,2112.0,2154.0,,2240.0,2292.0,2333.0,2393.0,2423.0,2425.0,2430.0,2435.0,2441.0,2445.0,2454.0,2457.0,2458.0,2459.0,2462.0,2463.0,2467.0,2470.0,2472.0,2475.0,2485.0,2486.0,2486.0,2489.0,2491.0,2494.0,2496.0,2498.0,2504.0,2510.0,2515.0,2521.0,2524.0,2526.0,2530.0,2531.0,2534.0,2538.0,2539.0,2542.0,2544.0,2546.0,2546.0,2550.0,2549.0,2547.0,2547.0,2548.0,2550.0,2549.0,2551.0,2551.0,2552.0,2556.0,2557.0,2557.0,2559.0,2560.0,2564.0,2568.0,2578.0,2582.0,2585.0,2590.0,2591.0,2592.0,2594.0,2594.0,2593.0,2592.0,2593.0,2594.0,2595.0,2596.0,2597.0,2599.0,2602.0,2603.0,2605.0,2607.0,2607.0,2608.0,2608.0,2610.0,2610.0,2611.0,2615.0,2620.0,2623.0,2629.0,2631.0,2634.0,2634.0,2638.0,2642.0,2645.0,2646.0,2649.0,2651.0,2654
4oktaGUvcTI,,,,,,,,,,,,,,,,,,,,,,,,,,,,,,,94.0,97.0,96.0,97.0,97.0,98.0,98.0,98.0,99.0,99.0,99.0,99.0,99.0,99.0,99.0,99.0,99.0,99.0,100.0,100.0,100.0,100.0,100.0,,100.0,100.0,101.0,101.0,102.0,102.0,102.0,102.0,102.0,102.0,102.0,103.0,103.0,103.0,103.0,103.0,103.0,103.0,103.0,103.0,103.0,103.0,103.0,103.0,103.0,103.0,104.0,104.0,104.0,104.0,104.0,104.0,104.0,104.0,104.0,104.0,105.0,105.0,105.0,105.0,105.0,105.0,105.0,105.0,105.0,105.0,105.0,105.0,105.0,105.0,106.0,106.0,106.0,106.0,106.0,106.0,106.0,106.0,106.0,106.0,106.0,106.0,107.0,107.0,107.0,107.0,107.0,107.0,107.0,107.0,107.0,107.0,107.0,107.0,107.0,107.0,107.0,107.0,107.0,107.0,107.0,107.0,107.0,107.0,107.0,107.0,107.0,107.0,107.0,107.0,107.0,107.0,107.0,107.0,107.0,107.0,107.0,107.0,108.0,107
5221XAQ6aTc,,,,,,,,,,,,,,,,,,,,,,,,,,,,,,,,474.0,876.0,1238.0,1447.0,1587.0,1707.0,1796.0,1851.0,1888.0,1916.0,1944.0,1967.0,1979.0,1993.0,2008.0,2013.0,2025.0,2037.0,2046.0,2055.0,2066.0,2079.0,,2098.0,2102.0,2111.0,2121.0,2127.0,2142.0,2154.0,2161.0,2165.0,2168.0,2169.0,2173.0,2176.0,2186.0,2191.0,2191.0,2195.0,2200.0,2200.0,2203.0,2210.0,2210.0,2213.0,2221.0,2224.0,2227.0,2227.0,2229.0,2231.0,2232.0,2239.0,2244.0,2248.0,2254.0,2260.0,2262.0,2265.0,2266.0,2268.0,2272.0,2278.0,2282.0,2288.0,2290.0,2293.0,2297.0,2299.0,2301.0,2304.0,2308.0,2312.0,2314.0,2315.0,2319.0,2320.0,2323.0,2324.0,2326.0,2326.0,2329.0,2330.0,2331.0,2332.0,2334.0,2333.0,2334.0,2334.0,2335.0,2335.0,2336.0,2336.0,2336.0,2338.0,2342.0,2342.0,2341.0,2343.0,2345.0,2346.0,2347.0,2347.0,2347.0,2349.0,2349.0,2350.0,2350.0,2350.0,2348.0,2349.0,2350.0,2350.0,2353.0,2355.0,2354.0,2355.0,2355.0,2357.0,2357.0,2358.0,2358
hoep54xEUeU,,,,,,,,,,,,,,,,,,,,,,,,,,,,,,,,,33.0,66.0,93.0,128.0,147.0,182.0,201.0,217.0,233.0,245.0,252.0,255.0,259.0,268.0,270.0,271.0,274.0,280.0,284.0,284.0,286.0,,290.0,290.0,291.0,293.0,293.0,293.0,293.0,295.0,297.0,297.0,298.0,298.0,300.0,300.0,302.0,303.0,306.0,306.0,306.0,306.0,309.0,310.0,312.0,312.0,313.0,313.0,314.0,314.0,314.0,314.0,315.0,319.0,319.0,319.0,320.0,320.0,320.0,320.0,321.0,322.0,323.0,325.0,326.0,327.0,330.0,330.0,331.0,331.0,332.0,332.0,334.0,335.0,336.0,338.0,339.0,340.0,342.0,344.0,345.0,345.0,347.0,348.0,348.0,348.0,348.0,348.0,350.0,351.0,352.0,353.0,353.0,355.0,355.0,355.0,356.0,356.0,358.0,361.0,362.0,362.0,362.0,362.0,362.0,362.0,363.0,364.0,366.0,367.0,367.0,367.0,368.0,371.0,371.0,374.0,374.0,374.0,376.0,378.0,379.0,381
1NJkrWfJgbU,,,,,,,,,,,,,,,,,,,,,,,,,,,,,,,,,3.0,8.0,15.0,22.0,25.0,28.0,31.0,35.0,40.0,41.0,42.0,42.0,42.0,43.0,44.0,44.0,44.0,45.0,46.0,46.0,47.0,,47.0,47.0,47.0,47.0,47.0,48.0,48.0,48.0,48.0,48.0,49.0,48.0,49.0,50.0,50.0,50.0,50.0,50.0,50.0,50.0,50.0,50.0,50.0,50.0,50.0,50.0,50.0,51.0,51.0,51.0,51.0,51.0,51.0,51.0,51.0,51.0,51.0,51.0,51.0,51.0,51.0,52.0,52.0,52.0,52.0,52.0,52.0,52.0,52.0,52.0,52.0,52.0,52.0,52.0,52.0,52.0,52.0,52.0,52.0,52.0,52.0,52.0,52.0,52.0,52.0,52.0,52.0,52.0,52.0,52.0,52.0,52.0,52.0,52.0,52.0,52.0,52.0,52.0,52.0,52.0,52.0,52.0,53.0,53.0,53.0,55.0,55.0,55.0,55.0,55.0,55.0,55.0,55.0,55.0,55.0,55.0,55.0,55.0,55.0,55
39upRxI7Yvc,,,,,,,,,,,,,,,,,,,,,,,,,,,,,,,,,,425.0,516.0,621.0,720.0,861.0,945.0,1002.0,1051.0,1111.0,1170.0,1219.0,1261.0,1284.0,1302.0,1317.0,1326.0,1339.0,1355.0,1358.0,1366.0,,1393.0,1405.0,1414.0,1419.0,1425.0,1433.0,1444.0,1457.0,1468.0,1505.0,1551.0,1634.0,1702.0,1757.0,1819.0,1851.0,1907.0,1999.0,2081.0,2145.0,2287.0,2342.0,2398.0,2455.0,2486.0,2518.0,2573.0,2608.0,2651.0,2689.0,2723.0,2755.0,2796.0,2836.0,2869.0,2907.0,2947.0,2974.0,2997.0,3026.0,3062.0,3091.0,3121.0,3141.0,3159.0,3173.0,3180.0,3193.0,3206.0,3220.0,3231.0,3236.0,3246.0,3255.0,3263.0,3272.0,3285.0,3291.0,3301.0,3308.0,3313.0,3321.0,3330.0,3338.0,3346.0,3359.0,3361.0,3370.0,3377.0,3383.0,3386.0,3393.0,3399.0,3401.0,3405.0,3413.0,3422.0,3425.0,3428.0,3440.0,3448.0,3453.0,3461.0,3469.0,3481.0,3493.0,3499.0,3504.0,3507.0,3509.0,3512.0,3522.0,3528.0,3535.0,3539.0,3541.0,3547.0,3557.0,3558.0,3564
aT26fdm0ZFs,,,,,,,,,,,,,,,,,,,,,,,,,,,,,,,,,,5045.0,5966.0,6401.0,6666.0,6820.0,6939.0,7049.0,7128.0,7216.0,7279.0,7332.0,7354.0,7374.0,7407.0,7433.0,7457.0,7482.0,7508.0,7515.0,7518.0,,7530.0,7542.0,7554.0,7563.0,7575.0,7589.0,7607.0,7626.0,7648.0,7670.0,7679.0,7692.0,7700.0,7707.0,7713.0,7717.0,7721.0,7732.0,7735.0,7740.0,7752.0,7759.0,7763.0,7767.0,7770.0,7771.0,7772.0,7775.0,7775.0,7775.0,7776.0,7776.0,7779.0,7781.0,7784.0,7784.0,7787.0,7783.0,7784.0,7785.0,7788.0,7791.0,7792.0,7794.0,7796.0,7799.0,7802.0,7804.0,7804.0,7805.0,7806.0,7807.0,7807.0,7809.0,7810.0,7811.0,7814.0,7815.0,7814.0,7815.0,7817.0,7817.0,7817.0,7818.0,7820.0,7823.0,7823.0,7827.0,7829.0,7829.0,7830.0,7829.0,7831.0,7833.0,7836.0,7837.0,7838.0,7838.0,7839.0,7840.0,7841.0,7843.0,7843.0,7843.0,7844.0,7844.0,7844.0,7844.0,7843.0,7842.0,7841.0,7842.0,7846.0,7847.0,7847.0,7848.0,7849.0,7849.0,7850.0,7850
YrFeVx2vIG8,,,,,,,,,,,,,,,,,,,,,,,,,,,,,,,,,,280.0,328.0,355.0,384.0,405.0,426.0,441.0,464.0,474.0,478.0,493.0,510.0,526.0,534.0,537.0,539.0,541.0,544.0,550.0,551.0,,553.0,555.0,556.0,557.0,561.0,565.0,565.0,567.0,571.0,573.0,575.0,577.0,580.0,582.0,583.0,586.0,590.0,593.0,596.0,599.0,603.0,604.0,605.0,608.0,610.0,612.0,613.0,617.0,620.0,622.0,623.0,624.0,626.0,628.0,628.0,630.0,630.0,631.0,632.0,632.0,632.0,636.0,637.0,638.0,639.0,639.0,641.0,641.0,643.0,643.0,643.0,643.0,647.0,649.0,653.0,654.0,654.0,654.0,655.0,655.0,657.0,658.0,659.0,658.0,659.0,660.0,661.0,663.0,666.0,669.0,671.0,672.0,673.0,677.0,679.0,681.0,682.0,685.0,685.0,687.0,688.0,690.0,691.0,694.0,695.0,696.0,698.0,698.0,697.0,697.0,699.0,701.0,703.0,707.0,708.0,707.0,707.0,709.0,712.0,712
6uFgNS9hCiU,,,,,,,,,,,,,,,,,,,,,,,,,,,,,,,,,,1804.0,2533.0,2740.0,2827.0,2882.0,2930.0,2977.0,3014.0,3035.0,3056.0,3066.0,3084.0,3104.0,3115.0,3121.0,3127.0,3137.0,3143.0,3147.0,3154.0,,3167.0,3176.0,3178.0,3184.0,3196.0,3203.0,3208.0,3211.0,3219.0,3223.0,3228.0,3232.0,3235.0,3246.0,3252.0,3255.0,3258.0,3261.0,3261.0,3261.0,3269.0,3275.0,3276.0,3277.0,3279.0,3280.0,3283.0,3287.0,3289.0,3290.0,3292.0,3295.0,3297.0,3298.0,3303.0,3305.0,3310.0,3313.0,3315.0,3317.0,3322.0,3322.0,3324.0,3325.0,3325.0,3330.0,3335.0,3338.0,3338.0,3340.0,3341.0,3341.0,3342.0,3343.0,3343.0,3345.0,3347.0,3349.0,3352.0,3353.0,3356.0,3358.0,3359.0,3361.0,3361.0,3364.0,3367.0,3367.0,3367.0,3370.0,3372.0,3370.0,3373.0,3375.0,3377.0,3380.0,3383.0,3384.0,3385.0,3385.0,3387.0,3389.0,3393.0,3395.0,3397.0,3398.0,3400.0,3401.0,3405.0,3408.0,3409.0,3409.0,3409.0,3409.0,3411.0,3411.0,3410.0,3411.0,3412.0,3414
rlKaNmMCew4,,,,,,,,,,,,,,,,,,,,,,,,,,,,,,,,,,,4775.0,4828.0,4861.0,4906.0,4952.0,4985.0,5021.0,5045.0,5066.0,5083.0,5107.0,5133.0,5156.0,5170.0,5190.0,5204.0,5213.0,5236.0,5258.0,,5291.0,5306.0,5320.0,5332.0,5343.0,5355.0,5378.0,5398.0,5408.0,5436.0,5458.0,5474.0,5490.0,5502.0,5514.0,5527.0,5533.0,5544.0,5552.0,5561.0,5583.0,5590.0,5599.0,5603.0,5615.0,5620.0,5626.0,5631.0,5642.0,5650.0,5661.0,5667.0,5677.0,5685.0,5692.0,5699.0,5715.0,5724.0,5729.0,5732.0,5743.0,5748.0,5758.0,5760.0,5765.0,5775.0,5782.0,5785.0,5792.0,5794.0,5798.0,5802.0,5805.0,5809.0,5813.0,5817.0,5830.0,5835.0,5843.0,5844.0,5850.0,5851.0,5852.0,5856.0,5858.0,5861.0,5863.0,5867.0,5870.0,5870.0,5874.0,5877.0,5878.0,5882.0,5883.0,5887.0,5889.0,5892.0,5894.0,5900.0,5904.0,5904.0,5907.0,5910.0,5914.0,5916.0,5917.0,5921.0,5924.0,5926.0,5934.0,5935.0,5939.0,5941.0,5946.0,5952.0,5954.0,5957.0,5963.0,5966
KQfAQ-fHFCc,,,,,,,,,,,,,,,,,,,,,,,,,,,,,,,,,,,76.0,79.0,85.0,88.0,92.0,95.0,99.0,99.0,101.0,103.0,105.0,105.0,106.0,106.0,106.0,106.0,107.0,108.0,108.0,,111.0,112.0,114.0,115.0,115.0,115.0,116.0,117.0,117.0,119.0,119.0,120.0,122.0,123.0,124.0,125.0,125.0,126.0,127.0,127.0,127.0,127.0,127.0,127.0,128.0,128.0,128.0,128.0,130.0,130.0,130.0,130.0,131.0,131.0,131.0,131.0,131.0,132.0,133.0,134.0,135.0,135.0,135.0,135.0,135.0,135.0,135.0,135.0,136.0,137.0,137.0,137.0,137.0,137.0,137.0,137.0,137.0,137.0,137.0,137.0,137.0,137.0,137.0,137.0,137.0,137.0,137.0,137.0,137.0,137.0,137.0,137.0,137.0,137.0,137.0,137.0,137.0,137.0,137.0,137.0,137.0,137.0,137.0,137.0,138.0,138.0,138.0,138.0,138.0,138.0,138.0,138.0,138.0,138.0,138.0,138.0,138.0,138.0,138.0,138
jkdx9PaVKe0,,,,,,,,,,,,,,,,,,,,,,,,,,,,,,,,,,,9643.0,11143.0,12497.0,13752.0,14712.0,15770.0,16674.0,17344.0,17968.0,18615.0,19118.0,19542.0,19839.0,20081.0,20315.0,20619.0,20895.0,21114.0,21307.0,,21760.0,21967.0,22159.0,22325.0,22472.0,22587.0,22715.0,22898.0,23180.0,23425.0,23758.0,24007.0,24338.0,24815.0,25228.0,25578.0,25957.0,26412.0,26997.0,27473.0,28462.0,28778.0,29094.0,29343.0,29557.0,29756.0,30007.0,30212.0,30390.0,30558.0,30725.0,30912.0,31040.0,31183.0,31346.0,31469.0,31611.0,31764.0,31891.0,31996.0,32137.0,32281.0,32430.0,32587.0,32725.0,32832.0,32937.0,33026.0,33108.0,33201.0,33296.0,33392.0,33465.0,33547.0,33647.0,33739.0,33824.0,33931.0,34018.0,34083.0,34139.0,34210.0,34291.0,34377.0,34425.0,34480.0,34537.0,34587.0,34636.0,34689.0,34740.0,34783.0,34845.0,34898.0,34956.0,35034.0,35108.0,35166.0,35221.0,35277.0,35327.0,35383.0,35425.0,35483.0,35539.0,35594.0,35667.0,35719.0,35750.0,35814.0,35878.0,35937.0,35985.0,36039.0,36078.0,36112.0,36148.0,36200.0,36234.0,36290
be8G6WqvGn8,,,,,,,,,,,,,,,,,,,,,,,,,,,,,,,,,,,26.0,26.0,26.0,27.0,27.0,27.0,27.0,27.0,27.0,27.0,27.0,27.0,27.0,27.0,27.0,27.0,27.0,28.0,28.0,,28.0,28.0,28.0,28.0,28.0,28.0,28.0,28.0,28.0,28.0,28.0,28.0,28.0,28.0,28.0,28.0,28.0,28.0,28.0,29.0,29.0,29.0,28.0,28.0,28.0,28.0,28.0,28.0,28.0,28.0,28.0,28.0,28.0,28.0,28.0,28.0,28.0,28.0,28.0,28.0,28.0,28.0,28.0,28.0,28.0,28.0,28.0,28.0,28.0,28.0,28.0,28.0,28.0,28.0,28.0,28.0,28.0,28.0,28.0,28.0,28.0,28.0,28.0,28.0,28.0,28.0,28.0,28.0,28.0,28.0,28.0,29.0,29.0,29.0,29.0,29.0,29.0,29.0,29.0,29.0,29.0,29.0,29.0,29.0,29.0,29.0,29.0,29.0,29.0,29.0,29.0,29.0,29.0,29.0,29.0,29.0,29.0,29.0,29.0,29
O17TW3DXUU0,,,,,,,,,,,,,,,,,,,,,,,,,,,,,,,,,,,13.0,18.0,19.0,19.0,21.0,22.0,23.0,23.0,23.0,23.0,23.0,24.0,25.0,27.0,27.0,27.0,27.0,27.0,27.0,,27.0,27.0,27.0,27.0,27.0,28.0,28.0,28.0,28.0,28.0,28.0,28.0,28.0,28.0,28.0,28.0,28.0,28.0,28.0,28.0,28.0,28.0,28.0,28.0,28.0,28.0,28.0,28.0,28.0,28.0,28.0,28.0,28.0,28.0,28.0,28.0,28.0,28.0,28.0,28.0,28.0,28.0,28.0,28.0,28.0,28.0,28.0,28.0,28.0,28.0,28.0,28.0,28.0,28.0,28.0,29.0,29.0,29.0,29.0,29.0,29.0,29.0,29.0,29.0,29.0,29.0,29.0,29.0,29.0,29.0,29.0,29.0,29.0,29.0,29.0,29.0,29.0,29.0,29.0,29.0,30.0,30.0,30.0,30.0,30.0,30.0,30.0,30.0,30.0,30.0,30.0,30.0,30.0,30.0,30.0,30.0,30.0,30.0,30.0,30
0srzt8rpr3Q,,,,,,,,,,,,,,,,,,,,,,,,,,,,,,,,,,,21.0,27.0,50.0,65.0,73.0,84.0,94.0,107.0,112.0,117.0,122.0,127.0,135.0,137.0,139.0,144.0,146.0,150.0,155.0,,162.0,168.0,170.0,171.0,173.0,175.0,179.0,183.0,184.0,184.0,185.0,185.0,186.0,186.0,187.0,189.0,189.0,190.0,192.0,194.0,199.0,202.0,203.0,205.0,206.0,208.0,209.0,209.0,210.0,210.0,211.0,214.0,212.0,213.0,213.0,216.0,219.0,219.0,223.0,223.0,225.0,225.0,225.0,226.0,228.0,228.0,229.0,229.0,230.0,231.0,231.0,231.0,232.0,232.0,234.0,235.0,235.0,235.0,236.0,238.0,239.0,240.0,242.0,244.0,247.0,249.0,250.0,252.0,255.0,256.0,256.0,256.0,256.0,256.0,256.0,256.0,256.0,257.0,259.0,260.0,260.0,261.0,262.0,262.0,263.0,264.0,264.0,265.0,265.0,265.0,265.0,265.0,267.0,269.0,270.0,270.0,270.0,272.0,272.0,275
LxkkKsE9mS8,,,,,,,,,,,,,,,,,,,,,,,,,,,,,,,,,,,2950.0,3232.0,3402.0,3475.0,3517.0,3532.0,3541.0,3554.0,3568.0,3572.0,3581.0,3603.0,3622.0,3653.0,3680.0,3687.0,3705.0,3713.0,3727.0,,3747.0,3759.0,3763.0,3770.0,3780.0,3787.0,3793.0,3800.0,3807.0,3810.0,3815.0,3820.0,3842.0,3850.0,3859.0,3868.0,3877.0,3884.0,3891.0,3898.0,3909.0,3912.0,3912.0,3915.0,3916.0,3918.0,3922.0,3927.0,3929.0,3933.0,3934.0,3936.0,3938.0,3940.0,3942.0,3943.0,3943.0,3944.0,3947.0,3948.0,3948.0,3949.0,3951.0,3952.0,3953.0,3953.0,3953.0,3953.0,3954.0,3954.0,3955.0,3955.0,3955.0,3957.0,3958.0,3958.0,3958.0,3958.0,3959.0,3960.0,3960.0,3960.0,3960.0,3960.0,3960.0,3960.0,3960.0,3960.0,3960.0,3962.0,3962.0,3962.0,3961.0,3961.0,3962.0,3961.0,3962.0,3961.0,3962.0,3962.0,3963.0,3963.0,3963.0,3964.0,3964.0,3964.0,3964.0,3963.0,3963.0,3963.0,3963.0,3963.0,3963.0,3962.0,3962.0,3963.0,3963.0,3963.0,3963.0,3961
e4RCv5k_kuE,,,,,,,,,,,,,,,,,,,,,,,,,,,,,,,,,,,,8.0,14.0,18.0,18.0,20.0,20.0,21.0,22.0,25.0,28.0,29.0,29.0,30.0,30.0,30.0,30.0,30.0,30.0,,31.0,31.0,31.0,31.0,31.0,31.0,31.0,31.0,31.0,31.0,31.0,32.0,32.0,32.0,32.0,32.0,32.0,32.0,32.0,32.0,32.0,32.0,32.0,32.0,32.0,32.0,32.0,32.0,32.0,32.0,32.0,32.0,32.0,32.0,32.0,32.0,32.0,32.0,32.0,32.0,32.0,32.0,32.0,32.0,32.0,32.0,32.0,32.0,32.0,33.0,33.0,33.0,33.0,33.0,33.0,33.0,33.0,33.0,33.0,33.0,33.0,33.0,33.0,33.0,33.0,33.0,33.0,33.0,34.0,34.0,34.0,34.0,35.0,36.0,36.0,36.0,36.0,36.0,36.0,36.0,36.0,36.0,36.0,36.0,36.0,36.0,36.0,36.0,36.0,36.0,36.0,36.0,36.0,36.0,36.0,36.0,36.0,36.0,36.0,36
oyXx7MDqZ-Q,,,,,,,,,,,,,,,,,,,,,,,,,,,,,,,,,,,,14245.0,17002.0,18583.0,19519.0,20383.0,21182.0,21798.0,22312.0,22730.0,23062.0,23329.0,23553.0,23734.0,23863.0,23997.0,24139.0,24292.0,24397.0,,24585.0,24694.0,24844.0,25019.0,25201.0,25350.0,25483.0,25601.0,25711.0,25810.0,25893.0,25983.0,26057.0,26119.0,26170.0,26244.0,26295.0,26341.0,26411.0,26479.0,26623.0,26670.0,26762.0,26822.0,26895.0,26964.0,27032.0,27091.0,27168.0,27231.0,27280.0,27341.0,27396.0,27464.0,27521.0,27557.0,27612.0,27660.0,27715.0,27762.0,27792.0,27826.0,27862.0,27889.0,27920.0,27965.0,29528.0,30689.0,30860.0,30934.0,31008.0,31074.0,31107.0,31141.0,31167.0,31196.0,31217.0,31247.0,31258.0,31285.0,31310.0,31322.0,31341.0,31357.0,31369.0,31391.0,31417.0,31430.0,31440.0,31457.0,31473.0,31483.0,31502.0,31510.0,31534.0,31548.0,31562.0,31572.0,31588.0,31600.0,31607.0,31618.0,31621.0,31639.0,31646.0,31655.0,31663.0,31678.0,31683.0,31695.0,31704.0,31720.0,31735.0,31744.0,31760.0,31770.0,31779.0,31785.0,31793.0,31805
JfUdhFOfj2A,,,,,,,,,,,,,,,,,,,,,,,,,,,,,,,,,,,,218.0,245.0,286.0,312.0,316.0,319.0,321.0,324.0,330.0,335.0,337.0,339.0,340.0,340.0,344.0,345.0,346.0,346.0,,347.0,347.0,350.0,350.0,350.0,350.0,350.0,350.0,350.0,351.0,351.0,350.0,350.0,350.0,350.0,350.0,350.0,350.0,351.0,351.0,350.0,350.0,350.0,350.0,350.0,350.0,350.0,350.0,350.0,353.0,355.0,355.0,355.0,356.0,356.0,357.0,357.0,357.0,358.0,358.0,358.0,358.0,358.0,358.0,358.0,359.0,359.0,359.0,359.0,360.0,360.0,360.0,360.0,360.0,360.0,360.0,360.0,360.0,360.0,360.0,359.0,359.0,359.0,359.0,359.0,359.0,359.0,359.0,359.0,359.0,359.0,359.0,359.0,359.0,359.0,359.0,359.0,359.0,359.0,359.0,359.0,359.0,359.0,359.0,359.0,359.0,359.0,359.0,359.0,359.0,359.0,359.0,359.0,359.0,359.0,359.0,360.0,360.0,360.0,360
5TsjmyIwHy8,,,,,,,,,,,,,,,,,,,,,,,,,,,,,,,,,,,,796.0,1551.0,1799.0,1962.0,2101.0,2164.0,2224.0,2253.0,2264.0,2276.0,2286.0,2295.0,2306.0,2313.0,2319.0,2327.0,2339.0,2343.0,,2354.0,2362.0,2364.0,2369.0,2372.0,2378.0,2385.0,2387.0,2391.0,2395.0,2397.0,2399.0,2401.0,2403.0,2404.0,2409.0,2416.0,2417.0,2421.0,2424.0,2426.0,2429.0,2432.0,2437.0,2438.0,2443.0,2452.0,2458.0,2462.0,2463.0,2468.0,2476.0,2479.0,2483.0,2489.0,2493.0,2495.0,2498.0,2500.0,2508.0,2510.0,2514.0,2520.0,2525.0,2525.0,2526.0,2528.0,2530.0,2532.0,2531.0,2533.0,2534.0,2535.0,2536.0,2536.0,2537.0,2537.0,2537.0,2540.0,2543.0,2545.0,2545.0,2547.0,2550.0,2550.0,2551.0,2556.0,2556.0,2555.0,2556.0,2555.0,2558.0,2559.0,2558.0,2559.0,2561.0,2563.0,2568.0,2573.0,2577.0,2583.0,2586.0,2589.0,2592.0,2593.0,2594.0,2601.0,2607.0,2609.0,2612.0,2614.0,2614.0,2616.0,2619.0,2620.0,2621.0,2625.0,2628.0,2633.0,2640
g7eWRfcM7jU,,,,,,,,,,,,,,,,,,,,,,,,,,,,,,,,,,,,682.0,889.0,1025.0,1141.0,1251.0,1326.0,1384.0,1441.0,1474.0,1503.0,1526.0,1546.0,1562.0,1594.0,1610.0,1621.0,1625.0,1629.0,,1638.0,1641.0,1648.0,1651.0,1655.0,1659.0,1662.0,1665.0,1671.0,1674.0,1676.0,1677.0,1678.0,1679.0,1680.0,1681.0,1682.0,1684.0,1684.0,1686.0,1688.0,1688.0,1690.0,1691.0,1692.0,1691.0,1692.0,1693.0,1695.0,1696.0,1697.0,1697.0,1699.0,1700.0,1702.0,1703.0,1703.0,1706.0,1707.0,1708.0,1708.0,1708.0,1710.0,1710.0,1712.0,1714.0,1718.0,1718.0,1718.0,1718.0,1720.0,1720.0,1720.0,1721.0,1723.0,1723.0,1724.0,1725.0,1725.0,1725.0,1726.0,1728.0,1729.0,1729.0,1730.0,1731.0,1732.0,1736.0,1736.0,1738.0,1738.0,1740.0,1740.0,1740.0,1740.0,1741.0,1742.0,1742.0,1743.0,1744.0,1744.0,1744.0,1744.0,1745.0,1746.0,1748.0,1751.0,1752.0,1754.0,1753.0,1753.0,1755.0,1756.0,1755.0,1758.0,1758.0,1763.0,1770.0,1776.0,1778
EDxI7p2M8Xk,,,,,,,,,,,,,,,,,,,,,,,,,,,,,,,,,,,,,1473.0,2494.0,2793.0,3075.0,3168.0,3222.0,3256.0,3277.0,3290.0,3292.0,3293.0,3294.0,3297.0,3299.0,3301.0,3301.0,3303.0,,3308.0,3309.0,3310.0,3311.0,3310.0,3308.0,3310.0,3311.0,3311.0,3311.0,3310.0,3312.0,3312.0,3311.0,3310.0,3312.0,3312.0,3313.0,3310.0,3311.0,3311.0,3312.0,3312.0,3312.0,3312.0,3314.0,3314.0,3313.0,3313.0,3314.0,3315.0,3315.0,3315.0,3315.0,3315.0,3315.0,3316.0,3315.0,3316.0,3316.0,3316.0,3316.0,3317.0,3317.0,3319.0,3320.0,3320.0,3320.0,3323.0,3323.0,3323.0,3323.0,3323.0,3323.0,3323.0,3323.0,3323.0,3323.0,3323.0,3324.0,3325.0,3325.0,3323.0,3323.0,3323.0,3324.0,3325.0,3325.0,3325.0,3325.0,3324.0,3323.0,3323.0,3323.0,3322.0,3321.0,3321.0,3321.0,3321.0,3321.0,3321.0,3321.0,3322.0,3322.0,3322.0,3322.0,3322.0,3323.0,3323.0,3323.0,3324.0,3325.0,3325.0,3325.0,3325.0,3325.0,3325.0,3325.0,3325.0,3325
CRf5qcPd5a0,,,,,,,,,,,,,,,,,,,,,,,,,,,,,,,,,,,,,169.0,209.0,227.0,245.0,269.0,282.0,293.0,303.0,320.0,331.0,341.0,359.0,367.0,374.0,378.0,387.0,390.0,,393.0,398.0,401.0,403.0,405.0,406.0,408.0,410.0,412.0,416.0,420.0,426.0,430.0,433.0,436.0,441.0,444.0,446.0,449.0,449.0,453.0,454.0,454.0,455.0,457.0,459.0,460.0,462.0,462.0,462.0,462.0,465.0,464.0,469.0,472.0,475.0,487.0,520.0,535.0,545.0,557.0,570.0,576.0,581.0,590.0,596.0,605.0,609.0,616.0,628.0,635.0,641.0,649.0,652.0,658.0,664.0,665.0,668.0,673.0,673.0,676.0,677.0,683.0,686.0,688.0,691.0,694.0,696.0,695.0,697.0,703.0,708.0,709.0,714.0,716.0,722.0,723.0,725.0,731.0,732.0,733.0,734.0,737.0,743.0,745.0,752.0,754.0,756.0,759.0,760.0,763.0,768.0,775.0,778.0,783.0,784.0,784.0,787.0,789.0,792
1LYEVx1k0T0,,,,,,,,,,,,,,,,,,,,,,,,,,,,,,,,,,,,,4.0,8.0,12.0,17.0,17.0,23.0,27.0,28.0,31.0,35.0,37.0,39.0,43.0,44.0,45.0,46.0,51.0,,54.0,57.0,59.0,59.0,65.0,65.0,65.0,65.0,67.0,70.0,72.0,74.0,75.0,75.0,76.0,77.0,78.0,80.0,85.0,88.0,96.0,101.0,103.0,105.0,109.0,111.0,112.0,112.0,118.0,118.0,121.0,124.0,124.0,131.0,132.0,136.0,140.0,145.0,149.0,152.0,156.0,160.0,163.0,167.0,169.0,179.0,187.0,196.0,202.0,208.0,214.0,227.0,230.0,242.0,251.0,264.0,278.0,288.0,301.0,313.0,318.0,331.0,343.0,354.0,370.0,380.0,385.0,393.0,399.0,414.0,426.0,442.0,467.0,483.0,498.0,521.0,542.0,558.0,578.0,595.0,612.0,624.0,636.0,656.0,675.0,692.0,709.0,721.0,743.0,758.0,781.0,802.0,815.0,834.0,856.0,873.0,888.0,910.0,924.0,939
GD5AcHvkI2E,,,,,,,,,,,,,,,,,,,,,,,,,,,,,,,,,,,,,7.0,11.0,17.0,17.0,18.0,19.0,20.0,24.0,26.0,28.0,30.0,31.0,32.0,33.0,33.0,33.0,33.0,,35.0,36.0,36.0,37.0,37.0,37.0,37.0,38.0,38.0,38.0,38.0,38.0,38.0,38.0,39.0,39.0,39.0,39.0,40.0,41.0,41.0,41.0,41.0,41.0,41.0,41.0,41.0,41.0,42.0,42.0,44.0,44.0,44.0,44.0,45.0,45.0,45.0,45.0,45.0,45.0,45.0,45.0,45.0,45.0,45.0,45.0,45.0,45.0,45.0,45.0,45.0,45.0,45.0,45.0,45.0,45.0,45.0,45.0,45.0,45.0,45.0,45.0,45.0,45.0,45.0,45.0,45.0,45.0,45.0,45.0,45.0,45.0,45.0,45.0,45.0,45.0,45.0,45.0,45.0,45.0,45.0,45.0,45.0,45.0,45.0,45.0,45.0,45.0,45.0,45.0,45.0,45.0,45.0,45.0,45.0,45.0,45.0,45.0,45.0,45
0UPDBODtxzw,,,,,,,,,,,,,,,,,,,,,,,,,,,,,,,,,,,,,100222.0,170403.0,217772.0,238574.0,252763.0,263701.0,272449.0,279509.0,285311.0,289868.0,293549.0,296402.0,299007.0,301406.0,303867.0,306989.0,310022.0,,315988.0,318895.0,321992.0,326130.0,329760.0,333235.0,336393.0,339650.0,342939.0,346308.0,349982.0,354312.0,358481.0,362107.0,366413.0,371673.0,377437.0,383425.0,391573.0,399846.0,414541.0,421910.0,429351.0,437219.0,445431.0,454102.0,462874.0,471608.0,479745.0,487070.0,494108.0,501486.0,508695.0,515660.0,522343.0,529544.0,537356.0,544874.0,552558.0,559706.0,566435.0,572787.0,578970.0,585358.0,591834.0,598554.0,605056.0,611124.0,616981.0,622573.0,628520.0,634649.0,640601.0,646483.0,651536.0,656471.0,661232.0,665846.0,670639.0,675605.0,680451.0,684766.0,688809.0,692881.0,696750.0,700933.0,705173.0,709122.0,712653.0,716147.0,719851.0,723696.0,727916.0,732010.0,735786.0,739126.0,742265.0,745348.0,748554.0,751957.0,755301.0,758707.0,761612.0,764672.0,767602.0,770285.0,773269.0,776269.0,779310.0,781797.0,784269.0,787035.0,789691.0,792185.0,794743.0,797267.0,799489.0,801659.0,803920.0,806112
IOLNzfBSeBA,,,,,,,,,,,,,,,,,,,,,,,,,,,,,,,,,,,,,2.0,2.0,2.0,2.0,2.0,2.0,2.0,2.0,2.0,2.0,2.0,2.0,2.0,2.0,2.0,2.0,2.0,,2.0,2.0,2.0,2.0,2.0,2.0,2.0,2.0,2.0,2.0,2.0,2.0,2.0,2.0,2.0,2.0,2.0,2.0,2.0,2.0,2.0,2.0,2.0,2.0,2.0,2.0,2.0,2.0,2.0,2.0,2.0,2.0,2.0,2.0,2.0,2.0,2.0,2.0,2.0,2.0,2.0,2.0,2.0,2.0,2.0,2.0,2.0,2.0,2.0,2.0,2.0,2.0,2.0,2.0,2.0,2.0,2.0,2.0,2.0,2.0,2.0,2.0,2.0,2.0,2.0,2.0,2.0,2.0,2.0,2.0,2.0,2.0,2.0,2.0,2.0,2.0,2.0,2.0,2.0,2.0,2.0,2.0,2.0,2.0,2.0,2.0,2.0,2.0,2.0,2.0,2.0,2.0,2.0,2.0,2.0,2.0,2.0,2.0,2.0,2
WMgKm01lr2M,,,,,,,,,,,,,,,,,,,,,,,,,,,,,,,,,,,,,,52.0,57.0,59.0,63.0,63.0,63.0,65.0,65.0,66.0,66.0,67.0,67.0,68.0,68.0,68.0,68.0,,68.0,68.0,68.0,69.0,70.0,71.0,72.0,72.0,73.0,73.0,73.0,73.0,73.0,74.0,74.0,74.0,74.0,74.0,74.0,74.0,74.0,74.0,74.0,74.0,75.0,75.0,75.0,76.0,76.0,76.0,76.0,76.0,77.0,77.0,77.0,78.0,78.0,78.0,78.0,78.0,78.0,78.0,78.0,78.0,78.0,78.0,79.0,79.0,79.0,79.0,79.0,79.0,79.0,79.0,79.0,79.0,79.0,79.0,79.0,79.0,79.0,79.0,79.0,79.0,79.0,79.0,79.0,79.0,79.0,79.0,79.0,79.0,79.0,79.0,79.0,79.0,79.0,79.0,79.0,79.0,79.0,79.0,79.0,79.0,80.0,81.0,81.0,81.0,81.0,81.0,81.0,81.0,81.0,81.0,81.0,81.0,81.0,81.0,81.0,81
EzvhlgTNCbU,,,,,,,,,,,,,,,,,,,,,,,,,,,,,,,,,,,,,,27120.0,31128.0,36202.0,38007.0,39349.0,40301.0,40756.0,40992.0,41220.0,41375.0,41546.0,41744.0,42181.0,42402.0,42596.0,42802.0,,43261.0,43345.0,43429.0,43491.0,43566.0,43630.0,43678.0,43705.0,43734.0,43758.0,43789.0,43809.0,43825.0,43846.0,43863.0,43885.0,43900.0,43911.0,43922.0,43932.0,43947.0,43960.0,43970.0,43981.0,43994.0,44003.0,44009.0,44015.0,44033.0,44037.0,44050.0,44064.0,44077.0,44089.0,44096.0,44102.0,44108.0,44108.0,44118.0,44124.0,44138.0,44143.0,44161.0,44170.0,44179.0,44182.0,44189.0,44195.0,44202.0,44204.0,44205.0,44206.0,44206.0,44210.0,44212.0,44218.0,44223.0,44222.0,44222.0,44228.0,44233.0,44235.0,44237.0,44243.0,44248.0,44251.0,44251.0,44257.0,44256.0,44254.0,44257.0,44260.0,44262.0,44264.0,44267.0,44269.0,44271.0,44271.0,44268.0,44270.0,44269.0,44274.0,44279.0,44280.0,44283.0,44280.0,44284.0,44285.0,44292.0,44291.0,44293.0,44293.0,44293.0,44294.0,44294.0,44298.0,44301.0,44300.0,44303.0,44305
WXav5B0ppUo,,,,,,,,,,,,,,,,,,,,,,,,,,,,,,,,,,,,,,44419.0,52335.0,58010.0,58617.0,58930.0,59129.0,59255.0,59343.0,59419.0,59472.0,59538.0,59582.0,59624.0,59647.0,59704.0,59772.0,,59902.0,59932.0,59955.0,59965.0,59985.0,60001.0,60013.0,60023.0,60032.0,60040.0,60044.0,60054.0,60062.0,60072.0,60080.0,60093.0,60092.0,60106.0,60109.0,60127.0,60147.0,60159.0,60171.0,60178.0,60185.0,60187.0,60195.0,60199.0,60210.0,60210.0,60220.0,60234.0,60244.0,60249.0,60266.0,60275.0,60277.0,60288.0,60296.0,60308.0,60311.0,60320.0,60322.0,60330.0,60338.0,60345.0,60348.0,60348.0,60354.0,60359.0,60359.0,60364.0,60372.0,60379.0,60387.0,60396.0,60403.0,60409.0,60410.0,60415.0,60417.0,60428.0,60430.0,60429.0,60428.0,60435.0,60440.0,60436.0,60445.0,60446.0,60447.0,60448.0,60466.0,60473.0,60487.0,60483.0,60490.0,60498.0,60501.0,60507.0,60509.0,60513.0,60518.0,60524.0,60533.0,60535.0,60537.0,60550.0,60552.0,60561.0,60570.0,60575.0,60583.0,60588.0,60590.0,60594.0,60604.0,60608.0,60619.0,60624
WBAIQVnkMcE,,,,,,,,,,,,,,,,,,,,,,,,,,,,,,,,,,,,,,3067.0,3613.0,3894.0,4200.0,4378.0,4420.0,4442.0,4457.0,4468.0,4473.0,4477.0,4477.0,4479.0,4484.0,4484.0,4488.0,,4495.0,4496.0,4500.0,4500.0,4502.0,4502.0,4503.0,4501.0,4504.0,4504.0,4505.0,4507.0,4508.0,4509.0,4509.0,4511.0,4511.0,4511.0,4512.0,4513.0,4513.0,4513.0,4514.0,4513.0,4515.0,4515.0,4516.0,4516.0,4516.0,4516.0,4516.0,4517.0,4521.0,4527.0,4533.0,4533.0,4538.0,4541.0,4543.0,4544.0,4546.0,4549.0,4549.0,4550.0,4552.0,4553.0,4555.0,4555.0,4555.0,4555.0,4555.0,4555.0,4554.0,4554.0,4554.0,4554.0,4554.0,4555.0,4555.0,4558.0,4559.0,4559.0,4561.0,4561.0,4560.0,4561.0,4562.0,4563.0,4564.0,4563.0,4563.0,4562.0,4562.0,4562.0,4562.0,4560.0,4561.0,4562.0,4561.0,4561.0,4561.0,4559.0,4559.0,4559.0,4560.0,4559.0,4560.0,4560.0,4561.0,4561.0,4562.0,4562.0,4562.0,4562.0,4562.0,4563.0,4563.0,4563.0,4563.0,4563
D6wqZefJCDo,,,,,,,,,,,,,,,,,,,,,,,,,,,,,,,,,,,,,,3120.0,3151.0,3166.0,3185.0,3219.0,3246.0,3260.0,3278.0,3295.0,3314.0,3326.0,3344.0,3351.0,3366.0,3376.0,3380.0,,3393.0,3398.0,3411.0,3429.0,3437.0,3445.0,3453.0,3458.0,3465.0,3469.0,3475.0,3481.0,3484.0,3493.0,3500.0,3502.0,3505.0,3509.0,3514.0,3517.0,3521.0,3522.0,3522.0,3522.0,3524.0,3524.0,3525.0,3526.0,3527.0,3527.0,3526.0,3526.0,3524.0,3524.0,3524.0,3524.0,3523.0,3523.0,3523.0,3523.0,3523.0,3523.0,3524.0,3524.0,3524.0,3524.0,3525.0,3525.0,3525.0,3525.0,3526.0,3526.0,3527.0,3527.0,3527.0,3527.0,3527.0,3527.0,3527.0,3527.0,3527.0,3527.0,3527.0,3527.0,3527.0,3527.0,3526.0,3525.0,3525.0,3525.0,3525.0,3524.0,3524.0,3524.0,3524.0,3524.0,3524.0,3524.0,3524.0,3524.0,3524.0,3524.0,3524.0,3524.0,3524.0,3524.0,3525.0,3525.0,3525.0,3525.0,3525.0,3525.0,3524.0,3524.0,3524.0,3524.0,3524.0,3523.0,3523.0,3523
5m97c9Hit7g,,,,,,,,,,,,,,,,,,,,,,,,,,,,,,,,,,,,,,955.0,997.0,1014.0,1040.0,1056.0,1081.0,1148.0,1169.0,1175.0,1174.0,1174.0,1180.0,1183.0,1187.0,1192.0,1192.0,,1196.0,1196.0,1194.0,1193.0,1194.0,1194.0,1195.0,1195.0,1196.0,1196.0,1196.0,1196.0,1196.0,1196.0,1196.0,1197.0,1197.0,1197.0,1196.0,1196.0,1196.0,1196.0,1198.0,1198.0,1198.0,1198.0,1198.0,1198.0,1198.0,1198.0,1198.0,1198.0,1199.0,1199.0,1199.0,1199.0,1199.0,1199.0,1199.0,1199.0,1200.0,1200.0,1202.0,1202.0,1202.0,1202.0,1202.0,1202.0,1202.0,1202.0,1202.0,1202.0,1202.0,1202.0,1202.0,1202.0,1202.0,1202.0,1202.0,1202.0,1202.0,1202.0,1203.0,1203.0,1203.0,1203.0,1203.0,1203.0,1203.0,1203.0,1203.0,1203.0,1203.0,1203.0,1203.0,1203.0,1203.0,1203.0,1203.0,1203.0,1203.0,1203.0,1203.0,1203.0,1203.0,1203.0,1203.0,1203.0,1203.0,1203.0,1204.0,1204.0,1204.0,1204.0,1204.0,1204.0,1203.0,1203.0,1203.0,1204
3KxiGwS2Ons,,,,,,,,,,,,,,,,,,,,,,,,,,,,,,,,,,,,,,16.0,19.0,24.0,37.0,40.0,42.0,45.0,47.0,48.0,51.0,51.0,53.0,52.0,55.0,56.0,57.0,,60.0,61.0,63.0,63.0,63.0,64.0,65.0,65.0,66.0,67.0,67.0,68.0,68.0,69.0,74.0,75.0,75.0,76.0,79.0,77.0,80.0,82.0,82.0,82.0,82.0,82.0,82.0,83.0,84.0,84.0,84.0,85.0,85.0,85.0,85.0,85.0,88.0,88.0,88.0,88.0,88.0,89.0,88.0,89.0,89.0,89.0,89.0,91.0,91.0,93.0,93.0,94.0,96.0,97.0,97.0,98.0,99.0,100.0,100.0,100.0,100.0,100.0,100.0,101.0,99.0,99.0,99.0,99.0,99.0,100.0,100.0,100.0,100.0,100.0,100.0,101.0,104.0,104.0,104.0,104.0,104.0,104.0,103.0,104.0,104.0,104.0,104.0,104.0,104.0,104.0,104.0,104.0,104.0,105.0,105.0,105.0,105.0,106.0,105.0,105
slHHlZN3N0w,,,,,,,,,,,,,,,,,,,,,,,,,,,,,,,,,,,,,,,1083.0,1154.0,1177.0,1183.0,1190.0,1205.0,1209.0,1211.0,1212.0,1215.0,1215.0,1217.0,1219.0,1224.0,1226.0,,1229.0,1230.0,1231.0,1232.0,1232.0,1232.0,1233.0,1234.0,1236.0,1238.0,1240.0,1241.0,1241.0,1241.0,1242.0,1243.0,1244.0,1246.0,1245.0,1246.0,1245.0,1245.0,1244.0,1244.0,1245.0,1245.0,1245.0,1245.0,1245.0,1246.0,1247.0,1247.0,1247.0,1247.0,1247.0,1247.0,1248.0,1250.0,1250.0,1250.0,1250.0,1250.0,1249.0,1250.0,1250.0,1249.0,1250.0,1250.0,1250.0,1250.0,1249.0,1249.0,1249.0,1249.0,1250.0,1250.0,1250.0,1250.0,1250.0,1250.0,1251.0,1251.0,1252.0,1251.0,1251.0,1252.0,1252.0,1252.0,1252.0,1252.0,1252.0,1252.0,1252.0,1252.0,1252.0,1252.0,1252.0,1252.0,1252.0,1252.0,1252.0,1252.0,1252.0,1252.0,1252.0,1251.0,1251.0,1251.0,1251.0,1251.0,1252.0,1251.0,1250.0,1250.0,1250.0,1251.0,1250.0,1250.0,1250.0,1251
bRzo1UMw7YI,,,,,,,,,,,,,,,,,,,,,,,,,,,,,,,,,,,,,,,1929.0,1973.0,2003.0,2040.0,2098.0,2117.0,2142.0,2189.0,2234.0,2287.0,2336.0,2377.0,2415.0,2446.0,2477.0,,2515.0,2525.0,2542.0,2552.0,2565.0,2572.0,2578.0,2583.0,2591.0,2594.0,2593.0,2594.0,2597.0,2603.0,2602.0,2607.0,2612.0,2616.0,2628.0,2638.0,2650.0,2657.0,2661.0,2663.0,2668.0,2671.0,2674.0,2672.0,2673.0,2675.0,2677.0,2679.0,2683.0,2684.0,2686.0,2689.0,2689.0,2689.0,2693.0,2694.0,2695.0,2695.0,2695.0,2695.0,2694.0,2694.0,2694.0,2694.0,2694.0,2694.0,2694.0,2694.0,2693.0,2693.0,2693.0,2693.0,2692.0,2692.0,2692.0,2692.0,2692.0,2691.0,2691.0,2691.0,2691.0,2691.0,2691.0,2691.0,2691.0,2691.0,2691.0,2691.0,2692.0,2692.0,2692.0,2691.0,2692.0,2692.0,2692.0,2692.0,2692.0,2692.0,2692.0,2692.0,2692.0,2692.0,2692.0,2692.0,2692.0,2692.0,2692.0,2692.0,2692.0,2691.0,2691.0,2691.0,2691.0,2691.0,2691.0,2691
Vufz0kX5L3g,,,,,,,,,,,,,,,,,,,,,,,,,,,,,,,,,,,,,,,722.0,739.0,750.0,768.0,782.0,791.0,802.0,809.0,822.0,828.0,835.0,841.0,850.0,853.0,859.0,,863.0,864.0,868.0,872.0,876.0,879.0,881.0,882.0,884.0,887.0,889.0,889.0,891.0,893.0,894.0,897.0,901.0,902.0,902.0,905.0,911.0,914.0,916.0,918.0,921.0,921.0,921.0,922.0,922.0,923.0,926.0,927.0,928.0,930.0,929.0,931.0,934.0,934.0,935.0,935.0,936.0,938.0,940.0,940.0,941.0,944.0,947.0,948.0,951.0,952.0,952.0,954.0,955.0,956.0,957.0,957.0,958.0,959.0,963.0,964.0,967.0,967.0,969.0,972.0,975.0,978.0,979.0,983.0,986.0,987.0,991.0,993.0,996.0,997.0,1001.0,1006.0,1007.0,1008.0,1011.0,1016.0,1018.0,1018.0,1021.0,1022.0,1025.0,1027.0,1029.0,1032.0,1034.0,1037.0,1039.0,1042.0,1045.0,1046.0,1048.0,1052.0,1054.0,1056.0,1055.0,1057
N_sjonH-j9Y,,,,,,,,,,,,,,,,,,,,,,,,,,,,,,,,,,,,,,,1280.0,1670.0,1871.0,2150.0,2244.0,2287.0,2311.0,2330.0,2348.0,2354.0,2367.0,2374.0,2379.0,2388.0,2400.0,,2415.0,2417.0,2420.0,2421.0,2421.0,2422.0,2422.0,2423.0,2424.0,2425.0,2426.0,2426.0,2427.0,2430.0,2430.0,2429.0,2429.0,2429.0,2429.0,2428.0,2430.0,2432.0,2432.0,2432.0,2431.0,2431.0,2432.0,2432.0,2432.0,2432.0,2434.0,2435.0,2436.0,2436.0,2436.0,2436.0,2436.0,2436.0,2436.0,2436.0,2436.0,2436.0,2436.0,2436.0,2436.0,2435.0,2435.0,2436.0,2436.0,2436.0,2436.0,2437.0,2438.0,2438.0,2438.0,2438.0,2438.0,2439.0,2439.0,2439.0,2439.0,2439.0,2439.0,2440.0,2441.0,2441.0,2441.0,2441.0,2441.0,2441.0,2441.0,2441.0,2441.0,2440.0,2441.0,2442.0,2442.0,2442.0,2443.0,2445.0,2446.0,2447.0,2448.0,2449.0,2452.0,2452.0,2452.0,2452.0,2452.0,2452.0,2452.0,2453.0,2453.0,2452.0,2451.0,2451.0,2451.0,2451.0,2451.0,2451
J3WxAEN2Ow4,,,,,,,,,,,,,,,,,,,,,,,,,,,,,,,,,,,,,,,,,,,,,,,,,,,,,,,,,,,,,,,,,,,,,,,,,,,,,,,,,,,,,,,,,,,,,,,,,,,,,,,,,,,,,,,,,,,,,,,,,,,,,,,,,,,,,,,,,,,,,,,,,,,,,,,,,,
PQCcR2mrABw,,,,,,,,,,,,,,,,,,,,,,,,,,,,,,,,,,,,,,,,,,,,,,,,,,,,,,,298.0,299.0,299.0,300.0,300.0,302.0,302.0,302.0,302.0,302.0,304.0,304.0,304.0,304.0,304.0,304.0,305.0,306.0,306.0,306.0,306.0,307.0,307.0,307.0,307.0,308.0,308.0,308.0,308.0,308.0,308.0,308.0,308.0,308.0,308.0,309.0,309.0,309.0,309.0,309.0,309.0,309.0,309.0,309.0,309.0,309.0,309.0,309.0,309.0,309.0,309.0,309.0,309.0,309.0,310.0,310.0,310.0,310.0,311.0,311.0,311.0,311.0,312.0,312.0,312.0,312.0,313.0,313.0,313.0,314.0,314.0,314.0,314.0,314.0,314.0,314.0,314.0,315.0,315.0,315.0,315.0,315.0,315.0,315.0,315.0,315.0,315.0,315.0,315.0,315.0,315.0,315.0,315.0,315.0,315.0,315.0,315.0,315.0,315.0,315
Lr-7BBhUJio,,,,,,,,,,,,,,,,,,,,,,,,,,,,,,,,,,,,,,,,,,,,,,,,,,,,,,,745.0,750.0,755.0,755.0,756.0,757.0,761.0,761.0,761.0,762.0,762.0,762.0,761.0,761.0,761.0,761.0,764.0,765.0,767.0,769.0,769.0,769.0,770.0,771.0,771.0,773.0,775.0,775.0,776.0,777.0,777.0,777.0,777.0,777.0,777.0,777.0,777.0,778.0,780.0,780.0,780.0,780.0,779.0,779.0,779.0,779.0,780.0,780.0,780.0,780.0,780.0,781.0,781.0,781.0,781.0,781.0,782.0,782.0,782.0,783.0,783.0,783.0,783.0,784.0,785.0,785.0,785.0,785.0,784.0,784.0,784.0,785.0,785.0,785.0,785.0,785.0,785.0,786.0,787.0,786.0,786.0,787.0,787.0,786.0,786.0,786.0,786.0,786.0,786.0,787.0,787.0,787.0,787.0,788.0,788.0,789.0,789.0,789.0,789.0,789
P8VVnopM610,,,,,,,,,,,,,,,,,,,,,,,,,,,,,,,,,,,,,,,,,,,,,,,,,,,,,,,255855.0,256118.0,256415.0,256676.0,256953.0,257190.0,257379.0,257575.0,257788.0,257979.0,258190.0,258428.0,258690.0,258921.0,259158.0,259393.0,259671.0,259919.0,260228.0,260551.0,261291.0,261605.0,261924.0,262237.0,262506.0,262809.0,263060.0,263290.0,263553.0,263816.0,264065.0,264315.0,264571.0,264797.0,265029.0,265248.0,265492.0,265712.0,265961.0,266194.0,266403.0,266618.0,266783.0,266979.0,267160.0,267361.0,267562.0,267746.0,267931.0,268088.0,268255.0,268403.0,268557.0,268724.0,268876.0,269019.0,269188.0,269351.0,269479.0,269641.0,269805.0,269965.0,270106.0,270260.0,270390.0,270532.0,270660.0,270807.0,270970.0,271114.0,271240.0,271331.0,271463.0,271610.0,271779.0,271954.0,272117.0,272250.0,272383.0,272509.0,272658.0,272801.0,272958.0,273089.0,273249.0,273374.0,273517.0,273700.0,273887.0,274027.0,274315.0,274619.0,274842.0,275056.0,275220.0,275423.0,275608.0,275721.0,275888.0,276014
y2os26sMjOg,,,,,,,,,,,,,,,,,,,,,,,,,,,,,,,,,,,,,,,,,,,,,,,,,,,,,,,117555.0,117690.0,117794.0,117912.0,118053.0,118189.0,118320.0,118406.0,118528.0,118628.0,118733.0,118843.0,118962.0,119072.0,119159.0,119247.0,119337.0,119460.0,119569.0,119684.0,119872.0,119965.0,120059.0,120154.0,120240.0,120348.0,120455.0,120547.0,120638.0,120702.0,120782.0,120875.0,120940.0,121020.0,121123.0,121238.0,121335.0,121430.0,121530.0,121621.0,121727.0,121826.0,121893.0,121989.0,122079.0,122165.0,122242.0,122307.0,122375.0,122443.0,122510.0,122594.0,122680.0,122785.0,122856.0,122921.0,122986.0,123046.0,123117.0,123177.0,123242.0,123308.0,123364.0,123425.0,123480.0,123558.0,123609.0,123664.0,123740.0,123794.0,123860.0,123911.0,123972.0,124029.0,124068.0,124115.0,124154.0,124215.0,124261.0,124319.0,124391.0,124513.0,124583.0,124660.0,124739.0,124794.0,124858.0,124929.0,125004.0,125072.0,125136.0,125180.0,125229.0,125291.0,125336.0,125390.0,125448.0,125496.0,125558.0,125615
ND5FhEsjVUk,,,,,,,,,,,,,,,,,,,,,,,,,,,,,,,,,,,,,,,,,,,,,,,,,,,,,,,30097.0,30131.0,30181.0,30218.0,30255.0,30296.0,30355.0,30394.0,30434.0,30537.0,30606.0,30645.0,30692.0,30738.0,30776.0,30854.0,30900.0,30948.0,30978.0,31031.0,31093.0,31141.0,31165.0,31197.0,31239.0,31275.0,31305.0,31321.0,31354.0,31387.0,31418.0,31463.0,31504.0,31548.0,31581.0,31618.0,31659.0,31700.0,31746.0,31802.0,31845.0,31890.0,31926.0,31963.0,32011.0,32040.0,32082.0,32123.0,32164.0,32194.0,32222.0,32251.0,32293.0,32342.0,32393.0,32429.0,32466.0,32511.0,32555.0,32597.0,32617.0,32658.0,32691.0,32721.0,32745.0,32775.0,32811.0,32847.0,32877.0,32909.0,32936.0,32967.0,32994.0,33021.0,33041.0,33084.0,33113.0,33142.0,33158.0,33181.0,33208.0,33237.0,33267.0,33288.0,33310.0,33330.0,33360.0,33396.0,33419.0,33439.0,33466.0,33478.0,33510.0,33537.0,33563.0,33586.0,33616.0,33638.0,33657.0,33676
R6e4tBWxIxE,,,,,,,,,,,,,,,,,,,,,,,,,,,,,,,,,,,,,,,,,,,,,,,,,,,,,,,832737.0,834420.0,835978.0,837636.0,839422.0,841059.0,842422.0,843758.0,845063.0,846392.0,847731.0,849194.0,850667.0,851716.0,853560.0,856405.0,859003.0,861330.0,863802.0,866307.0,869924.0,871583.0,873241.0,875295.0,877073.0,878614.0,879885.0,881184.0,882479.0,883674.0,884757.0,886000.0,887128.0,888111.0,889062.0,890128.0,891435.0,892608.0,893774.0,894793.0,895686.0,896691.0,897803.0,898837.0,899962.0,901042.0,902075.0,903007.0,903879.0,904739.0,905562.0,906390.0,907216.0,908084.0,908821.0,909607.0,910345.0,911161.0,911966.0,912871.0,913835.0,914554.0,915203.0,915862.0,916533.0,917368.0,918263.0,919053.0,919819.0,920531.0,921157.0,921774.0,922507.0,923277.0,924018.0,924640.0,925276.0,925968.0,926607.0,927239.0,927902.0,928515.0,929087.0,929688.0,930316.0,930841.0,931517.0,932262.0,933019.0,933679.0,934274.0,934923.0,935554.0,936119.0,936811.0,937507.0,938103.0,938603.0,939082.0,939726
yRTwoFiqQHY,,,,,,,,,,,,,,,,,,,,,,,,,,,,,,,,,,,,,,,,,,,,,,,,,,,,,,,1073.0,1073.0,1073.0,1073.0,1073.0,1073.0,1074.0,1074.0,1074.0,1074.0,1075.0,1075.0,1075.0,1075.0,1075.0,1075.0,1076.0,1077.0,1077.0,1077.0,1077.0,1078.0,1077.0,1078.0,1078.0,1078.0,1078.0,1079.0,1079.0,1080.0,1081.0,1082.0,1082.0,1082.0,1082.0,1082.0,1082.0,1082.0,1083.0,1084.0,1084.0,1084.0,1083.0,1083.0,1084.0,1086.0,1086.0,1086.0,1088.0,1088.0,1088.0,1088.0,1088.0,1088.0,1089.0,1089.0,1089.0,1089.0,1090.0,1090.0,1090.0,1091.0,1092.0,1092.0,1093.0,1094.0,1095.0,1095.0,1095.0,1096.0,1098.0,1098.0,1099.0,1099.0,1099.0,1097.0,1097.0,1098.0,1098.0,1098.0,1100.0,1100.0,1099.0,1099.0,1099.0,1099.0,1099.0,1099.0,1099.0,1100.0,1100.0,1100.0,1100.0,1102.0,1102.0,1102.0,1103.0,1103.0,1103.0,1104
_UiZ-Uuw1ro,,,,,,,,,,,,,,,,,,,,,,,,,,,,,,,,,,,,,,,,,,,,,,,,,,,,,,,9338.0,9377.0,9416.0,9453.0,9492.0,9519.0,9549.0,9592.0,9622.0,9656.0,9714.0,9763.0,9798.0,9837.0,9896.0,9970.0,10039.0,10124.0,10250.0,10379.0,10647.0,10761.0,10904.0,10986.0,11034.0,11086.0,11153.0,11198.0,11234.0,11277.0,11337.0,11389.0,11418.0,11458.0,11508.0,11555.0,11607.0,11660.0,11703.0,11743.0,11796.0,11853.0,11886.0,11921.0,11967.0,11996.0,12021.0,12048.0,12076.0,12109.0,12147.0,12182.0,12210.0,12231.0,12260.0,12283.0,12312.0,12338.0,12368.0,12388.0,12409.0,12425.0,12447.0,12471.0,12494.0,12518.0,12545.0,12565.0,12585.0,12605.0,12624.0,12650.0,12670.0,12692.0,12718.0,12746.0,12767.0,12792.0,12825.0,12846.0,12867.0,12878.0,12911.0,12937.0,12955.0,12971.0,13001.0,13025.0,13045.0,13064.0,13080.0,13106.0,13125.0,13140.0,13152.0,13163.0,13190.0,13213.0,13238.0,13257
-01oDwXKSuE,,,,,,,,,,,,,,,,,,,,,,,,,,,,,,,,,,,,,,,,,,,,,,,,,,,,,,,258429.0,258782.0,259101.0,259440.0,259816.0,260200.0,260506.0,260842.0,261110.0,261452.0,261784.0,262140.0,262468.0,262768.0,263001.0,263264.0,263539.0,263811.0,264131.0,264450.0,264982.0,265225.0,265516.0,265848.0,266157.0,266428.0,266661.0,266902.0,267197.0,267440.0,267671.0,267897.0,268119.0,268348.0,268595.0,268800.0,269097.0,269302.0,269550.0,269795.0,270002.0,270201.0,270457.0,270683.0,270941.0,271181.0,271403.0,271608.0,271776.0,271902.0,272063.0,272258.0,272430.0,272620.0,272774.0,272910.0,273046.0,273189.0,273329.0,273509.0,273670.0,273819.0,273960.0,274114.0,274293.0,274531.0,274768.0,275020.0,275197.0,275368.0,275557.0,275679.0,275838.0,275973.0,276152.0,276275.0,276404.0,276573.0,276712.0,276865.0,277018.0,277130.0,277264.0,277405.0,277544.0,277653.0,277811.0,277968.0,278162.0,278313.0,278441.0,278583.0,278726.0,278850.0,278998.0,279182.0,279315.0,279459.0,279591.0,279728
5q9EjSUovc4,,,,,,,,,,,,,,,,,,,,,,,,,,,,,,,,,,,,,,,,,,,,,,,,,,,,,,,490352.0,491823.0,493257.0,494718.0,496354.0,497990.0,499272.0,500466.0,501660.0,502844.0,504056.0,505484.0,506833.0,507864.0,508716.0,509525.0,510281.0,511198.0,512369.0,513563.0,515467.0,516426.0,517455.0,518483.0,519662.0,520915.0,521964.0,522995.0,524041.0,525039.0,526201.0,527569.0,528755.0,529812.0,530811.0,531957.0,533129.0,534411.0,535416.0,536608.0,537729.0,538859.0,539962.0,541192.0,543033.0,544406.0,545828.0,546996.0,548067.0,549070.0,550173.0,551286.0,552574.0,553929.0,554964.0,555800.0,556584.0,557447.0,558255.0,559291.0,560391.0,561188.0,561912.0,562678.0,563431.0,564424.0,565444.0,566368.0,567183.0,567875.0,568623.0,569230.0,570000.0,571039.0,572016.0,572672.0,573382.0,574079.0,574870.0,575699.0,576696.0,577486.0,578255.0,578977.0,579734.0,580408.0,581257.0,582269.0,583324.0,584153.0,584874.0,585630.0,586347.0,587032.0,587923.0,588793.0,589558.0,590102.0,590860.0,591586
GFRu5ea_klk,,,,,,,,,,,,,,,,,,,,,,,,,,,,,,,,,,,,,,,,,,,,,,,,,,,,,,,331991.0,333508.0,334828.0,336275.0,337813.0,339252.0,340557.0,341827.0,343104.0,344300.0,345474.0,346862.0,348223.0,349447.0,350527.0,351608.0,352842.0,354156.0,355641.0,357152.0,359739.0,361053.0,362310.0,363720.0,364960.0,366242.0,367441.0,368720.0,370120.0,371478.0,372708.0,374028.0,375332.0,376489.0,377621.0,378747.0,379978.0,381281.0,382647.0,383963.0,385135.0,386267.0,387470.0,388633.0,389664.0,390756.0,391839.0,392879.0,393823.0,394854.0,395932.0,396962.0,398050.0,399380.0,400756.0,402117.0,403415.0,404682.0,405832.0,406967.0,408232.0,409256.0,410120.0,411053.0,412036.0,413106.0,414252.0,415287.0,416340.0,417342.0,418253.0,419087.0,419935.0,420969.0,421933.0,423077.0,424248.0,425187.0,426129.0,427100.0,428028.0,428921.0,429846.0,430657.0,431410.0,432145.0,432998.0,433843.0,434733.0,435491.0,436085.0,436769.0,437455.0,438207.0,438927.0,439728.0,440468.0,441055.0,441696.0,442358
kDvjltW21ag,,,,,,,,,,,,,,,,,,,,,,,,,,,,,,,,,,,,,,,,,,,,,,,,,,,,,,,8759.0,8761.0,8762.0,8767.0,8770.0,8772.0,8774.0,8775.0,8779.0,8780.0,8782.0,8785.0,8785.0,8788.0,8789.0,8790.0,8792.0,8797.0,8798.0,8799.0,8810.0,8816.0,8819.0,8822.0,8823.0,8824.0,8824.0,8823.0,8821.0,8823.0,8827.0,8832.0,8834.0,8836.0,8837.0,8841.0,8842.0,8841.0,8839.0,8840.0,8844.0,8843.0,8844.0,8842.0,8842.0,8842.0,8842.0,8844.0,8845.0,8843.0,8842.0,8842.0,8844.0,8848.0,8852.0,8852.0,8852.0,8854.0,8855.0,8860.0,8860.0,8862.0,8860.0,8861.0,8859.0,8860.0,8861.0,8860.0,8859.0,8858.0,8857.0,8857.0,8857.0,8856.0,8856.0,8856.0,8855.0,8856.0,8857.0,8858.0,8858.0,8858.0,8861.0,8862.0,8862.0,8864.0,8863.0,8862.0,8863.0,8862.0,8863.0,8862.0,8864.0,8865.0,8870.0,8869.0,8869.0,8867.0,8867.0,8868
LVw93DLIE78,,,,,,,,,,,,,,,,,,,,,,,,,,,,,,,,,,,,,,,,,,,,,,,,,,,,,,,8750.0,8757.0,8776.0,8784.0,8788.0,8803.0,8814.0,8825.0,8836.0,8847.0,8852.0,8863.0,8872.0,8878.0,8890.0,8900.0,8907.0,8913.0,8922.0,8930.0,8948.0,8957.0,8961.0,8970.0,8969.0,8976.0,8978.0,8975.0,8978.0,8988.0,8989.0,8995.0,9004.0,9009.0,9014.0,9017.0,9022.0,9024.0,9023.0,9029.0,9034.0,9038.0,9044.0,9047.0,9050.0,9048.0,9049.0,9054.0,9058.0,9064.0,9065.0,9071.0,9077.0,9081.0,9082.0,9087.0,9089.0,9090.0,9093.0,9098.0,9102.0,9105.0,9111.0,9118.0,9130.0,9135.0,9134.0,9142.0,9144.0,9146.0,9148.0,9151.0,9151.0,9158.0,9159.0,9162.0,9163.0,9170.0,9175.0,9183.0,9185.0,9191.0,9192.0,9196.0,9195.0,9193.0,9194.0,9200.0,9203.0,9205.0,9207.0,9209.0,9211.0,9211.0,9212.0,9214.0,9217.0,9218.0,9217.0,9224
yfKBI5l81-A,,,,,,,,,,,,,,,,,,,,,,,,,,,,,,,,,,,,,,,,,,,,,,,,,,,,,,,57469.0,58322.0,58988.0,59682.0,60228.0,60650.0,60978.0,61277.0,61557.0,61808.0,62050.0,62281.0,62542.0,62729.0,62933.0,63126.0,63292.0,63515.0,63769.0,63967.0,64313.0,64506.0,64748.0,64981.0,65191.0,65416.0,65608.0,65764.0,65897.0,66033.0,66128.0,66249.0,66358.0,66461.0,66565.0,66655.0,66755.0,66850.0,66952.0,67029.0,67102.0,67192.0,67259.0,67337.0,67419.0,67492.0,67575.0,67671.0,67732.0,67808.0,67904.0,67993.0,68080.0,68155.0,68219.0,68279.0,68381.0,68448.0,68501.0,68554.0,68609.0,68659.0,68719.0,68776.0,68814.0,68871.0,68942.0,69003.0,69058.0,69098.0,69152.0,69186.0,69229.0,69269.0,69317.0,69371.0,69420.0,69471.0,69511.0,69550.0,69600.0,69633.0,69687.0,69739.0,69781.0,69814.0,69853.0,69893.0,69944.0,69986.0,70020.0,70060.0,70098.0,70147.0,70185.0,70236.0,70276.0,70307.0,70358.0,70393
udOf9JGMA7U,,,,,,,,,,,,,,,,,,,,,,,,,,,,,,,,,,,,,,,,,,,,,,,,,,,,,,,10778.0,10831.0,10883.0,10920.0,10975.0,11004.0,11037.0,11056.0,11084.0,11108.0,11143.0,11173.0,11201.0,11225.0,11248.0,11267.0,11291.0,11309.0,11332.0,11351.0,11384.0,11397.0,11407.0,11414.0,11423.0,11438.0,11448.0,11462.0,11473.0,11488.0,11505.0,11518.0,11523.0,11531.0,11542.0,11553.0,11567.0,11578.0,11589.0,11597.0,11603.0,11608.0,11616.0,11634.0,11649.0,11666.0,11672.0,11679.0,11688.0,11695.0,11700.0,11702.0,11711.0,11713.0,11721.0,11728.0,11734.0,11740.0,11744.0,11746.0,11751.0,11760.0,11766.0,11769.0,11776.0,11781.0,11784.0,11787.0,11791.0,11799.0,11802.0,11803.0,11807.0,11812.0,11818.0,11822.0,11824.0,11831.0,11831.0,11835.0,11839.0,11843.0,11850.0,11854.0,11856.0,11860.0,11863.0,11867.0,11873.0,11877.0,11882.0,11885.0,11889.0,11891.0,11891.0,11895.0,11898.0,11901.0,11909.0,11912
F8YTLNrg8nE,,,,,,,,,,,,,,,,,,,,,,,,,,,,,,,,,,,,,,,,,,,,,,,,,,,,,,,378.0,379.0,381.0,382.0,386.0,387.0,390.0,390.0,390.0,391.0,391.0,391.0,395.0,398.0,397.0,399.0,399.0,400.0,400.0,401.0,402.0,403.0,403.0,405.0,405.0,406.0,407.0,407.0,408.0,408.0,408.0,409.0,410.0,411.0,412.0,412.0,412.0,412.0,413.0,413.0,415.0,415.0,416.0,417.0,417.0,420.0,422.0,424.0,425.0,425.0,426.0,426.0,427.0,427.0,427.0,427.0,427.0,427.0,428.0,428.0,428.0,427.0,427.0,429.0,428.0,429.0,429.0,430.0,431.0,432.0,432.0,432.0,432.0,432.0,433.0,432.0,433.0,433.0,434.0,436.0,436.0,437.0,437.0,437.0,437.0,438.0,440.0,441.0,440.0,440.0,441.0,442.0,442.0,442.0,442.0,442.0,442.0,442.0,442.0,442
rjQFemcplN8,,,,,,,,,,,,,,,,,,,,,,,,,,,,,,,,,,,,,,,,,,,,,,,,,,,,,,,53.0,53.0,53.0,54.0,54.0,54.0,54.0,54.0,54.0,55.0,55.0,55.0,55.0,55.0,55.0,55.0,55.0,55.0,55.0,55.0,55.0,55.0,55.0,55.0,55.0,55.0,55.0,55.0,55.0,55.0,55.0,55.0,55.0,55.0,55.0,55.0,55.0,55.0,55.0,55.0,55.0,55.0,55.0,55.0,55.0,55.0,55.0,55.0,55.0,55.0,55.0,55.0,56.0,56.0,56.0,56.0,56.0,56.0,56.0,56.0,56.0,56.0,56.0,56.0,56.0,56.0,56.0,56.0,56.0,56.0,56.0,56.0,56.0,56.0,56.0,56.0,56.0,56.0,56.0,56.0,56.0,56.0,56.0,56.0,56.0,56.0,56.0,56.0,56.0,56.0,56.0,56.0,56.0,56.0,56.0,56.0,56.0,56.0,56.0,56
z_ss4Yf-VZ4,,,,,,,,,,,,,,,,,,,,,,,,,,,,,,,,,,,,,,,,,,,,,,,,,,,,,,,1939.0,1946.0,1951.0,1957.0,1959.0,1968.0,1972.0,1977.0,1979.0,1980.0,1985.0,1988.0,1994.0,1998.0,1999.0,2000.0,2004.0,2010.0,2013.0,2015.0,2022.0,2023.0,2024.0,2028.0,2034.0,2043.0,2047.0,2048.0,2051.0,2050.0,2055.0,2057.0,2061.0,2065.0,2068.0,2072.0,2074.0,2078.0,2079.0,2085.0,2086.0,2090.0,2090.0,2090.0,2091.0,2094.0,2096.0,2098.0,2099.0,2101.0,2107.0,2111.0,2114.0,2115.0,2115.0,2118.0,2118.0,2122.0,2122.0,2122.0,2125.0,2126.0,2128.0,2128.0,2129.0,2130.0,2133.0,2134.0,2134.0,2136.0,2138.0,2140.0,2141.0,2145.0,2148.0,2151.0,2151.0,2155.0,2158.0,2160.0,2164.0,2168.0,2168.0,2168.0,2168.0,2169.0,2170.0,2175.0,2176.0,2178.0,2179.0,2179.0,2183.0,2184.0,2189.0,2190.0,2192.0,2194.0,2195.0,2195
fg-6jkI8B6M,,,,,,,,,,,,,,,,,,,,,,,,,,,,,,,,,,,,,,,,,,,,,,,,,,,,,,,72.0,72.0,72.0,72.0,72.0,72.0,72.0,72.0,72.0,72.0,72.0,72.0,72.0,72.0,72.0,72.0,72.0,72.0,72.0,72.0,73.0,73.0,73.0,73.0,73.0,73.0,73.0,73.0,73.0,73.0,73.0,73.0,73.0,73.0,73.0,73.0,73.0,74.0,74.0,74.0,76.0,77.0,77.0,77.0,77.0,77.0,77.0,77.0,77.0,77.0,77.0,77.0,77.0,77.0,77.0,77.0,77.0,77.0,77.0,77.0,77.0,77.0,77.0,77.0,77.0,77.0,77.0,77.0,77.0,77.0,77.0,77.0,77.0,77.0,77.0,77.0,77.0,77.0,77.0,77.0,77.0,77.0,77.0,77.0,77.0,77.0,77.0,77.0,77.0,78.0,78.0,78.0,78.0,78.0,78.0,78.0,78.0,78.0,78.0,78
CkBdKswwN0s,,,,,,,,,,,,,,,,,,,,,,,,,,,,,,,,,,,,,,,,,,,,,,,,,,,,,,,1801.0,1824.0,1843.0,1853.0,1857.0,1864.0,1873.0,1883.0,1890.0,1893.0,1899.0,1905.0,1910.0,1915.0,1918.0,1924.0,1927.0,1929.0,1932.0,1934.0,1939.0,1943.0,1942.0,1944.0,1945.0,1948.0,1953.0,1954.0,1956.0,1958.0,1960.0,1966.0,1971.0,1972.0,1974.0,1975.0,1979.0,1988.0,1995.0,2001.0,2004.0,2019.0,2030.0,2048.0,2072.0,2082.0,2088.0,2093.0,2099.0,2105.0,2109.0,2112.0,2113.0,2116.0,2118.0,2118.0,2120.0,2123.0,2125.0,2126.0,2127.0,2131.0,2132.0,2133.0,2138.0,2139.0,2139.0,2139.0,2140.0,2143.0,2147.0,2148.0,2148.0,2148.0,2150.0,2150.0,2152.0,2152.0,2157.0,2158.0,2157.0,2161.0,2165.0,2166.0,2170.0,2170.0,2170.0,2171.0,2171.0,2174.0,2175.0,2178.0,2183.0,2185.0,2185.0,2187.0,2187.0,2188.0,2190.0,2190
5dfsW2CBNPs,,,,,,,,,,,,,,,,,,,,,,,,,,,,,,,,,,,,,,,,,,,,,,,,,,,,,,,5642.0,5653.0,5666.0,5676.0,5683.0,5704.0,5712.0,5715.0,5721.0,5724.0,5731.0,5732.0,5740.0,5743.0,5750.0,5754.0,5762.0,5769.0,5772.0,5779.0,5791.0,5794.0,5798.0,5804.0,5810.0,5813.0,5814.0,5816.0,5821.0,5834.0,5844.0,5846.0,5850.0,5855.0,5861.0,5867.0,5878.0,5882.0,5889.0,5894.0,5896.0,5899.0,5904.0,5908.0,5915.0,5923.0,5929.0,5931.0,5934.0,5935.0,5937.0,5941.0,5950.0,5953.0,5953.0,5954.0,5954.0,5955.0,5957.0,5961.0,5960.0,5964.0,5965.0,5968.0,5969.0,5970.0,5970.0,5970.0,5973.0,5976.0,5977.0,5977.0,5979.0,5980.0,5981.0,5981.0,5981.0,5983.0,5985.0,5988.0,5989.0,5991.0,5996.0,5999.0,6003.0,6003.0,6004.0,6008.0,6010.0,6013.0,6014.0,6015.0,6017.0,6018.0,6022.0,6026.0,6028.0,6031.0,6035.0,6038
3SiRPF5OOzo,,,,,,,,,,,,,,,,,,,,,,,,,,,,,,,,,,,,,,,,,,,,,,,,,,,,,,,624.0,628.0,628.0,630.0,632.0,632.0,635.0,635.0,637.0,640.0,642.0,645.0,646.0,646.0,649.0,649.0,652.0,655.0,657.0,659.0,664.0,667.0,670.0,673.0,676.0,677.0,679.0,683.0,691.0,695.0,696.0,700.0,700.0,701.0,705.0,710.0,713.0,717.0,718.0,723.0,725.0,728.0,731.0,732.0,733.0,737.0,742.0,744.0,746.0,746.0,748.0,751.0,752.0,753.0,753.0,753.0,754.0,753.0,753.0,753.0,753.0,753.0,754.0,756.0,756.0,757.0,757.0,756.0,756.0,757.0,757.0,757.0,759.0,759.0,759.0,761.0,761.0,760.0,760.0,760.0,760.0,760.0,760.0,761.0,761.0,761.0,761.0,762.0,763.0,763.0,763.0,763.0,763.0,764.0,765.0,766.0,766.0,765.0,765.0,765
zhHB4dZTChw,,,,,,,,,,,,,,,,,,,,,,,,,,,,,,,,,,,,,,,,,,,,,,,,,,,,,,,252823.0,256146.0,259256.0,262605.0,266149.0,269731.0,272834.0,275549.0,278455.0,281178.0,284033.0,287184.0,290325.0,292737.0,294885.0,297007.0,299382.0,301924.0,304800.0,307750.0,312418.0,314625.0,316943.0,319355.0,321922.0,324523.0,327095.0,329653.0,332159.0,334468.0,336700.0,339075.0,341158.0,343179.0,344975.0,346832.0,348937.0,350895.0,353005.0,354897.0,356678.0,358397.0,360207.0,361836.0,363669.0,365313.0,366921.0,368238.0,369337.0,370458.0,371566.0,372733.0,373952.0,375198.0,376195.0,377187.0,378126.0,379124.0,380092.0,381108.0,382118.0,382987.0,383650.0,384413.0,385174.0,386149.0,387128.0,388082.0,388913.0,389673.0,390394.0,391055.0,391742.0,392524.0,393281.0,393961.0,394607.0,395262.0,395954.0,396664.0,397416.0,398132.0,398796.0,399488.0,400194.0,400889.0,401731.0,402526.0,403312.0,404014.0,404676.0,405567.0,406291.0,407060.0,407945.0,408936.0,409610.0,410262.0,411017.0,411714
Vxj8vwMYHP4,,,,,,,,,,,,,,,,,,,,,,,,,,,,,,,,,,,,,,,,,,,,,,,,,,,,,,,24399.0,24425.0,24442.0,24462.0,24481.0,24502.0,24519.0,24538.0,24548.0,24661.0,24731.0,24762.0,24792.0,24819.0,24851.0,24877.0,24889.0,24905.0,24925.0,24946.0,24969.0,24984.0,25002.0,25022.0,25033.0,25045.0,25063.0,25079.0,25092.0,25118.0,25120.0,25140.0,25157.0,25182.0,25206.0,25221.0,25250.0,25273.0,25293.0,25317.0,25348.0,25384.0,25414.0,25443.0,25477.0,25500.0,25516.0,25541.0,25556.0,25570.0,25584.0,25608.0,25629.0,25645.0,25664.0,25684.0,25704.0,25715.0,25731.0,25745.0,25758.0,25769.0,25776.0,25783.0,25797.0,25815.0,25833.0,25844.0,25855.0,25872.0,25882.0,25883.0,25895.0,25906.0,25914.0,25921.0,25929.0,25937.0,25947.0,25959.0,25967.0,25975.0,25983.0,25989.0,25991.0,25999.0,26009.0,26015.0,26023.0,26033.0,26038.0,26048.0,26056.0,26068.0,26076.0,26082.0,26094.0,26101.0,26108.0,26115
V6yhQw99NYY,,,,,,,,,,,,,,,,,,,,,,,,,,,,,,,,,,,,,,,,,,,,,,,,,,,,,,,,,,,,,,,,,,,,,,,,,,,,,,,,,,,,,,,,,,,,,,,,,,,,,,,,,,,,,,,,,,,,,,,,,,,,,,,,,,,,,,,,,,,,,,,,,,,,,,,,,,
_UQCWEp-8BQ,,,,,,,,,,,,,,,,,,,,,,,,,,,,,,,,,,,,,,,,,,,,,,,,,,,,,,,28637.0,28694.0,28760.0,28823.0,28867.0,28917.0,28965.0,29006.0,29053.0,29095.0,29138.0,29170.0,29211.0,29239.0,29282.0,29333.0,29381.0,29426.0,29467.0,29518.0,29606.0,29653.0,29697.0,29748.0,29791.0,29836.0,29889.0,29929.0,29964.0,30007.0,30047.0,30086.0,30116.0,30151.0,30187.0,30220.0,30261.0,30296.0,30334.0,30366.0,30404.0,30449.0,30504.0,30544.0,30579.0,30608.0,30639.0,30673.0,30702.0,30746.0,30778.0,30806.0,30831.0,30856.0,30872.0,30890.0,30913.0,30939.0,30955.0,30974.0,30986.0,30998.0,31010.0,31027.0,31038.0,31064.0,31091.0,31112.0,31125.0,31148.0,31168.0,31180.0,31202.0,31220.0,31236.0,31266.0,31283.0,31307.0,31321.0,31352.0,31368.0,31400.0,31414.0,31437.0,31456.0,31480.0,31494.0,31527.0,31541.0,31558.0,31579.0,31595.0,31615.0,31630.0,31653.0,31677.0,31699.0,31716.0,31741.0,31755
QohU4Ucme3c,,,,,,,,,,,,,,,,,,,,,,,,,,,,,,,,,,,,,,,,,,,,,,,,,,,,,,,113.0,114.0,114.0,114.0,117.0,118.0,118.0,119.0,120.0,120.0,120.0,121.0,121.0,124.0,125.0,127.0,127.0,127.0,127.0,127.0,127.0,128.0,128.0,128.0,129.0,130.0,132.0,132.0,134.0,134.0,134.0,135.0,135.0,135.0,136.0,137.0,137.0,137.0,137.0,137.0,140.0,141.0,141.0,141.0,142.0,142.0,142.0,142.0,143.0,143.0,143.0,144.0,144.0,144.0,144.0,144.0,144.0,144.0,144.0,144.0,145.0,145.0,145.0,145.0,145.0,145.0,145.0,145.0,145.0,145.0,145.0,145.0,146.0,146.0,146.0,147.0,148.0,148.0,148.0,148.0,149.0,150.0,150.0,150.0,151.0,153.0,153.0,153.0,153.0,153.0,153.0,153.0,153.0,153.0,153.0,154.0,154.0,154.0,154.0,154
0-xKvImq7Ek,,,,,,,,,,,,,,,,,,,,,,,,,,,,,,,,,,,,,,,,,,,,,,,,,,,,,,,18609.0,18658.0,18717.0,18760.0,18811.0,18848.0,18886.0,18929.0,18977.0,19018.0,19067.0,19124.0,19198.0,19267.0,19341.0,19380.0,19408.0,19445.0,19477.0,19503.0,19542.0,19549.0,19566.0,19594.0,19613.0,19638.0,19658.0,19674.0,19693.0,19716.0,19738.0,19758.0,19781.0,19805.0,19820.0,19846.0,19869.0,19886.0,19906.0,19918.0,19931.0,19948.0,19969.0,19986.0,20003.0,20015.0,20025.0,20036.0,20048.0,20061.0,20075.0,20092.0,20099.0,20114.0,20127.0,20149.0,20167.0,20178.0,20187.0,20196.0,20205.0,20214.0,20228.0,20239.0,20252.0,20260.0,20269.0,20278.0,20289.0,20303.0,20310.0,20323.0,20333.0,20351.0,20372.0,20387.0,20396.0,20412.0,20431.0,20443.0,20456.0,20478.0,20497.0,20514.0,20530.0,20543.0,20559.0,20570.0,20584.0,20592.0,20605.0,20619.0,20629.0,20636.0,20650.0,20667.0,20678.0,20686.0,20698.0,20709
3IjtP7PRcrE,,,,,,,,,,,,,,,,,,,,,,,,,,,,,,,,,,,,,,,,,,,,,,,,,,,,,,,,,,,,,,,,,,,,,,,,,,,,,,,,,,,,,,,,,,,,,,,,,,,,,,,,,,,,,,,,,,,,,,,,,,,,,,,,,,,,,,,,,,,,,,,,,,,,,,,,,,
CgCVZdcKcqY,,,,,,,,,,,,,,,,,,,,,,,,,,,,,,,,,,,,,,,,,,,,,,,,,,,,,,,6455377.0,6458529.0,6461578.0,6478390.0,6490215.0,6497481.0,6502027.0,6505671.0,6508806.0,6511802.0,6514892.0,6518178.0,6521121.0,6523416.0,6525489.0,6527353.0,6529430.0,6531887.0,6534719.0,6537165.0,6541189.0,6542941.0,6545055.0,6547708.0,6550661.0,6553559.0,6555798.0,6557991.0,6560189.0,6562270.0,6564776.0,6567454.0,6569787.0,6571675.0,6573402.0,6575354.0,6577600.0,6579722.0,6581081.0,6583169.0,6584958.0,6586677.0,6588360.0,6590306.0,6592337.0,6593978.0,6596257.0,6598119.0,6599755.0,6601088.0,6603010.0,6604979.0,6606796.0,6608866.0,6610160.0,6611455.0,6612958.0,6614754.0,6616157.0,6618242.0,6620210.0,6621815.0,6623331.0,6624955.0,6626459.0,6628511.0,6630539.0,6632514.0,6634176.0,6635855.0,6637634.0,6639183.0,6641023.0,6643334.0,6645500.0,6646703.0,6648401.0,6650112.0,6651608.0,6653389.0,6655483.0,6657566.0,6659249.0,6661026.0,6662915.0,6664182.0,6666246.0,6668403.0,6670729.0,6672511.0,6674238.0,6676134.0,6678099.0,6680015.0,6682039.0,6684179.0,6686068.0,6687424.0,6689179.0,6691055
5e_VnIBO32I,,,,,,,,,,,,,,,,,,,,,,,,,,,,,,,,,,,,,,,,,,,,,,,,,,,,,,,90.0,91.0,91.0,91.0,91.0,91.0,91.0,91.0,91.0,91.0,91.0,91.0,91.0,91.0,91.0,91.0,91.0,91.0,91.0,92.0,91.0,91.0,91.0,91.0,91.0,91.0,91.0,91.0,91.0,91.0,91.0,91.0,91.0,91.0,91.0,91.0,91.0,91.0,91.0,91.0,91.0,91.0,91.0,91.0,91.0,91.0,91.0,91.0,91.0,91.0,91.0,91.0,91.0,91.0,91.0,91.0,92.0,92.0,92.0,93.0,93.0,93.0,93.0,93.0,93.0,94.0,94.0,94.0,94.0,94.0,94.0,94.0,94.0,94.0,94.0,94.0,94.0,94.0,94.0,94.0,94.0,94.0,94.0,94.0,94.0,94.0,94.0,94.0,94.0,94.0,94.0,94.0,94.0,94.0,94.0,94.0,94.0,94.0,94.0,94
liIBNPLp6D8,,,,,,,,,,,,,,,,,,,,,,,,,,,,,,,,,,,,,,,,,,,,,,,,,,,,,,,1133.0,1136.0,1140.0,1141.0,1143.0,1144.0,1148.0,1150.0,1154.0,1157.0,1159.0,1171.0,1175.0,1182.0,1183.0,1189.0,1191.0,1194.0,1198.0,1201.0,1203.0,1204.0,1205.0,1205.0,1206.0,1208.0,1208.0,1210.0,1215.0,1215.0,1217.0,1218.0,1218.0,1220.0,1221.0,1221.0,1223.0,1223.0,1225.0,1229.0,1232.0,1235.0,1236.0,1239.0,1241.0,1243.0,1246.0,1248.0,1250.0,1250.0,1251.0,1254.0,1256.0,1258.0,1260.0,1259.0,1258.0,1259.0,1259.0,1261.0,1260.0,1262.0,1263.0,1263.0,1266.0,1265.0,1266.0,1267.0,1268.0,1269.0,1271.0,1271.0,1272.0,1274.0,1275.0,1277.0,1277.0,1280.0,1281.0,1284.0,1285.0,1286.0,1289.0,1291.0,1296.0,1298.0,1301.0,1302.0,1306.0,1310.0,1317.0,1321.0,1323.0,1324.0,1327.0,1327.0,1328.0,1330.0,1333.0,1335
PqWApYzlfrU,,,,,,,,,,,,,,,,,,,,,,,,,,,,,,,,,,,,,,,,,,,,,,,,,,,,,,,42743.0,42862.0,42993.0,43092.0,43192.0,43291.0,43421.0,43538.0,43631.0,43727.0,43844.0,43928.0,43984.0,44038.0,44072.0,44111.0,44170.0,44223.0,44270.0,44317.0,44395.0,44433.0,44466.0,44498.0,44548.0,44602.0,44662.0,44721.0,44770.0,44812.0,44854.0,44886.0,44913.0,44945.0,44968.0,45003.0,45026.0,45044.0,45072.0,45097.0,45122.0,45154.0,45182.0,45203.0,45230.0,45256.0,45274.0,45281.0,45306.0,45326.0,45378.0,45408.0,45434.0,45463.0,45544.0,45950.0,46089.0,46222.0,46314.0,46376.0,46411.0,46473.0,46519.0,46550.0,46577.0,46620.0,46645.0,46678.0,46710.0,46732.0,46752.0,46770.0,46795.0,46822.0,46846.0,46877.0,46909.0,46928.0,46953.0,46978.0,46996.0,47012.0,47037.0,47059.0,47080.0,47094.0,47110.0,47129.0,47147.0,47165.0,47178.0,47193.0,47218.0,47229.0,47247.0,47272.0,47291.0,47298.0,47326.0,47342
uRnl1Lj7GqM,,,,,,,,,,,,,,,,,,,,,,,,,,,,,,,,,,,,,,,,,,,,,,,,,,,,,,,12025.0,12067.0,12097.0,12129.0,12158.0,12191.0,12218.0,12237.0,12276.0,12310.0,12343.0,12375.0,12412.0,12428.0,12444.0,12466.0,12494.0,12528.0,12539.0,12555.0,12591.0,12606.0,12619.0,12627.0,12641.0,12659.0,12671.0,12679.0,12688.0,12700.0,12712.0,12726.0,12739.0,12756.0,12765.0,12775.0,12791.0,12798.0,12807.0,12816.0,12826.0,12834.0,12841.0,12856.0,12861.0,12868.0,12881.0,12892.0,12903.0,12912.0,12924.0,12937.0,12943.0,12948.0,12957.0,12962.0,12968.0,12972.0,12975.0,12979.0,12985.0,12990.0,12997.0,13003.0,13013.0,13017.0,13026.0,13027.0,13036.0,13038.0,13045.0,13049.0,13053.0,13059.0,13062.0,13070.0,13080.0,13086.0,13090.0,13095.0,13098.0,13103.0,13112.0,13115.0,13118.0,13120.0,13126.0,13130.0,13136.0,13139.0,13149.0,13149.0,13151.0,13151.0,13154.0,13160.0,13165.0,13171.0,13176.0,13181
4jyZpXEW88E,,,,,,,,,,,,,,,,,,,,,,,,,,,,,,,,,,,,,,,,,,,,,,,,,,,,,,,1033.0,1055.0,1075.0,1085.0,1092.0,1100.0,1107.0,1110.0,1116.0,1120.0,1124.0,1127.0,1128.0,1130.0,1132.0,1135.0,1139.0,1140.0,1143.0,1147.0,1148.0,1149.0,1149.0,1150.0,1150.0,1151.0,1153.0,1153.0,1156.0,1158.0,1161.0,1161.0,1165.0,1169.0,1169.0,1170.0,1175.0,1183.0,1192.0,1198.0,1200.0,1212.0,1219.0,1241.0,1255.0,1262.0,1268.0,1274.0,1277.0,1281.0,1282.0,1285.0,1286.0,1289.0,1291.0,1292.0,1294.0,1294.0,1296.0,1298.0,1298.0,1301.0,1303.0,1305.0,1307.0,1309.0,1309.0,1310.0,1310.0,1314.0,1316.0,1317.0,1317.0,1318.0,1319.0,1319.0,1322.0,1322.0,1323.0,1324.0,1324.0,1325.0,1327.0,1328.0,1331.0,1331.0,1331.0,1333.0,1334.0,1335.0,1336.0,1337.0,1341.0,1341.0,1340.0,1340.0,1340.0,1340.0,1340.0,1340
DYgE3SGPEqk,,,,,,,,,,,,,,,,,,,,,,,,,,,,,,,,,,,,,,,,,,,,,,,,,,,,,,,357595.0,359266.0,360698.0,362400.0,364206.0,365775.0,367069.0,368139.0,369308.0,370461.0,371725.0,373152.0,374486.0,375572.0,376579.0,377512.0,378406.0,379304.0,380393.0,381441.0,382922.0,383721.0,384559.0,385476.0,386540.0,387438.0,388187.0,388929.0,389640.0,390340.0,391099.0,391909.0,392577.0,393191.0,393797.0,394361.0,395033.0,395685.0,396270.0,396844.0,397360.0,397841.0,398336.0,398765.0,399189.0,399662.0,400098.0,400434.0,400783.0,401093.0,401440.0,401774.0,402143.0,402512.0,402816.0,403087.0,403398.0,403663.0,403943.0,404323.0,404656.0,404970.0,405229.0,405476.0,405714.0,406017.0,406376.0,406714.0,406958.0,407225.0,407499.0,407730.0,407986.0,408266.0,408564.0,408805.0,409040.0,409311.0,409557.0,409773.0,410089.0,410350.0,410569.0,410842.0,411090.0,411340.0,411612.0,411879.0,412220.0,412459.0,412681.0,412913.0,413152.0,413389.0,413677.0,413929.0,414170.0,414376.0,414621.0,414847
8b4Cf1tlDFk,,,,,,,,,,,,,,,,,,,,,,,,,,,,,,,,,,,,,,,,,,,,,,,,,,,,,,,4777.0,4793.0,4807.0,4825.0,4840.0,4855.0,4863.0,4882.0,4898.0,4911.0,4934.0,4950.0,4965.0,4981.0,4994.0,5008.0,5027.0,5039.0,5052.0,5065.0,5094.0,5106.0,5116.0,5140.0,5161.0,5176.0,5183.0,5200.0,5211.0,5225.0,5234.0,5258.0,5266.0,5278.0,5286.0,5295.0,5310.0,5316.0,5341.0,5352.0,5370.0,5395.0,5413.0,5428.0,5447.0,5467.0,5479.0,5496.0,5507.0,5515.0,5526.0,5536.0,5545.0,5561.0,5570.0,5576.0,5584.0,5595.0,5600.0,5605.0,5612.0,5623.0,5627.0,5632.0,5633.0,5641.0,5656.0,5673.0,5684.0,5694.0,5709.0,5721.0,5732.0,5744.0,5756.0,5768.0,5786.0,5796.0,5809.0,5818.0,5829.0,5846.0,5861.0,5878.0,5885.0,5897.0,5915.0,5930.0,5948.0,5961.0,5975.0,5989.0,5994.0,6004.0,6014.0,6022.0,6033.0,6041.0,6045.0,6055
sD44sjGm1GM,,,,,,,,,,,,,,,,,,,,,,,,,,,,,,,,,,,,,,,,,,,,,,,,,,,,,,,40116.0,40116.0,40116.0,40113.0,40114.0,40111.0,40111.0,40114.0,40113.0,40112.0,40110.0,40107.0,40107.0,40108.0,40106.0,40104.0,40105.0,40105.0,40104.0,40104.0,40102.0,40102.0,40103.0,40099.0,40097.0,40095.0,40095.0,40095.0,40095.0,40096.0,40095.0,40095.0,40095.0,40096.0,40095.0,40097.0,40098.0,40099.0,40091.0,40090.0,40089.0,40087.0,40088.0,40089.0,40089.0,40090.0,40091.0,40093.0,40091.0,40087.0,40085.0,40085.0,40081.0,40081.0,40080.0,40082.0,40082.0,40083.0,40083.0,40088.0,40091.0,40091.0,40091.0,40096.0,40095.0,40097.0,40097.0,40096.0,40096.0,40097.0,40096.0,40095.0,40095.0,40095.0,40096.0,40096.0,40094.0,40093.0,40089.0,40089.0,40090.0,40088.0,40088.0,40088.0,40088.0,40088.0,40087.0,40086.0,40087.0,40087.0,40084.0,40083.0,40083.0,40084.0,40085.0,40087.0,40087.0,40085.0,40086.0,40085
vlmXpQOE75c,,,,,,,,,,,,,,,,,,,,,,,,,,,,,,,,,,,,,,,,,,,,,,,,,,,,,,,51281.0,51417.0,51541.0,51676.0,51803.0,51951.0,52155.0,52309.0,52436.0,52570.0,52689.0,52822.0,52944.0,53032.0,53107.0,53181.0,53264.0,53367.0,53475.0,53557.0,53729.0,53942.0,54246.0,55230.0,55604.0,55766.0,55870.0,55998.0,56176.0,56263.0,56346.0,56439.0,56509.0,56567.0,56636.0,56760.0,57114.0,57262.0,57345.0,57433.0,57532.0,57610.0,57724.0,57822.0,57896.0,58002.0,58075.0,58241.0,58327.0,58385.0,58425.0,58461.0,58498.0,58529.0,58558.0,58580.0,58604.0,58614.0,58647.0,58657.0,58680.0,58695.0,58708.0,58725.0,58741.0,58763.0,58771.0,58788.0,58802.0,58818.0,58822.0,58836.0,58856.0,58867.0,58889.0,58902.0,58921.0,58932.0,58940.0,58948.0,58967.0,58979.0,58988.0,59000.0,59010.0,59025.0,59038.0,59050.0,59086.0,59132.0,59167.0,59190.0,59202.0,59222.0,59239.0,59253.0,59272.0,59284.0,59296.0,59307
9bZkp7q19f0,,,,,,,,,,,,,,,,,,,,,,,,,,,,,,,,,,,,,,,,,,,,,,,,,,,,,,,31502573.0,31505606.0,31508910.0,31511816.0,31515593.0,31519697.0,31522457.0,31525234.0,31528078.0,31531223.0,31534411.0,31538732.0,31543216.0,31546285.0,31549497.0,31552410.0,31555504.0,31559511.0,31564620.0,31569257.0,31575431.0,31578102.0,31581878.0,31585181.0,31589802.0,31594539.0,31598277.0,31601553.0,31605478.0,31609086.0,31614020.0,31619387.0,31624522.0,31629106.0,31632854.0,31636696.0,31641294.0,31645526.0,31648967.0,31653475.0,31657057.0,31660604.0,31663847.0,31667082.0,31670522.0,31673069.0,31677017.0,31680326.0,31683524.0,31686200.0,31690498.0,31694353.0,31698246.0,31702752.0,31706102.0,31709124.0,31712180.0,31715799.0,31719429.0,31723609.0,31727878.0,31731084.0,31734338.0,31737366.0,31740209.0,31743933.0,31748307.0,31752977.0,31756803.0,31760238.0,31764222.0,31767663.0,31771274.0,31775837.0,31781251.0,31784678.0,31788013.0,31791722.0,31795018.0,31798853.0,31803019.0,31808318.0,31811857.0,31815592.0,31819576.0,31821743.0,31826047.0,31830004.0,31835075.0,31838838.0,31842603.0,31846174.0,31849860.0,31853057.0,31857240.0,31862246.0,31866208.0,31868947.0,31873323.0,31877608
WxL5cNNelLk,,,,,,,,,,,,,,,,,,,,,,,,,,,,,,,,,,,,,,,,,,,,,,,,,,,,,,,21582.0,21643.0,21692.0,21750.0,21806.0,21852.0,21907.0,21951.0,22002.0,22102.0,22170.0,22219.0,22275.0,22327.0,22386.0,22474.0,22524.0,22571.0,22619.0,22668.0,22918.0,23214.0,23424.0,23540.0,23642.0,23727.0,23812.0,23834.0,23877.0,23909.0,23936.0,24091.0,24179.0,24261.0,24312.0,24360.0,24390.0,24421.0,24451.0,24498.0,24542.0,24571.0,24592.0,24617.0,24648.0,24684.0,24720.0,24763.0,24792.0,24816.0,24843.0,24848.0,24860.0,24886.0,24905.0,24924.0,24942.0,24967.0,25003.0,25024.0,25037.0,25058.0,25078.0,25095.0,25115.0,25139.0,25163.0,25196.0,25219.0,25238.0,25255.0,25277.0,25292.0,25315.0,25341.0,25365.0,25402.0,25420.0,25440.0,25471.0,25499.0,25523.0,25542.0,25570.0,25593.0,25612.0,25632.0,25651.0,25665.0,25681.0,25696.0,25720.0,25741.0,25760.0,25780.0,25806.0,25832.0,25844.0,25867.0,25881
Tckezs5z6u0,,,,,,,,,,,,,,,,,,,,,,,,,,,,,,,,,,,,,,,,,,,,,,,,,,,,,,,19020.0,19101.0,19171.0,19231.0,19305.0,19371.0,19421.0,19461.0,19492.0,19519.0,19547.0,19583.0,19611.0,19626.0,19647.0,19669.0,19695.0,19732.0,19802.0,19860.0,19940.0,19984.0,20011.0,20033.0,20050.0,20084.0,20110.0,20146.0,20170.0,20197.0,20231.0,20256.0,20275.0,20305.0,20333.0,20355.0,20370.0,20394.0,20409.0,20422.0,20440.0,20455.0,20470.0,20483.0,20492.0,20506.0,20525.0,20529.0,20552.0,20577.0,20586.0,20601.0,20619.0,20636.0,20651.0,20659.0,20664.0,20674.0,20675.0,20678.0,20692.0,20704.0,20716.0,20727.0,20737.0,20750.0,20770.0,20796.0,20807.0,20822.0,20834.0,20848.0,20874.0,20904.0,20919.0,20928.0,20944.0,20960.0,20976.0,20986.0,21003.0,21020.0,21058.0,21087.0,21104.0,21119.0,21153.0,21178.0,21205.0,21235.0,21246.0,21259.0,21275.0,21293.0,21312.0,21341.0,21365.0,21387.0,21400.0,21421
4arlM3zyWyA,,,,,,,,,,,,,,,,,,,,,,,,,,,,,,,,,,,,,,,,,,,,,,,,,,,,,,,3590.0,3605.0,3623.0,3637.0,3658.0,3676.0,3702.0,3712.0,3731.0,3751.0,3777.0,3805.0,3826.0,3864.0,3890.0,3947.0,4014.0,4066.0,4122.0,4161.0,4238.0,4268.0,4296.0,4316.0,4327.0,4338.0,4352.0,4371.0,4387.0,4410.0,4421.0,4435.0,4447.0,4467.0,4482.0,4492.0,4513.0,4536.0,4560.0,4580.0,4594.0,4602.0,4617.0,4633.0,4649.0,4663.0,4677.0,4698.0,4719.0,4729.0,4748.0,4765.0,4778.0,4787.0,4802.0,4821.0,4840.0,4856.0,4866.0,4879.0,4889.0,4897.0,4907.0,4912.0,4918.0,4930.0,4933.0,4939.0,4943.0,4947.0,4954.0,4962.0,4966.0,4972.0,4984.0,4996.0,5003.0,5004.0,5016.0,5025.0,5034.0,5037.0,5040.0,5053.0,5060.0,5063.0,5066.0,5074.0,5082.0,5089.0,5097.0,5099.0,5105.0,5107.0,5108.0,5114.0,5119.0,5122.0,5124.0,5127
6IKDkjlKHS4,,,,,,,,,,,,,,,,,,,,,,,,,,,,,,,,,,,,,,,,,,,,,,,,,,,,,,,1349.0,1351.0,1355.0,1366.0,1370.0,1375.0,1378.0,1381.0,1383.0,1386.0,1388.0,1392.0,1399.0,1401.0,1404.0,1412.0,1420.0,1427.0,1429.0,1438.0,1439.0,1445.0,1446.0,1447.0,1450.0,1452.0,1455.0,1458.0,1465.0,1470.0,1475.0,1479.0,1480.0,1481.0,1484.0,1485.0,1485.0,1488.0,1487.0,1488.0,1491.0,1493.0,1496.0,1501.0,1506.0,1514.0,1516.0,1518.0,1522.0,1526.0,1528.0,1537.0,1547.0,1549.0,1550.0,1553.0,1559.0,1561.0,1561.0,1564.0,1567.0,1568.0,1571.0,1572.0,1576.0,1579.0,1585.0,1591.0,1595.0,1598.0,1603.0,1606.0,1610.0,1615.0,1622.0,1627.0,1633.0,1639.0,1640.0,1642.0,1643.0,1647.0,1650.0,1651.0,1655.0,1657.0,1668.0,1669.0,1670.0,1670.0,1670.0,1670.0,1671.0,1673.0,1676.0,1682.0,1686.0,1688.0,1692.0,1694
q7bcUlP07i4,,,,,,,,,,,,,,,,,,,,,,,,,,,,,,,,,,,,,,,,,,,,,,,,,,,,,,,38.0,39.0,39.0,40.0,40.0,40.0,40.0,40.0,42.0,42.0,44.0,46.0,46.0,46.0,46.0,46.0,47.0,47.0,47.0,47.0,47.0,47.0,47.0,47.0,47.0,47.0,47.0,47.0,47.0,47.0,47.0,47.0,47.0,47.0,47.0,47.0,47.0,47.0,47.0,47.0,47.0,47.0,47.0,47.0,47.0,48.0,48.0,48.0,48.0,48.0,48.0,48.0,48.0,48.0,49.0,49.0,49.0,49.0,49.0,49.0,49.0,49.0,49.0,49.0,49.0,49.0,49.0,50.0,50.0,50.0,50.0,50.0,50.0,50.0,50.0,50.0,50.0,50.0,50.0,50.0,50.0,50.0,50.0,50.0,50.0,50.0,50.0,50.0,50.0,50.0,50.0,50.0,50.0,50.0,50.0,50.0,50.0,50.0,50.0,50
vShw8Av0dQY,,,,,,,,,,,,,,,,,,,,,,,,,,,,,,,,,,,,,,,,,,,,,,,,,,,,,,,3833.0,3861.0,3892.0,3911.0,3923.0,3942.0,3952.0,3964.0,3978.0,3994.0,4002.0,4011.0,4020.0,4022.0,4031.0,4042.0,4052.0,4063.0,4072.0,4081.0,4098.0,4099.0,4107.0,4114.0,4118.0,4128.0,4137.0,4144.0,4149.0,4154.0,4163.0,4164.0,4169.0,4173.0,4174.0,4177.0,4179.0,4185.0,4192.0,4199.0,4204.0,4210.0,4216.0,4226.0,4236.0,4244.0,4251.0,4259.0,4265.0,4274.0,4282.0,4294.0,4296.0,4305.0,4313.0,4315.0,4317.0,4319.0,4321.0,4327.0,4329.0,4333.0,4337.0,4343.0,4349.0,4355.0,4363.0,4366.0,4369.0,4371.0,4377.0,4382.0,4384.0,4388.0,4394.0,4398.0,4401.0,4405.0,4411.0,4417.0,4421.0,4425.0,4429.0,4434.0,4437.0,4439.0,4444.0,4444.0,4452.0,4455.0,4461.0,4465.0,4473.0,4474.0,4480.0,4481.0,4487.0,4490.0,4495.0,4499
N-zrw5qDkFQ,,,,,,,,,,,,,,,,,,,,,,,,,,,,,,,,,,,,,,,,,,,,,,,,,,,,,,,60.0,60.0,60.0,60.0,60.0,60.0,60.0,60.0,60.0,60.0,60.0,60.0,61.0,61.0,61.0,61.0,61.0,61.0,61.0,61.0,62.0,62.0,62.0,62.0,62.0,62.0,62.0,62.0,63.0,63.0,64.0,64.0,64.0,65.0,65.0,65.0,65.0,65.0,65.0,65.0,65.0,65.0,65.0,65.0,65.0,65.0,65.0,66.0,66.0,66.0,66.0,66.0,66.0,66.0,66.0,66.0,66.0,66.0,66.0,66.0,66.0,66.0,66.0,66.0,66.0,66.0,66.0,66.0,66.0,66.0,66.0,66.0,67.0,67.0,67.0,67.0,67.0,67.0,67.0,67.0,67.0,67.0,67.0,67.0,67.0,67.0,67.0,67.0,67.0,67.0,67.0,67.0,67.0,67.0,67.0,67.0,67.0,67.0,67.0,67
JTFuuQg5Mhs,,,,,,,,,,,,,,,,,,,,,,,,,,,,,,,,,,,,,,,,,,,,,,,,,,,,,,,12074.0,12146.0,12214.0,12269.0,12323.0,12373.0,12434.0,12471.0,12515.0,12550.0,12592.0,12633.0,12687.0,12720.0,12753.0,12786.0,12818.0,12844.0,12887.0,12921.0,12974.0,13000.0,13017.0,13049.0,13069.0,13093.0,13111.0,13138.0,13159.0,13178.0,13206.0,13240.0,13260.0,13287.0,13311.0,13338.0,13359.0,13374.0,13396.0,13420.0,13430.0,13453.0,13471.0,13488.0,13506.0,13522.0,13544.0,13555.0,13568.0,13580.0,13595.0,13612.0,13620.0,13630.0,13652.0,13663.0,13674.0,13687.0,13697.0,13707.0,13721.0,13738.0,13752.0,13769.0,13784.0,13800.0,13810.0,13823.0,13840.0,13852.0,13883.0,13896.0,13913.0,13920.0,13927.0,13938.0,13947.0,13957.0,13969.0,13979.0,13994.0,13999.0,14011.0,14025.0,14036.0,14059.0,14077.0,14104.0,14126.0,14146.0,14164.0,14187.0,14205.0,14229.0,14245.0,14263.0,14280.0,14298.0,14311.0,14331
9qkpcLK422o,,,,,,,,,,,,,,,,,,,,,,,,,,,,,,,,,,,,,,,,,,,,,,,,,,,,,,,456957.0,462578.0,467606.0,473615.0,479562.0,484719.0,488906.0,492451.0,495872.0,499201.0,502644.0,506376.0,510154.0,512971.0,515464.0,517923.0,520546.0,523467.0,526787.0,529985.0,535038.0,537420.0,539905.0,542666.0,545530.0,548440.0,551011.0,553626.0,556189.0,558724.0,561181.0,563839.0,566203.0,568218.0,570238.0,572325.0,574598.0,576917.0,579322.0,581463.0,583452.0,585454.0,587483.0,589525.0,591643.0,593808.0,595746.0,597258.0,598739.0,600182.0,601669.0,603253.0,604933.0,606533.0,607817.0,609086.0,610317.0,611544.0,612770.0,614193.0,615582.0,616831.0,617867.0,619033.0,620164.0,621523.0,623011.0,624539.0,625876.0,627080.0,628182.0,629288.0,630477.0,631846.0,633119.0,634180.0,635262.0,636338.0,637400.0,638425.0,639581.0,640689.0,641675.0,642622.0,643529.0,644368.0,645409.0,646564.0,647710.0,648654.0,649537.0,650508.0,651444.0,652414.0,653496.0,654484.0,655365.0,656157.0,657000.0,657762
9uDVag6HP8g,,,,,,,,,,,,,,,,,,,,,,,,,,,,,,,,,,,,,,,,,,,,,,,,,,,,,,,175928.0,176353.0,176740.0,177087.0,177448.0,177760.0,177971.0,178179.0,178358.0,178495.0,178677.0,178911.0,179219.0,179533.0,180097.0,180983.0,181774.0,182202.0,182564.0,182879.0,183476.0,183711.0,183955.0,184160.0,184341.0,184530.0,184766.0,185003.0,185185.0,185343.0,185508.0,185663.0,185788.0,185927.0,186016.0,186111.0,186221.0,186312.0,186414.0,186562.0,186791.0,186897.0,186997.0,187139.0,187259.0,187344.0,187458.0,187548.0,187613.0,187688.0,187759.0,187813.0,187894.0,187994.0,188056.0,188128.0,188190.0,188255.0,188327.0,188513.0,188823.0,188982.0,189097.0,189182.0,189250.0,189323.0,189406.0,189484.0,189554.0,189627.0,189672.0,189721.0,189762.0,189819.0,189852.0,189897.0,189942.0,190005.0,190055.0,190188.0,190245.0,190312.0,190382.0,190456.0,190530.0,190575.0,190630.0,190692.0,190749.0,190810.0,190853.0,190897.0,190932.0,190999.0,191108.0,191230.0,191293.0,191338.0,191406.0,191454
f3OypB-9BQI,,,,,,,,,,,,,,,,,,,,,,,,,,,,,,,,,,,,,,,,,,,,,,,,,,,,,,,32782.0,32798.0,32823.0,32848.0,32872.0,32909.0,32933.0,32964.0,32975.0,32990.0,33020.0,33039.0,33062.0,33083.0,33095.0,33107.0,33118.0,33135.0,33147.0,33162.0,33193.0,33204.0,33213.0,33226.0,33239.0,33249.0,33258.0,33273.0,33284.0,33287.0,33300.0,33309.0,33319.0,33330.0,33337.0,33349.0,33363.0,33372.0,33388.0,33401.0,33406.0,33415.0,33425.0,33431.0,33436.0,33443.0,33450.0,33457.0,33462.0,33466.0,33476.0,33484.0,33489.0,33502.0,33509.0,33516.0,33524.0,33531.0,33537.0,33547.0,33557.0,33571.0,33580.0,33589.0,33598.0,33605.0,33620.0,33630.0,33639.0,33646.0,33651.0,33659.0,33666.0,33669.0,33679.0,33698.0,33709.0,33724.0,33725.0,33730.0,33736.0,33748.0,33753.0,33760.0,33764.0,33769.0,33779.0,33785.0,33801.0,33810.0,33814.0,33822.0,33828.0,33839.0,33843.0,33850.0,33853.0,33852.0,33866.0,33873
pys0iujXJjQ,,,,,,,,,,,,,,,,,,,,,,,,,,,,,,,,,,,,,,,,,,,,,,,,,,,,,,,11984.0,12004.0,12031.0,12049.0,12070.0,12089.0,12121.0,12135.0,12143.0,12163.0,12175.0,12182.0,12205.0,12221.0,12234.0,12245.0,12260.0,12272.0,12279.0,12279.0,12295.0,12300.0,12308.0,12316.0,12322.0,12332.0,12345.0,12355.0,12357.0,12363.0,12371.0,12377.0,12382.0,12390.0,12399.0,12406.0,12413.0,12421.0,12426.0,12430.0,12439.0,12445.0,12455.0,12465.0,12471.0,12476.0,12481.0,12483.0,12490.0,12489.0,12493.0,12496.0,12499.0,12505.0,12506.0,12508.0,12513.0,12515.0,12514.0,12518.0,12521.0,12528.0,12533.0,12539.0,12543.0,12548.0,12549.0,12554.0,12555.0,12565.0,12564.0,12567.0,12572.0,12577.0,12579.0,12583.0,12587.0,12591.0,12592.0,12595.0,12597.0,12601.0,12608.0,12612.0,12619.0,12624.0,12628.0,12631.0,12634.0,12638.0,12641.0,12646.0,12648.0,12653.0,12662.0,12664.0,12670.0,12676.0,12675.0,12677
OTMan1GcBwk,,,,,,,,,,,,,,,,,,,,,,,,,,,,,,,,,,,,,,,,,,,,,,,,,,,,,,,1133.0,1133.0,1133.0,1134.0,1137.0,1137.0,1140.0,1141.0,1143.0,1142.0,1142.0,1144.0,1148.0,1154.0,1165.0,1166.0,1169.0,1171.0,1174.0,1177.0,1181.0,1183.0,1187.0,1190.0,1191.0,1193.0,1194.0,1195.0,1197.0,1200.0,1206.0,1209.0,1211.0,1212.0,1212.0,1213.0,1216.0,1218.0,1222.0,1223.0,1224.0,1225.0,1225.0,1225.0,1225.0,1234.0,1235.0,1238.0,1239.0,1241.0,1244.0,1246.0,1247.0,1249.0,1253.0,1257.0,1259.0,1263.0,1264.0,1265.0,1268.0,1268.0,1268.0,1270.0,1271.0,1275.0,1276.0,1277.0,1278.0,1280.0,1282.0,1282.0,1282.0,1283.0,1282.0,1283.0,1284.0,1284.0,1287.0,1287.0,1288.0,1288.0,1287.0,1287.0,1287.0,1287.0,1287.0,1287.0,1287.0,1287.0,1287.0,1286.0,1286.0,1286.0,1286.0,1287.0,1287.0,1286.0,1287.0,1287
lBk-A6P6CQA,,,,,,,,,,,,,,,,,,,,,,,,,,,,,,,,,,,,,,,,,,,,,,,,,,,,,,,1936.0,1941.0,,,,,,,,,,,,,,,,,,,,,,,,,,,,,,,,,,,,,,,,,,,,,,,,,,,,,,,,,,,,,,,,,,,,,,,,,,,,,,,,,,,,,,,,,,,,,,,,,,
dgRaQ8mZjow,,,,,,,,,,,,,,,,,,,,,,,,,,,,,,,,,,,,,,,,,,,,,,,,,,,,,,,512.0,514.0,515.0,521.0,523.0,526.0,528.0,530.0,533.0,534.0,534.0,537.0,539.0,539.0,540.0,540.0,544.0,545.0,546.0,548.0,550.0,552.0,553.0,557.0,557.0,558.0,558.0,559.0,561.0,561.0,564.0,567.0,572.0,574.0,573.0,573.0,575.0,577.0,578.0,580.0,580.0,584.0,586.0,588.0,589.0,594.0,597.0,599.0,599.0,601.0,608.0,620.0,630.0,637.0,640.0,646.0,650.0,655.0,655.0,657.0,658.0,659.0,659.0,660.0,660.0,665.0,667.0,668.0,668.0,669.0,670.0,671.0,671.0,673.0,674.0,674.0,676.0,677.0,677.0,678.0,678.0,678.0,678.0,678.0,678.0,678.0,679.0,681.0,681.0,681.0,681.0,682.0,682.0,682.0,683.0,683.0,683.0,683.0,683.0,683
1Pmoxr18YA8,,,,,,,,,,,,,,,,,,,,,,,,,,,,,,,,,,,,,,,,,,,,,,,,,,,,,,,1450.0,1467.0,1487.0,1512.0,1527.0,1539.0,1550.0,1562.0,1578.0,1584.0,1593.0,1602.0,1610.0,1618.0,1623.0,1631.0,1640.0,1652.0,1660.0,1666.0,1683.0,1691.0,1699.0,1705.0,1714.0,1718.0,1726.0,1735.0,1746.0,1753.0,1762.0,1769.0,1779.0,1782.0,1789.0,1797.0,1802.0,1806.0,1811.0,1816.0,1820.0,1828.0,1834.0,1839.0,1842.0,1843.0,1844.0,1846.0,1848.0,1850.0,1853.0,1855.0,1860.0,1864.0,1868.0,1871.0,1873.0,1874.0,1877.0,1877.0,1883.0,1889.0,1890.0,1894.0,1894.0,1901.0,1902.0,1905.0,1906.0,1908.0,1912.0,1913.0,1914.0,1917.0,1918.0,1918.0,1919.0,1921.0,1925.0,1926.0,1928.0,1927.0,1927.0,1928.0,1929.0,1931.0,1933.0,1932.0,1931.0,1932.0,1933.0,1936.0,1936.0,1938.0,1943.0,1947.0,1948.0,1953.0,1954.0,1956
OexKn5lnqfI,,,,,,,,,,,,,,,,,,,,,,,,,,,,,,,,,,,,,,,,,,,,,,,,,,,,,,,16192.0,16206.0,16220.0,16232.0,16236.0,16244.0,16251.0,16269.0,16286.0,18757.0,18761.0,18769.0,18789.0,18813.0,18827.0,18841.0,18872.0,18885.0,18906.0,18918.0,18964.0,18992.0,19019.0,19039.0,19059.0,19069.0,19081.0,19088.0,19098.0,19103.0,19106.0,19107.0,19111.0,19124.0,19124.0,19123.0,19129.0,19137.0,19140.0,19148.0,19154.0,19157.0,19158.0,19160.0,19159.0,19159.0,19158.0,19164.0,19169.0,19168.0,19167.0,19172.0,19174.0,19175.0,19178.0,19177.0,19178.0,19184.0,19182.0,19185.0,19179.0,19179.0,19179.0,19178.0,19180.0,19179.0,19181.0,19183.0,19187.0,19192.0,19196.0,19192.0,19193.0,19193.0,19198.0,19199.0,19209.0,19214.0,19215.0,19222.0,19226.0,19227.0,19230.0,19234.0,19238.0,19236.0,19238.0,19236.0,19239.0,19236.0,19239.0,19237.0,19238.0,19239.0,19239.0,19243.0,19249.0,19250.0,19251.0,19254
imvkO-lXwTA,,,,,,,,,,,,,,,,,,,,,,,,,,,,,,,,,,,,,,,,,,,,,,,,,,,,,,,242.0,243.0,243.0,246.0,248.0,250.0,252.0,253.0,253.0,253.0,254.0,256.0,256.0,256.0,257.0,259.0,262.0,264.0,264.0,264.0,265.0,265.0,265.0,265.0,265.0,266.0,266.0,266.0,266.0,267.0,267.0,269.0,271.0,271.0,271.0,271.0,271.0,271.0,271.0,271.0,271.0,271.0,271.0,271.0,271.0,272.0,272.0,272.0,272.0,272.0,273.0,273.0,273.0,273.0,274.0,274.0,274.0,275.0,275.0,277.0,278.0,278.0,278.0,278.0,278.0,280.0,281.0,281.0,281.0,281.0,283.0,283.0,283.0,283.0,283.0,283.0,283.0,285.0,285.0,286.0,286.0,286.0,286.0,286.0,286.0,286.0,286.0,286.0,286.0,286.0,286.0,287.0,288.0,288.0,289.0,289.0,290.0,290.0,290.0,290
LPL1fozVrIw,,,,,,,,,,,,,,,,,,,,,,,,,,,,,,,,,,,,,,,,,,,,,,,,,,,,,,,25354.0,25499.0,25607.0,25700.0,25792.0,25869.0,25956.0,26014.0,26094.0,26164.0,26237.0,26310.0,26384.0,26450.0,26508.0,26559.0,26617.0,26657.0,26690.0,26733.0,26808.0,26850.0,26889.0,26932.0,26986.0,27024.0,27072.0,27130.0,27182.0,27228.0,27267.0,27300.0,27335.0,27374.0,27424.0,27458.0,27540.0,27702.0,27830.0,27909.0,27976.0,28051.0,28133.0,28189.0,28238.0,28288.0,28317.0,28349.0,28377.0,28404.0,28434.0,28455.0,28473.0,28487.0,28501.0,28524.0,28548.0,28572.0,28584.0,28607.0,28623.0,28635.0,28657.0,28676.0,28686.0,28702.0,28723.0,28735.0,28746.0,28761.0,28767.0,28780.0,28793.0,28807.0,28821.0,28835.0,28846.0,28852.0,28864.0,28881.0,28902.0,28911.0,28916.0,28929.0,28946.0,28957.0,28968.0,28987.0,28997.0,28999.0,29020.0,29052.0,29072.0,29093.0,29105.0,29122.0,29131.0,29153.0,29160.0,29169
b60RXXBik1w,,,,,,,,,,,,,,,,,,,,,,,,,,,,,,,,,,,,,,,,,,,,,,,,,,,,,,,25317.0,25619.0,25914.0,26184.0,26494.0,26774.0,27051.0,27339.0,27847.0,28376.0,28817.0,29233.0,29647.0,29988.0,30334.0,30603.0,30844.0,31059.0,31248.0,31452.0,31756.0,31890.0,32028.0,32200.0,32330.0,32482.0,32601.0,32702.0,32825.0,32939.0,33053.0,33169.0,33253.0,33347.0,33439.0,33529.0,33651.0,33752.0,33854.0,33925.0,34013.0,34095.0,34187.0,34264.0,34338.0,34396.0,34454.0,34513.0,34576.0,34636.0,34691.0,34746.0,34830.0,34906.0,34958.0,35026.0,35065.0,35126.0,35183.0,35248.0,35296.0,35349.0,35400.0,35459.0,35525.0,35566.0,35616.0,35668.0,35715.0,35760.0,35797.0,35841.0,35879.0,35912.0,35954.0,35992.0,36023.0,36053.0,36087.0,36113.0,36145.0,36180.0,36210.0,36252.0,36296.0,36332.0,36374.0,36405.0,36435.0,36468.0,36494.0,36518.0,36548.0,36582.0,36604.0,36626.0,36644.0,36673.0,36703.0,36727
IxoCRq-v81I,,,,,,,,,,,,,,,,,,,,,,,,,,,,,,,,,,,,,,,,,,,,,,,,,,,,,,,5330.0,5351.0,5376.0,5394.0,5399.0,5421.0,5439.0,5451.0,5462.0,5473.0,5489.0,5505.0,5520.0,5528.0,5539.0,5549.0,5559.0,5570.0,5582.0,5598.0,5618.0,5624.0,5637.0,5653.0,5665.0,5682.0,5694.0,5710.0,5719.0,5736.0,5745.0,5759.0,5768.0,5779.0,5787.0,5799.0,5806.0,5817.0,5826.0,5830.0,5842.0,5848.0,5860.0,5877.0,5890.0,5898.0,5910.0,5927.0,5934.0,5951.0,5966.0,5981.0,5991.0,5998.0,6009.0,6025.0,6037.0,6052.0,6074.0,6096.0,6112.0,6122.0,6135.0,6142.0,6148.0,6163.0,6176.0,6187.0,6191.0,6202.0,6205.0,6216.0,6226.0,6233.0,6235.0,6240.0,6242.0,6249.0,6255.0,6261.0,6266.0,6275.0,6276.0,6280.0,6282.0,6290.0,6292.0,6297.0,6303.0,6309.0,6315.0,6317.0,6324.0,6328.0,6329.0,6333.0,6335.0,6336.0,6340.0,6347
ql6cF9gKdjA,,,,,,,,,,,,,,,,,,,,,,,,,,,,,,,,,,,,,,,,,,,,,,,,,,,,,,,7635.0,7780.0,7942.0,8065.0,8210.0,8313.0,8417.0,8508.0,8653.0,8748.0,8860.0,8948.0,9015.0,9061.0,9124.0,9193.0,9245.0,9291.0,9351.0,9390.0,9477.0,9524.0,9586.0,9643.0,9706.0,9750.0,9791.0,9848.0,9911.0,9966.0,10012.0,10076.0,10114.0,10166.0,10216.0,10249.0,10354.0,10777.0,11174.0,11868.0,12903.0,13847.0,14552.0,15212.0,15755.0,16228.0,16570.0,16866.0,17134.0,17355.0,17545.0,17713.0,17884.0,18018.0,18156.0,18245.0,18307.0,18385.0,18455.0,18508.0,18561.0,18615.0,18661.0,18728.0,18770.0,18819.0,18870.0,18924.0,18960.0,18996.0,19026.0,19058.0,19095.0,19138.0,19148.0,19181.0,19219.0,19251.0,19279.0,19314.0,19358.0,19371.0,19396.0,19419.0,19442.0,19479.0,19504.0,19523.0,19545.0,19565.0,19575.0,19594.0,19607.0,19627.0,19639.0,19648.0,19672.0,19698.0,19708.0,19721
BXyBr6fIuw4,,,,,,,,,,,,,,,,,,,,,,,,,,,,,,,,,,,,,,,,,,,,,,,,,,,,,,,27.0,28.0,28.0,28.0,28.0,28.0,28.0,28.0,28.0,28.0,28.0,29.0,30.0,30.0,30.0,30.0,30.0,30.0,30.0,31.0,31.0,31.0,31.0,31.0,31.0,31.0,33.0,33.0,33.0,33.0,33.0,33.0,33.0,33.0,33.0,33.0,33.0,33.0,33.0,34.0,36.0,36.0,36.0,36.0,36.0,36.0,36.0,36.0,37.0,37.0,37.0,37.0,37.0,37.0,37.0,37.0,37.0,37.0,37.0,37.0,37.0,37.0,37.0,37.0,37.0,37.0,37.0,37.0,37.0,37.0,37.0,37.0,37.0,38.0,38.0,38.0,38.0,38.0,38.0,38.0,38.0,38.0,38.0,38.0,38.0,39.0,39.0,39.0,39.0,39.0,39.0,39.0,39.0,39.0,39.0,39.0,39.0,39.0,39.0,39
tHvEKVW0GP8,,,,,,,,,,,,,,,,,,,,,,,,,,,,,,,,,,,,,,,,,,,,,,,,,,,,,,,1481.0,1488.0,1503.0,1507.0,1514.0,1519.0,1524.0,1525.0,1526.0,1531.0,1531.0,1533.0,1535.0,1533.0,1533.0,1535.0,1537.0,1537.0,1538.0,1541.0,1545.0,1545.0,1549.0,1551.0,1552.0,1552.0,1553.0,1554.0,1556.0,1557.0,1557.0,1557.0,1559.0,1560.0,1561.0,1562.0,1565.0,1568.0,1570.0,1570.0,1572.0,1573.0,1573.0,1574.0,1575.0,1577.0,1577.0,1576.0,1578.0,1578.0,1578.0,1578.0,1580.0,1580.0,1580.0,1581.0,1582.0,1582.0,1582.0,1582.0,1584.0,1584.0,1584.0,1584.0,1584.0,1584.0,1583.0,1583.0,1582.0,1582.0,1583.0,1583.0,1583.0,1583.0,1585.0,1585.0,1586.0,1586.0,1586.0,1586.0,1586.0,1586.0,1585.0,1585.0,1585.0,1585.0,1585.0,1585.0,1584.0,1584.0,1584.0,1584.0,1584.0,1584.0,1584.0,1585.0,1585.0,1585.0,1585.0,1585
NW6olUR350I,,,,,,,,,,,,,,,,,,,,,,,,,,,,,,,,,,,,,,,,,,,,,,,,,,,,,,,1066.0,1126.0,1158.0,1181.0,1197.0,1212.0,1222.0,1231.0,1243.0,1255.0,1259.0,1266.0,1272.0,1276.0,1283.0,1285.0,1291.0,1297.0,1307.0,1311.0,1323.0,1326.0,1334.0,1340.0,1342.0,1342.0,1349.0,1355.0,1355.0,1358.0,1360.0,1361.0,1365.0,1370.0,1374.0,1376.0,1379.0,1382.0,1384.0,1385.0,1386.0,1387.0,1391.0,1392.0,1396.0,1398.0,1399.0,1403.0,1407.0,1410.0,1413.0,1417.0,1417.0,1417.0,1420.0,1421.0,1422.0,1423.0,1425.0,1427.0,1429.0,1433.0,1436.0,1438.0,1444.0,1447.0,1452.0,1452.0,1453.0,1456.0,1456.0,1460.0,1463.0,1467.0,1468.0,1470.0,1473.0,1475.0,1478.0,1479.0,1479.0,1482.0,1483.0,1486.0,1486.0,1485.0,1489.0,1489.0,1489.0,1489.0,1491.0,1494.0,1495.0,1498.0,1499.0,1501.0,1502.0,1504.0,1504.0,1506
iGGxMGeJzmw,,,,,,,,,,,,,,,,,,,,,,,,,,,,,,,,,,,,,,,,,,,,,,,,,,,,,,,116913.0,118730.0,120237.0,121730.0,123358.0,124708.0,125649.0,126390.0,127101.0,127766.0,128502.0,129314.0,130072.0,130544.0,130971.0,131408.0,131811.0,132212.0,132658.0,133147.0,133824.0,134151.0,134488.0,134925.0,135232.0,135575.0,135879.0,136174.0,136491.0,136808.0,137120.0,137538.0,137886.0,138215.0,138476.0,138751.0,139080.0,139386.0,139702.0,140014.0,140300.0,140539.0,140784.0,140988.0,141235.0,141499.0,141788.0,142017.0,142219.0,142405.0,142589.0,142784.0,143065.0,143333.0,143759.0,144054.0,144356.0,144676.0,144946.0,145246.0,145535.0,145755.0,145943.0,146163.0,146385.0,146639.0,146913.0,147212.0,147573.0,147814.0,148008.0,148186.0,148364.0,148546.0,148737.0,148916.0,149076.0,149248.0,149397.0,149614.0,149869.0,150136.0,150334.0,150523.0,150680.0,150829.0,151049.0,151244.0,151569.0,151884.0,152140.0,152374.0,152619.0,152846.0,153057.0,153345.0,153574.0,153711.0,153888.0,154080
OeI0fQVSQLQ,,,,,,,,,,,,,,,,,,,,,,,,,,,,,,,,,,,,,,,,,,,,,,,,,,,,,,,322.0,332.0,337.0,346.0,352.0,363.0,368.0,376.0,379.0,387.0,391.0,392.0,394.0,397.0,400.0,402.0,407.0,407.0,407.0,408.0,409.0,412.0,415.0,421.0,424.0,428.0,429.0,433.0,434.0,435.0,437.0,440.0,439.0,442.0,443.0,444.0,444.0,447.0,453.0,457.0,457.0,458.0,464.0,468.0,469.0,471.0,473.0,474.0,476.0,476.0,476.0,477.0,478.0,478.0,478.0,478.0,478.0,478.0,481.0,482.0,483.0,483.0,483.0,484.0,484.0,484.0,487.0,487.0,489.0,488.0,488.0,489.0,489.0,489.0,490.0,490.0,491.0,492.0,492.0,491.0,491.0,493.0,494.0,495.0,496.0,496.0,496.0,497.0,497.0,498.0,498.0,498.0,498.0,498.0,499.0,499.0,499.0,499.0,499.0,499
7mRAVdvlBKI,,,,,,,,,,,,,,,,,,,,,,,,,,,,,,,,,,,,,,,,,,,,,,,,,,,,,,,654.0,657.0,659.0,659.0,660.0,663.0,667.0,669.0,670.0,670.0,671.0,671.0,671.0,671.0,671.0,672.0,675.0,679.0,679.0,681.0,685.0,688.0,688.0,688.0,688.0,688.0,688.0,688.0,689.0,690.0,690.0,691.0,693.0,695.0,695.0,695.0,695.0,695.0,695.0,699.0,699.0,700.0,700.0,702.0,705.0,705.0,706.0,706.0,706.0,706.0,706.0,707.0,708.0,709.0,709.0,709.0,709.0,709.0,709.0,708.0,708.0,708.0,708.0,708.0,708.0,708.0,708.0,709.0,711.0,711.0,712.0,711.0,712.0,712.0,714.0,715.0,715.0,715.0,715.0,715.0,715.0,715.0,715.0,715.0,715.0,715.0,715.0,715.0,715.0,715.0,715.0,715.0,715.0,714.0,714.0,714.0,716.0,716.0,716.0,716
C_aVIcSuWeM,,,,,,,,,,,,,,,,,,,,,,,,,,,,,,,,,,,,,,,,,,,,,,,,,,,,,,,518.0,525.0,541.0,559.0,564.0,565.0,569.0,573.0,573.0,576.0,578.0,586.0,586.0,587.0,589.0,593.0,594.0,598.0,602.0,603.0,607.0,607.0,610.0,612.0,613.0,615.0,616.0,618.0,618.0,620.0,623.0,630.0,629.0,637.0,643.0,646.0,650.0,649.0,651.0,652.0,657.0,660.0,659.0,658.0,659.0,661.0,663.0,662.0,663.0,663.0,664.0,664.0,665.0,666.0,667.0,667.0,666.0,665.0,666.0,666.0,666.0,667.0,667.0,668.0,668.0,669.0,670.0,670.0,671.0,672.0,672.0,672.0,672.0,672.0,672.0,673.0,673.0,673.0,674.0,675.0,675.0,676.0,676.0,676.0,677.0,677.0,678.0,679.0,679.0,680.0,681.0,681.0,681.0,681.0,681.0,682.0,682.0,682.0,682.0,682
j5M8mX7qnLU,,,,,,,,,,,,,,,,,,,,,,,,,,,,,,,,,,,,,,,,,,,,,,,,,,,,,,,242.0,244.0,244.0,243.0,246.0,247.0,252.0,260.0,260.0,261.0,262.0,263.0,265.0,271.0,273.0,276.0,276.0,277.0,279.0,281.0,284.0,,,,,,,,,,,,,,,,,,,,,,,,,,,,,,,,,,,,,,,,,,,,,,,,,,,,,,,,,,,,,,,,,,,,,,,,,,,,,,,
juXsUPN55GY,,,,,,,,,,,,,,,,,,,,,,,,,,,,,,,,,,,,,,,,,,,,,,,,,,,,,,,117.0,117.0,117.0,118.0,118.0,118.0,119.0,119.0,120.0,120.0,121.0,121.0,121.0,121.0,121.0,121.0,122.0,122.0,122.0,124.0,124.0,,,,,,,,,,,,,,,,,,,,,,,,,,,,,,,,,,,,,,,,,,,,,,,,,,,,,,,,,,,,,,,,,,,,,,,,,,,,,,,
kDFYu3Kg_Xs,,,,,,,,,,,,,,,,,,,,,,,,,,,,,,,,,,,,,,,,,,,,,,,,,,,,,,,,,,,,,,,,,,,,,,,,,,,,,,,,,,,,,,,,,,,,,,,,,,,,,,,,,,,,,,,,,,,,,,,,,,,,,,,,,,,,,,,,,,,,,,,,,,,,,,,,,,
zR-t4yv1hOE,,,,,,,,,,,,,,,,,,,,,,,,,,,,,,,,,,,,,,,,,,,,,,,,,,,,,,,368.0,371.0,374.0,378.0,381.0,383.0,384.0,387.0,391.0,396.0,400.0,404.0,406.0,405.0,407.0,409.0,410.0,411.0,411.0,412.0,415.0,416.0,416.0,418.0,417.0,418.0,419.0,420.0,421.0,421.0,426.0,428.0,428.0,428.0,428.0,428.0,428.0,431.0,432.0,432.0,432.0,432.0,432.0,433.0,433.0,433.0,433.0,433.0,433.0,433.0,434.0,434.0,434.0,434.0,434.0,434.0,435.0,435.0,435.0,435.0,435.0,435.0,435.0,435.0,435.0,435.0,435.0,436.0,436.0,436.0,436.0,436.0,436.0,437.0,437.0,437.0,437.0,438.0,438.0,439.0,438.0,437.0,437.0,437.0,437.0,437.0,437.0,437.0,437.0,437.0,437.0,437.0,437.0,437.0,437.0,437.0,437.0,437.0,437.0,437
zHQTySJrNWw,,,,,,,,,,,,,,,,,,,,,,,,,,,,,,,,,,,,,,,,,,,,,,,,,,,,,,,1394.0,1409.0,1422.0,1428.0,1434.0,1437.0,1444.0,1446.0,1449.0,1452.0,1457.0,1459.0,1462.0,1463.0,1464.0,1468.0,1471.0,1472.0,1473.0,1475.0,1476.0,1480.0,1482.0,1484.0,1484.0,1484.0,1487.0,1487.0,1489.0,1490.0,1492.0,1492.0,1493.0,1495.0,1496.0,1497.0,1497.0,1500.0,1504.0,1507.0,1509.0,1515.0,1516.0,1516.0,1517.0,1517.0,1517.0,1518.0,1518.0,1518.0,1521.0,1522.0,1523.0,1524.0,1527.0,1528.0,1528.0,1528.0,1528.0,1532.0,1533.0,1533.0,1534.0,1535.0,1539.0,1541.0,1544.0,1545.0,1546.0,1548.0,1549.0,1552.0,1553.0,1554.0,1555.0,1556.0,1556.0,1558.0,1557.0,1559.0,1560.0,1561.0,1562.0,1563.0,1564.0,1564.0,1568.0,1573.0,1573.0,1574.0,1574.0,1575.0,1576.0,1576.0,1575.0,1575.0,1577.0,1581.0,1583.0,1583
PoD9YBZR0O4,,,,,,,,,,,,,,,,,,,,,,,,,,,,,,,,,,,,,,,,,,,,,,,,,,,,,,,30686.0,31919.0,33045.0,34327.0,35255.0,35988.0,36694.0,37627.0,38415.0,39141.0,39874.0,40454.0,40939.0,41265.0,41494.0,41697.0,41926.0,42176.0,42417.0,42571.0,42765.0,42857.0,42968.0,43058.0,43145.0,43216.0,43312.0,43398.0,43512.0,43568.0,43645.0,43728.0,43800.0,43908.0,44015.0,44099.0,44212.0,44380.0,44487.0,44595.0,44669.0,44757.0,44824.0,44902.0,44966.0,45020.0,45085.0,45133.0,45169.0,45209.0,45249.0,45292.0,45336.0,45372.0,45405.0,45466.0,45520.0,45562.0,45608.0,45658.0,45691.0,45722.0,45751.0,45781.0,45813.0,45841.0,45882.0,45909.0,45936.0,45964.0,45996.0,46028.0,46061.0,46085.0,46116.0,46145.0,46177.0,46217.0,46245.0,46278.0,46315.0,46349.0,46381.0,46422.0,46451.0,46500.0,46541.0,46591.0,46633.0,46677.0,46709.0,46741.0,46767.0,46795.0,46817.0,46850.0,46882.0,46905.0,46936.0,46955
F7sGJVUrkjQ,,,,,,,,,,,,,,,,,,,,,,,,,,,,,,,,,,,,,,,,,,,,,,,,,,,,,,,438904.0,454958.0,471016.0,487144.0,500475.0,511972.0,523382.0,534712.0,545665.0,557134.0,570456.0,585378.0,599788.0,610925.0,620916.0,630622.0,641652.0,653034.0,666367.0,679489.0,701889.0,712575.0,723690.0,735108.0,746017.0,756360.0,765867.0,775702.0,785619.0,807105.0,811870.0,823725.0,840940.0,845907.0,856107.0,867164.0,878264.0,889533.0,900853.0,910902.0,919193.0,927713.0,936357.0,944532.0,952942.0,961859.0,970267.0,977417.0,983830.0,990119.0,996550.0,1003669.0,1011304.0,1018012.0,1023630.0,1028945.0,1034181.0,1039755.0,1045079.0,1051024.0,1056687.0,1061342.0,1065642.0,1069870.0,1074099.0,1079839.0,1085630.0,1091168.0,1096082.0,1100580.0,1104980.0,1108814.0,1113137.0,1117746.0,1121950.0,1125546.0,1129332.0,1132982.0,1136752.0,1140852.0,1145044.0,1149403.0,1153142.0,1156977.0,1161224.0,1165244.0,1171336.0,1176633.0,1181837.0,1185795.0,1189373.0,1193103.0,1197034.0,1200955.0,1205127.0,1209250.0,1212908.0,1215934.0,1219259.0,1222336
AdOaQpwYx0c,,,,,,,,,,,,,,,,,,,,,,,,,,,,,,,,,,,,,,,,,,,,,,,,,,,,,,,,,,,,,,,,,,,,,,,,,,,,,,,,,,,,,,,,,,,,,,,,,,,,,,,,,,,,,,,,,,,,,,,,,,,,,,,,,,,,,,,,,,,,,,,,,,,,,,,,,,
Eyv7VNmNXNI,,,,,,,,,,,,,,,,,,,,,,,,,,,,,,,,,,,,,,,,,,,,,,,,,,,,,,,29809.0,31461.0,32270.0,32755.0,33183.0,33459.0,33645.0,33771.0,33878.0,33968.0,34070.0,34195.0,34310.0,34393.0,34467.0,34518.0,34576.0,34642.0,34700.0,34755.0,34834.0,34865.0,34909.0,34947.0,34984.0,35022.0,35058.0,35100.0,35124.0,35154.0,35197.0,35225.0,35245.0,35269.0,35291.0,35307.0,35338.0,35366.0,35392.0,35413.0,35439.0,35460.0,35487.0,35507.0,35536.0,35554.0,35579.0,35607.0,35633.0,35661.0,35677.0,35706.0,35720.0,35740.0,35759.0,35773.0,35788.0,35805.0,35822.0,35843.0,35860.0,35877.0,35898.0,35913.0,35932.0,35947.0,35960.0,35969.0,35986.0,36006.0,36024.0,36040.0,36049.0,36062.0,36080.0,36092.0,36107.0,36123.0,36140.0,36154.0,36166.0,36176.0,36190.0,36204.0,36217.0,36230.0,36245.0,36260.0,36278.0,36283.0,36297.0,36304.0,36317.0,36335.0,36343.0,36355.0,36367.0,36381.0,36385.0,36397
9qkpcLK422o,,,,,,,,,,,,,,,,,,,,,,,,,,,,,,,,,,,,,,,,,,,,,,,,,,,,,,,456957.0,462579.0,467606.0,473615.0,479562.0,484719.0,488906.0,492451.0,495872.0,499201.0,502644.0,506376.0,510154.0,512971.0,515464.0,517923.0,520546.0,523467.0,526787.0,529985.0,535038.0,537420.0,539905.0,542667.0,545530.0,548440.0,551011.0,553626.0,556189.0,558724.0,561181.0,563839.0,566203.0,568218.0,570238.0,572325.0,574598.0,576917.0,579322.0,581463.0,583452.0,585454.0,587483.0,589525.0,591643.0,593808.0,595746.0,597258.0,598739.0,600182.0,601669.0,603253.0,604933.0,606533.0,607817.0,609086.0,610317.0,611544.0,612771.0,614193.0,615582.0,616831.0,617867.0,619033.0,620164.0,621523.0,623011.0,624540.0,625876.0,627080.0,628182.0,629288.0,630477.0,631846.0,633119.0,634180.0,635262.0,636338.0,637399.0,638425.0,639581.0,640689.0,641675.0,642622.0,643529.0,644368.0,645409.0,646564.0,647710.0,648654.0,649537.0,650508.0,651444.0,652414.0,653496.0,654484.0,655365.0,656157.0,657000.0,657762
8iWkRdIsT3U,,,,,,,,,,,,,,,,,,,,,,,,,,,,,,,,,,,,,,,,,,,,,,,,,,,,,,,11255.0,13173.0,14254.0,14992.0,15529.0,15975.0,16296.0,16545.0,16758.0,16960.0,17105.0,17246.0,17384.0,17571.0,17749.0,17889.0,18016.0,18121.0,18208.0,18311.0,18455.0,18514.0,18565.0,18625.0,18671.0,18719.0,18774.0,18820.0,18854.0,18885.0,18916.0,18948.0,18983.0,19020.0,19050.0,19087.0,19114.0,19146.0,19173.0,19200.0,19218.0,19236.0,19269.0,19277.0,19382.0,19550.0,19614.0,19660.0,19690.0,19715.0,19739.0,19759.0,19784.0,19804.0,19826.0,19846.0,19878.0,19898.0,19921.0,19950.0,19967.0,19987.0,19997.0,20010.0,20018.0,20035.0,20052.0,20066.0,20086.0,20097.0,20110.0,20120.0,20133.0,20146.0,20166.0,20185.0,20192.0,20202.0,20215.0,20227.0,20237.0,20245.0,20255.0,20263.0,20270.0,20271.0,20280.0,20288.0,20303.0,20305.0,20315.0,20327.0,20334.0,20340.0,20347.0,20357.0,20370.0,20382.0,20394.0,20399
g0_qeo00XWs,,,,,,,,,,,,,,,,,,,,,,,,,,,,,,,,,,,,,,,,,,,,,,,,,,,,,,,180.0,279.0,309.0,333.0,350.0,366.0,379.0,394.0,400.0,410.0,416.0,418.0,422.0,424.0,429.0,435.0,437.0,438.0,440.0,442.0,446.0,448.0,449.0,450.0,452.0,456.0,457.0,459.0,460.0,460.0,463.0,464.0,464.0,465.0,465.0,466.0,468.0,469.0,469.0,471.0,471.0,473.0,474.0,474.0,475.0,477.0,478.0,478.0,478.0,479.0,482.0,488.0,494.0,496.0,498.0,498.0,502.0,503.0,503.0,504.0,505.0,507.0,508.0,511.0,512.0,512.0,514.0,514.0,516.0,516.0,517.0,518.0,519.0,520.0,521.0,522.0,523.0,523.0,523.0,523.0,524.0,527.0,527.0,527.0,527.0,527.0,527.0,528.0,528.0,528.0,528.0,528.0,529.0,529.0,531.0,531.0,531.0,531.0,533.0,534
AdOaQpwYx0c,,,,,,,,,,,,,,,,,,,,,,,,,,,,,,,,,,,,,,,,,,,,,,,,,,,,,,,,,,,,,,,,,,,,,,,,,,,,,,,,,,,,,,,,,,,,,,,,,,,,,,,,,,,,,,,,,,,,,,,,,,,,,,,,,,,,,,,,,,,,,,,,,,,,,,,,,,
qFVQukLBlj0,,,,,,,,,,,,,,,,,,,,,,,,,,,,,,,,,,,,,,,,,,,,,,,,,,,,,,,6028.0,6095.0,6179.0,6267.0,6337.0,6404.0,6470.0,6555.0,6637.0,6693.0,6753.0,6792.0,6825.0,6863.0,6907.0,6950.0,6985.0,7013.0,7035.0,7069.0,7159.0,7207.0,7242.0,7293.0,7318.0,7328.0,7348.0,7374.0,7389.0,7403.0,7426.0,7446.0,7464.0,7489.0,7515.0,7536.0,7568.0,7595.0,7610.0,7627.0,7652.0,7672.0,7701.0,7728.0,7757.0,7784.0,7807.0,7834.0,7867.0,7893.0,7913.0,7940.0,7963.0,7980.0,7999.0,8021.0,8037.0,8056.0,8077.0,8089.0,8115.0,8133.0,8152.0,8175.0,8197.0,8214.0,8234.0,8266.0,8288.0,8302.0,8328.0,8349.0,8373.0,8382.0,8395.0,8412.0,8423.0,8444.0,8458.0,8470.0,8483.0,8506.0,8523.0,8550.0,8569.0,8587.0,8603.0,8612.0,8615.0,8625.0,8633.0,8654.0,8659.0,8666.0,8676.0,8682.0,8689.0,8703.0,8710.0,8719
izGJjwhCEaI,,,,,,,,,,,,,,,,,,,,,,,,,,,,,,,,,,,,,,,,,,,,,,,,,,,,,,,17622.0,17645.0,17667.0,17691.0,17714.0,17745.0,17777.0,17809.0,17844.0,17909.0,17961.0,18011.0,18068.0,18113.0,18149.0,18181.0,18228.0,18264.0,18302.0,18339.0,18407.0,18436.0,18461.0,18497.0,18522.0,18548.0,18576.0,18593.0,18620.0,18630.0,18652.0,18683.0,18704.0,18726.0,18751.0,18782.0,18804.0,18842.0,18863.0,18873.0,18895.0,18909.0,18928.0,18943.0,18963.0,18976.0,18992.0,19010.0,19017.0,19030.0,19037.0,19047.0,19060.0,19069.0,19080.0,19086.0,19101.0,19110.0,19121.0,19135.0,19146.0,19152.0,19166.0,19175.0,19186.0,19198.0,19209.0,19223.0,19238.0,19246.0,19261.0,19269.0,19277.0,19291.0,19300.0,19309.0,19316.0,19327.0,19332.0,19338.0,19348.0,19359.0,19365.0,19376.0,19387.0,19402.0,19409.0,19417.0,19434.0,19445.0,19453.0,19468.0,19480.0,19483.0,19495.0,19506.0,19519.0,19527.0,19599.0,19646
yfnE6vi6jAk,,,,,,,,,,,,,,,,,,,,,,,,,,,,,,,,,,,,,,,,,,,,,,,,,,,,,,,10802.0,10806.0,10821.0,10835.0,10851.0,10871.0,10886.0,10894.0,10902.0,10916.0,10934.0,10968.0,10994.0,11019.0,11040.0,11060.0,11081.0,11117.0,11137.0,11163.0,11213.0,11254.0,11287.0,11305.0,11325.0,11358.0,11385.0,11392.0,11407.0,11415.0,11430.0,11450.0,11471.0,11494.0,11507.0,11581.0,11611.0,11637.0,11671.0,11691.0,11709.0,11726.0,11739.0,11753.0,11762.0,11775.0,11787.0,11790.0,11801.0,11814.0,11826.0,11831.0,11836.0,11839.0,11842.0,11845.0,11852.0,11857.0,11862.0,11864.0,11872.0,11876.0,11875.0,11881.0,11884.0,11885.0,11886.0,11894.0,11904.0,11907.0,11917.0,11922.0,11929.0,11931.0,11935.0,11934.0,11938.0,11943.0,11943.0,11947.0,11960.0,11962.0,11965.0,11970.0,11973.0,11976.0,11979.0,11983.0,11993.0,11999.0,12002.0,12005.0,12012.0,12014.0,12015.0,12023.0,12026.0,12030.0,12036.0,12041
hE4bqarpTx4,,,,,,,,,,,,,,,,,,,,,,,,,,,,,,,,,,,,,,,,,,,,,,,,,,,,,,,7.0,7.0,7.0,7.0,7.0,7.0,7.0,7.0,7.0,7.0,7.0,7.0,7.0,7.0,7.0,7.0,7.0,7.0,7.0,7.0,7.0,7.0,7.0,7.0,7.0,7.0,7.0,7.0,7.0,7.0,7.0,7.0,7.0,7.0,7.0,7.0,7.0,7.0,7.0,7.0,7.0,7.0,7.0,7.0,7.0,7.0,7.0,7.0,7.0,7.0,7.0,7.0,7.0,7.0,7.0,7.0,7.0,7.0,7.0,7.0,7.0,7.0,7.0,7.0,7.0,7.0,7.0,7.0,7.0,7.0,7.0,7.0,7.0,7.0,7.0,7.0,7.0,7.0,7.0,7.0,7.0,7.0,7.0,7.0,7.0,7.0,7.0,7.0,7.0,7.0,7.0,7.0,7.0,7.0,7.0,7.0,7.0,7.0,7.0,7
hzNZlhOOh3s,,,,,,,,,,,,,,,,,,,,,,,,,,,,,,,,,,,,,,,,,,,,,,,,,,,,,,,3873.0,3884.0,3907.0,3921.0,3943.0,3955.0,3965.0,3975.0,3982.0,3990.0,4004.0,4017.0,4028.0,4034.0,4040.0,4044.0,4049.0,4054.0,4058.0,4064.0,4066.0,4066.0,4069.0,4071.0,4076.0,4086.0,4091.0,4092.0,4095.0,4102.0,4107.0,4115.0,4120.0,4125.0,4127.0,4129.0,4135.0,4141.0,4148.0,4154.0,4159.0,4166.0,4169.0,4170.0,4171.0,4181.0,4185.0,4189.0,4191.0,4192.0,4194.0,4194.0,4196.0,4204.0,4206.0,4211.0,4214.0,4216.0,4218.0,4219.0,4220.0,4226.0,4228.0,4232.0,4232.0,4235.0,4236.0,4237.0,4237.0,4240.0,4241.0,4242.0,4242.0,4244.0,4247.0,4248.0,4249.0,4249.0,4250.0,4250.0,4252.0,4254.0,4256.0,4260.0,4259.0,4261.0,4265.0,4265.0,4266.0,4268.0,4268.0,4268.0,4269.0,4271.0,4278.0,4280.0,4282.0,4282.0,4283.0,4283
yE6yETkVI3Q,,,,,,,,,,,,,,,,,,,,,,,,,,,,,,,,,,,,,,,,,,,,,,,,,,,,,,,16012.0,16269.0,16492.0,16707.0,16866.0,16995.0,17101.0,17187.0,17307.0,17421.0,17527.0,17648.0,17774.0,17886.0,17965.0,18007.0,18082.0,18160.0,18247.0,18319.0,18453.0,18494.0,18552.0,18583.0,18617.0,18655.0,18698.0,18739.0,18770.0,18791.0,18815.0,18841.0,18869.0,18898.0,18924.0,18953.0,18976.0,19014.0,19034.0,19056.0,19076.0,19098.0,19132.0,19154.0,19170.0,19190.0,19203.0,19219.0,19238.0,19260.0,19285.0,19301.0,19314.0,19336.0,19354.0,19365.0,19375.0,19388.0,19399.0,19412.0,19427.0,19438.0,19448.0,19464.0,19477.0,19486.0,19499.0,19514.0,19524.0,19533.0,19547.0,19552.0,19565.0,19577.0,19585.0,19601.0,19613.0,19617.0,19623.0,19633.0,19645.0,19657.0,19664.0,19680.0,19688.0,19698.0,19703.0,19717.0,19722.0,19737.0,19742.0,19754.0,19763.0,19768.0,19777.0,19783.0,19790.0,19800.0,19811.0,19820
ha7i16DoKQY,,,,,,,,,,,,,,,,,,,,,,,,,,,,,,,,,,,,,,,,,,,,,,,,,,,,,,,2418.0,2758.0,3026.0,3122.0,3229.0,3296.0,3333.0,3368.0,3403.0,3486.0,3583.0,3656.0,3733.0,3788.0,3860.0,3944.0,4018.0,4150.0,4171.0,4243.0,4301.0,4327.0,4366.0,4387.0,4401.0,4429.0,4451.0,4473.0,4491.0,4509.0,4522.0,4538.0,4569.0,4609.0,4649.0,4670.0,4697.0,4728.0,4746.0,4770.0,4792.0,4802.0,4822.0,4831.0,4843.0,4854.0,4864.0,4872.0,4878.0,4888.0,4896.0,4909.0,4919.0,4927.0,4942.0,4948.0,4970.0,4987.0,4999.0,5009.0,5015.0,5022.0,5031.0,5041.0,5045.0,5059.0,5071.0,5092.0,5109.0,5123.0,5139.0,5159.0,5171.0,5185.0,5194.0,5222.0,5240.0,5249.0,5262.0,5272.0,5285.0,5298.0,5318.0,5331.0,5338.0,5347.0,5350.0,5359.0,5365.0,5375.0,5378.0,5382.0,5407.0,5428.0,5432.0,5439.0,5440.0,5445.0,5452.0,5456
D9y3xAgp6Qo,,,,,,,,,,,,,,,,,,,,,,,,,,,,,,,,,,,,,,,,,,,,,,,,,,,,,,,16.0,16.0,19.0,19.0,21.0,23.0,26.0,28.0,31.0,34.0,34.0,38.0,40.0,42.0,44.0,47.0,47.0,49.0,50.0,52.0,57.0,60.0,61.0,62.0,62.0,62.0,63.0,63.0,65.0,65.0,65.0,65.0,65.0,68.0,69.0,69.0,70.0,70.0,70.0,72.0,74.0,74.0,77.0,77.0,78.0,79.0,79.0,79.0,81.0,81.0,82.0,83.0,83.0,83.0,85.0,85.0,85.0,85.0,85.0,86.0,86.0,87.0,87.0,88.0,89.0,90.0,92.0,92.0,92.0,92.0,93.0,93.0,93.0,93.0,93.0,93.0,94.0,94.0,94.0,94.0,95.0,95.0,95.0,95.0,95.0,95.0,95.0,95.0,95.0,96.0,96.0,96.0,98.0,99.0,100.0,100.0,100.0,100.0,101.0,102
XQYO8vicu5I,,,,,,,,,,,,,,,,,,,,,,,,,,,,,,,,,,,,,,,,,,,,,,,,,,,,,,,1057.0,1978.0,2536.0,7479.0,12073.0,14132.0,14908.0,19320.0,24762.0,29713.0,34699.0,38709.0,39004.0,39053.0,39081.0,39100.0,39130.0,39158.0,39171.0,39195.0,39219.0,39233.0,39254.0,39259.0,39275.0,39297.0,39320.0,39341.0,39360.0,39369.0,39378.0,39390.0,39413.0,39435.0,39454.0,39464.0,39481.0,39491.0,39490.0,39492.0,39508.0,39527.0,39547.0,39554.0,39564.0,39565.0,39581.0,39598.0,39615.0,39634.0,39658.0,39666.0,39666.0,39677.0,39696.0,39713.0,39725.0,39728.0,39733.0,39754.0,39758.0,39764.0,39771.0,39780.0,39783.0,39800.0,39807.0,39816.0,39839.0,39850.0,39864.0,39879.0,39885.0,39890.0,39903.0,39898.0,39909.0,39922.0,39929.0,39940.0,39948.0,39953.0,39959.0,39975.0,39987.0,39994.0,39997.0,39997.0,40002.0,40005.0,40016.0,40033.0,40042.0,40055.0,40066.0,40073.0,40088.0,40092.0,40098.0,40107
YsfsxpJaYSw,,,,,,,,,,,,,,,,,,,,,,,,,,,,,,,,,,,,,,,,,,,,,,,,,,,,,,,,235.0,438.0,556.0,610.0,645.0,676.0,737.0,774.0,791.0,823.0,836.0,849.0,857.0,872.0,878.0,886.0,900.0,912.0,924.0,947.0,955.0,961.0,971.0,978.0,988.0,996.0,1006.0,1019.0,1027.0,1037.0,1045.0,1052.0,1059.0,1062.0,1064.0,1073.0,1075.0,1088.0,1095.0,1102.0,1105.0,1108.0,1113.0,1116.0,1123.0,1129.0,1140.0,1150.0,1155.0,1165.0,1172.0,1179.0,1181.0,1195.0,1199.0,1199.0,1200.0,1202.0,1207.0,1206.0,1213.0,1220.0,1226.0,1230.0,1234.0,1237.0,1240.0,1246.0,1250.0,1253.0,1257.0,1261.0,1266.0,1269.0,1275.0,1278.0,1280.0,1281.0,1285.0,1289.0,1291.0,1293.0,1294.0,1298.0,1303.0,1307.0,1314.0,1314.0,1315.0,1317.0,1319.0,1321.0,1322.0,1323.0,1323.0,1322.0,1323.0,1327.0,1330
ItvDjeiqdlE,,,,,,,,,,,,,,,,,,,,,,,,,,,,,,,,,,,,,,,,,,,,,,,,,,,,,,,,35658.0,52636.0,58977.0,63126.0,65323.0,66800.0,67971.0,68848.0,69434.0,69868.0,70293.0,70710.0,71043.0,71336.0,71622.0,71968.0,72256.0,72551.0,72827.0,73236.0,73434.0,73606.0,73789.0,73989.0,74166.0,74342.0,74517.0,74665.0,74784.0,74917.0,75030.0,75130.0,75253.0,75383.0,75511.0,75622.0,75732.0,75831.0,75929.0,76022.0,76105.0,76213.0,76322.0,76419.0,76502.0,76574.0,76653.0,76714.0,76783.0,76842.0,76912.0,76950.0,77007.0,77060.0,77116.0,77154.0,77189.0,77223.0,77268.0,77306.0,77347.0,77378.0,77429.0,77470.0,77534.0,77593.0,77632.0,77662.0,77694.0,77727.0,77753.0,77789.0,77828.0,77861.0,77885.0,77926.0,77960.0,77998.0,78035.0,78068.0,78093.0,78120.0,78171.0,78223.0,78279.0,78340.0,78400.0,78454.0,78503.0,78552.0,78594.0,78657.0,78725.0,78776.0,78830.0,78877.0,78905.0,78947.0,78978
x6peEfIQVGE,,,,,,,,,,,,,,,,,,,,,,,,,,,,,,,,,,,,,,,,,,,,,,,,,,,,,,,,10299.0,11476.0,11969.0,12384.0,12680.0,12929.0,13091.0,13319.0,13512.0,13784.0,14046.0,14233.0,14346.0,14428.0,14508.0,14584.0,14662.0,14736.0,14805.0,14937.0,14991.0,15044.0,15105.0,15158.0,15208.0,15270.0,15336.0,15395.0,15451.0,15501.0,15554.0,15594.0,15634.0,15680.0,15712.0,15750.0,15782.0,15811.0,15841.0,15882.0,15902.0,15928.0,15949.0,15977.0,15996.0,16018.0,16032.0,16052.0,16067.0,16081.0,16097.0,16112.0,16128.0,16147.0,16167.0,16183.0,16199.0,16216.0,16234.0,16253.0,16275.0,16289.0,16307.0,16313.0,16332.0,16343.0,16356.0,16364.0,16378.0,16393.0,16406.0,16419.0,16438.0,16450.0,16476.0,16489.0,16497.0,16511.0,16524.0,16539.0,16557.0,16570.0,16587.0,16598.0,16608.0,16617.0,16629.0,16637.0,16646.0,16656.0,16666.0,16673.0,16681.0,16692.0,16711.0,16727.0,16736.0,16744.0,16752
sj0eG4iaJFw,,,,,,,,,,,,,,,,,,,,,,,,,,,,,,,,,,,,,,,,,,,,,,,,,,,,,,,,651.0,1207.0,1473.0,1624.0,1711.0,1762.0,1821.0,1875.0,1923.0,1973.0,2006.0,2034.0,2058.0,2088.0,2106.0,2113.0,2129.0,2137.0,2178.0,2229.0,2248.0,2270.0,2283.0,2297.0,2313.0,2328.0,2340.0,2361.0,2387.0,2404.0,2414.0,2424.0,2440.0,2469.0,2503.0,2518.0,2534.0,2540.0,2548.0,2554.0,2562.0,2572.0,2582.0,2589.0,2603.0,2613.0,2626.0,2636.0,2644.0,2653.0,2657.0,2665.0,2671.0,2679.0,2681.0,2689.0,2693.0,2699.0,2704.0,2707.0,2710.0,2712.0,2717.0,2721.0,2724.0,2730.0,2731.0,2737.0,2743.0,2748.0,2753.0,2755.0,2760.0,2768.0,2770.0,2773.0,2774.0,2776.0,2780.0,2781.0,2782.0,2786.0,2787.0,2787.0,2787.0,2789.0,2790.0,2793.0,2797.0,2796.0,2797.0,2798.0,2801.0,2802.0,2804.0,2804.0,2805.0,2809.0,2807
aCX2F0R5q9w,,,,,,,,,,,,,,,,,,,,,,,,,,,,,,,,,,,,,,,,,,,,,,,,,,,,,,,,190.0,292.0,339.0,372.0,402.0,422.0,480.0,527.0,574.0,615.0,654.0,662.0,682.0,701.0,724.0,738.0,757.0,769.0,773.0,807.0,817.0,825.0,841.0,852.0,864.0,873.0,887.0,900.0,920.0,929.0,945.0,948.0,953.0,972.0,984.0,994.0,1005.0,1017.0,1026.0,1034.0,1042.0,1050.0,1058.0,1070.0,1075.0,1082.0,1096.0,1119.0,1137.0,1145.0,1159.0,1173.0,1181.0,1187.0,1193.0,1195.0,1202.0,1209.0,1217.0,1223.0,1225.0,1229.0,1236.0,1242.0,1249.0,1258.0,1268.0,1277.0,1278.0,1290.0,1300.0,1307.0,1313.0,1323.0,1329.0,1336.0,1344.0,1350.0,1356.0,1361.0,1365.0,1367.0,1375.0,1379.0,1380.0,1387.0,1396.0,1400.0,1407.0,1409.0,1410.0,1416.0,1422.0,1428.0,1430.0,1435.0,1443.0,1447.0,1453
C6--84TzxZc,,,,,,,,,,,,,,,,,,,,,,,,,,,,,,,,,,,,,,,,,,,,,,,,,,,,,,,,,5572.0,15541.0,19165.0,20171.0,20893.0,21395.0,21833.0,22118.0,22350.0,22524.0,22687.0,22813.0,22918.0,23011.0,23124.0,23227.0,23327.0,23405.0,23557.0,23616.0,23682.0,23743.0,23822.0,23892.0,23940.0,23974.0,24028.0,24075.0,24111.0,24162.0,24196.0,24219.0,24252.0,24290.0,24329.0,24350.0,24389.0,24422.0,24459.0,24489.0,24518.0,24556.0,24587.0,24610.0,24627.0,24650.0,24671.0,24689.0,24711.0,24728.0,24745.0,24766.0,24784.0,24804.0,24823.0,24835.0,24846.0,24868.0,24884.0,24909.0,24921.0,24934.0,24949.0,24962.0,24975.0,24989.0,24999.0,25010.0,25020.0,25043.0,25054.0,25066.0,25083.0,25094.0,25101.0,25119.0,25126.0,25138.0,25153.0,25168.0,25184.0,25196.0,25214.0,25229.0,25239.0,25264.0,25276.0,25289.0,25304.0,25323.0,25340.0,25351.0,25373.0,25385.0,25394.0,25395.0,25406.0,25416
n7AChRJK7tc,,,,,,,,,,,,,,,,,,,,,,,,,,,,,,,,,,,,,,,,,,,,,,,,,,,,,,,,,913.0,1838.0,2413.0,2898.0,3585.0,4008.0,4428.0,4779.0,5122.0,5313.0,5568.0,5845.0,6045.0,6172.0,6303.0,6414.0,6512.0,6577.0,6690.0,6727.0,6768.0,6822.0,6864.0,6896.0,6930.0,6962.0,6978.0,6998.0,7020.0,7043.0,7065.0,7074.0,7089.0,7112.0,7125.0,7140.0,7151.0,7169.0,7189.0,7205.0,7215.0,7237.0,7245.0,7269.0,7282.0,7293.0,7305.0,7312.0,7325.0,7335.0,7349.0,7363.0,7374.0,7382.0,7384.0,7392.0,7399.0,7406.0,7411.0,7420.0,7420.0,7430.0,7436.0,7445.0,7452.0,7460.0,7472.0,7480.0,7485.0,7498.0,7509.0,7513.0,7521.0,7525.0,7529.0,7537.0,7547.0,7556.0,7563.0,7568.0,7570.0,7575.0,7584.0,7589.0,7598.0,7600.0,7605.0,7610.0,7615.0,7617.0,7618.0,7627.0,7633.0,7639.0,7644.0,7654.0,7659.0,7665
VF5KiYpH-Pg,,,,,,,,,,,,,,,,,,,,,,,,,,,,,,,,,,,,,,,,,,,,,,,,,,,,,,,,,9902.0,16950.0,21809.0,25269.0,28798.0,31749.0,34934.0,38169.0,40761.0,43181.0,45590.0,47557.0,49307.0,50667.0,51851.0,52998.0,54258.0,55366.0,57232.0,58154.0,59109.0,60047.0,61016.0,61901.0,63128.0,65829.0,67101.0,68276.0,69439.0,70693.0,71778.0,72813.0,73777.0,74654.0,75430.0,76129.0,76838.0,77471.0,78075.0,78632.0,79166.0,79659.0,80163.0,80709.0,81192.0,81637.0,82055.0,82527.0,82945.0,83354.0,83752.0,84114.0,84404.0,84696.0,84974.0,85236.0,85512.0,85762.0,86020.0,86236.0,86462.0,86709.0,86950.0,87195.0,87482.0,87776.0,88032.0,88305.0,88525.0,88785.0,89012.0,89283.0,89528.0,89743.0,89966.0,90195.0,90421.0,90661.0,90879.0,91100.0,91259.0,91418.0,91583.0,91748.0,91920.0,92069.0,92241.0,92415.0,92583.0,92758.0,92930.0,93078.0,93263.0,93415.0,93568.0,93712.0,93876.0,94039
NBJWOnYONx0,,,,,,,,,,,,,,,,,,,,,,,,,,,,,,,,,,,,,,,,,,,,,,,,,,,,,,,,,470.0,903.0,1205.0,1370.0,1569.0,1723.0,1870.0,1997.0,2126.0,2233.0,2321.0,2369.0,2412.0,2467.0,2515.0,2557.0,2595.0,2641.0,2710.0,2742.0,2778.0,2821.0,2856.0,2885.0,2928.0,2972.0,3014.0,3050.0,3096.0,3143.0,3173.0,3213.0,3250.0,3276.0,3312.0,3341.0,3365.0,3401.0,3432.0,3466.0,3494.0,3526.0,3553.0,3594.0,3631.0,3667.0,3698.0,3730.0,3753.0,3785.0,3821.0,3842.0,3870.0,3886.0,3905.0,3929.0,3951.0,3978.0,3993.0,4024.0,4044.0,4060.0,4077.0,4100.0,4127.0,4144.0,4162.0,4194.0,4232.0,4256.0,4278.0,4306.0,4338.0,4357.0,4384.0,4404.0,4413.0,4435.0,4453.0,4469.0,4483.0,4500.0,4512.0,4529.0,4537.0,4549.0,4555.0,4565.0,4572.0,4581.0,4596.0,4604.0,4614.0,4632.0,4643.0,4654.0,4666.0,4680
ten6JjjGcH4,,,,,,,,,,,,,,,,,,,,,,,,,,,,,,,,,,,,,,,,,,,,,,,,,,,,,,,,,616.0,1175.0,1495.0,1747.0,2046.0,2310.0,2575.0,2823.0,3021.0,3212.0,3362.0,3535.0,3686.0,3791.0,3878.0,3946.0,4016.0,4086.0,4183.0,4237.0,4288.0,4340.0,4378.0,4428.0,4476.0,4524.0,4562.0,4612.0,4674.0,4723.0,4771.0,4837.0,4893.0,4966.0,5022.0,5058.0,5109.0,5150.0,5197.0,5257.0,5304.0,5347.0,5394.0,5426.0,5468.0,5519.0,5556.0,5593.0,5619.0,5656.0,5699.0,5736.0,5761.0,5776.0,5796.0,5815.0,5845.0,5866.0,5892.0,5914.0,5934.0,5953.0,5966.0,5982.0,6000.0,6016.0,6036.0,6045.0,6063.0,6085.0,6094.0,6097.0,6106.0,6117.0,6125.0,6142.0,6151.0,6157.0,6161.0,6169.0,6177.0,6183.0,6191.0,6200.0,6217.0,6225.0,6281.0,6385.0,6421.0,6457.0,6487.0,6516.0,6548.0,6570.0,6590.0,6607.0,6628.0,6642
kaJjuLHg0JU,,,,,,,,,,,,,,,,,,,,,,,,,,,,,,,,,,,,,,,,,,,,,,,,,,,,,,,,,911.0,919.0,920.0,924.0,927.0,931.0,930.0,935.0,937.0,940.0,942.0,945.0,947.0,949.0,951.0,956.0,957.0,958.0,968.0,968.0,968.0,975.0,978.0,980.0,984.0,988.0,989.0,991.0,994.0,994.0,994.0,996.0,999.0,1002.0,1005.0,1007.0,1010.0,1012.0,1014.0,1016.0,1017.0,1018.0,1022.0,1024.0,1026.0,1027.0,1031.0,1033.0,1036.0,1041.0,1045.0,1051.0,1060.0,1067.0,1073.0,1074.0,1076.0,1080.0,1082.0,1084.0,1085.0,1086.0,1086.0,1086.0,1087.0,1090.0,1089.0,1090.0,1094.0,1095.0,1097.0,1098.0,1098.0,1099.0,1100.0,1102.0,1102.0,1103.0,1104.0,1108.0,1109.0,1109.0,1110.0,1111.0,1112.0,1114.0,1116.0,1117.0,1119.0,1121.0,1124.0,1124.0,1125.0,1126.0,1127.0,1127.0,1127.0,1128
XQMg8-Ku3JI,,,,,,,,,,,,,,,,,,,,,,,,,,,,,,,,,,,,,,,,,,,,,,,,,,,,,,,,,18254.0,18254.0,18253.0,18253.0,18252.0,18252.0,18252.0,18252.0,18252.0,18251.0,18251.0,18251.0,18250.0,18251.0,18251.0,18251.0,18251.0,18250.0,18248.0,18247.0,18247.0,18246.0,18246.0,18246.0,18246.0,18245.0,18245.0,18244.0,18242.0,18241.0,18241.0,18241.0,18241.0,18240.0,18241.0,18241.0,18241.0,18241.0,18241.0,18241.0,18241.0,18240.0,18240.0,18240.0,18240.0,18240.0,18240.0,18240.0,18239.0,18239.0,18239.0,18239.0,18239.0,18239.0,18237.0,18238.0,18239.0,18238.0,18238.0,18238.0,18237.0,18236.0,18236.0,18236.0,18238.0,18238.0,18238.0,18238.0,18238.0,18238.0,18238.0,18238.0,18238.0,18237.0,18237.0,18236.0,18234.0,18234.0,18234.0,18235.0,18235.0,18235.0,18235.0,18235.0,18234.0,18234.0,18234.0,18234.0,18232.0,18232.0,18231.0,18231.0,18231.0,18231.0,18230.0,18231.0,18231.0,18230
pIfScZGDNsc,,,,,,,,,,,,,,,,,,,,,,,,,,,,,,,,,,,,,,,,,,,,,,,,,,,,,,,,,,12110.0,13116.0,14024.0,14741.0,15172.0,15543.0,15805.0,16098.0,16429.0,16693.0,16940.0,17158.0,17359.0,17551.0,17690.0,17860.0,17991.0,18300.0,18452.0,18582.0,18684.0,18805.0,18882.0,18978.0,19049.0,19123.0,19187.0,19262.0,19325.0,19376.0,19428.0,19470.0,19516.0,19565.0,19607.0,19643.0,19669.0,19700.0,19727.0,19758.0,19787.0,19818.0,19840.0,19868.0,19890.0,19906.0,19919.0,19930.0,19950.0,19993.0,20024.0,20045.0,20077.0,20104.0,20132.0,20150.0,20176.0,20198.0,20214.0,20225.0,20241.0,20259.0,20278.0,20296.0,20313.0,20325.0,20334.0,20343.0,20355.0,20369.0,20380.0,20398.0,20411.0,20422.0,20432.0,20438.0,20445.0,20451.0,20466.0,20473.0,20475.0,20484.0,20489.0,20500.0,20517.0,20528.0,20540.0,20548.0,20558.0,20566.0,20581.0,20582.0,20585.0,20592.0,20592.0,20596.0,20602
tWQei-65AGM,,,,,,,,,,,,,,,,,,,,,,,,,,,,,,,,,,,,,,,,,,,,,,,,,,,,,,,,,,752.0,1379.0,1895.0,2125.0,2295.0,2436.0,2586.0,2694.0,2823.0,2907.0,2997.0,3087.0,3139.0,3176.0,3235.0,3275.0,3290.0,3347.0,3373.0,3394.0,3424.0,3440.0,3462.0,3475.0,3489.0,3499.0,3513.0,3526.0,3548.0,3565.0,3573.0,3579.0,3590.0,3618.0,3638.0,3650.0,3665.0,3674.0,3686.0,3697.0,3707.0,3717.0,3732.0,3737.0,3747.0,3755.0,3768.0,3776.0,3783.0,3792.0,3803.0,3806.0,3811.0,3816.0,3823.0,3832.0,3847.0,3862.0,3869.0,3878.0,3886.0,3888.0,3898.0,3906.0,3917.0,3923.0,3931.0,3939.0,3944.0,3955.0,3959.0,3967.0,3977.0,3989.0,3999.0,4007.0,4014.0,4019.0,4033.0,4047.0,4060.0,4068.0,4079.0,4084.0,4091.0,4095.0,4099.0,4102.0,4108.0,4115.0,4119.0,4122.0,4126.0,4131.0,4137.0,4144.0,4150
U-G3tZXWgiY,,,,,,,,,,,,,,,,,,,,,,,,,,,,,,,,,,,,,,,,,,,,,,,,,,,,,,,,,,132.0,135.0,136.0,139.0,145.0,147.0,149.0,152.0,154.0,155.0,158.0,159.0,159.0,161.0,163.0,163.0,164.0,165.0,166.0,166.0,166.0,166.0,167.0,168.0,170.0,171.0,171.0,171.0,170.0,170.0,170.0,172.0,172.0,174.0,176.0,179.0,179.0,179.0,179.0,179.0,179.0,180.0,181.0,180.0,180.0,180.0,180.0,181.0,181.0,181.0,181.0,181.0,181.0,181.0,182.0,182.0,182.0,182.0,182.0,183.0,183.0,184.0,184.0,184.0,184.0,184.0,184.0,185.0,185.0,185.0,185.0,187.0,188.0,187.0,187.0,189.0,189.0,189.0,189.0,189.0,189.0,189.0,189.0,189.0,193.0,193.0,193.0,193.0,193.0,193.0,194.0,194.0,194.0,194.0,195.0,196.0,196
4xH9MLD7bn0,,,,,,,,,,,,,,,,,,,,,,,,,,,,,,,,,,,,,,,,,,,,,,,,,,,,,,,,,,7.0,14.0,17.0,21.0,23.0,26.0,27.0,30.0,32.0,32.0,33.0,33.0,36.0,37.0,37.0,39.0,39.0,40.0,41.0,42.0,42.0,43.0,44.0,45.0,46.0,47.0,47.0,47.0,47.0,47.0,47.0,47.0,47.0,47.0,47.0,47.0,47.0,47.0,47.0,47.0,47.0,49.0,50.0,50.0,52.0,52.0,53.0,54.0,55.0,57.0,58.0,58.0,58.0,58.0,57.0,57.0,58.0,59.0,59.0,59.0,61.0,61.0,61.0,60.0,60.0,60.0,62.0,63.0,63.0,63.0,64.0,64.0,64.0,64.0,65.0,65.0,65.0,66.0,66.0,66.0,66.0,66.0,67.0,67.0,67.0,67.0,67.0,69.0,70.0,70.0,70.0,70.0,70.0,70.0,70.0,70.0,70
ZEbmZ18UHbo,,,,,,,,,,,,,,,,,,,,,,,,,,,,,,,,,,,,,,,,,,,,,,,,,,,,,,,,,,7714.0,10766.0,11887.0,12568.0,13075.0,13517.0,13836.0,14326.0,14593.0,14814.0,15007.0,15182.0,15344.0,15527.0,15646.0,15748.0,15820.0,16002.0,16089.0,16170.0,16255.0,16330.0,16385.0,16461.0,16507.0,16564.0,16608.0,16680.0,16732.0,16765.0,16800.0,16824.0,16863.0,16899.0,16934.0,16961.0,16977.0,17002.0,17029.0,17053.0,17086.0,17124.0,17166.0,17203.0,17238.0,17265.0,17290.0,17318.0,17340.0,17376.0,17395.0,17416.0,17455.0,17479.0,17507.0,17537.0,17570.0,17600.0,17635.0,17660.0,17687.0,17708.0,17740.0,17762.0,17785.0,17817.0,17838.0,17859.0,17872.0,17892.0,17915.0,17927.0,17960.0,18006.0,18052.0,18081.0,18109.0,18148.0,18163.0,18182.0,18190.0,18207.0,18226.0,18239.0,18254.0,18269.0,18284.0,18300.0,18315.0,18331.0,18367.0,18420.0,18450.0,18507.0,18565.0,18639.0,18709
ewubELWBMaE,,,,,,,,,,,,,,,,,,,,,,,,,,,,,,,,,,,,,,,,,,,,,,,,,,,,,,,,,,2679.0,4877.0,6008.0,6810.0,7284.0,7726.0,8105.0,8422.0,8627.0,8788.0,8952.0,9069.0,9244.0,9369.0,9524.0,9618.0,9692.0,9812.0,9865.0,9908.0,9958.0,10015.0,10045.0,10075.0,10099.0,10120.0,10157.0,10185.0,10220.0,10243.0,10268.0,10288.0,10308.0,10334.0,10357.0,10387.0,10416.0,10439.0,10455.0,10483.0,10509.0,10518.0,10538.0,10557.0,10570.0,10577.0,10589.0,10601.0,10614.0,10635.0,10644.0,10654.0,10662.0,10678.0,10691.0,10699.0,10712.0,10724.0,10733.0,10738.0,10748.0,10764.0,10774.0,10788.0,10802.0,10816.0,10822.0,10830.0,10845.0,10863.0,10870.0,10882.0,10897.0,10908.0,10917.0,10928.0,10935.0,10955.0,10966.0,10980.0,10989.0,11006.0,11026.0,11035.0,11054.0,11081.0,11116.0,11151.0,11192.0,11231.0,11270.0,11315.0,11356.0,11399.0,11424.0,11473.0,11521
mRjqyekF46Y,,,,,,,,,,,,,,,,,,,,,,,,,,,,,,,,,,,,,,,,,,,,,,,,,,,,,,,,,,53.0,57.0,59.0,63.0,66.0,69.0,70.0,70.0,71.0,73.0,74.0,74.0,74.0,74.0,75.0,75.0,75.0,76.0,75.0,76.0,77.0,78.0,78.0,79.0,79.0,80.0,80.0,81.0,81.0,81.0,81.0,81.0,81.0,81.0,82.0,82.0,82.0,83.0,83.0,83.0,83.0,83.0,83.0,83.0,83.0,83.0,83.0,83.0,83.0,83.0,83.0,83.0,83.0,83.0,85.0,86.0,87.0,89.0,90.0,90.0,91.0,91.0,91.0,91.0,92.0,92.0,93.0,94.0,94.0,94.0,94.0,94.0,94.0,94.0,94.0,94.0,94.0,94.0,94.0,94.0,94.0,94.0,94.0,94.0,94.0,94.0,94.0,94.0,94.0,94.0,94.0,94.0,94.0,94.0,94.0,94.0,95
xSM4nToXTj4,,,,,,,,,,,,,,,,,,,,,,,,,,,,,,,,,,,,,,,,,,,,,,,,,,,,,,,,,,2930.0,3762.0,4193.0,4499.0,4714.0,4927.0,5079.0,5191.0,5273.0,5331.0,5390.0,5433.0,5497.0,5565.0,5601.0,5634.0,5670.0,5723.0,5750.0,5769.0,5784.0,5797.0,5811.0,5820.0,5834.0,5854.0,5871.0,5882.0,5896.0,5909.0,5921.0,5933.0,5942.0,5958.0,5977.0,6001.0,6020.0,6038.0,6056.0,6070.0,6076.0,6091.0,6103.0,6110.0,6116.0,6122.0,6128.0,6137.0,6148.0,6157.0,6167.0,6180.0,6189.0,6198.0,6209.0,6221.0,6231.0,6249.0,6272.0,6285.0,6291.0,6301.0,6313.0,6321.0,6330.0,6339.0,6345.0,6351.0,6354.0,6361.0,6366.0,6391.0,6397.0,6401.0,6408.0,6415.0,6425.0,6428.0,6438.0,6444.0,6447.0,6450.0,6451.0,6455.0,6461.0,6461.0,6468.0,6471.0,6475.0,6479.0,6482.0,6488.0,6498.0,6502.0,6503.0,6512.0,6516
jBSuAbstfEA,,,,,,,,,,,,,,,,,,,,,,,,,,,,,,,,,,,,,,,,,,,,,,,,,,,,,,,,,,1082.0,1367.0,1578.0,1841.0,2094.0,2332.0,2573.0,2782.0,2972.0,3179.0,3362.0,3482.0,3630.0,3758.0,3789.0,3823.0,3836.0,3867.0,3876.0,3882.0,3890.0,3895.0,3899.0,3906.0,3916.0,3919.0,3925.0,3926.0,3933.0,3940.0,3943.0,3951.0,3955.0,3956.0,3958.0,3962.0,3966.0,3968.0,3972.0,3977.0,3980.0,3985.0,3990.0,3996.0,3996.0,3995.0,3994.0,3998.0,4004.0,4004.0,4006.0,4007.0,4007.0,4011.0,4012.0,4014.0,4019.0,4020.0,4025.0,4026.0,4026.0,4026.0,4028.0,4029.0,4030.0,4031.0,4031.0,4030.0,4029.0,4029.0,4031.0,4033.0,4036.0,4038.0,4037.0,4041.0,4043.0,4043.0,4043.0,4045.0,4047.0,4050.0,4048.0,4050.0,4052.0,4053.0,4054.0,4055.0,4056.0,4056.0,4057.0,4058.0,4059.0,4060.0,4063.0,4063.0,4063
dpwoihsh5o0,,,,,,,,,,,,,,,,,,,,,,,,,,,,,,,,,,,,,,,,,,,,,,,,,,,,,,,,,,413.0,564.0,619.0,661.0,1319.0,1350.0,1371.0,1392.0,1413.0,1423.0,1438.0,1453.0,1471.0,1483.0,1497.0,1517.0,1535.0,1556.0,1570.0,1576.0,1578.0,1581.0,1584.0,1590.0,1593.0,1595.0,1596.0,1598.0,1604.0,1604.0,1607.0,1610.0,1612.0,1612.0,1613.0,1617.0,1621.0,1621.0,1621.0,1623.0,1625.0,1627.0,1628.0,1631.0,1637.0,1637.0,1640.0,1642.0,1642.0,1643.0,1644.0,1645.0,1646.0,1646.0,1646.0,1645.0,1645.0,1646.0,1646.0,1647.0,1648.0,1649.0,1650.0,1650.0,1650.0,1651.0,1652.0,1652.0,1653.0,1653.0,1656.0,1657.0,1658.0,1657.0,1657.0,1658.0,1661.0,1662.0,1662.0,1662.0,1662.0,1662.0,1662.0,1662.0,1662.0,1665.0,1666.0,1666.0,1666.0,1666.0,1666.0,1665.0,1665.0,1665.0,1664.0,1666.0,1667
v2QsMYk0E-g,,,,,,,,,,,,,,,,,,,,,,,,,,,,,,,,,,,,,,,,,,,,,,,,,,,,,,,,,,227.0,346.0,397.0,458.0,510.0,552.0,589.0,615.0,626.0,646.0,665.0,680.0,703.0,713.0,722.0,732.0,740.0,759.0,764.0,771.0,779.0,786.0,792.0,799.0,805.0,809.0,812.0,815.0,818.0,821.0,821.0,824.0,826.0,826.0,828.0,828.0,831.0,835.0,838.0,838.0,842.0,847.0,848.0,851.0,854.0,856.0,857.0,858.0,858.0,859.0,861.0,862.0,862.0,862.0,863.0,863.0,865.0,866.0,868.0,868.0,868.0,868.0,870.0,872.0,872.0,875.0,875.0,878.0,879.0,880.0,880.0,879.0,879.0,879.0,880.0,881.0,883.0,885.0,885.0,886.0,888.0,889.0,889.0,889.0,890.0,890.0,892.0,896.0,896.0,897.0,899.0,900.0,900.0,902.0,902.0,902.0,903
yg-L2yCo9-I,,,,,,,,,,,,,,,,,,,,,,,,,,,,,,,,,,,,,,,,,,,,,,,,,,,,,,,,,,,197.0,394.0,544.0,600.0,662.0,692.0,723.0,746.0,780.0,801.0,814.0,821.0,826.0,829.0,838.0,853.0,869.0,873.0,876.0,877.0,883.0,884.0,885.0,894.0,898.0,900.0,902.0,906.0,908.0,914.0,918.0,921.0,925.0,925.0,926.0,931.0,934.0,936.0,938.0,941.0,942.0,946.0,948.0,948.0,949.0,952.0,952.0,955.0,958.0,958.0,957.0,957.0,958.0,959.0,960.0,961.0,961.0,964.0,964.0,966.0,969.0,970.0,970.0,974.0,974.0,975.0,975.0,976.0,977.0,980.0,981.0,981.0,982.0,982.0,982.0,982.0,983.0,984.0,984.0,984.0,985.0,985.0,985.0,986.0,986.0,987.0,987.0,987.0,987.0,987.0,989.0,989.0,989.0,989.0,991.0,992
v2bg-clO174,,,,,,,,,,,,,,,,,,,,,,,,,,,,,,,,,,,,,,,,,,,,,,,,,,,,,,,,,,,18.0,60.0,93.0,123.0,155.0,201.0,263.0,321.0,369.0,400.0,442.0,1157.0,1634.0,1838.0,1981.0,2082.0,2203.0,2265.0,2310.0,2416.0,2455.0,2493.0,2514.0,2539.0,2566.0,2584.0,2630.0,2700.0,2764.0,2807.0,2845.0,2880.0,2909.0,2925.0,2949.0,2972.0,2988.0,3005.0,3013.0,3013.0,3019.0,3019.0,3022.0,3023.0,3027.0,3030.0,3036.0,3040.0,3042.0,3046.0,3047.0,3047.0,3051.0,3057.0,3061.0,3064.0,3067.0,3067.0,3070.0,3071.0,3074.0,3073.0,3074.0,3077.0,3082.0,3083.0,3082.0,3087.0,3092.0,3096.0,3098.0,3099.0,3101.0,3101.0,3104.0,3106.0,3108.0,3110.0,3108.0,3113.0,3213.0,4147.0,4616.0,4764.0,5037.0,6050.0,6050.0,6051.0,6055.0,6056.0,6062.0,6064.0,6067.0,8453.0,10940.0,12277
HkzNJOpraaY,,,,,,,,,,,,,,,,,,,,,,,,,,,,,,,,,,,,,,,,,,,,,,,,,,,,,,,,,,,38.0,39.0,41.0,42.0,43.0,44.0,45.0,45.0,46.0,48.0,48.0,48.0,48.0,48.0,47.0,48.0,48.0,48.0,49.0,49.0,49.0,49.0,49.0,49.0,50.0,50.0,53.0,53.0,53.0,53.0,53.0,53.0,53.0,53.0,53.0,53.0,54.0,55.0,55.0,56.0,58.0,59.0,59.0,59.0,59.0,61.0,61.0,61.0,61.0,61.0,63.0,63.0,63.0,63.0,63.0,64.0,64.0,64.0,64.0,65.0,66.0,66.0,66.0,66.0,66.0,66.0,66.0,66.0,67.0,67.0,67.0,67.0,67.0,68.0,68.0,68.0,68.0,68.0,68.0,68.0,68.0,68.0,69.0,69.0,69.0,69.0,69.0,69.0,69.0,69.0,69.0,69.0,70.0,70.0,70.0,70
YawOgI0Ha-c,,,,,,,,,,,,,,,,,,,,,,,,,,,,,,,,,,,,,,,,,,,,,,,,,,,,,,,,,,,63.0,64.0,64.0,65.0,65.0,65.0,65.0,65.0,67.0,68.0,68.0,68.0,68.0,68.0,69.0,69.0,70.0,70.0,70.0,70.0,70.0,70.0,70.0,70.0,70.0,69.0,69.0,69.0,69.0,69.0,69.0,70.0,70.0,70.0,70.0,70.0,70.0,70.0,70.0,71.0,71.0,71.0,71.0,71.0,71.0,71.0,71.0,71.0,71.0,71.0,71.0,71.0,71.0,70.0,71.0,72.0,72.0,72.0,72.0,72.0,72.0,72.0,72.0,72.0,72.0,73.0,73.0,72.0,72.0,72.0,72.0,72.0,72.0,72.0,72.0,73.0,74.0,75.0,76.0,75.0,75.0,75.0,75.0,75.0,75.0,75.0,75.0,75.0,75.0,75.0,75.0,75.0,75.0,75.0,75.0,75
AEpCP4mHIVM,,,,,,,,,,,,,,,,,,,,,,,,,,,,,,,,,,,,,,,,,,,,,,,,,,,,,,,,,,,7.0,7.0,7.0,8.0,15.0,18.0,18.0,21.0,24.0,26.0,26.0,27.0,28.0,30.0,29.0,29.0,29.0,30.0,30.0,30.0,30.0,30.0,30.0,30.0,30.0,30.0,30.0,30.0,30.0,31.0,31.0,31.0,31.0,31.0,31.0,31.0,31.0,31.0,31.0,31.0,31.0,31.0,31.0,31.0,31.0,31.0,31.0,31.0,31.0,31.0,31.0,31.0,31.0,31.0,31.0,31.0,31.0,31.0,31.0,31.0,31.0,31.0,31.0,31.0,32.0,32.0,32.0,32.0,32.0,32.0,32.0,32.0,32.0,31.0,31.0,31.0,31.0,31.0,31.0,31.0,32.0,32.0,32.0,32.0,32.0,32.0,32.0,34.0,34.0,34.0,34.0,34.0,34.0,34.0,34.0,34
VtudVe3Evlg,,,,,,,,,,,,,,,,,,,,,,,,,,,,,,,,,,,,,,,,,,,,,,,,,,,,,,,,,,,161.0,193.0,219.0,239.0,249.0,259.0,271.0,297.0,323.0,345.0,366.0,382.0,405.0,419.0,435.0,449.0,469.0,477.0,483.0,487.0,495.0,502.0,511.0,516.0,516.0,519.0,523.0,525.0,531.0,532.0,534.0,534.0,535.0,539.0,539.0,543.0,543.0,545.0,546.0,548.0,553.0,556.0,560.0,561.0,565.0,565.0,567.0,569.0,571.0,573.0,573.0,574.0,574.0,576.0,576.0,577.0,576.0,578.0,578.0,579.0,579.0,579.0,578.0,579.0,581.0,581.0,583.0,582.0,583.0,584.0,584.0,585.0,586.0,587.0,589.0,589.0,589.0,591.0,591.0,592.0,592.0,592.0,593.0,592.0,591.0,591.0,592.0,593.0,595.0,595.0,595.0,597.0,597.0,598.0,599.0,600
dnL8tAmkZaU,,,,,,,,,,,,,,,,,,,,,,,,,,,,,,,,,,,,,,,,,,,,,,,,,,,,,,,,,,,,51345.0,65058.0,74492.0,80443.0,84390.0,87623.0,90068.0,91896.0,92947.0,93772.0,94482.0,95165.0,95780.0,96551.0,97163.0,97892.0,98181.0,98569.0,98986.0,99414.0,99741.0,99994.0,100259.0,100514.0,100798.0,101030.0,101300.0,101533.0,101724.0,101886.0,102029.0,102213.0,102410.0,102586.0,102749.0,102942.0,103110.0,103241.0,103394.0,103557.0,103706.0,103812.0,103920.0,104006.0,104107.0,104211.0,104300.0,104403.0,104492.0,104556.0,104620.0,104670.0,104729.0,104787.0,104859.0,104906.0,104948.0,105008.0,105066.0,105138.0,105213.0,105269.0,105355.0,105423.0,105468.0,105528.0,105587.0,105655.0,105729.0,105799.0,105859.0,105913.0,105959.0,106002.0,106050.0,106146.0,106234.0,106334.0,106469.0,106567.0,106677.0,106785.0,106927.0,107047.0,107150.0,107253.0,107351.0,107445.0,107521.0,107649.0,107801.0,107922.0,108006.0,108112.0,108213
RR7JKnCvKV8,,,,,,,,,,,,,,,,,,,,,,,,,,,,,,,,,,,,,,,,,,,,,,,,,,,,,,,,,,,,,1019.0,2230.0,2909.0,3278.0,3552.0,3859.0,4251.0,4515.0,4578.0,4621.0,4663.0,4686.0,4728.0,4749.0,4789.0,4813.0,4842.0,4877.0,4900.0,4938.0,4962.0,4986.0,5003.0,5023.0,5037.0,5057.0,5079.0,5099.0,5115.0,5138.0,5153.0,5171.0,5176.0,5200.0,5210.0,5218.0,5235.0,5251.0,5264.0,5270.0,5287.0,5302.0,5307.0,5322.0,5333.0,5346.0,5352.0,5360.0,5366.0,5379.0,5391.0,5399.0,5406.0,5417.0,5427.0,5431.0,5435.0,5440.0,5450.0,5454.0,5459.0,5467.0,5469.0,5473.0,5481.0,5480.0,5483.0,5485.0,5490.0,5493.0,5497.0,5499.0,5503.0,5505.0,5507.0,5509.0,5513.0,5516.0,5520.0,5519.0,5519.0,5524.0,5529.0,5529.0,5533.0,5537.0,5539.0,5540.0,5542.0,5543.0,5548.0,5551.0,5552.0,5555
7nXd6qAFHRY,,,,,,,,,,,,,,,,,,,,,,,,,,,,,,,,,,,,,,,,,,,,,,,,,,,,,,,,,,,,,708.0,793.0,870.0,916.0,951.0,987.0,1025.0,1053.0,1070.0,1078.0,1085.0,1099.0,1109.0,1121.0,1151.0,1160.0,1165.0,1170.0,1174.0,1188.0,1204.0,1215.0,1216.0,1219.0,1220.0,1225.0,1232.0,1243.0,1253.0,1261.0,1264.0,1269.0,1274.0,1281.0,1289.0,1294.0,1297.0,1302.0,1308.0,1312.0,1314.0,1317.0,1325.0,1329.0,1334.0,1336.0,1340.0,1345.0,1346.0,1348.0,1349.0,1353.0,1354.0,1359.0,1359.0,1364.0,1365.0,1365.0,1365.0,1369.0,1372.0,1373.0,1375.0,1376.0,1376.0,1377.0,1378.0,1379.0,1380.0,1382.0,1383.0,1387.0,1390.0,1389.0,1389.0,1394.0,1396.0,1395.0,1395.0,1396.0,1396.0,1398.0,1399.0,1399.0,1399.0,1402.0,1403.0,1405.0,1405.0,1406.0,1407.0,1410.0,1410.0,1412
Qw0GfFo_Rxw,,,,,,,,,,,,,,,,,,,,,,,,,,,,,,,,,,,,,,,,,,,,,,,,,,,,,,,,,,,,,749.0,939.0,1052.0,1122.0,1162.0,1252.0,1339.0,1385.0,1430.0,1457.0,1481.0,1502.0,1534.0,1566.0,1610.0,1634.0,1657.0,1681.0,1695.0,1728.0,1752.0,1778.0,1800.0,1815.0,1837.0,1859.0,1888.0,1905.0,1920.0,1946.0,1968.0,1981.0,2010.0,2040.0,2069.0,2093.0,2107.0,2121.0,2132.0,2152.0,2165.0,2177.0,2185.0,2198.0,2206.0,2219.0,2228.0,2233.0,2241.0,2248.0,2254.0,2268.0,2274.0,2285.0,2295.0,2301.0,2314.0,2320.0,2332.0,2341.0,2348.0,2353.0,2357.0,2359.0,2364.0,2365.0,2371.0,2378.0,2388.0,2390.0,2392.0,2392.0,2394.0,2399.0,2404.0,2407.0,2415.0,2420.0,2423.0,2429.0,2435.0,2439.0,2446.0,2450.0,2455.0,2463.0,2467.0,2471.0,2478.0,2482.0,2487.0,2491.0,2496.0,2500
OGGGnYS_wZI,,,,,,,,,,,,,,,,,,,,,,,,,,,,,,,,,,,,,,,,,,,,,,,,,,,,,,,,,,,,,3511.0,3535.0,3549.0,3566.0,3584.0,3601.0,3624.0,3646.0,3659.0,3681.0,3695.0,3708.0,3728.0,3738.0,3767.0,3784.0,3801.0,3816.0,3828.0,3850.0,3864.0,3875.0,3895.0,3902.0,3917.0,3928.0,3940.0,3953.0,3966.0,3978.0,3987.0,3997.0,4014.0,4025.0,4034.0,4043.0,4054.0,4065.0,4080.0,4087.0,4094.0,4105.0,4110.0,4117.0,4129.0,4140.0,4148.0,4155.0,4159.0,4178.0,4199.0,4216.0,4227.0,4247.0,4267.0,4289.0,4307.0,4318.0,4337.0,4357.0,4375.0,4384.0,4400.0,4414.0,4427.0,4443.0,4456.0,4466.0,4483.0,4492.0,4497.0,4505.0,4514.0,4519.0,4527.0,4538.0,4541.0,4547.0,4557.0,4559.0,4566.0,4572.0,4585.0,4591.0,4598.0,4601.0,4607.0,4611.0,4620.0,4629.0,4636.0,4645.0,4650.0,4654
wO3A4sgFVKk,,,,,,,,,,,,,,,,,,,,,,,,,,,,,,,,,,,,,,,,,,,,,,,,,,,,,,,,,,,,,1105.0,1141.0,1174.0,1189.0,1227.0,1260.0,1285.0,1303.0,1320.0,1338.0,1358.0,1369.0,1378.0,1391.0,1414.0,1425.0,1430.0,1436.0,1452.0,1459.0,1461.0,1471.0,1485.0,1497.0,1507.0,1513.0,1521.0,1530.0,1534.0,1541.0,1550.0,1558.0,1569.0,1575.0,1581.0,1589.0,1593.0,1602.0,1606.0,1610.0,1614.0,1619.0,1621.0,1626.0,1631.0,1639.0,1644.0,1651.0,1656.0,1664.0,1668.0,1674.0,1680.0,1683.0,1683.0,1687.0,1691.0,1693.0,1697.0,1701.0,1701.0,1706.0,1709.0,1715.0,1718.0,1724.0,1726.0,1728.0,1731.0,1734.0,1734.0,1739.0,1743.0,1745.0,1745.0,1745.0,1749.0,1749.0,1750.0,1751.0,1753.0,1757.0,1761.0,1763.0,1764.0,1765.0,1768.0,1772.0,1778.0,1779.0,1778.0,1781.0,1781.0,1784
xSx4g9c4yZU,,,,,,,,,,,,,,,,,,,,,,,,,,,,,,,,,,,,,,,,,,,,,,,,,,,,,,,,,,,,,,1063.0,1064.0,1064.0,1065.0,1068.0,1069.0,1072.0,1074.0,1078.0,1079.0,1082.0,1084.0,1086.0,1089.0,1090.0,1093.0,1096.0,1097.0,1099.0,1101.0,1101.0,1105.0,1107.0,1107.0,1110.0,1111.0,1114.0,1116.0,1118.0,1120.0,1123.0,1125.0,1127.0,1129.0,1138.0,1143.0,1146.0,1146.0,1146.0,1147.0,1149.0,1151.0,1152.0,1153.0,1154.0,1157.0,1157.0,1159.0,1159.0,1160.0,1166.0,1170.0,1173.0,1174.0,1175.0,1176.0,1177.0,1178.0,1179.0,1182.0,1184.0,1184.0,1185.0,1186.0,1188.0,1191.0,1193.0,1193.0,1196.0,1198.0,1200.0,1200.0,1201.0,1204.0,1205.0,1207.0,1209.0,1211.0,1213.0,1216.0,1218.0,1219.0,1220.0,1221.0,1222.0,1224.0,1227.0,1227.0,1230.0,1230.0,1234.0,1236.0,1237
VseIEV6xl1c,,,,,,,,,,,,,,,,,,,,,,,,,,,,,,,,,,,,,,,,,,,,,,,,,,,,,,,,,,,,,,62.0,62.0,62.0,62.0,63.0,63.0,63.0,63.0,63.0,63.0,63.0,63.0,63.0,63.0,63.0,62.0,62.0,62.0,62.0,62.0,62.0,63.0,63.0,63.0,63.0,63.0,63.0,63.0,63.0,63.0,63.0,63.0,63.0,63.0,63.0,63.0,63.0,63.0,63.0,63.0,63.0,63.0,63.0,63.0,63.0,63.0,63.0,63.0,63.0,63.0,63.0,63.0,63.0,63.0,63.0,63.0,63.0,63.0,63.0,63.0,63.0,63.0,63.0,63.0,63.0,63.0,63.0,63.0,63.0,63.0,63.0,63.0,63.0,63.0,63.0,63.0,63.0,63.0,63.0,63.0,63.0,63.0,63.0,63.0,63.0,63.0,63.0,63.0,63.0,63.0,63.0,63.0,63
qDpEcO1hlZE,,,,,,,,,,,,,,,,,,,,,,,,,,,,,,,,,,,,,,,,,,,,,,,,,,,,,,,,,,,,,,33425.0,33551.0,33681.0,33785.0,33879.0,33980.0,34089.0,34196.0,34306.0,34413.0,34512.0,34621.0,34728.0,34931.0,35027.0,35130.0,35250.0,35348.0,35449.0,35547.0,35617.0,35709.0,35774.0,35851.0,35922.0,35982.0,36036.0,36103.0,36158.0,36240.0,36326.0,36385.0,36447.0,36498.0,36554.0,36602.0,36650.0,36708.0,36766.0,36833.0,36895.0,36966.0,37033.0,37090.0,37159.0,37230.0,37276.0,37334.0,37382.0,37435.0,37501.0,37569.0,37620.0,37651.0,37699.0,37765.0,37817.0,37872.0,37918.0,37977.0,38032.0,38089.0,38147.0,38189.0,38245.0,38292.0,38361.0,38430.0,38479.0,38560.0,38640.0,38738.0,38806.0,38874.0,38920.0,38988.0,39044.0,39109.0,39169.0,39226.0,39257.0,39311.0,39352.0,39402.0,39463.0,39516.0,39564.0,39609.0,39656.0,39693.0,39736.0,39779.0,39836
pAgRuO6h7OE,,,,,,,,,,,,,,,,,,,,,,,,,,,,,,,,,,,,,,,,,,,,,,,,,,,,,,,,,,,,,,14111.0,14137.0,14160.0,14177.0,14196.0,14212.0,14243.0,14264.0,14300.0,14360.0,14425.0,14453.0,14490.0,14536.0,14574.0,14600.0,14627.0,14654.0,14676.0,14700.0,14719.0,14737.0,14762.0,14779.0,14797.0,14812.0,14833.0,14851.0,14863.0,14875.0,14886.0,14896.0,14905.0,14912.0,14924.0,14935.0,14954.0,14968.0,14981.0,14994.0,15012.0,15020.0,15032.0,15039.0,15046.0,15055.0,15068.0,15078.0,15084.0,15092.0,15097.0,15102.0,15108.0,15115.0,15124.0,15136.0,15144.0,15152.0,15159.0,15171.0,15180.0,15184.0,15191.0,15201.0,15210.0,15219.0,15228.0,15240.0,15247.0,15261.0,15274.0,15282.0,15296.0,15305.0,15311.0,15324.0,15331.0,15339.0,15343.0,15350.0,15354.0,15360.0,15365.0,15372.0,15377.0,15383.0,15395.0,15403.0,15415.0,15420.0,15423.0,15427.0,15433
4quKTg17A94,,,,,,,,,,,,,,,,,,,,,,,,,,,,,,,,,,,,,,,,,,,,,,,,,,,,,,,,,,,,,,5972.0,5988.0,5997.0,6013.0,6025.0,6031.0,6041.0,6049.0,6060.0,6072.0,6084.0,6094.0,6108.0,6129.0,6144.0,6155.0,6173.0,6190.0,6196.0,6210.0,6222.0,6242.0,6253.0,6269.0,6289.0,6306.0,6323.0,6332.0,6350.0,6360.0,6371.0,6380.0,6389.0,6408.0,6426.0,6438.0,6459.0,6467.0,6475.0,6483.0,6492.0,6501.0,6512.0,6520.0,6524.0,6532.0,6537.0,6544.0,6553.0,6562.0,6570.0,6579.0,6588.0,6597.0,6602.0,6614.0,6622.0,6632.0,6638.0,6646.0,6656.0,6667.0,6671.0,6683.0,6688.0,6699.0,6703.0,6717.0,6726.0,6726.0,6733.0,6742.0,6752.0,6762.0,6770.0,6783.0,6790.0,6794.0,6804.0,6810.0,6820.0,6832.0,6838.0,6845.0,6858.0,6861.0,6869.0,6879.0,6893.0,6900.0,6907.0,6916.0,6921
obqsSgY4oU8,,,,,,,,,,,,,,,,,,,,,,,,,,,,,,,,,,,,,,,,,,,,,,,,,,,,,,,,,,,,,,28987.0,29038.0,29342.0,29509.0,29601.0,29688.0,29760.0,29809.0,29844.0,29932.0,30013.0,30093.0,30175.0,30272.0,30335.0,30370.0,30427.0,30487.0,30549.0,30610.0,30651.0,30696.0,30746.0,30782.0,30820.0,30877.0,30926.0,30982.0,31028.0,31084.0,31124.0,31183.0,31243.0,31288.0,31351.0,31436.0,31492.0,31547.0,31584.0,31618.0,31664.0,31700.0,31738.0,31774.0,31804.0,31835.0,31859.0,31890.0,31924.0,31959.0,31981.0,32005.0,32039.0,32063.0,32084.0,32096.0,32114.0,32134.0,32158.0,32187.0,32207.0,32234.0,32261.0,32294.0,32309.0,32329.0,32349.0,32368.0,32393.0,32412.0,32424.0,32451.0,32477.0,32497.0,32519.0,32541.0,32560.0,32581.0,32589.0,32600.0,32627.0,32650.0,32671.0,32687.0,32710.0,32724.0,32743.0,32762.0,32778.0,32800.0,32824.0,32846.0,32858
1dhp-wdsyGY,,,,,,,,,,,,,,,,,,,,,,,,,,,,,,,,,,,,,,,,,,,,,,,,,,,,,,,,,,,,,,248.0,248.0,248.0,250.0,253.0,254.0,253.0,254.0,257.0,257.0,260.0,260.0,261.0,261.0,261.0,263.0,265.0,265.0,268.0,272.0,273.0,273.0,274.0,276.0,278.0,282.0,284.0,285.0,286.0,288.0,289.0,293.0,296.0,303.0,306.0,308.0,312.0,313.0,315.0,319.0,322.0,323.0,323.0,324.0,326.0,327.0,328.0,328.0,329.0,329.0,330.0,331.0,331.0,331.0,331.0,331.0,333.0,334.0,335.0,336.0,337.0,338.0,340.0,340.0,342.0,343.0,345.0,345.0,347.0,349.0,350.0,351.0,352.0,355.0,358.0,359.0,361.0,362.0,363.0,363.0,365.0,366.0,366.0,366.0,366.0,366.0,366.0,367.0,368.0,369.0,370.0,370.0,372
pe3EWBY7SIc,,,,,,,,,,,,,,,,,,,,,,,,,,,,,,,,,,,,,,,,,,,,,,,,,,,,,,,,,,,,,,25691.0,56425.0,75449.0,88403.0,95714.0,100843.0,104252.0,106774.0,108250.0,109652.0,110846.0,111909.0,112768.0,114004.0,114477.0,114920.0,115429.0,115965.0,116438.0,116902.0,117273.0,117686.0,118060.0,118437.0,118743.0,119032.0,119336.0,119582.0,119888.0,120227.0,120466.0,120728.0,120938.0,121150.0,121333.0,121539.0,121735.0,121928.0,122083.0,122292.0,122435.0,122561.0,122676.0,122780.0,122878.0,122963.0,123060.0,123155.0,123231.0,123316.0,123391.0,123471.0,123562.0,123628.0,123719.0,123796.0,123889.0,123973.0,124061.0,124202.0,124303.0,124385.0,124477.0,124549.0,124631.0,124715.0,124789.0,124876.0,124958.0,125024.0,125119.0,125189.0,125260.0,125313.0,125386.0,125464.0,125553.0,125640.0,125713.0,125788.0,125877.0,125965.0,126041.0,126113.0,126163.0,126260.0,126322.0,126392.0,126470.0,126556.0,126621.0,126685.0,126732
cQESe4Jc0rE,,,,,,,,,,,,,,,,,,,,,,,,,,,,,,,,,,,,,,,,,,,,,,,,,,,,,,,,,,,,,,,,,,,,,,,,,,,,,,,,,,,,,,,,,,,,,,,,,,,,,,,,,,,,,,,,,,,,,,,,,,,,,,,,,,,,,,,,,,,,,,,,,,,,,,,,,,
w7oZ9zoBemM,,,,,,,,,,,,,,,,,,,,,,,,,,,,,,,,,,,,,,,,,,,,,,,,,,,,,,,,,,,,,,49353.0,49710.0,50005.0,50308.0,50723.0,51049.0,51302.0,51543.0,51792.0,52075.0,52350.0,52656.0,52971.0,53486.0,53838.0,54141.0,54531.0,54838.0,55164.0,55383.0,55608.0,55874.0,56123.0,56355.0,56617.0,56849.0,57029.0,57200.0,57352.0,57540.0,57755.0,57942.0,58115.0,58294.0,58435.0,58580.0,58731.0,58881.0,59054.0,59206.0,59326.0,59454.0,59555.0,59680.0,59829.0,59949.0,60079.0,60187.0,60283.0,60386.0,60513.0,60649.0,60760.0,60911.0,61055.0,61207.0,61333.0,61491.0,61622.0,61752.0,61886.0,61984.0,62077.0,62160.0,62233.0,62317.0,62415.0,62502.0,62590.0,62668.0,62755.0,62839.0,62926.0,63015.0,63083.0,63179.0,63273.0,63372.0,63460.0,63565.0,63654.0,63786.0,63874.0,63949.0,64022.0,64079.0,64146.0,64232.0,64301.0,64367.0,64428.0,64514.0,64572
VMJZi579yRA,,,,,,,,,,,,,,,,,,,,,,,,,,,,,,,,,,,,,,,,,,,,,,,,,,,,,,,,,,,,,,10747.0,10811.0,10833.0,10843.0,10854.0,10859.0,10864.0,10877.0,10887.0,10898.0,10904.0,10911.0,10918.0,10926.0,10934.0,10941.0,10948.0,10951.0,10959.0,10966.0,10976.0,10980.0,10987.0,11002.0,11011.0,11025.0,11034.0,11054.0,11062.0,11069.0,11077.0,11077.0,11083.0,11090.0,11101.0,11110.0,11113.0,11123.0,11128.0,11129.0,11141.0,11147.0,11150.0,11156.0,11157.0,11159.0,11160.0,11162.0,11161.0,11164.0,11166.0,11176.0,11179.0,11181.0,11184.0,11186.0,11187.0,11187.0,11192.0,11198.0,11199.0,11203.0,11205.0,11212.0,11217.0,11219.0,11218.0,11226.0,11228.0,11235.0,11236.0,11236.0,11237.0,11237.0,11239.0,11245.0,11246.0,11246.0,11245.0,11248.0,11250.0,11250.0,11253.0,11254.0,11255.0,11255.0,11258.0,11257.0,11255.0,11258.0,11260.0,11260.0,11263
j-KceXc9xYE,,,,,,,,,,,,,,,,,,,,,,,,,,,,,,,,,,,,,,,,,,,,,,,,,,,,,,,,,,,,,,2730.0,2736.0,2746.0,2751.0,2754.0,2757.0,2763.0,2766.0,2771.0,2774.0,2775.0,2778.0,2781.0,2789.0,2790.0,2795.0,2798.0,2802.0,2805.0,2810.0,2812.0,2815.0,2820.0,2823.0,2825.0,2828.0,2829.0,2838.0,2841.0,2844.0,2850.0,2855.0,2856.0,2862.0,2871.0,2875.0,2880.0,2884.0,2891.0,2890.0,2895.0,2899.0,2901.0,2903.0,2906.0,2906.0,2910.0,2911.0,2916.0,2918.0,2919.0,2919.0,2922.0,2925.0,2927.0,2928.0,2931.0,2934.0,2937.0,2938.0,2940.0,2944.0,2950.0,2952.0,2954.0,2956.0,2959.0,2961.0,2964.0,2966.0,2965.0,2966.0,2968.0,2970.0,2974.0,2975.0,2979.0,2979.0,2980.0,2985.0,2987.0,2990.0,2990.0,2991.0,2994.0,2997.0,2998.0,3003.0,3006.0,3006.0,3013.0,3017.0,3020
C-6VN7S6QDc,,,,,,,,,,,,,,,,,,,,,,,,,,,,,,,,,,,,,,,,,,,,,,,,,,,,,,,,,,,,,,13934.0,13965.0,13993.0,14032.0,14065.0,14089.0,14128.0,14149.0,14167.0,14189.0,14213.0,14238.0,14268.0,14301.0,14314.0,14325.0,14339.0,14354.0,14363.0,14387.0,14405.0,14424.0,14443.0,14459.0,14483.0,14493.0,14508.0,14526.0,14532.0,14548.0,14560.0,14577.0,14588.0,14602.0,14616.0,14626.0,14643.0,14650.0,14661.0,14666.0,14684.0,14714.0,14731.0,14755.0,14789.0,14822.0,14846.0,14877.0,14896.0,14927.0,14946.0,14964.0,14994.0,15013.0,15035.0,15054.0,15079.0,15107.0,15126.0,15141.0,15153.0,15161.0,15168.0,15183.0,15200.0,15210.0,15225.0,15243.0,15259.0,15274.0,15295.0,15311.0,15324.0,15341.0,15354.0,15370.0,15384.0,15396.0,15409.0,15424.0,15438.0,15453.0,15464.0,15471.0,15477.0,15487.0,15497.0,15512.0,15527.0,15542.0,15554.0,15575.0,15588
--O5u5ln6-8,,,,,,,,,,,,,,,,,,,,,,,,,,,,,,,,,,,,,,,,,,,,,,,,,,,,,,,,,,,,,,4262.0,4266.0,4270.0,4276.0,4285.0,4294.0,4308.0,4316.0,4325.0,4331.0,4336.0,4350.0,4358.0,4382.0,4392.0,4403.0,4410.0,4411.0,4417.0,4423.0,4431.0,4432.0,4436.0,4441.0,4448.0,4459.0,4470.0,4476.0,4486.0,4494.0,4498.0,4503.0,4510.0,4513.0,4514.0,4520.0,4527.0,4533.0,4537.0,4544.0,4543.0,4553.0,4560.0,4562.0,4570.0,4580.0,4586.0,4593.0,4598.0,4601.0,4606.0,4613.0,4623.0,4632.0,4640.0,4657.0,4670.0,4681.0,4694.0,4701.0,4705.0,4714.0,4725.0,4728.0,4733.0,4744.0,4751.0,4754.0,4756.0,4758.0,4759.0,4762.0,4769.0,4776.0,4779.0,4780.0,4782.0,4783.0,4785.0,4791.0,4795.0,4801.0,4807.0,4808.0,4810.0,4817.0,4821.0,4828.0,4834.0,4840.0,4843.0,4847.0,4850
oz25mlh1OS0,,,,,,,,,,,,,,,,,,,,,,,,,,,,,,,,,,,,,,,,,,,,,,,,,,,,,,,,,,,,,,680.0,682.0,684.0,686.0,688.0,695.0,697.0,699.0,705.0,711.0,718.0,722.0,725.0,739.0,742.0,743.0,745.0,747.0,749.0,749.0,750.0,750.0,752.0,754.0,756.0,758.0,759.0,762.0,765.0,765.0,768.0,769.0,771.0,773.0,774.0,775.0,776.0,779.0,779.0,780.0,782.0,783.0,784.0,784.0,784.0,785.0,786.0,785.0,788.0,788.0,788.0,789.0,792.0,793.0,795.0,797.0,798.0,799.0,800.0,801.0,802.0,801.0,801.0,802.0,804.0,805.0,807.0,809.0,809.0,810.0,811.0,812.0,814.0,814.0,819.0,824.0,826.0,831.0,833.0,835.0,838.0,841.0,845.0,847.0,848.0,851.0,851.0,853.0,854.0,855.0,857.0,858.0,861
i_05y4X_yF0,,,,,,,,,,,,,,,,,,,,,,,,,,,,,,,,,,,,,,,,,,,,,,,,,,,,,,,,,,,,,,2003.0,2006.0,2011.0,2015.0,2016.0,2020.0,2022.0,2035.0,2046.0,2066.0,2099.0,2130.0,2162.0,2229.0,2272.0,2298.0,2329.0,2367.0,2414.0,2484.0,2548.0,2630.0,2727.0,2797.0,2859.0,2861.0,2868.0,2868.0,2868.0,2869.0,2870.0,2871.0,2900.0,2959.0,3014.0,3072.0,3117.0,3146.0,3208.0,3238.0,3268.0,3303.0,3338.0,3392.0,3448.0,3489.0,3532.0,3594.0,3617.0,3665.0,3711.0,3769.0,3811.0,3864.0,3921.0,3966.0,4035.0,4094.0,4099.0,4101.0,4102.0,4127.0,4175.0,4227.0,4257.0,4306.0,4353.0,4385.0,4407.0,4407.0,4407.0,4405.0,4434.0,4464.0,4491.0,4526.0,4557.0,4581.0,4626.0,4671.0,4705.0,4738.0,4769.0,4790.0,4821.0,4853.0,4891.0,4929.0,4960.0,4959.0,4959.0,4961.0,4962
SERjkTtiKe8,,,,,,,,,,,,,,,,,,,,,,,,,,,,,,,,,,,,,,,,,,,,,,,,,,,,,,,,,,,,,,5709.0,5717.0,5728.0,5738.0,5753.0,5760.0,5765.0,5773.0,5776.0,5779.0,5782.0,5781.0,5782.0,5786.0,5786.0,5791.0,5793.0,5796.0,5799.0,5801.0,5802.0,5806.0,5808.0,5810.0,5810.0,5811.0,5812.0,5811.0,5813.0,5817.0,5818.0,5817.0,5819.0,5820.0,5819.0,5820.0,5820.0,5821.0,5822.0,5823.0,5823.0,5825.0,5825.0,5827.0,5827.0,5828.0,5830.0,5830.0,5831.0,5834.0,5834.0,5834.0,5837.0,5837.0,5839.0,5842.0,5842.0,5843.0,5846.0,5848.0,5848.0,5850.0,5850.0,5850.0,5849.0,5850.0,5850.0,5851.0,5852.0,5852.0,5851.0,5851.0,5851.0,5853.0,5850.0,5851.0,5853.0,5853.0,5851.0,5851.0,5853.0,5851.0,5852.0,5852.0,5852.0,5853.0,5852.0,5852.0,5855.0,5856.0,5857.0,5857.0,5856
bIuQqKZge7c,,,,,,,,,,,,,,,,,,,,,,,,,,,,,,,,,,,,,,,,,,,,,,,,,,,,,,,,,,,,,,270.0,270.0,270.0,270.0,270.0,270.0,270.0,270.0,270.0,270.0,270.0,271.0,273.0,273.0,273.0,273.0,274.0,275.0,274.0,274.0,274.0,275.0,275.0,275.0,275.0,275.0,275.0,276.0,275.0,275.0,275.0,274.0,274.0,274.0,275.0,275.0,277.0,278.0,279.0,281.0,281.0,281.0,281.0,281.0,281.0,282.0,282.0,283.0,283.0,283.0,284.0,284.0,284.0,284.0,284.0,284.0,284.0,285.0,284.0,285.0,285.0,285.0,285.0,285.0,284.0,283.0,283.0,283.0,284.0,284.0,284.0,285.0,285.0,285.0,286.0,286.0,286.0,286.0,286.0,286.0,286.0,286.0,286.0,286.0,286.0,286.0,286.0,287.0,287.0,287.0,287.0,287.0,287
j-lMql36j8c,,,,,,,,,,,,,,,,,,,,,,,,,,,,,,,,,,,,,,,,,,,,,,,,,,,,,,,,,,,,,,6795.0,6799.0,6807.0,6811.0,6822.0,6826.0,6833.0,6833.0,6843.0,6854.0,6865.0,6881.0,6893.0,6913.0,6923.0,6936.0,6950.0,6965.0,6974.0,6982.0,6995.0,7009.0,7013.0,7022.0,7033.0,7040.0,7045.0,7049.0,7059.0,7069.0,7075.0,7082.0,7097.0,7102.0,7110.0,7115.0,7125.0,7130.0,7134.0,7137.0,7151.0,7158.0,7165.0,7169.0,7172.0,7177.0,7182.0,7189.0,7196.0,7203.0,7210.0,7211.0,7219.0,7220.0,7225.0,7228.0,7238.0,7247.0,7250.0,7256.0,7258.0,7259.0,7261.0,7265.0,7267.0,7270.0,7275.0,7280.0,7282.0,7285.0,7287.0,7289.0,7292.0,7298.0,7299.0,7304.0,7308.0,7310.0,7312.0,7316.0,7315.0,7317.0,7324.0,7328.0,7331.0,7334.0,7338.0,7342.0,7349.0,7351.0,7353.0,7357.0,7359
_zHsVAmk3kI,,,,,,,,,,,,,,,,,,,,,,,,,,,,,,,,,,,,,,,,,,,,,,,,,,,,,,,,,,,,,,217.0,218.0,219.0,219.0,219.0,220.0,221.0,223.0,225.0,227.0,229.0,230.0,230.0,232.0,235.0,236.0,236.0,235.0,238.0,240.0,240.0,241.0,242.0,242.0,242.0,242.0,243.0,243.0,244.0,244.0,245.0,245.0,247.0,247.0,247.0,247.0,247.0,248.0,248.0,249.0,250.0,253.0,253.0,254.0,254.0,255.0,255.0,255.0,256.0,256.0,257.0,259.0,260.0,261.0,261.0,261.0,261.0,261.0,261.0,261.0,261.0,261.0,263.0,263.0,266.0,266.0,268.0,268.0,268.0,268.0,269.0,271.0,273.0,279.0,281.0,283.0,286.0,289.0,291.0,291.0,294.0,297.0,298.0,299.0,301.0,302.0,302.0,302.0,302.0,304.0,305.0,306.0,307
zmAs8oS3_bw,,,,,,,,,,,,,,,,,,,,,,,,,,,,,,,,,,,,,,,,,,,,,,,,,,,,,,,,,,,,,,89.0,89.0,90.0,90.0,91.0,91.0,91.0,91.0,91.0,92.0,93.0,94.0,94.0,94.0,95.0,95.0,95.0,96.0,96.0,96.0,96.0,96.0,96.0,96.0,96.0,97.0,97.0,97.0,98.0,98.0,98.0,98.0,98.0,99.0,100.0,100.0,101.0,101.0,101.0,101.0,101.0,101.0,101.0,101.0,101.0,101.0,101.0,101.0,101.0,101.0,101.0,101.0,101.0,101.0,101.0,101.0,101.0,101.0,101.0,101.0,101.0,101.0,101.0,101.0,101.0,101.0,101.0,101.0,101.0,101.0,101.0,101.0,101.0,101.0,101.0,101.0,101.0,101.0,101.0,101.0,101.0,101.0,101.0,101.0,101.0,101.0,101.0,101.0,101.0,101.0,101.0,101.0,101
QwZz22c7GqE,,,,,,,,,,,,,,,,,,,,,,,,,,,,,,,,,,,,,,,,,,,,,,,,,,,,,,,,,,,,,,57.0,61.0,61.0,63.0,65.0,68.0,74.0,75.0,77.0,77.0,77.0,79.0,80.0,85.0,86.0,88.0,90.0,90.0,90.0,93.0,94.0,94.0,95.0,95.0,94.0,94.0,95.0,95.0,97.0,98.0,99.0,99.0,99.0,100.0,100.0,101.0,101.0,101.0,102.0,102.0,102.0,103.0,103.0,102.0,102.0,102.0,103.0,104.0,104.0,105.0,105.0,105.0,105.0,105.0,105.0,105.0,105.0,105.0,105.0,105.0,105.0,105.0,106.0,106.0,106.0,106.0,106.0,106.0,106.0,108.0,109.0,109.0,109.0,109.0,109.0,109.0,110.0,109.0,109.0,109.0,109.0,110.0,110.0,110.0,110.0,110.0,110.0,110.0,110.0,110.0,110.0,110.0,110
2tSb1qUnOy0,,,,,,,,,,,,,,,,,,,,,,,,,,,,,,,,,,,,,,,,,,,,,,,,,,,,,,,,,,,,,,7017.0,7020.0,7027.0,7034.0,7041.0,7048.0,7053.0,7063.0,7068.0,7075.0,7091.0,7098.0,7101.0,7112.0,7122.0,7125.0,7130.0,7137.0,7139.0,7140.0,7146.0,7150.0,7156.0,7158.0,7166.0,7169.0,7173.0,7180.0,7187.0,7198.0,7205.0,7205.0,7207.0,7213.0,7213.0,7216.0,7218.0,7219.0,7218.0,7221.0,7222.0,7230.0,7231.0,7235.0,7236.0,7236.0,7246.0,7247.0,7249.0,7255.0,7258.0,7258.0,7262.0,7267.0,7264.0,7269.0,7274.0,7274.0,7280.0,7283.0,7287.0,7289.0,7290.0,7292.0,7298.0,7299.0,7304.0,7306.0,7308.0,7309.0,7317.0,7317.0,7317.0,7318.0,7322.0,7325.0,7330.0,7334.0,7337.0,7338.0,7340.0,7341.0,7342.0,7345.0,7344.0,7343.0,7348.0,7352.0,7357.0,7357.0,7361.0,7371.0,7373
LWCQQVqKGbU,,,,,,,,,,,,,,,,,,,,,,,,,,,,,,,,,,,,,,,,,,,,,,,,,,,,,,,,,,,,,,660.0,662.0,665.0,668.0,670.0,675.0,678.0,680.0,682.0,683.0,683.0,687.0,688.0,699.0,701.0,703.0,704.0,706.0,709.0,714.0,721.0,725.0,730.0,735.0,739.0,745.0,747.0,752.0,753.0,754.0,757.0,757.0,758.0,761.0,766.0,766.0,769.0,774.0,776.0,779.0,780.0,783.0,788.0,794.0,797.0,801.0,807.0,815.0,817.0,819.0,822.0,823.0,823.0,826.0,832.0,836.0,837.0,841.0,848.0,862.0,871.0,876.0,887.0,896.0,905.0,905.0,906.0,911.0,916.0,922.0,926.0,929.0,933.0,933.0,937.0,937.0,938.0,939.0,941.0,943.0,945.0,947.0,947.0,949.0,952.0,952.0,954.0,955.0,955.0,956.0,956.0,956.0,956
zmAedelGSu0,,,,,,,,,,,,,,,,,,,,,,,,,,,,,,,,,,,,,,,,,,,,,,,,,,,,,,,,,,,,,,1115.0,1120.0,1123.0,1124.0,1128.0,1131.0,1132.0,1134.0,1139.0,1140.0,1143.0,1144.0,1144.0,1147.0,1150.0,1151.0,1153.0,1154.0,1155.0,1155.0,1156.0,1158.0,1158.0,1159.0,1160.0,1161.0,1161.0,1162.0,1162.0,1164.0,1166.0,1166.0,1167.0,1169.0,1171.0,1172.0,1173.0,1173.0,1174.0,1173.0,1175.0,1176.0,1178.0,1179.0,1180.0,1180.0,1180.0,1181.0,1185.0,1183.0,1183.0,1185.0,1185.0,1188.0,1189.0,1190.0,1195.0,1197.0,1200.0,1200.0,1200.0,1200.0,1201.0,1203.0,1206.0,1210.0,1212.0,1213.0,1215.0,1215.0,1216.0,1218.0,1221.0,1222.0,1222.0,1223.0,1221.0,1222.0,1224.0,1227.0,1230.0,1231.0,1234.0,1236.0,1236.0,1236.0,1236.0,1236.0,1239.0,1241.0,1246.0,1245.0,1246
lyQeRW9_D64,,,,,,,,,,,,,,,,,,,,,,,,,,,,,,,,,,,,,,,,,,,,,,,,,,,,,,,,,,,,,,482.0,487.0,490.0,493.0,498.0,504.0,509.0,511.0,512.0,515.0,519.0,521.0,526.0,530.0,532.0,535.0,540.0,541.0,543.0,545.0,547.0,549.0,551.0,554.0,555.0,556.0,559.0,561.0,564.0,567.0,573.0,574.0,575.0,578.0,579.0,579.0,580.0,580.0,582.0,583.0,584.0,585.0,586.0,588.0,589.0,589.0,590.0,591.0,591.0,594.0,594.0,596.0,597.0,598.0,598.0,598.0,599.0,601.0,602.0,602.0,604.0,604.0,602.0,605.0,605.0,605.0,605.0,606.0,606.0,607.0,607.0,607.0,608.0,608.0,608.0,609.0,610.0,609.0,610.0,610.0,610.0,610.0,610.0,612.0,612.0,613.0,612.0,612.0,613.0,614.0,615.0,616.0,616
M77LOyP41N8,,,,,,,,,,,,,,,,,,,,,,,,,,,,,,,,,,,,,,,,,,,,,,,,,,,,,,,,,,,,,,345.0,347.0,349.0,353.0,356.0,355.0,355.0,356.0,356.0,357.0,357.0,357.0,358.0,360.0,360.0,361.0,361.0,362.0,362.0,362.0,362.0,362.0,363.0,362.0,362.0,362.0,362.0,362.0,363.0,363.0,363.0,363.0,363.0,364.0,365.0,365.0,365.0,366.0,366.0,366.0,366.0,366.0,368.0,369.0,369.0,368.0,369.0,369.0,369.0,369.0,370.0,370.0,370.0,370.0,371.0,370.0,370.0,369.0,369.0,369.0,370.0,370.0,370.0,370.0,370.0,370.0,371.0,372.0,373.0,373.0,374.0,374.0,374.0,374.0,374.0,374.0,374.0,374.0,373.0,374.0,374.0,375.0,375.0,375.0,375.0,375.0,375.0,375.0,375.0,375.0,375.0,375.0,375
S15aSoTZT2g,,,,,,,,,,,,,,,,,,,,,,,,,,,,,,,,,,,,,,,,,,,,,,,,,,,,,,,,,,,,,,2171.0,2174.0,2175.0,2180.0,2185.0,2189.0,2191.0,2193.0,2194.0,2196.0,2200.0,2202.0,2205.0,2206.0,2207.0,2212.0,2213.0,2214.0,2218.0,2222.0,2223.0,2226.0,2226.0,2227.0,2232.0,2232.0,2234.0,2239.0,2242.0,2243.0,2247.0,2250.0,2253.0,2254.0,2256.0,2261.0,2265.0,2268.0,2268.0,2273.0,2275.0,2275.0,2281.0,2285.0,2286.0,2286.0,2287.0,2292.0,2296.0,2298.0,2299.0,2299.0,2301.0,2302.0,2304.0,2305.0,2309.0,2312.0,2315.0,2317.0,2322.0,2324.0,2327.0,2327.0,2327.0,2329.0,2330.0,2330.0,2330.0,2334.0,2335.0,2335.0,2339.0,2339.0,2344.0,2344.0,2344.0,2345.0,2347.0,2348.0,2349.0,2350.0,2352.0,2355.0,2356.0,2357.0,2358.0,2362.0,2368.0,2371.0,2373.0,2374.0,2374
lp8Y7q9yr74,,,,,,,,,,,,,,,,,,,,,,,,,,,,,,,,,,,,,,,,,,,,,,,,,,,,,,,,,,,,,,40.0,40.0,40.0,41.0,41.0,41.0,40.0,40.0,40.0,40.0,40.0,40.0,40.0,40.0,40.0,40.0,40.0,40.0,40.0,40.0,41.0,41.0,41.0,42.0,42.0,42.0,42.0,42.0,43.0,44.0,44.0,44.0,44.0,44.0,44.0,44.0,45.0,45.0,46.0,46.0,46.0,46.0,46.0,47.0,47.0,47.0,47.0,47.0,47.0,48.0,48.0,48.0,48.0,48.0,48.0,48.0,48.0,49.0,49.0,50.0,51.0,51.0,51.0,51.0,51.0,51.0,51.0,51.0,51.0,51.0,51.0,51.0,51.0,51.0,52.0,52.0,52.0,52.0,52.0,52.0,52.0,52.0,52.0,52.0,52.0,53.0,53.0,53.0,53.0,53.0,53.0,53.0,54
gfXAQnuIW_M,,,,,,,,,,,,,,,,,,,,,,,,,,,,,,,,,,,,,,,,,,,,,,,,,,,,,,,,,,,,,,40.0,40.0,41.0,41.0,41.0,41.0,41.0,41.0,41.0,41.0,42.0,42.0,42.0,42.0,42.0,43.0,43.0,43.0,43.0,43.0,43.0,43.0,43.0,43.0,43.0,43.0,44.0,44.0,45.0,45.0,45.0,45.0,45.0,45.0,45.0,45.0,45.0,45.0,45.0,45.0,45.0,45.0,45.0,45.0,45.0,45.0,45.0,45.0,45.0,45.0,45.0,45.0,45.0,46.0,46.0,46.0,46.0,46.0,46.0,46.0,46.0,46.0,46.0,46.0,48.0,48.0,48.0,48.0,48.0,48.0,48.0,48.0,48.0,48.0,48.0,48.0,48.0,48.0,48.0,48.0,49.0,49.0,49.0,49.0,49.0,49.0,49.0,49.0,49.0,49.0,49.0,49.0,49
7Nm3ZFOlKik,,,,,,,,,,,,,,,,,,,,,,,,,,,,,,,,,,,,,,,,,,,,,,,,,,,,,,,,,,,,,,27.0,27.0,27.0,28.0,28.0,28.0,28.0,28.0,28.0,28.0,28.0,28.0,28.0,28.0,28.0,28.0,28.0,28.0,28.0,28.0,28.0,28.0,28.0,28.0,28.0,28.0,28.0,28.0,28.0,28.0,28.0,28.0,28.0,28.0,28.0,28.0,28.0,28.0,28.0,28.0,28.0,28.0,28.0,28.0,28.0,28.0,28.0,28.0,29.0,29.0,29.0,30.0,30.0,31.0,31.0,31.0,31.0,31.0,31.0,31.0,31.0,31.0,32.0,32.0,32.0,32.0,32.0,32.0,32.0,32.0,32.0,32.0,32.0,32.0,32.0,32.0,32.0,32.0,32.0,32.0,32.0,32.0,32.0,32.0,32.0,32.0,32.0,32.0,32.0,32.0,32.0,32.0,32
CTrgQ1U0EKA,,,,,,,,,,,,,,,,,,,,,,,,,,,,,,,,,,,,,,,,,,,,,,,,,,,,,,,,,,,,,,1823.0,1827.0,1831.0,1837.0,1845.0,1853.0,1857.0,1857.0,1866.0,1870.0,1875.0,1876.0,1883.0,1892.0,1895.0,1898.0,1902.0,1907.0,1910.0,1912.0,1917.0,1920.0,1924.0,1929.0,1936.0,1939.0,1942.0,1944.0,1951.0,1956.0,1960.0,1960.0,1962.0,1963.0,1969.0,1974.0,1979.0,1979.0,1981.0,1983.0,1985.0,1989.0,1994.0,1998.0,2003.0,2006.0,2009.0,2013.0,2018.0,2018.0,2019.0,2022.0,2024.0,2027.0,2029.0,2030.0,2039.0,2041.0,2047.0,2048.0,2050.0,2055.0,2059.0,2062.0,2067.0,2068.0,2072.0,2076.0,2078.0,2084.0,2089.0,2093.0,2095.0,2099.0,2101.0,2102.0,2106.0,2107.0,2109.0,2112.0,2118.0,2121.0,2123.0,2125.0,2126.0,2128.0,2129.0,2131.0,2135.0,2141.0,2151.0,2159.0,2164
npOGe6j5V9E,,,,,,,,,,,,,,,,,,,,,,,,,,,,,,,,,,,,,,,,,,,,,,,,,,,,,,,,,,,,,,1082.0,1087.0,1091.0,1094.0,1097.0,1101.0,1101.0,1102.0,1112.0,1132.0,1139.0,1145.0,1151.0,1166.0,1170.0,1175.0,1177.0,1179.0,1181.0,1188.0,1191.0,1194.0,1201.0,1208.0,1211.0,1215.0,1223.0,1227.0,1230.0,1234.0,1237.0,1240.0,1244.0,1248.0,1250.0,1252.0,1252.0,1254.0,1257.0,1260.0,1264.0,1267.0,1270.0,1270.0,1273.0,1274.0,1277.0,1277.0,1278.0,1278.0,1281.0,1284.0,1286.0,1286.0,1285.0,1288.0,1289.0,1290.0,1293.0,1294.0,1295.0,1297.0,1297.0,1302.0,1301.0,1304.0,1305.0,1306.0,1307.0,1307.0,1307.0,1319.0,1322.0,1324.0,1325.0,1327.0,1327.0,1333.0,1345.0,1353.0,1358.0,1363.0,1365.0,1367.0,1368.0,1367.0,1367.0,1368.0,1371.0,1373.0,1375.0,1376.0,1380
WLcuwy8wx80,,,,,,,,,,,,,,,,,,,,,,,,,,,,,,,,,,,,,,,,,,,,,,,,,,,,,,,,,,,,,,80.0,81.0,82.0,83.0,85.0,85.0,86.0,89.0,89.0,92.0,92.0,92.0,91.0,94.0,97.0,99.0,99.0,100.0,102.0,102.0,104.0,104.0,104.0,106.0,106.0,106.0,106.0,109.0,109.0,109.0,111.0,112.0,113.0,115.0,115.0,114.0,116.0,117.0,118.0,118.0,118.0,118.0,119.0,120.0,120.0,121.0,122.0,122.0,122.0,122.0,123.0,123.0,123.0,124.0,124.0,126.0,126.0,126.0,126.0,126.0,126.0,128.0,128.0,128.0,129.0,130.0,130.0,131.0,131.0,131.0,132.0,133.0,133.0,136.0,136.0,136.0,137.0,137.0,137.0,137.0,137.0,137.0,138.0,138.0,139.0,140.0,144.0,144.0,144.0,145.0,145.0,145.0,146
0JKI59x_fZo,,,,,,,,,,,,,,,,,,,,,,,,,,,,,,,,,,,,,,,,,,,,,,,,,,,,,,,,,,,,,,155.0,155.0,157.0,157.0,157.0,157.0,157.0,158.0,158.0,159.0,159.0,159.0,161.0,166.0,166.0,167.0,168.0,169.0,171.0,173.0,173.0,174.0,175.0,176.0,176.0,178.0,179.0,179.0,181.0,182.0,183.0,186.0,187.0,187.0,189.0,190.0,190.0,195.0,200.0,202.0,202.0,204.0,206.0,208.0,211.0,211.0,212.0,216.0,221.0,223.0,227.0,228.0,230.0,233.0,233.0,234.0,236.0,238.0,240.0,242.0,243.0,245.0,248.0,249.0,251.0,253.0,254.0,256.0,259.0,263.0,266.0,268.0,269.0,274.0,276.0,279.0,281.0,284.0,286.0,287.0,287.0,290.0,297.0,302.0,305.0,308.0,310.0,311.0,313.0,315.0,317.0,319.0,321
JC4UOrmdNZY,,,,,,,,,,,,,,,,,,,,,,,,,,,,,,,,,,,,,,,,,,,,,,,,,,,,,,,,,,,,,,364.0,364.0,364.0,365.0,368.0,370.0,371.0,373.0,373.0,373.0,372.0,372.0,373.0,374.0,374.0,375.0,375.0,376.0,377.0,382.0,383.0,382.0,384.0,386.0,386.0,386.0,386.0,385.0,385.0,385.0,386.0,386.0,387.0,387.0,388.0,388.0,388.0,388.0,388.0,389.0,389.0,390.0,391.0,391.0,391.0,391.0,391.0,392.0,392.0,392.0,392.0,392.0,392.0,392.0,391.0,391.0,391.0,391.0,391.0,392.0,392.0,392.0,392.0,392.0,392.0,392.0,393.0,393.0,393.0,393.0,393.0,393.0,394.0,394.0,394.0,394.0,394.0,394.0,394.0,394.0,394.0,394.0,394.0,394.0,394.0,394.0,394.0,394.0,394.0,394.0,394.0,394.0,394
tUHmmMqV7pI,,,,,,,,,,,,,,,,,,,,,,,,,,,,,,,,,,,,,,,,,,,,,,,,,,,,,,,,,,,,,,19236.0,19285.0,19331.0,19377.0,19445.0,19491.0,19550.0,19605.0,19656.0,19708.0,19761.0,19808.0,19841.0,19895.0,19944.0,19982.0,20036.0,20087.0,20127.0,20179.0,20233.0,20288.0,20332.0,20357.0,20400.0,20432.0,20469.0,20519.0,20557.0,20598.0,20856.0,21129.0,21327.0,21443.0,21587.0,21737.0,21831.0,21907.0,21995.0,22056.0,22116.0,22162.0,22220.0,22271.0,22328.0,22374.0,22416.0,22463.0,22497.0,22526.0,22561.0,22595.0,22616.0,22648.0,22665.0,22694.0,22710.0,22731.0,22757.0,22780.0,22799.0,22826.0,22847.0,22866.0,22892.0,22904.0,22925.0,22950.0,22965.0,22978.0,22997.0,23012.0,23028.0,23036.0,23051.0,23064.0,23073.0,23083.0,23103.0,23127.0,23145.0,23155.0,23164.0,23177.0,23190.0,23205.0,23217.0,23231.0,23240.0,23248.0,23263.0,23283.0,23297
aZF-sSghjmw,,,,,,,,,,,,,,,,,,,,,,,,,,,,,,,,,,,,,,,,,,,,,,,,,,,,,,,,,,,,,,,,,,,,,,,,,,,,,,,,,,,,,,,,,,,,,,,,,,,,,,,,,,,,,,,,,,,,,,,,,,,,,,,,,,,,,,,,,,,,,,,,,,,,,,,,,,
HM7UMkgHPC4,,,,,,,,,,,,,,,,,,,,,,,,,,,,,,,,,,,,,,,,,,,,,,,,,,,,,,,,,,,,,,3753.0,8883.0,11076.0,12672.0,13935.0,15003.0,15821.0,16419.0,16809.0,17173.0,17579.0,17928.0,18237.0,18932.0,19244.0,19494.0,19732.0,19986.0,20281.0,20534.0,20764.0,20962.0,21154.0,21369.0,21626.0,21835.0,22019.0,22183.0,22402.0,22623.0,22807.0,22982.0,23144.0,23252.0,23374.0,23519.0,23661.0,23768.0,23888.0,24003.0,24126.0,24216.0,24301.0,24403.0,24488.0,24552.0,24639.0,24714.0,24792.0,24883.0,24955.0,25036.0,25139.0,25244.0,25344.0,25423.0,25467.0,25536.0,25597.0,25649.0,25700.0,25754.0,25811.0,25858.0,25894.0,25961.0,26021.0,26088.0,26136.0,26176.0,26219.0,26262.0,26291.0,26325.0,26370.0,26417.0,26471.0,26548.0,26587.0,26622.0,26650.0,26685.0,26713.0,26753.0,26787.0,26831.0,26893.0,26946.0,27037.0,27095.0,27160.0,27216.0,27255
cz3nrT-wxO4,,,,,,,,,,,,,,,,,,,,,,,,,,,,,,,,,,,,,,,,,,,,,,,,,,,,,,,,,,,,,,53.0,61.0,65.0,67.0,68.0,68.0,69.0,74.0,77.0,78.0,82.0,86.0,90.0,97.0,96.0,97.0,99.0,98.0,100.0,101.0,103.0,104.0,105.0,109.0,109.0,109.0,111.0,113.0,116.0,120.0,122.0,122.0,123.0,125.0,126.0,126.0,126.0,127.0,128.0,130.0,131.0,131.0,133.0,133.0,133.0,133.0,134.0,134.0,135.0,136.0,136.0,136.0,136.0,136.0,136.0,136.0,136.0,136.0,137.0,137.0,138.0,138.0,138.0,138.0,139.0,140.0,141.0,142.0,142.0,142.0,143.0,143.0,142.0,143.0,143.0,143.0,145.0,145.0,145.0,145.0,147.0,147.0,147.0,149.0,149.0,149.0,149.0,149.0,149.0,150.0,150.0,150.0,151
AyQ2g0t8y1A,,,,,,,,,,,,,,,,,,,,,,,,,,,,,,,,,,,,,,,,,,,,,,,,,,,,,,,,,,,,,,3556.0,4873.0,5506.0,6049.0,6496.0,6947.0,7211.0,7412.0,7583.0,7792.0,7991.0,8205.0,8405.0,8717.0,8801.0,8871.0,8938.0,9019.0,9082.0,9140.0,9184.0,9294.0,9403.0,9470.0,9513.0,9550.0,9581.0,9612.0,9650.0,9674.0,9707.0,9732.0,9752.0,9788.0,9818.0,9839.0,9855.0,9885.0,9921.0,9942.0,9961.0,9989.0,10035.0,10091.0,10112.0,10140.0,10170.0,10187.0,10214.0,10241.0,10260.0,10271.0,10290.0,10303.0,10312.0,10331.0,10342.0,10353.0,10363.0,10370.0,10375.0,10383.0,10387.0,10396.0,10402.0,10411.0,10416.0,10417.0,10419.0,10423.0,10426.0,10426.0,10428.0,10431.0,10433.0,10437.0,10443.0,10451.0,10452.0,10456.0,10459.0,10461.0,10461.0,10467.0,10469.0,10474.0,10474.0,10476.0,10475.0,10475.0,10481.0,10483.0,10486
_8PYDtiaVmk,,,,,,,,,,,,,,,,,,,,,,,,,,,,,,,,,,,,,,,,,,,,,,,,,,,,,,,,,,,,,,4607.0,5418.0,5788.0,6033.0,6215.0,6417.0,6522.0,6610.0,6668.0,6711.0,6764.0,6798.0,6830.0,6876.0,6895.0,6927.0,6951.0,6960.0,6973.0,6988.0,7003.0,7014.0,7027.0,7040.0,7052.0,7061.0,7069.0,7079.0,7087.0,7099.0,7106.0,7111.0,7118.0,7124.0,7133.0,7145.0,7154.0,7157.0,7162.0,7165.0,7175.0,7179.0,7185.0,7191.0,7195.0,7199.0,7200.0,7202.0,7209.0,7214.0,7221.0,7227.0,7229.0,7237.0,7240.0,7244.0,7249.0,7253.0,7257.0,7262.0,7266.0,7268.0,7269.0,7275.0,7276.0,7285.0,7292.0,7294.0,7300.0,7303.0,7306.0,7309.0,7312.0,7315.0,7317.0,7320.0,7322.0,7323.0,7328.0,7333.0,7332.0,7340.0,7344.0,7347.0,7352.0,7356.0,7361.0,7368.0,7371.0,7374.0,7382.0,7386.0,7389
9FEfUCWI5Jw,,,,,,,,,,,,,,,,,,,,,,,,,,,,,,,,,,,,,,,,,,,,,,,,,,,,,,,,,,,,,,,11.0,31.0,52.0,62.0,68.0,76.0,82.0,90.0,96.0,103.0,107.0,114.0,124.0,124.0,124.0,124.0,124.0,126.0,128.0,131.0,131.0,131.0,134.0,135.0,137.0,137.0,138.0,139.0,139.0,139.0,139.0,140.0,141.0,141.0,141.0,141.0,142.0,142.0,142.0,143.0,144.0,144.0,145.0,145.0,147.0,149.0,150.0,151.0,154.0,154.0,154.0,154.0,154.0,154.0,154.0,154.0,154.0,155.0,158.0,158.0,158.0,159.0,159.0,159.0,159.0,159.0,159.0,159.0,159.0,161.0,161.0,161.0,161.0,161.0,160.0,161.0,161.0,161.0,161.0,161.0,162.0,163.0,163.0,163.0,163.0,163.0,164.0,164.0,164.0,164.0,165.0,166
_o7mLf4oVkY,,,,,,,,,,,,,,,,,,,,,,,,,,,,,,,,,,,,,,,,,,,,,,,,,,,,,,,,,,,,,,,4.0,4.0,4.0,4.0,5.0,6.0,6.0,6.0,6.0,6.0,6.0,6.0,6.0,6.0,6.0,6.0,6.0,6.0,6.0,6.0,6.0,6.0,6.0,6.0,6.0,6.0,7.0,7.0,7.0,7.0,7.0,7.0,7.0,7.0,7.0,7.0,7.0,7.0,7.0,7.0,7.0,7.0,7.0,7.0,7.0,7.0,7.0,7.0,7.0,7.0,7.0,7.0,7.0,7.0,7.0,7.0,7.0,7.0,7.0,7.0,7.0,7.0,7.0,7.0,7.0,7.0,7.0,7.0,7.0,7.0,7.0,7.0,7.0,7.0,7.0,7.0,7.0,7.0,7.0,7.0,7.0,7.0,7.0,7.0,7.0,7.0,7.0,7.0,7.0,7.0,7.0,7
RiWbMezuiCs,,,,,,,,,,,,,,,,,,,,,,,,,,,,,,,,,,,,,,,,,,,,,,,,,,,,,,,,,,,,,,,180.0,211.0,237.0,251.0,262.0,271.0,275.0,279.0,283.0,286.0,288.0,289.0,295.0,295.0,296.0,297.0,300.0,300.0,299.0,301.0,301.0,301.0,304.0,305.0,306.0,307.0,308.0,308.0,309.0,310.0,311.0,313.0,313.0,315.0,315.0,315.0,315.0,315.0,315.0,316.0,317.0,317.0,317.0,317.0,318.0,318.0,318.0,319.0,319.0,319.0,319.0,320.0,320.0,321.0,321.0,322.0,321.0,321.0,321.0,321.0,321.0,321.0,321.0,321.0,321.0,321.0,321.0,321.0,321.0,321.0,321.0,321.0,321.0,325.0,329.0,329.0,331.0,331.0,332.0,334.0,334.0,335.0,335.0,336.0,337.0,337.0,338.0,338.0,340.0,340.0,340.0,341
toz3MmGkypg,,,,,,,,,,,,,,,,,,,,,,,,,,,,,,,,,,,,,,,,,,,,,,,,,,,,,,,,,,,,,,,75.0,134.0,160.0,176.0,192.0,200.0,217.0,239.0,248.0,258.0,271.0,285.0,300.0,307.0,317.0,330.0,345.0,363.0,374.0,387.0,397.0,418.0,420.0,432.0,443.0,459.0,474.0,480.0,494.0,499.0,506.0,511.0,515.0,523.0,527.0,527.0,530.0,533.0,534.0,536.0,537.0,537.0,537.0,542.0,545.0,547.0,546.0,549.0,555.0,555.0,556.0,560.0,563.0,566.0,567.0,569.0,572.0,571.0,574.0,581.0,586.0,592.0,595.0,600.0,602.0,604.0,610.0,612.0,613.0,618.0,620.0,621.0,623.0,626.0,632.0,635.0,635.0,637.0,639.0,644.0,647.0,650.0,650.0,651.0,653.0,652.0,652.0,655.0,655.0,655.0,657.0,661
4W7qezZKB6g,,,,,,,,,,,,,,,,,,,,,,,,,,,,,,,,,,,,,,,,,,,,,,,,,,,,,,,,,,,,,,,4143.0,4690.0,4970.0,5172.0,5382.0,5578.0,5747.0,6158.0,6578.0,6796.0,7021.0,7247.0,7462.0,7549.0,7615.0,7676.0,7754.0,7808.0,7874.0,7929.0,7987.0,8034.0,8083.0,8137.0,8197.0,8258.0,8312.0,8348.0,8389.0,8438.0,8483.0,8537.0,8591.0,8633.0,8666.0,8689.0,8699.0,8707.0,8718.0,8726.0,8737.0,8742.0,8751.0,8756.0,8756.0,8760.0,8764.0,8770.0,8776.0,8778.0,8786.0,8794.0,8800.0,8813.0,8826.0,8836.0,8846.0,8852.0,8856.0,8864.0,8871.0,8874.0,8882.0,8882.0,8882.0,8890.0,8896.0,8897.0,8905.0,8913.0,8919.0,8925.0,8932.0,8938.0,8944.0,8950.0,8952.0,8951.0,8954.0,8960.0,8963.0,8968.0,8971.0,8971.0,8971.0,8989.0,9003.0,9013.0,9016.0,9019.0,9031.0,9042
FucT66Sb6Zc,,,,,,,,,,,,,,,,,,,,,,,,,,,,,,,,,,,,,,,,,,,,,,,,,,,,,,,,,,,,,,,,,,,,,,,,,,,,,,,,,,,,,,,,,,,,,,,,,,,,,,,,,,,,,,,,,,,,,,,,,,,,,,,,,,,,,,,,,,,,,,,,,,,,,,,,,,
H81NsniDjTk,,,,,,,,,,,,,,,,,,,,,,,,,,,,,,,,,,,,,,,,,,,,,,,,,,,,,,,,,,,,,,,,29916.0,30486.0,31176.0,31981.0,32656.0,33136.0,33595.0,34064.0,34424.0,34729.0,35006.0,35515.0,35724.0,35934.0,36153.0,36352.0,36555.0,36747.0,36954.0,37147.0,37305.0,37459.0,37612.0,37770.0,38029.0,38215.0,38366.0,38502.0,38607.0,38733.0,38856.0,38982.0,39092.0,39201.0,39289.0,39403.0,39495.0,39576.0,39688.0,39776.0,39862.0,39933.0,40004.0,40067.0,40129.0,40192.0,40250.0,40299.0,40349.0,40405.0,40466.0,40524.0,40569.0,40614.0,40689.0,40729.0,40778.0,40829.0,40864.0,40900.0,40937.0,40969.0,41009.0,41044.0,41072.0,41087.0,41123.0,41149.0,41182.0,41217.0,41269.0,41324.0,41359.0,41397.0,41441.0,41477.0,41513.0,41553.0,41582.0,41622.0,41678.0,41721.0,41773.0,41816.0,41845.0,41895.0,41915.0,41936.0,41968.0,41989.0,42020
4TRS7y4qdWs,,,,,,,,,,,,,,,,,,,,,,,,,,,,,,,,,,,,,,,,,,,,,,,,,,,,,,,,,,,,,,,,,6164.0,7510.0,8561.0,9408.0,10031.0,10391.0,10735.0,10967.0,11171.0,11328.0,11512.0,11565.0,11615.0,11663.0,11721.0,11766.0,11810.0,11841.0,11873.0,11897.0,11924.0,11947.0,11964.0,11986.0,12011.0,12019.0,12036.0,12057.0,12082.0,12105.0,12123.0,12149.0,12170.0,12183.0,12202.0,12223.0,12233.0,12255.0,12268.0,12283.0,12294.0,12303.0,12317.0,12330.0,12342.0,12357.0,12365.0,12373.0,12384.0,12396.0,12401.0,12417.0,12429.0,12441.0,12450.0,12457.0,12466.0,12475.0,12487.0,12495.0,12502.0,12505.0,12516.0,12522.0,12527.0,12533.0,12540.0,12546.0,12548.0,12552.0,12558.0,12562.0,12573.0,12579.0,12586.0,12588.0,12597.0,12599.0,12606.0,12613.0,12618.0,12624.0,12625.0,12629.0,12634.0,12638.0,12647.0,12649.0,12651.0,12656
xLNmyB1iCig,,,,,,,,,,,,,,,,,,,,,,,,,,,,,,,,,,,,,,,,,,,,,,,,,,,,,,,,,,,,,,,,,105971.0,162732.0,182688.0,192658.0,199663.0,205704.0,210689.0,215095.0,218394.0,220849.0,224119.0,225360.0,226710.0,227955.0,229155.0,230256.0,231291.0,232304.0,233130.0,233932.0,234721.0,235526.0,236162.0,236764.0,237261.0,237830.0,238407.0,238970.0,239505.0,239919.0,240327.0,240761.0,241188.0,241603.0,242194.0,242618.0,243010.0,243356.0,243634.0,243908.0,244192.0,244476.0,244773.0,245044.0,245308.0,245528.0,245739.0,245999.0,246223.0,246461.0,246691.0,246882.0,247050.0,247257.0,247451.0,247698.0,247935.0,248176.0,248366.0,248524.0,248680.0,248835.0,249026.0,249192.0,249341.0,249503.0,249650.0,249818.0,249993.0,250158.0,250305.0,250461.0,250617.0,250788.0,250925.0,251063.0,251255.0,251465.0,251670.0,251880.0,252111.0,252302.0,252453.0,252611.0,252777.0,252919.0,253056.0,253201.0,253345.0,253510
9x1JkpHbHRk,,,,,,,,,,,,,,,,,,,,,,,,,,,,,,,,,,,,,,,,,,,,,,,,,,,,,,,,,,,,,,,,,3137.0,3173.0,3223.0,3275.0,3294.0,3304.0,3309.0,3315.0,3322.0,3327.0,3330.0,3330.0,3332.0,3337.0,3336.0,3338.0,3340.0,3339.0,3341.0,3342.0,3342.0,3342.0,3342.0,3342.0,3343.0,3342.0,3343.0,3343.0,3342.0,3343.0,3343.0,3343.0,3344.0,3345.0,3345.0,3347.0,3347.0,3348.0,3347.0,3347.0,3347.0,3347.0,3348.0,3347.0,3347.0,3347.0,3347.0,3347.0,3347.0,3348.0,3349.0,3349.0,3349.0,3349.0,3349.0,3349.0,3348.0,3347.0,3347.0,3347.0,3347.0,3347.0,3349.0,3349.0,3350.0,3350.0,3350.0,3350.0,3351.0,3351.0,3352.0,3352.0,3352.0,3351.0,3351.0,3351.0,3351.0,3351.0,3352.0,3352.0,3352.0,3352.0,3352.0,3352.0,3353.0,3353.0,3353.0,3352.0,3352.0,3353
ISOI-3n4_ac,,,,,,,,,,,,,,,,,,,,,,,,,,,,,,,,,,,,,,,,,,,,,,,,,,,,,,,,,,,,,,,,,1593.0,1800.0,1941.0,2023.0,2094.0,2170.0,2220.0,2265.0,2304.0,2360.0,2430.0,2468.0,2503.0,2521.0,2532.0,2545.0,2553.0,2563.0,2575.0,2577.0,2597.0,2649.0,2695.0,2715.0,2737.0,2758.0,2777.0,2786.0,2822.0,2821.0,2826.0,2835.0,2844.0,2856.0,2861.0,2873.0,2884.0,2888.0,2897.0,2902.0,2904.0,2906.0,2909.0,2912.0,2914.0,2924.0,2930.0,2934.0,2941.0,2944.0,2950.0,2952.0,2955.0,2959.0,2959.0,2962.0,2969.0,2976.0,2979.0,2979.0,2982.0,2987.0,2994.0,2999.0,3008.0,3015.0,3021.0,3025.0,3027.0,3034.0,3039.0,3045.0,3051.0,3058.0,3059.0,3063.0,3065.0,3066.0,3065.0,3068.0,3068.0,3070.0,3076.0,3076.0,3078.0,3083.0,3083.0,3085.0,3088.0,3094
flC0Ajafv8Q,,,,,,,,,,,,,,,,,,,,,,,,,,,,,,,,,,,,,,,,,,,,,,,,,,,,,,,,,,,,,,,,,422.0,504.0,533.0,565.0,605.0,636.0,673.0,691.0,703.0,710.0,726.0,725.0,730.0,737.0,742.0,748.0,753.0,755.0,761.0,764.0,765.0,768.0,772.0,778.0,783.0,786.0,792.0,798.0,799.0,803.0,805.0,806.0,811.0,821.0,823.0,822.0,827.0,829.0,833.0,835.0,835.0,836.0,838.0,839.0,841.0,844.0,847.0,848.0,848.0,849.0,850.0,851.0,854.0,855.0,857.0,857.0,858.0,859.0,859.0,861.0,861.0,861.0,862.0,862.0,863.0,863.0,863.0,864.0,864.0,864.0,865.0,865.0,867.0,868.0,871.0,871.0,873.0,873.0,874.0,875.0,875.0,875.0,875.0,876.0,877.0,877.0,877.0,877.0,879.0,880
Kh0IYZS9nXU,,,,,,,,,,,,,,,,,,,,,,,,,,,,,,,,,,,,,,,,,,,,,,,,,,,,,,,,,,,,,,,,,25166.0,43123.0,50562.0,54838.0,59373.0,64357.0,68676.0,72038.0,74300.0,75974.0,79797.0,81939.0,84194.0,86145.0,87860.0,89647.0,91393.0,93093.0,94626.0,96089.0,97515.0,98963.0,100166.0,101286.0,102368.0,103494.0,104661.0,105769.0,106974.0,108013.0,108994.0,110009.0,110898.0,111660.0,112562.0,113700.0,114828.0,115972.0,116976.0,117878.0,118760.0,119569.0,120385.0,121199.0,121871.0,122548.0,123218.0,123830.0,124522.0,125243.0,125893.0,126466.0,127161.0,127780.0,128393.0,129071.0,129782.0,130443.0,131135.0,131759.0,132312.0,132847.0,133423.0,134026.0,134525.0,134984.0,135440.0,135973.0,136430.0,136872.0,137320.0,137725.0,138044.0,138409.0,138798.0,139177.0,139559.0,139991.0,140458.0,140854.0,141186.0,141596.0,141983.0,142338.0,142703.0,143033.0,143321.0,143605.0,143919.0,144293
iAhWq2jVRH4,,,,,,,,,,,,,,,,,,,,,,,,,,,,,,,,,,,,,,,,,,,,,,,,,,,,,,,,,,,,,,,,,422.0,808.0,1226.0,1550.0,1815.0,2059.0,2509.0,2949.0,3228.0,3431.0,3848.0,4026.0,4193.0,4317.0,4400.0,4508.0,4607.0,4681.0,4754.0,4809.0,4885.0,4963.0,5021.0,5068.0,5120.0,5173.0,5238.0,5287.0,5334.0,5385.0,5417.0,5465.0,5503.0,5546.0,5577.0,5612.0,5645.0,5676.0,5698.0,5716.0,5749.0,5773.0,5801.0,5826.0,5853.0,5868.0,5886.0,5901.0,5918.0,5935.0,5950.0,5969.0,5982.0,5989.0,6012.0,6026.0,6044.0,6068.0,6085.0,6102.0,6119.0,6135.0,6151.0,6170.0,6185.0,6197.0,6215.0,6230.0,6243.0,6257.0,6268.0,6275.0,6291.0,6298.0,6308.0,6321.0,6333.0,6345.0,6363.0,6376.0,6385.0,6397.0,6411.0,6422.0,6432.0,6444.0,6453.0,6462.0,6467.0,6480
nMwSsHkjmfk,,,,,,,,,,,,,,,,,,,,,,,,,,,,,,,,,,,,,,,,,,,,,,,,,,,,,,,,,,,,,,,,,22664.0,27602.0,31316.0,33348.0,34564.0,35768.0,37076.0,37958.0,38700.0,39416.0,40732.0,41197.0,41615.0,41957.0,42255.0,42451.0,42653.0,42808.0,42964.0,43115.0,43275.0,43468.0,43614.0,43750.0,43869.0,44010.0,44130.0,44248.0,44388.0,44501.0,44616.0,44727.0,44811.0,44929.0,45055.0,45231.0,46120.0,46822.0,47396.0,47937.0,48368.0,48773.0,49194.0,50042.0,50768.0,51463.0,52069.0,52615.0,53139.0,53703.0,54575.0,55346.0,55978.0,56570.0,57067.0,57590.0,58155.0,58886.0,59582.0,60129.0,60600.0,61067.0,61522.0,61922.0,62507.0,63118.0,63677.0,64109.0,64499.0,64849.0,65189.0,65667.0,66094.0,66454.0,66836.0,67134.0,67439.0,67717.0,68152.0,68481.0,68779.0,69100.0,69395.0,69756.0,70137.0,70532.0,70897.0,71224.0,71507.0,71786
wPvQXbgxJqk,,,,,,,,,,,,,,,,,,,,,,,,,,,,,,,,,,,,,,,,,,,,,,,,,,,,,,,,,,,,,,,,,158.0,338.0,444.0,533.0,592.0,662.0,710.0,765.0,816.0,859.0,927.0,951.0,976.0,1002.0,1034.0,1057.0,1079.0,1100.0,1114.0,1131.0,1142.0,1169.0,1188.0,1199.0,1215.0,1228.0,1237.0,1253.0,1264.0,1274.0,1293.0,1318.0,1333.0,1361.0,1412.0,1431.0,1447.0,1457.0,1469.0,1480.0,1486.0,1495.0,1503.0,1507.0,1513.0,1519.0,1519.0,1529.0,1537.0,1541.0,1548.0,1549.0,1558.0,1562.0,1569.0,1575.0,1582.0,1588.0,1595.0,1599.0,1609.0,1616.0,1623.0,1628.0,1635.0,1639.0,1646.0,1656.0,1660.0,1665.0,1670.0,1673.0,1676.0,1678.0,1680.0,1684.0,1689.0,1693.0,1696.0,1700.0,1706.0,1711.0,1713.0,1716.0,1718.0,1719.0,1724.0,1728.0,1730.0,1737
0K6tjifZzU4,,,,,,,,,,,,,,,,,,,,,,,,,,,,,,,,,,,,,,,,,,,,,,,,,,,,,,,,,,,,,,,,,74.0,143.0,187.0,217.0,236.0,261.0,275.0,292.0,314.0,319.0,350.0,372.0,402.0,435.0,494.0,525.0,564.0,602.0,639.0,665.0,723.0,767.0,818.0,901.0,981.0,1067.0,1141.0,1184.0,1240.0,1291.0,1338.0,1412.0,1462.0,1518.0,1559.0,1598.0,1628.0,1658.0,1691.0,1702.0,1726.0,1758.0,1772.0,1777.0,1787.0,1800.0,1813.0,1830.0,1845.0,1854.0,1863.0,1887.0,1898.0,1906.0,1918.0,1937.0,1955.0,1964.0,1978.0,1984.0,1994.0,2004.0,2013.0,2019.0,2021.0,2026.0,2031.0,2039.0,2042.0,2049.0,2054.0,2060.0,2063.0,2068.0,2069.0,2072.0,2076.0,2077.0,2081.0,2083.0,2088.0,2089.0,2094.0,2094.0,2102.0,2107.0,2110.0,2117.0,2124.0,2133
R57IaRgtQ_g,,,,,,,,,,,,,,,,,,,,,,,,,,,,,,,,,,,,,,,,,,,,,,,,,,,,,,,,,,,,,,,,,,122.0,183.0,225.0,268.0,303.0,331.0,357.0,401.0,414.0,427.0,436.0,443.0,449.0,452.0,463.0,471.0,477.0,487.0,494.0,499.0,515.0,521.0,533.0,542.0,560.0,563.0,576.0,584.0,587.0,590.0,600.0,611.0,614.0,618.0,622.0,624.0,628.0,631.0,637.0,642.0,644.0,646.0,648.0,651.0,654.0,655.0,655.0,655.0,655.0,658.0,660.0,661.0,663.0,662.0,664.0,666.0,668.0,670.0,670.0,671.0,672.0,672.0,675.0,678.0,679.0,681.0,683.0,684.0,685.0,684.0,684.0,685.0,685.0,687.0,687.0,687.0,688.0,689.0,690.0,691.0,691.0,692.0,692.0,693.0,693.0,693.0,693.0,694.0,694
RIjrFfKehis,,,,,,,,,,,,,,,,,,,,,,,,,,,,,,,,,,,,,,,,,,,,,,,,,,,,,,,,,,,,,,,,,,,6595.0,6646.0,6687.0,6715.0,6758.0,6782.0,6855.0,6924.0,7014.0,7055.0,7076.0,7111.0,7153.0,7182.0,7207.0,7238.0,7264.0,7284.0,7303.0,7332.0,7366.0,7382.0,7403.0,7418.0,7431.0,7454.0,7477.0,7502.0,7512.0,7528.0,7545.0,7556.0,7574.0,7591.0,7619.0,7643.0,7661.0,7685.0,7700.0,7724.0,7759.0,7781.0,7800.0,7829.0,7852.0,7874.0,7885.0,7902.0,7919.0,7926.0,7936.0,7944.0,7967.0,7981.0,7992.0,8009.0,8024.0,8036.0,8044.0,8054.0,8060.0,8069.0,8083.0,8092.0,8094.0,8107.0,8110.0,8118.0,8131.0,8144.0,8154.0,8159.0,8168.0,8167.0,8179.0,8194.0,8207.0,8213.0,8224.0,8228.0,8236.0,8238.0,8257.0,8269.0,8278.0,8279.0,8287.0,8293
FeU8m9YEVSY,,,,,,,,,,,,,,,,,,,,,,,,,,,,,,,,,,,,,,,,,,,,,,,,,,,,,,,,,,,,,,,,,,,,2625.0,5632.0,7581.0,8856.0,9568.0,10119.0,10521.0,11059.0,11237.0,11426.0,11696.0,12152.0,12406.0,12836.0,13256.0,13633.0,14117.0,14613.0,14988.0,15245.0,15386.0,15515.0,15641.0,15757.0,15860.0,15952.0,16028.0,16091.0,16156.0,16225.0,16291.0,16364.0,16408.0,16484.0,16529.0,16579.0,16624.0,16657.0,16692.0,16725.0,16760.0,16802.0,16828.0,16852.0,16880.0,16900.0,16915.0,16944.0,16982.0,17004.0,17023.0,17049.0,17072.0,17097.0,17128.0,17170.0,17190.0,17212.0,17239.0,17260.0,17275.0,17298.0,17326.0,17342.0,17362.0,17384.0,17410.0,17436.0,17464.0,17497.0,17526.0,17552.0,17566.0,17590.0,17622.0,17646.0,17671.0,17700.0,17711.0,17733.0,17766.0,17791.0,17825.0,17843.0,17865.0,17882.0,17918
RcU8cCdhNp4,,,,,,,,,,,,,,,,,,,,,,,,,,,,,,,,,,,,,,,,,,,,,,,,,,,,,,,,,,,,,,,,,,,,5491.0,10359.0,12694.0,14065.0,14953.0,15649.0,16120.0,16627.0,16781.0,16925.0,17102.0,17270.0,17409.0,17526.0,17652.0,17802.0,17944.0,18043.0,18120.0,18201.0,18289.0,18409.0,18488.0,18543.0,18607.0,18661.0,18700.0,18742.0,18775.0,18808.0,18854.0,18894.0,18926.0,18958.0,18985.0,19012.0,19038.0,19061.0,19093.0,19124.0,19143.0,19164.0,19185.0,19205.0,19223.0,19242.0,19265.0,19275.0,19291.0,19304.0,19313.0,19329.0,19346.0,19361.0,19378.0,19399.0,19417.0,19430.0,19437.0,19456.0,19470.0,19485.0,19493.0,19501.0,19511.0,19529.0,19536.0,19554.0,19566.0,19572.0,19578.0,19588.0,19594.0,19605.0,19618.0,19625.0,19632.0,19641.0,19654.0,19664.0,19666.0,19681.0,19686.0,19686.0,19697.0,19700.0,19717
Gt0wRAFpwvg,,,,,,,,,,,,,,,,,,,,,,,,,,,,,,,,,,,,,,,,,,,,,,,,,,,,,,,,,,,,,,,,,,,,22132.0,31681.0,35101.0,37567.0,39294.0,40836.0,42156.0,43914.0,44431.0,44923.0,45381.0,45732.0,46085.0,46500.0,46906.0,47184.0,47466.0,47730.0,48001.0,48244.0,48504.0,48746.0,48982.0,49216.0,49440.0,49695.0,49894.0,50285.0,50776.0,51111.0,51389.0,51688.0,52009.0,52270.0,52497.0,52660.0,52786.0,52926.0,53064.0,53221.0,53390.0,53505.0,53608.0,53721.0,53824.0,53909.0,54009.0,54105.0,54179.0,54266.0,54350.0,54432.0,54538.0,54655.0,54766.0,54847.0,54907.0,54975.0,55036.0,55087.0,55154.0,55230.0,55319.0,55416.0,55496.0,55584.0,55657.0,55738.0,55806.0,55866.0,55924.0,55981.0,56052.0,56109.0,56168.0,56234.0,56297.0,56355.0,56417.0,56466.0,56525.0,56604.0,56688.0,56761.0,56807.0,56852.0,56909
Gt0wRAFpwvg,,,,,,,,,,,,,,,,,,,,,,,,,,,,,,,,,,,,,,,,,,,,,,,,,,,,,,,,,,,,,,,,,,,,22132.0,31681.0,35101.0,37567.0,39294.0,40836.0,42156.0,43914.0,44431.0,44923.0,45381.0,45732.0,46085.0,46500.0,46906.0,47184.0,47466.0,47730.0,48001.0,48244.0,48504.0,48746.0,48982.0,49216.0,49440.0,49695.0,49894.0,50285.0,50776.0,51111.0,51389.0,51688.0,52009.0,52270.0,52497.0,52660.0,52786.0,52926.0,53064.0,53221.0,53390.0,53505.0,53608.0,53721.0,53824.0,53909.0,54009.0,54105.0,54179.0,54266.0,54350.0,54432.0,54538.0,54655.0,54766.0,54847.0,54907.0,54975.0,55036.0,55087.0,55154.0,55230.0,55319.0,55416.0,55496.0,55584.0,55657.0,55738.0,55806.0,55866.0,55924.0,55981.0,56052.0,56109.0,56168.0,56234.0,56297.0,56355.0,56417.0,56466.0,56525.0,56604.0,56688.0,56761.0,56807.0,56852.0,56909
nXrQR-Tc_H4,,,,,,,,,,,,,,,,,,,,,,,,,,,,,,,,,,,,,,,,,,,,,,,,,,,,,,,,,,,,,,,,,,,,1139.0,1166.0,1179.0,1199.0,1212.0,1225.0,1237.0,1255.0,1264.0,1268.0,1271.0,1280.0,1286.0,1295.0,1299.0,1304.0,1307.0,1308.0,1309.0,1313.0,1312.0,1314.0,1321.0,1324.0,1328.0,1330.0,1333.0,1337.0,1339.0,1342.0,1344.0,1345.0,1349.0,1354.0,1359.0,1362.0,1362.0,1366.0,1369.0,1370.0,1375.0,1377.0,1379.0,1382.0,1384.0,1386.0,1390.0,1389.0,1390.0,1394.0,1395.0,1395.0,1397.0,1399.0,1412.0,1423.0,1433.0,1436.0,1440.0,1442.0,1443.0,1447.0,1450.0,1453.0,1453.0,1454.0,1455.0,1460.0,1463.0,1465.0,1468.0,1470.0,1472.0,1474.0,1477.0,1480.0,1484.0,1486.0,1487.0,1488.0,1490.0,1490.0,1493.0,1493.0,1491.0,1494.0,1495
qwmNcmuXMVA,,,,,,,,,,,,,,,,,,,,,,,,,,,,,,,,,,,,,,,,,,,,,,,,,,,,,,,,,,,,,,,,,,,,1322.0,1426.0,1484.0,1531.0,1591.0,1608.0,1633.0,1681.0,1699.0,1714.0,1739.0,1759.0,1774.0,1791.0,1801.0,1815.0,1827.0,1846.0,1862.0,1872.0,1875.0,1882.0,1896.0,1905.0,1911.0,1915.0,1924.0,1930.0,1937.0,1941.0,1945.0,1946.0,1948.0,1955.0,1959.0,1960.0,1964.0,1971.0,1974.0,1975.0,1978.0,1984.0,1986.0,1989.0,1992.0,1993.0,1995.0,1996.0,1999.0,2000.0,2002.0,2006.0,2008.0,2011.0,2016.0,2017.0,2017.0,2017.0,2021.0,2023.0,2024.0,2027.0,2027.0,2027.0,2028.0,2028.0,2030.0,2032.0,2031.0,2031.0,2032.0,2032.0,2033.0,2035.0,2040.0,2044.0,2047.0,2048.0,2049.0,2052.0,2052.0,2058.0,2059.0,2059.0,2059.0,2059.0,2061
LHUMzyMq084,,,,,,,,,,,,,,,,,,,,,,,,,,,,,,,,,,,,,,,,,,,,,,,,,,,,,,,,,,,,,,,,,,,,,,,,,,,,,,,,,,,,,,,,,,,,,,,,,,,,,,,,,,,,,,,,,,,,,,,,,,,,,,,,,,,,,,,,,,,,,,,,,,,,,,,,,,
DzV97MXTZx8,,,,,,,,,,,,,,,,,,,,,,,,,,,,,,,,,,,,,,,,,,,,,,,,,,,,,,,,,,,,,,,,,,,,,11896.0,13748.0,15382.0,16508.0,17186.0,17679.0,18412.0,18828.0,19183.0,19645.0,19944.0,20156.0,20320.0,20501.0,20719.0,20862.0,20996.0,21088.0,21192.0,21513.0,21772.0,21988.0,22234.0,22399.0,22568.0,22706.0,22816.0,22949.0,23105.0,23267.0,23397.0,23486.0,23580.0,23688.0,23773.0,23841.0,23895.0,23952.0,24012.0,24076.0,24136.0,24178.0,24222.0,24255.0,24303.0,24346.0,24379.0,24432.0,24466.0,24511.0,24554.0,24596.0,24644.0,24715.0,24766.0,24805.0,24829.0,24845.0,24865.0,24900.0,24930.0,24960.0,24988.0,25013.0,25033.0,25066.0,25093.0,25120.0,25152.0,25177.0,25196.0,25217.0,25248.0,25270.0,25305.0,25315.0,25343.0,25366.0,25390.0,25397.0,25411.0,25434.0,25459.0,25483.0,25498.0,25512
KzxOtaHsQEQ,,,,,,,,,,,,,,,,,,,,,,,,,,,,,,,,,,,,,,,,,,,,,,,,,,,,,,,,,,,,,,,,,,,,,352.0,619.0,804.0,936.0,1029.0,1087.0,1157.0,1183.0,1206.0,1228.0,1245.0,1255.0,1269.0,1284.0,1295.0,1302.0,1308.0,1313.0,1320.0,1325.0,1331.0,1334.0,1337.0,1342.0,1345.0,1349.0,1357.0,1365.0,1368.0,1374.0,1377.0,1378.0,1381.0,1383.0,1388.0,1389.0,1392.0,1396.0,1398.0,1402.0,1410.0,1411.0,1415.0,1418.0,1418.0,1418.0,1420.0,1423.0,1422.0,1423.0,1424.0,1427.0,1429.0,1432.0,1434.0,1435.0,1435.0,1436.0,1438.0,1441.0,1443.0,1444.0,1447.0,1449.0,1449.0,1451.0,1453.0,1453.0,1453.0,1456.0,1458.0,1458.0,1460.0,1460.0,1474.0,1487.0,1492.0,1493.0,1501.0,1503.0,1507.0,1509.0,1512.0,1514.0,1519.0,1529
Wy4DRb1KfJ0,,,,,,,,,,,,,,,,,,,,,,,,,,,,,,,,,,,,,,,,,,,,,,,,,,,,,,,,,,,,,,,,,,,,,1432.0,4217.0,5542.0,6175.0,6539.0,6858.0,7163.0,7209.0,7245.0,7266.0,7292.0,7315.0,7342.0,7363.0,7378.0,7392.0,7399.0,7411.0,7415.0,7421.0,7438.0,7456.0,7461.0,7475.0,7483.0,7493.0,7507.0,7519.0,7536.0,7547.0,7550.0,7559.0,7563.0,7568.0,7572.0,7576.0,7578.0,7585.0,7593.0,7597.0,7603.0,7607.0,7611.0,7616.0,7619.0,7621.0,7623.0,7624.0,7627.0,7631.0,7631.0,7633.0,7633.0,7634.0,7637.0,7639.0,7640.0,7642.0,7643.0,7643.0,7644.0,7646.0,7650.0,7652.0,7649.0,7648.0,7648.0,7650.0,7649.0,7651.0,7654.0,7653.0,7653.0,7655.0,7657.0,7659.0,7660.0,7660.0,7661.0,7663.0,7663.0,7666.0,7666.0,7666.0,7670.0,7669
pJ9voGp361g,,,,,,,,,,,,,,,,,,,,,,,,,,,,,,,,,,,,,,,,,,,,,,,,,,,,,,,,,,,,,,,,,,,,,222.0,393.0,474.0,519.0,558.0,585.0,646.0,666.0,678.0,688.0,706.0,723.0,738.0,747.0,753.0,774.0,796.0,807.0,818.0,826.0,835.0,842.0,846.0,849.0,852.0,858.0,860.0,869.0,872.0,874.0,879.0,883.0,886.0,889.0,891.0,892.0,900.0,906.0,913.0,917.0,916.0,920.0,920.0,924.0,926.0,930.0,932.0,933.0,936.0,939.0,941.0,943.0,944.0,946.0,946.0,950.0,950.0,951.0,955.0,956.0,959.0,960.0,962.0,962.0,966.0,967.0,967.0,970.0,972.0,974.0,974.0,977.0,978.0,980.0,981.0,981.0,982.0,983.0,983.0,986.0,988.0,990.0,994.0,995.0,999.0,1000
DzV97MXTZx8,,,,,,,,,,,,,,,,,,,,,,,,,,,,,,,,,,,,,,,,,,,,,,,,,,,,,,,,,,,,,,,,,,,,,11896.0,13748.0,15382.0,16508.0,17186.0,17679.0,18412.0,18828.0,19183.0,19645.0,19944.0,20156.0,20320.0,20501.0,20719.0,20862.0,20996.0,21088.0,21192.0,21513.0,21772.0,21988.0,22234.0,22399.0,22568.0,22706.0,22816.0,22949.0,23105.0,23267.0,23397.0,23486.0,23580.0,23688.0,23773.0,23841.0,23895.0,23952.0,24012.0,24076.0,24136.0,24178.0,24222.0,24255.0,24303.0,24346.0,24379.0,24432.0,24466.0,24511.0,24554.0,24596.0,24644.0,24715.0,24766.0,24805.0,24829.0,24845.0,24865.0,24900.0,24930.0,24960.0,24988.0,25013.0,25033.0,25066.0,25093.0,25120.0,25152.0,25177.0,25196.0,25217.0,25248.0,25270.0,25305.0,25315.0,25343.0,25366.0,25390.0,25397.0,25411.0,25434.0,25459.0,25483.0,25498.0,25512
iiHXtBLfMcw,,,,,,,,,,,,,,,,,,,,,,,,,,,,,,,,,,,,,,,,,,,,,,,,,,,,,,,,,,,,,,,,,,,,,,1463.0,1769.0,1941.0,2045.0,2124.0,2337.0,2402.0,2433.0,2461.0,2504.0,2535.0,2564.0,2592.0,2620.0,2639.0,2653.0,2675.0,2689.0,2712.0,2717.0,2731.0,2745.0,2768.0,2780.0,2790.0,2798.0,2807.0,2819.0,2834.0,2849.0,2861.0,2868.0,2876.0,2888.0,2893.0,2903.0,2913.0,2921.0,2931.0,2935.0,2944.0,2946.0,2954.0,2961.0,2967.0,2976.0,2982.0,2986.0,2996.0,3002.0,3019.0,3024.0,3030.0,3037.0,3040.0,3046.0,3053.0,3061.0,3066.0,3070.0,3075.0,3078.0,3081.0,3086.0,3087.0,3091.0,3093.0,3099.0,3103.0,3107.0,3108.0,3112.0,3118.0,3121.0,3126.0,3129.0,3133.0,3136.0,3141.0,3145.0,3147.0,3152.0,3153.0,3156.0,3154
ioK78YucIjc,,,,,,,,,,,,,,,,,,,,,,,,,,,,,,,,,,,,,,,,,,,,,,,,,,,,,,,,,,,,,,,,,,,,,,7359.0,14492.0,17403.0,19254.0,20674.0,23117.0,24085.0,24811.0,25312.0,25837.0,26312.0,26745.0,27311.0,27845.0,28305.0,28734.0,29165.0,29524.0,29893.0,30322.0,30787.0,31185.0,31582.0,31991.0,32291.0,32596.0,32963.0,33317.0,33619.0,33927.0,34187.0,34336.0,34504.0,34626.0,34755.0,34884.0,35029.0,35149.0,35253.0,35337.0,35411.0,35511.0,35601.0,35848.0,35984.0,36057.0,36140.0,36209.0,36277.0,36345.0,36421.0,36507.0,36570.0,36649.0,36710.0,36772.0,36829.0,36899.0,36958.0,37018.0,37090.0,37154.0,37211.0,37253.0,37311.0,37357.0,37415.0,37456.0,37493.0,37543.0,37588.0,37647.0,37679.0,37729.0,37776.0,37814.0,37856.0,37893.0,37941.0,37989.0,38031.0,38080.0,38122.0,38170.0,38197
ItSKahBISg0,,,,,,,,,,,,,,,,,,,,,,,,,,,,,,,,,,,,,,,,,,,,,,,,,,,,,,,,,,,,,,,,,,,,,,35384.0,82339.0,108226.0,127734.0,142567.0,163664.0,173108.0,182202.0,191135.0,201259.0,210467.0,219507.0,228240.0,235659.0,242501.0,249827.0,258050.0,265777.0,273439.0,281697.0,290350.0,299958.0,309429.0,319829.0,328518.0,336369.0,345014.0,353312.0,360859.0,369071.0,377902.0,386237.0,393244.0,399546.0,405823.0,412142.0,418714.0,426099.0,432787.0,438271.0,443742.0,448785.0,453851.0,458876.0,465098.0,471479.0,476673.0,481532.0,487037.0,493162.0,501170.0,509215.0,516476.0,522727.0,527988.0,532975.0,537724.0,542553.0,547622.0,552739.0,556562.0,560188.0,563750.0,567445.0,571421.0,576446.0,581111.0,584739.0,588264.0,591766.0,595036.0,598666.0,602941.0,607037.0,610190.0,612915.0,615881.0,618769.0,621676.0,625206.0,628622.0,631414.0,633689.0,636536.0,639203
8_6UqnEjSU0,,,,,,,,,,,,,,,,,,,,,,,,,,,,,,,,,,,,,,,,,,,,,,,,,,,,,,,,,,,,,,,,,,,,,,620.0,908.0,1050.0,1159.0,1231.0,1351.0,1384.0,1409.0,1430.0,1450.0,1475.0,1492.0,1502.0,1514.0,1548.0,1581.0,1597.0,1615.0,1627.0,1641.0,1650.0,1659.0,1665.0,1670.0,1676.0,1683.0,1687.0,1692.0,1699.0,1704.0,1709.0,1714.0,1717.0,1720.0,1723.0,1725.0,1726.0,1728.0,1730.0,1732.0,1734.0,1737.0,1739.0,1742.0,1746.0,1749.0,1754.0,1758.0,1762.0,1763.0,1763.0,1768.0,1776.0,1782.0,1789.0,1794.0,1798.0,1803.0,1807.0,1814.0,1821.0,1826.0,1832.0,1834.0,1840.0,1845.0,1848.0,1851.0,1858.0,1861.0,1864.0,1870.0,1871.0,1871.0,1873.0,1872.0,1874.0,1877.0,1878.0,1880.0,1881.0,1881.0,1883.0,1884.0,1884
ejbFkYmX7kg,,,,,,,,,,,,,,,,,,,,,,,,,,,,,,,,,,,,,,,,,,,,,,,,,,,,,,,,,,,,,,,,,,,,,,9738.0,18836.0,23148.0,26582.0,29249.0,33042.0,33561.0,33954.0,34284.0,34676.0,35003.0,35292.0,35677.0,36130.0,36507.0,36870.0,37222.0,37549.0,37812.0,38086.0,38336.0,38584.0,38809.0,39012.0,39193.0,39344.0,39488.0,39653.0,39812.0,39972.0,40130.0,40269.0,40382.0,40472.0,40542.0,40620.0,40691.0,40769.0,40842.0,40924.0,40984.0,41059.0,41114.0,41163.0,41217.0,41268.0,41324.0,41364.0,41413.0,41460.0,41503.0,41571.0,41639.0,41696.0,41748.0,41789.0,41831.0,41870.0,41923.0,41978.0,42021.0,42065.0,42115.0,42150.0,42186.0,42232.0,42273.0,42304.0,42356.0,42384.0,42410.0,42448.0,42498.0,42535.0,42565.0,42601.0,42634.0,42663.0,42708.0,42746.0,42785.0,42826.0,42856.0,42893.0,42933
h9roFEJv1sI,,,,,,,,,,,,,,,,,,,,,,,,,,,,,,,,,,,,,,,,,,,,,,,,,,,,,,,,,,,,,,,,,,,,,,885.0,894.0,902.0,906.0,911.0,924.0,931.0,937.0,943.0,947.0,951.0,956.0,960.0,960.0,969.0,974.0,975.0,976.0,981.0,981.0,985.0,993.0,995.0,999.0,1000.0,1005.0,1007.0,1014.0,1017.0,1021.0,1024.0,1025.0,1029.0,1036.0,1038.0,1044.0,1048.0,1053.0,1055.0,1060.0,1068.0,1074.0,1076.0,1080.0,1088.0,1095.0,1103.0,1109.0,1108.0,1114.0,1121.0,1124.0,1127.0,1136.0,1139.0,1144.0,1148.0,1152.0,1156.0,1156.0,1159.0,1162.0,1166.0,1167.0,1167.0,1168.0,1170.0,1174.0,1179.0,1179.0,1182.0,1187.0,1190.0,1192.0,1194.0,1196.0,1198.0,1201.0,1204.0,1206.0,1208.0,1210.0,1214.0,1215.0,1216
8y3QgANqDz8,,,,,,,,,,,,,,,,,,,,,,,,,,,,,,,,,,,,,,,,,,,,,,,,,,,,,,,,,,,,,,,,,,,,,,1713.0,2158.0,2398.0,2578.0,2683.0,2839.0,2904.0,2970.0,3030.0,3088.0,3141.0,3177.0,3218.0,3250.0,3270.0,3287.0,3304.0,3313.0,3335.0,3355.0,3368.0,3383.0,3400.0,3413.0,3430.0,3445.0,3457.0,3483.0,3515.0,3536.0,3571.0,3593.0,3615.0,3639.0,3659.0,3686.0,3710.0,3750.0,3779.0,3796.0,3818.0,3842.0,3860.0,3890.0,3911.0,3935.0,3958.0,3971.0,3994.0,4012.0,4035.0,4066.0,4088.0,4118.0,4133.0,4158.0,4194.0,4226.0,4250.0,4263.0,4287.0,4319.0,4335.0,4355.0,4380.0,4400.0,4421.0,4447.0,4470.0,4490.0,4509.0,4529.0,4550.0,4570.0,4592.0,4613.0,4628.0,4647.0,4673.0,4698.0,4718.0,4739.0,4760.0,4789.0,4804
0cLcsKaoXew,,,,,,,,,,,,,,,,,,,,,,,,,,,,,,,,,,,,,,,,,,,,,,,,,,,,,,,,,,,,,,,,,,,,,,1266.0,1541.0,1687.0,1794.0,1851.0,1927.0,1938.0,1957.0,1980.0,1996.0,2002.0,2009.0,2019.0,2021.0,2029.0,2037.0,2046.0,2054.0,2060.0,2064.0,2068.0,2073.0,2085.0,2091.0,2097.0,2102.0,2103.0,2108.0,2111.0,2116.0,2127.0,2139.0,2150.0,2159.0,2166.0,2170.0,2175.0,2178.0,2180.0,2186.0,2191.0,2197.0,2199.0,2202.0,2204.0,2205.0,2209.0,2214.0,2214.0,2215.0,2219.0,2220.0,2222.0,2224.0,2228.0,2229.0,2231.0,2232.0,2232.0,2240.0,2242.0,2245.0,2245.0,2246.0,2247.0,2248.0,2249.0,2253.0,2255.0,2255.0,2255.0,2255.0,2256.0,2258.0,2258.0,2263.0,2264.0,2265.0,2266.0,2265.0,2267.0,2269.0,2269.0,2270.0,2271
NKh7ABN6iiM,,,,,,,,,,,,,,,,,,,,,,,,,,,,,,,,,,,,,,,,,,,,,,,,,,,,,,,,,,,,,,,,,,,,,,,676.0,828.0,960.0,1095.0,1345.0,1498.0,1643.0,1753.0,1845.0,1984.0,2098.0,2233.0,2389.0,2503.0,2656.0,2782.0,2899.0,2990.0,3062.0,3121.0,3208.0,3307.0,3400.0,3510.0,3604.0,3683.0,3785.0,3861.0,3864.0,3865.0,3866.0,3866.0,3868.0,3869.0,3869.0,3870.0,3870.0,3873.0,3874.0,3877.0,3878.0,3880.0,3882.0,3885.0,3887.0,3892.0,3891.0,3894.0,3896.0,3898.0,3899.0,3900.0,3900.0,3902.0,3903.0,3903.0,3904.0,3905.0,3908.0,3911.0,3912.0,3913.0,3914.0,3913.0,3915.0,3915.0,3915.0,3917.0,3917.0,3916.0,3916.0,3916.0,3917.0,3917.0,3916.0,3917.0,3917.0,3920.0,3920.0,3919.0,3920.0,3921.0,3921.0,3920
_BzRriQWPwc,,,,,,,,,,,,,,,,,,,,,,,,,,,,,,,,,,,,,,,,,,,,,,,,,,,,,,,,,,,,,,,,,,,,,,,167.0,312.0,426.0,524.0,715.0,787.0,856.0,902.0,944.0,990.0,1036.0,1079.0,1111.0,1147.0,1178.0,1209.0,1246.0,1290.0,1352.0,1397.0,1437.0,1477.0,1506.0,1531.0,1564.0,1598.0,1626.0,1648.0,1677.0,1709.0,1731.0,1765.0,1789.0,1814.0,1838.0,1867.0,1893.0,1912.0,1928.0,1940.0,1962.0,1973.0,1988.0,2003.0,2014.0,2033.0,2050.0,2066.0,2081.0,2096.0,2113.0,2119.0,2138.0,2150.0,2167.0,2183.0,2195.0,2209.0,2226.0,2249.0,2256.0,2272.0,2286.0,2304.0,2322.0,2332.0,2340.0,2362.0,2371.0,2392.0,2410.0,2428.0,2442.0,2460.0,2468.0,2480.0,2488.0,2500.0,2510.0,2530.0,2536.0,2554.0,2568.0,2590
m18dRRu9-V4,,,,,,,,,,,,,,,,,,,,,,,,,,,,,,,,,,,,,,,,,,,,,,,,,,,,,,,,,,,,,,,,,,,,,,,51083.0,94704.0,111668.0,122570.0,134754.0,139963.0,144455.0,148842.0,152473.0,154972.0,157173.0,159138.0,161007.0,162639.0,164073.0,165397.0,166628.0,167652.0,168630.0,169652.0,171042.0,172233.0,173385.0,174421.0,175392.0,176296.0,177185.0,178111.0,179023.0,179973.0,180786.0,181541.0,182224.0,182863.0,183494.0,184070.0,184676.0,185285.0,185822.0,186339.0,186839.0,187321.0,187726.0,188168.0,188594.0,189029.0,189364.0,189726.0,190079.0,190529.0,190975.0,191391.0,191795.0,192162.0,192493.0,192886.0,193363.0,193760.0,194201.0,194639.0,195026.0,195375.0,195741.0,196099.0,196484.0,196811.0,197129.0,197454.0,197759.0,198032.0,198370.0,198749.0,199135.0,199426.0,199720.0,199996.0,200315.0,200584.0,200880.0,201158.0,201409.0,201648.0,201908.0,202164
uCfhl1g-Ndw,,,,,,,,,,,,,,,,,,,,,,,,,,,,,,,,,,,,,,,,,,,,,,,,,,,,,,,,,,,,,,,,,,,,,,,,,,,,,,,,,,,,,,,,,,,,,,,,,,,,,,,,,,,,,,,,,,,,,,,,,,,,,,,,,,,,,,,,,,,,,,,,,,,,,,,,,,
cNVN9zUZTFU,,,,,,,,,,,,,,,,,,,,,,,,,,,,,,,,,,,,,,,,,,,,,,,,,,,,,,,,,,,,,,,,,,,,,,,5.0,6.0,8.0,8.0,8.0,8.0,8.0,8.0,8.0,9.0,9.0,9.0,9.0,9.0,9.0,10.0,10.0,10.0,11.0,11.0,11.0,12.0,13.0,12.0,12.0,13.0,13.0,13.0,13.0,13.0,13.0,13.0,13.0,13.0,13.0,14.0,14.0,14.0,15.0,15.0,15.0,15.0,15.0,16.0,16.0,16.0,16.0,16.0,16.0,16.0,16.0,17.0,17.0,17.0,17.0,17.0,17.0,17.0,17.0,17.0,17.0,17.0,17.0,17.0,18.0,18.0,18.0,18.0,18.0,18.0,18.0,18.0,18.0,18.0,18.0,18.0,18.0,18.0,18.0,18.0,18.0,18.0,18.0,18
yMzkPaFuXAc,,,,,,,,,,,,,,,,,,,,,,,,,,,,,,,,,,,,,,,,,,,,,,,,,,,,,,,,,,,,,,,,,,,,,,,107.0,125.0,137.0,141.0,146.0,147.0,148.0,149.0,149.0,149.0,149.0,149.0,149.0,148.0,148.0,148.0,149.0,150.0,150.0,150.0,150.0,152.0,151.0,152.0,152.0,152.0,152.0,152.0,152.0,154.0,154.0,154.0,154.0,154.0,154.0,154.0,154.0,155.0,155.0,156.0,156.0,158.0,158.0,158.0,158.0,158.0,158.0,158.0,158.0,158.0,158.0,158.0,159.0,159.0,159.0,160.0,160.0,161.0,162.0,162.0,162.0,162.0,162.0,162.0,162.0,163.0,163.0,163.0,163.0,163.0,163.0,163.0,163.0,164.0,164.0,164.0,164.0,164.0,164.0,164.0,164.0,164.0,164.0,164
6j5dWsWh88s,,,,,,,,,,,,,,,,,,,,,,,,,,,,,,,,,,,,,,,,,,,,,,,,,,,,,,,,,,,,,,,,,,,,,,,653.0,865.0,966.0,1056.0,1224.0,1310.0,1370.0,1479.0,1585.0,1642.0,1683.0,1714.0,1739.0,1767.0,1794.0,1805.0,1821.0,1829.0,1844.0,1849.0,1855.0,1870.0,1882.0,1893.0,1903.0,1912.0,1920.0,1928.0,1933.0,1935.0,1940.0,1942.0,1945.0,1948.0,1951.0,1962.0,1970.0,1973.0,1982.0,1987.0,1993.0,1993.0,1995.0,1997.0,2000.0,2000.0,2002.0,2007.0,2009.0,2011.0,2011.0,2014.0,2015.0,2017.0,2018.0,2022.0,2025.0,2027.0,2030.0,2033.0,2032.0,2033.0,2036.0,2036.0,2037.0,2039.0,2040.0,2043.0,2046.0,2046.0,2047.0,2051.0,2053.0,2054.0,2053.0,2053.0,2055.0,2058.0,2060.0,2061.0,2064.0,2062.0,2062.0,2066
tSCde4Aa2lg,,,,,,,,,,,,,,,,,,,,,,,,,,,,,,,,,,,,,,,,,,,,,,,,,,,,,,,,,,,,,,,,,,,,,,,76.0,209.0,319.0,420.0,589.0,680.0,754.0,803.0,833.0,865.0,892.0,909.0,950.0,980.0,992.0,1005.0,1014.0,1024.0,1038.0,1051.0,1062.0,1068.0,1076.0,1082.0,1097.0,1109.0,1117.0,1130.0,1147.0,1173.0,1195.0,1211.0,1235.0,1255.0,1266.0,1289.0,1299.0,1303.0,1312.0,1327.0,1338.0,1343.0,1349.0,1358.0,1364.0,1371.0,1377.0,1386.0,1395.0,1414.0,1432.0,1448.0,1459.0,1477.0,1497.0,1517.0,1528.0,1541.0,1555.0,1564.0,1581.0,1606.0,1624.0,1632.0,1639.0,1645.0,1663.0,1680.0,1691.0,1703.0,1714.0,1723.0,1738.0,1757.0,1774.0,1804.0,1826.0,1846.0,1875.0,1893.0,1928.0,1953.0,1981.0,1996
ROsltpV-JIE,,,,,,,,,,,,,,,,,,,,,,,,,,,,,,,,,,,,,,,,,,,,,,,,,,,,,,,,,,,,,,,,,,,,,,,,371.0,780.0,1067.0,1511.0,1648.0,1754.0,1920.0,2024.0,2118.0,2216.0,2318.0,2412.0,2491.0,2537.0,2568.0,2604.0,2647.0,2678.0,2703.0,2735.0,2764.0,2791.0,2820.0,2852.0,2878.0,2897.0,2912.0,2923.0,2934.0,2953.0,2974.0,2990.0,3008.0,3019.0,3031.0,3042.0,3053.0,3070.0,3096.0,3116.0,3135.0,3150.0,3176.0,3191.0,3211.0,3234.0,3260.0,3284.0,3310.0,3328.0,3349.0,3368.0,3385.0,3406.0,3416.0,3429.0,3441.0,3457.0,3464.0,3470.0,3484.0,3490.0,3498.0,3511.0,3517.0,3527.0,3536.0,3546.0,3554.0,3565.0,3575.0,3583.0,3593.0,3604.0,3617.0,3625.0,3631.0,3639.0,3643.0,3653.0,3662.0,3669.0,3672
tk-63EQaVLI,,,,,,,,,,,,,,,,,,,,,,,,,,,,,,,,,,,,,,,,,,,,,,,,,,,,,,,,,,,,,,,,,,,,,,,,16.0,40.0,63.0,101.0,116.0,129.0,144.0,160.0,175.0,184.0,188.0,196.0,198.0,202.0,206.0,210.0,211.0,213.0,214.0,219.0,220.0,223.0,224.0,223.0,223.0,225.0,227.0,231.0,233.0,233.0,236.0,236.0,238.0,240.0,242.0,244.0,244.0,245.0,246.0,247.0,249.0,253.0,254.0,256.0,257.0,258.0,258.0,258.0,260.0,262.0,263.0,263.0,266.0,268.0,268.0,270.0,272.0,272.0,272.0,273.0,273.0,273.0,273.0,273.0,273.0,274.0,275.0,278.0,278.0,278.0,279.0,279.0,279.0,279.0,280.0,280.0,279.0,279.0,279.0,279.0,281.0,281.0,282
pWhZYfgc0IM,,,,,,,,,,,,,,,,,,,,,,,,,,,,,,,,,,,,,,,,,,,,,,,,,,,,,,,,,,,,,,,,,,,,,,,,41.0,130.0,221.0,357.0,430.0,484.0,550.0,604.0,645.0,676.0,704.0,737.0,759.0,781.0,813.0,847.0,881.0,904.0,924.0,937.0,959.0,998.0,1026.0,1048.0,1069.0,1090.0,1113.0,1136.0,1150.0,1161.0,1169.0,1174.0,1188.0,1200.0,1214.0,1219.0,1226.0,1237.0,1243.0,1245.0,1252.0,1259.0,1264.0,1269.0,1274.0,1282.0,1292.0,1302.0,1311.0,1321.0,1329.0,1336.0,1345.0,1354.0,1360.0,1364.0,1371.0,1378.0,1383.0,1387.0,1391.0,1393.0,1394.0,1397.0,1400.0,1402.0,1403.0,1406.0,1409.0,1411.0,1414.0,1415.0,1417.0,1420.0,1423.0,1425.0,1431.0,1433.0,1435.0,1443.0,1446.0,1448.0,1453
nQGFMWcSgQg,,,,,,,,,,,,,,,,,,,,,,,,,,,,,,,,,,,,,,,,,,,,,,,,,,,,,,,,,,,,,,,,,,,,,,,,68.0,108.0,123.0,132.0,136.0,139.0,144.0,147.0,147.0,148.0,148.0,148.0,149.0,149.0,150.0,150.0,151.0,151.0,152.0,152.0,153.0,153.0,153.0,153.0,153.0,154.0,154.0,155.0,158.0,158.0,158.0,158.0,159.0,159.0,160.0,160.0,160.0,160.0,160.0,160.0,160.0,160.0,160.0,160.0,160.0,160.0,160.0,160.0,160.0,160.0,160.0,160.0,159.0,159.0,159.0,159.0,159.0,159.0,159.0,159.0,159.0,159.0,159.0,159.0,159.0,159.0,159.0,159.0,159.0,159.0,159.0,159.0,159.0,159.0,159.0,159.0,159.0,159.0,159.0,159.0,159.0,159.0,159
F-QSLxAyFes,,,,,,,,,,,,,,,,,,,,,,,,,,,,,,,,,,,,,,,,,,,,,,,,,,,,,,,,,,,,,,,,,,,,,,,,70795.0,134486.0,156053.0,176594.0,184073.0,190919.0,198989.0,203851.0,207464.0,210758.0,213590.0,217818.0,219980.0,221424.0,222622.0,223263.0,223704.0,224081.0,224474.0,224883.0,225278.0,225540.0,225801.0,226072.0,226320.0,226515.0,226752.0,226983.0,227168.0,227386.0,227574.0,227749.0,227917.0,228081.0,228241.0,228355.0,228461.0,228581.0,228742.0,228916.0,229065.0,229187.0,229333.0,229478.0,229596.0,229714.0,229861.0,229990.0,230130.0,230296.0,230458.0,230603.0,230717.0,230850.0,230928.0,231049.0,231184.0,231292.0,231374.0,231504.0,231606.0,231703.0,231790.0,231858.0,231919.0,231983.0,232056.0,232142.0,232192.0,232270.0,232351.0,232475.0,232573.0,232649.0,232737.0,232807.0,232854.0,232921.0,233009.0,233087.0,233145.0,233190.0,233278
ud3ZuQQ1Zlo,,,,,,,,,,,,,,,,,,,,,,,,,,,,,,,,,,,,,,,,,,,,,,,,,,,,,,,,,,,,,,,,,,,,,,,,,162.0,254.0,397.0,426.0,473.0,495.0,523.0,531.0,539.0,548.0,554.0,558.0,562.0,566.0,571.0,577.0,579.0,581.0,583.0,588.0,592.0,594.0,595.0,601.0,602.0,604.0,607.0,607.0,612.0,612.0,614.0,615.0,616.0,617.0,621.0,622.0,624.0,625.0,626.0,628.0,629.0,629.0,629.0,630.0,630.0,630.0,632.0,633.0,633.0,634.0,635.0,639.0,639.0,640.0,641.0,641.0,647.0,651.0,651.0,651.0,653.0,654.0,655.0,655.0,655.0,656.0,657.0,658.0,658.0,658.0,658.0,659.0,660.0,661.0,661.0,661.0,661.0,662.0,662.0,661.0,661.0,662
_P7jeSQP1fY,,,,,,,,,,,,,,,,,,,,,,,,,,,,,,,,,,,,,,,,,,,,,,,,,,,,,,,,,,,,,,,,,,,,,,,,,5896.0,5907.0,5928.0,5938.0,5944.0,5960.0,5966.0,5977.0,5984.0,5990.0,6006.0,6012.0,6020.0,6030.0,6040.0,6044.0,6054.0,6058.0,6070.0,6079.0,6081.0,6090.0,6095.0,6102.0,6107.0,6111.0,6117.0,6122.0,6127.0,6132.0,6134.0,6137.0,6139.0,6141.0,6146.0,6151.0,6153.0,6155.0,6164.0,6164.0,6164.0,6167.0,6169.0,6171.0,6177.0,6178.0,6182.0,6184.0,6185.0,6190.0,6192.0,6197.0,6198.0,6200.0,6202.0,6208.0,6209.0,6212.0,6216.0,6217.0,6223.0,6225.0,6228.0,6229.0,6228.0,6235.0,6235.0,6236.0,6241.0,6244.0,6245.0,6247.0,6249.0,6252.0,6254.0,6260.0,6261.0,6265.0,6265.0,6266.0,6275.0,6276
61MUBevD2KM,,,,,,,,,,,,,,,,,,,,,,,,,,,,,,,,,,,,,,,,,,,,,,,,,,,,,,,,,,,,,,,,,,,,,,,,,833.0,1723.0,3114.0,3416.0,3783.0,4069.0,4263.0,4440.0,4577.0,4672.0,4785.0,4864.0,4942.0,5001.0,5066.0,5129.0,5178.0,5246.0,5302.0,5373.0,5459.0,5533.0,5577.0,5621.0,5681.0,5700.0,5729.0,5751.0,5778.0,5795.0,5830.0,5852.0,5872.0,5880.0,5892.0,5901.0,5916.0,5924.0,5937.0,5948.0,5962.0,5981.0,6007.0,6022.0,6035.0,6042.0,6054.0,6063.0,6075.0,6086.0,6106.0,6109.0,6118.0,6130.0,6142.0,6150.0,6155.0,6172.0,6178.0,6186.0,6194.0,6202.0,6210.0,6228.0,6235.0,6242.0,6250.0,6262.0,6269.0,6280.0,6285.0,6289.0,6294.0,6298.0,6302.0,6308.0,6316.0,6317.0,6323.0,6329.0,6335.0,6340
ScdULYbnjOs,,,,,,,,,,,,,,,,,,,,,,,,,,,,,,,,,,,,,,,,,,,,,,,,,,,,,,,,,,,,,,,,,,,,,,,,,,69991.0,81848.0,85347.0,88025.0,91195.0,93009.0,94142.0,95091.0,95884.0,96643.0,97255.0,97756.0,98222.0,98725.0,99450.0,100199.0,100843.0,101466.0,101953.0,102401.0,102816.0,103186.0,103543.0,103898.0,104202.0,104499.0,104798.0,105021.0,105275.0,105497.0,105694.0,105881.0,106068.0,106313.0,106490.0,106669.0,106796.0,106980.0,107123.0,107259.0,107407.0,107570.0,107713.0,107828.0,107994.0,108131.0,108282.0,108401.0,108535.0,108642.0,108762.0,108874.0,108992.0,109103.0,109207.0,109325.0,109464.0,109567.0,109659.0,109751.0,109821.0,109897.0,109984.0,110062.0,110156.0,110223.0,110276.0,110357.0,110443.0,110508.0,110597.0,110654.0,110730.0,110791.0,110851.0,110911.0,111000.0,111068.0,111135.0,111217.0,111292
zwOCGLpKC_M,,,,,,,,,,,,,,,,,,,,,,,,,,,,,,,,,,,,,,,,,,,,,,,,,,,,,,,,,,,,,,,,,,,,,,,,,,12.0,25.0,26.0,27.0,27.0,28.0,29.0,29.0,30.0,31.0,31.0,32.0,33.0,33.0,33.0,33.0,33.0,34.0,34.0,34.0,34.0,34.0,34.0,34.0,34.0,34.0,36.0,38.0,38.0,38.0,38.0,38.0,38.0,38.0,38.0,38.0,38.0,38.0,38.0,38.0,38.0,38.0,39.0,39.0,39.0,39.0,39.0,39.0,39.0,39.0,39.0,39.0,39.0,39.0,39.0,39.0,40.0,40.0,41.0,41.0,41.0,42.0,42.0,42.0,42.0,42.0,42.0,42.0,43.0,43.0,44.0,44.0,44.0,45.0,45.0,45.0,45.0,45.0,45.0,45.0,45
4-ba6z64nlQ,,,,,,,,,,,,,,,,,,,,,,,,,,,,,,,,,,,,,,,,,,,,,,,,,,,,,,,,,,,,,,,,,,,,,,,,,,,11010.0,13502.0,15369.0,16983.0,18548.0,19667.0,20626.0,21298.0,21813.0,22348.0,22849.0,23286.0,23609.0,23952.0,24242.0,24570.0,24911.0,25205.0,25502.0,25756.0,25947.0,26133.0,26311.0,26510.0,26672.0,26836.0,26986.0,27152.0,27264.0,27357.0,27439.0,27511.0,27588.0,27674.0,27749.0,27800.0,27871.0,27929.0,27988.0,28073.0,28132.0,28208.0,28262.0,28317.0,28374.0,28430.0,28484.0,28548.0,28607.0,28662.0,28704.0,28743.0,28806.0,28872.0,28926.0,28977.0,29026.0,29067.0,29107.0,29148.0,29205.0,29257.0,29311.0,29359.0,29400.0,29439.0,29470.0,29510.0,29552.0,29592.0,29625.0,29666.0,29688.0,29731.0,29773.0,29800.0,29851.0,29892.0,29947.0,29987
9MSkAK58J7I,,,,,,,,,,,,,,,,,,,,,,,,,,,,,,,,,,,,,,,,,,,,,,,,,,,,,,,,,,,,,,,,,,,,,,,,,,,4133.0,4267.0,4330.0,4377.0,4426.0,4468.0,4509.0,4532.0,4557.0,4591.0,4617.0,4643.0,4663.0,4685.0,4840.0,5123.0,5540.0,5911.0,6030.0,6129.0,6150.0,6171.0,6186.0,6206.0,6216.0,6243.0,6266.0,6288.0,6312.0,6324.0,6342.0,6371.0,6395.0,6411.0,6429.0,6444.0,6457.0,6477.0,6488.0,6500.0,6514.0,6527.0,6538.0,6548.0,6560.0,6569.0,6580.0,6587.0,6596.0,6607.0,6610.0,6616.0,6624.0,6633.0,6649.0,6664.0,6675.0,6687.0,6698.0,6711.0,6723.0,6736.0,6742.0,6754.0,6760.0,6764.0,6772.0,6780.0,6787.0,6793.0,6806.0,6813.0,6821.0,6824.0,6831.0,6840.0,6849.0,6853.0,6863.0,6870
RyDxz9qlhA8,,,,,,,,,,,,,,,,,,,,,,,,,,,,,,,,,,,,,,,,,,,,,,,,,,,,,,,,,,,,,,,,,,,,,,,,,,,4676.0,5291.0,5744.0,6069.0,6331.0,6544.0,6689.0,6819.0,6923.0,6991.0,7059.0,7126.0,7184.0,7215.0,7244.0,7280.0,7308.0,7328.0,7361.0,7382.0,7405.0,7420.0,7448.0,7462.0,7488.0,7525.0,7538.0,7561.0,7586.0,7609.0,7626.0,7643.0,7661.0,7679.0,7687.0,7701.0,7709.0,7721.0,7727.0,7751.0,7767.0,7774.0,7789.0,7798.0,7803.0,7814.0,7825.0,7838.0,7855.0,7864.0,7881.0,7887.0,7900.0,7911.0,7919.0,7939.0,7950.0,7967.0,7988.0,7994.0,8004.0,8008.0,8021.0,8029.0,8035.0,8050.0,8063.0,8076.0,8085.0,8096.0,8102.0,8107.0,8110.0,8125.0,8134.0,8144.0,8165.0,8176.0,8186.0,8201
JnNeRXpzf6A,,,,,,,,,,,,,,,,,,,,,,,,,,,,,,,,,,,,,,,,,,,,,,,,,,,,,,,,,,,,,,,,,,,,,,,,,,,463.0,472.0,476.0,482.0,484.0,487.0,491.0,494.0,499.0,500.0,502.0,502.0,506.0,509.0,511.0,513.0,521.0,527.0,531.0,534.0,534.0,534.0,537.0,538.0,540.0,541.0,543.0,543.0,544.0,547.0,547.0,549.0,550.0,551.0,552.0,552.0,552.0,555.0,556.0,557.0,556.0,558.0,558.0,558.0,559.0,559.0,559.0,559.0,560.0,562.0,565.0,565.0,565.0,566.0,566.0,566.0,569.0,571.0,571.0,571.0,572.0,572.0,573.0,573.0,574.0,575.0,575.0,575.0,575.0,575.0,576.0,575.0,575.0,575.0,575.0,575.0,576.0,577.0,578.0,579
zjENKAVRrcs,,,,,,,,,,,,,,,,,,,,,,,,,,,,,,,,,,,,,,,,,,,,,,,,,,,,,,,,,,,,,,,,,,,,,,,,,,,65.0,87.0,119.0,165.0,208.0,237.0,264.0,281.0,295.0,313.0,331.0,346.0,357.0,360.0,364.0,369.0,372.0,375.0,382.0,386.0,390.0,391.0,394.0,398.0,400.0,402.0,408.0,411.0,414.0,418.0,423.0,427.0,431.0,435.0,438.0,437.0,440.0,439.0,442.0,444.0,444.0,448.0,452.0,452.0,457.0,459.0,460.0,462.0,464.0,468.0,470.0,471.0,476.0,480.0,481.0,482.0,483.0,483.0,483.0,484.0,485.0,486.0,486.0,487.0,488.0,487.0,487.0,489.0,489.0,491.0,491.0,492.0,492.0,493.0,492.0,495.0,497.0,497.0,500.0,503
sAGD0C8nuOk,,,,,,,,,,,,,,,,,,,,,,,,,,,,,,,,,,,,,,,,,,,,,,,,,,,,,,,,,,,,,,,,,,,,,,,,,,,736.0,3512.0,7475.0,7627.0,9640.0,14127.0,18198.0,18564.0,18717.0,18843.0,18979.0,19054.0,21061.0,25399.0,29936.0,33089.0,34947.0,36763.0,36871.0,36876.0,36900.0,40473.0,44218.0,47500.0,51309.0,55036.0,58890.0,62773.0,66732.0,70553.0,74476.0,74636.0,74633.0,74630.0,74628.0,74641.0,74653.0,74672.0,74694.0,74701.0,74689.0,74711.0,74735.0,74768.0,74791.0,75044.0,75956.0,77151.0,77793.0,79511.0,81237.0,81225.0,81243.0,81237.0,81240.0,81217.0,81210.0,81218.0,81198.0,81188.0,81178.0,81170.0,81167.0,81172.0,81245.0,82886.0,83535.0,83478.0,83458.0,84526.0,84952.0,85792.0,85777.0,85767.0,85758.0,85765.0,85789.0,85757.0,85750.0,85754
-RUZUakN4nI,,,,,,,,,,,,,,,,,,,,,,,,,,,,,,,,,,,,,,,,,,,,,,,,,,,,,,,,,,,,,,,,,,,,,,,,,,,1109.0,1377.0,1549.0,1737.0,1923.0,2073.0,2241.0,2369.0,2487.0,2598.0,2712.0,2785.0,2823.0,2858.0,2888.0,2937.0,2975.0,3017.0,3049.0,3067.0,3094.0,3106.0,3119.0,3145.0,3161.0,3174.0,3194.0,3211.0,3243.0,3267.0,3289.0,3325.0,3353.0,3374.0,3392.0,3401.0,3425.0,3439.0,3460.0,3475.0,3485.0,3510.0,3521.0,3535.0,3556.0,3572.0,3584.0,3602.0,3616.0,3634.0,3657.0,3669.0,3688.0,3703.0,3713.0,3723.0,3729.0,3743.0,3756.0,3768.0,3778.0,3788.0,3797.0,3811.0,3825.0,3841.0,3861.0,3878.0,3893.0,3903.0,3933.0,3947.0,3964.0,3976.0,3988.0,3996.0,4007.0,4019.0,4036.0,4053
YIjvuYeaiZQ,,,,,,,,,,,,,,,,,,,,,,,,,,,,,,,,,,,,,,,,,,,,,,,,,,,,,,,,,,,,,,,,,,,,,,,,,,,482.0,527.0,536.0,552.0,570.0,581.0,586.0,591.0,596.0,597.0,605.0,609.0,615.0,620.0,622.0,627.0,634.0,641.0,645.0,650.0,653.0,660.0,664.0,667.0,669.0,669.0,671.0,672.0,673.0,675.0,678.0,678.0,679.0,678.0,679.0,681.0,680.0,681.0,682.0,684.0,683.0,686.0,686.0,686.0,687.0,689.0,690.0,690.0,692.0,693.0,694.0,693.0,696.0,700.0,701.0,706.0,707.0,710.0,713.0,717.0,719.0,720.0,722.0,723.0,725.0,726.0,726.0,727.0,727.0,728.0,729.0,729.0,731.0,731.0,731.0,731.0,732.0,732.0,733.0,734
DwhQzQigrw0,,,,,,,,,,,,,,,,,,,,,,,,,,,,,,,,,,,,,,,,,,,,,,,,,,,,,,,,,,,,,,,,,,,,,,,,,,,77.0,83.0,83.0,83.0,83.0,87.0,90.0,91.0,94.0,97.0,98.0,99.0,101.0,102.0,104.0,105.0,106.0,105.0,105.0,106.0,107.0,107.0,107.0,106.0,106.0,106.0,106.0,106.0,106.0,106.0,107.0,108.0,108.0,108.0,108.0,108.0,108.0,110.0,110.0,111.0,112.0,112.0,111.0,111.0,111.0,112.0,112.0,112.0,112.0,113.0,114.0,115.0,115.0,115.0,115.0,115.0,115.0,116.0,116.0,116.0,116.0,116.0,116.0,116.0,116.0,116.0,117.0,117.0,117.0,117.0,118.0,120.0,120.0,120.0,121.0,122.0,122.0,122.0,122.0,122
dLGfgnA7f68,,,,,,,,,,,,,,,,,,,,,,,,,,,,,,,,,,,,,,,,,,,,,,,,,,,,,,,,,,,,,,,,,,,,,,,,,,,,,,,,,,,,,,,,,,,,,,,,,,,,,,,,,,,,,,,,,,,,,,,,,,,,,,,,,,,,,,,,,,,,,,,,,,,,,,,,,,
pZxrtHizb98,,,,,,,,,,,,,,,,,,,,,,,,,,,,,,,,,,,,,,,,,,,,,,,,,,,,,,,,,,,,,,,,,,,,,,,,,,,3517.0,4338.0,4785.0,5165.0,5519.0,5793.0,5997.0,6127.0,6228.0,6317.0,6399.0,6481.0,6548.0,6630.0,6697.0,6753.0,6818.0,6857.0,6894.0,6936.0,6981.0,7033.0,7064.0,7098.0,7139.0,7183.0,7218.0,7252.0,7299.0,7338.0,7367.0,7400.0,7433.0,7472.0,7503.0,7537.0,7569.0,7600.0,7634.0,7660.0,7694.0,7709.0,7733.0,7749.0,7765.0,7779.0,7789.0,7805.0,7822.0,7835.0,7850.0,7862.0,7876.0,7881.0,7888.0,7902.0,7908.0,7918.0,7921.0,7932.0,7936.0,7941.0,7950.0,7962.0,7972.0,7978.0,7988.0,8002.0,8010.0,8027.0,8039.0,8050.0,8057.0,8065.0,8073.0,8081.0,8087.0,8099.0,8110.0,8114
8nBgDvhZdTU,,,,,,,,,,,,,,,,,,,,,,,,,,,,,,,,,,,,,,,,,,,,,,,,,,,,,,,,,,,,,,,,,,,,,,,,,,,86.0,110.0,126.0,145.0,156.0,167.0,181.0,194.0,198.0,202.0,206.0,208.0,213.0,218.0,220.0,221.0,224.0,225.0,225.0,226.0,228.0,228.0,230.0,232.0,235.0,235.0,236.0,238.0,238.0,237.0,236.0,239.0,239.0,241.0,241.0,242.0,242.0,243.0,243.0,244.0,244.0,246.0,249.0,250.0,249.0,249.0,248.0,248.0,248.0,248.0,250.0,251.0,251.0,251.0,251.0,251.0,252.0,252.0,252.0,253.0,254.0,254.0,254.0,254.0,254.0,255.0,256.0,256.0,256.0,256.0,256.0,256.0,257.0,257.0,257.0,257.0,257.0,257.0,257.0,257
971SdN1aojk,,,,,,,,,,,,,,,,,,,,,,,,,,,,,,,,,,,,,,,,,,,,,,,,,,,,,,,,,,,,,,,,,,,,,,,,,,,444.0,502.0,510.0,529.0,577.0,613.0,624.0,629.0,634.0,639.0,641.0,645.0,657.0,665.0,671.0,672.0,673.0,674.0,675.0,676.0,674.0,675.0,675.0,675.0,676.0,676.0,676.0,678.0,678.0,680.0,682.0,682.0,684.0,684.0,684.0,685.0,684.0,685.0,685.0,685.0,687.0,691.0,692.0,693.0,693.0,694.0,694.0,694.0,696.0,695.0,696.0,697.0,697.0,697.0,697.0,697.0,697.0,698.0,698.0,698.0,698.0,698.0,698.0,698.0,698.0,698.0,698.0,698.0,698.0,698.0,698.0,698.0,699.0,699.0,699.0,699.0,699.0,701.0,701.0,701
qPWlHgx_Oc0,,,,,,,,,,,,,,,,,,,,,,,,,,,,,,,,,,,,,,,,,,,,,,,,,,,,,,,,,,,,,,,,,,,,,,,,,,,,5199.0,10854.0,13700.0,15107.0,16061.0,17003.0,17865.0,18406.0,18749.0,19073.0,19331.0,19578.0,19831.0,20065.0,20325.0,20517.0,20680.0,20846.0,20976.0,21097.0,21187.0,21305.0,21396.0,21483.0,21567.0,21642.0,21700.0,21749.0,21800.0,21852.0,21905.0,21946.0,21976.0,22011.0,22051.0,22105.0,22148.0,22174.0,22212.0,22250.0,22292.0,22331.0,22366.0,22389.0,22432.0,22484.0,22526.0,22576.0,22611.0,22646.0,22675.0,22696.0,22709.0,22731.0,22764.0,22793.0,22823.0,22852.0,22871.0,22898.0,22914.0,22941.0,22964.0,22983.0,23005.0,23040.0,23072.0,23116.0,23140.0,23160.0,23183.0,23193.0,23209.0,23225.0,23239.0,23250.0,23263.0,23274.0,23288
3yjLE7Z_lDs,,,,,,,,,,,,,,,,,,,,,,,,,,,,,,,,,,,,,,,,,,,,,,,,,,,,,,,,,,,,,,,,,,,,,,,,,,,,13.0,31.0,40.0,53.0,59.0,66.0,82.0,89.0,93.0,98.0,100.0,99.0,102.0,103.0,104.0,105.0,105.0,105.0,107.0,107.0,108.0,109.0,109.0,109.0,110.0,110.0,110.0,112.0,112.0,114.0,115.0,115.0,116.0,116.0,116.0,116.0,117.0,117.0,118.0,118.0,119.0,119.0,119.0,119.0,120.0,120.0,121.0,121.0,122.0,124.0,124.0,124.0,123.0,123.0,123.0,123.0,123.0,124.0,124.0,124.0,124.0,124.0,124.0,126.0,127.0,128.0,128.0,130.0,130.0,131.0,133.0,135.0,135.0,136.0,136.0,136.0,136.0,136.0,136
r13VjeHj8z0,,,,,,,,,,,,,,,,,,,,,,,,,,,,,,,,,,,,,,,,,,,,,,,,,,,,,,,,,,,,,,,,,,,,,,,,,,,,31867.0,37169.0,38971.0,40170.0,41133.0,42338.0,44079.0,45435.0,46166.0,46705.0,47186.0,47578.0,48011.0,48337.0,48650.0,49037.0,49383.0,49719.0,50063.0,50399.0,50699.0,50954.0,51219.0,51519.0,51856.0,52182.0,52486.0,52745.0,53000.0,53200.0,53480.0,53763.0,54028.0,54249.0,54425.0,54621.0,54791.0,54935.0,55130.0,55320.0,55473.0,55597.0,55762.0,55890.0,56130.0,56336.0,56550.0,56720.0,56906.0,57073.0,57203.0,57367.0,57571.0,57760.0,57903.0,58067.0,58245.0,58439.0,58652.0,58906.0,59138.0,59341.0,59520.0,59655.0,59771.0,59928.0,60087.0,60254.0,60411.0,60557.0,60739.0,60982.0,61243.0,61409.0,61546.0,61687.0,61770.0,61851.0,61959
YgcyK6x1ZvU,,,,,,,,,,,,,,,,,,,,,,,,,,,,,,,,,,,,,,,,,,,,,,,,,,,,,,,,,,,,,,,,,,,,,,,,,,,,98.0,128.0,145.0,161.0,165.0,173.0,177.0,184.0,192.0,198.0,203.0,208.0,209.0,209.0,211.0,213.0,213.0,213.0,217.0,218.0,219.0,220.0,223.0,225.0,225.0,226.0,226.0,226.0,228.0,228.0,230.0,231.0,233.0,234.0,234.0,234.0,234.0,234.0,234.0,234.0,234.0,234.0,234.0,235.0,235.0,236.0,236.0,237.0,238.0,239.0,239.0,239.0,239.0,239.0,240.0,240.0,241.0,240.0,240.0,240.0,240.0,240.0,240.0,240.0,240.0,241.0,241.0,242.0,242.0,243.0,245.0,245.0,245.0,245.0,245.0,245.0,245.0,245.0,247
8uV7o3STxhc,,,,,,,,,,,,,,,,,,,,,,,,,,,,,,,,,,,,,,,,,,,,,,,,,,,,,,,,,,,,,,,,,,,,,,,,,,,,3.0,3.0,4.0,5.0,5.0,6.0,6.0,6.0,6.0,6.0,6.0,6.0,6.0,6.0,6.0,6.0,6.0,6.0,6.0,6.0,6.0,6.0,6.0,6.0,6.0,6.0,6.0,6.0,6.0,6.0,6.0,6.0,6.0,6.0,7.0,7.0,7.0,7.0,7.0,7.0,7.0,7.0,7.0,7.0,7.0,7.0,7.0,7.0,7.0,7.0,7.0,7.0,7.0,7.0,7.0,7.0,7.0,7.0,7.0,7.0,7.0,7.0,7.0,7.0,7.0,7.0,7.0,7.0,7.0,7.0,7.0,7.0,7.0,7.0,7.0,8.0,8.0,8.0,8
CGketww5RLk,,,,,,,,,,,,,,,,,,,,,,,,,,,,,,,,,,,,,,,,,,,,,,,,,,,,,,,,,,,,,,,,,,,,,,,,,,,,,533.0,536.0,540.0,541.0,542.0,544.0,549.0,552.0,555.0,556.0,558.0,561.0,563.0,565.0,567.0,567.0,568.0,572.0,576.0,576.0,576.0,576.0,578.0,578.0,579.0,582.0,584.0,585.0,587.0,588.0,589.0,589.0,589.0,589.0,590.0,591.0,591.0,590.0,590.0,592.0,593.0,593.0,595.0,595.0,597.0,597.0,597.0,598.0,598.0,599.0,598.0,598.0,598.0,598.0,599.0,599.0,599.0,601.0,601.0,601.0,605.0,606.0,607.0,606.0,607.0,608.0,609.0,610.0,610.0,610.0,615.0,615.0,615.0,615.0,617.0,617.0,618.0,618
ZgeH3GkD_U0,,,,,,,,,,,,,,,,,,,,,,,,,,,,,,,,,,,,,,,,,,,,,,,,,,,,,,,,,,,,,,,,,,,,,,,,,,,,,160.0,160.0,160.0,162.0,165.0,165.0,167.0,166.0,166.0,166.0,166.0,166.0,166.0,167.0,167.0,167.0,168.0,168.0,168.0,168.0,168.0,168.0,168.0,168.0,168.0,169.0,169.0,170.0,170.0,170.0,170.0,169.0,169.0,169.0,169.0,169.0,169.0,169.0,169.0,169.0,169.0,169.0,170.0,171.0,172.0,173.0,173.0,173.0,173.0,173.0,175.0,176.0,176.0,175.0,175.0,175.0,176.0,176.0,176.0,176.0,176.0,176.0,176.0,176.0,176.0,176.0,176.0,177.0,177.0,177.0,177.0,177.0,177.0,177.0,177.0,177.0,177.0,178
icW0nFygkrM,,,,,,,,,,,,,,,,,,,,,,,,,,,,,,,,,,,,,,,,,,,,,,,,,,,,,,,,,,,,,,,,,,,,,,,,,,,,,15201.0,15277.0,15344.0,15394.0,15445.0,15482.0,15521.0,15545.0,15583.0,15611.0,15650.0,15698.0,15739.0,15767.0,15807.0,15848.0,15882.0,15909.0,15946.0,15993.0,16023.0,16051.0,16093.0,16130.0,16156.0,16178.0,16189.0,16213.0,16242.0,16272.0,16293.0,16323.0,16345.0,16369.0,16393.0,16410.0,16424.0,16436.0,16447.0,16467.0,16481.0,16499.0,16534.0,16560.0,16598.0,16628.0,16670.0,16698.0,16719.0,16743.0,16784.0,16818.0,16851.0,16888.0,16931.0,16972.0,17023.0,17067.0,17096.0,17116.0,17147.0,17164.0,17201.0,17217.0,17249.0,17273.0,17283.0,17299.0,17317.0,17338.0,17361.0,17390.0,17411.0,17431.0,17446.0,17469.0,17484.0,17501
icW0nFygkrM,,,,,,,,,,,,,,,,,,,,,,,,,,,,,,,,,,,,,,,,,,,,,,,,,,,,,,,,,,,,,,,,,,,,,,,,,,,,,15201.0,15277.0,15344.0,15394.0,15445.0,15482.0,15521.0,15545.0,15583.0,15611.0,15650.0,15698.0,15739.0,15767.0,15807.0,15848.0,15882.0,15909.0,15946.0,15993.0,16023.0,16051.0,16093.0,16130.0,16156.0,16178.0,16189.0,16213.0,16242.0,16272.0,16293.0,16323.0,16345.0,16369.0,16393.0,16410.0,16424.0,16436.0,16447.0,16467.0,16481.0,16499.0,16534.0,16560.0,16598.0,16628.0,16670.0,16698.0,16719.0,16743.0,16784.0,16818.0,16851.0,16888.0,16931.0,16972.0,17023.0,17067.0,17096.0,17116.0,17147.0,17164.0,17201.0,17217.0,17249.0,17273.0,17283.0,17299.0,17317.0,17338.0,17361.0,17390.0,17411.0,17431.0,17446.0,17469.0,17484.0,17501
IMQBEabuciY,,,,,,,,,,,,,,,,,,,,,,,,,,,,,,,,,,,,,,,,,,,,,,,,,,,,,,,,,,,,,,,,,,,,,,,,,,,,,8125.0,8135.0,8146.0,8152.0,8166.0,8176.0,8184.0,8190.0,8195.0,8204.0,8210.0,8212.0,8215.0,8226.0,8235.0,8238.0,8242.0,8247.0,8254.0,8264.0,8273.0,8274.0,8283.0,8288.0,8291.0,8299.0,8305.0,8310.0,8316.0,8321.0,8327.0,8330.0,8335.0,8339.0,8342.0,8340.0,8343.0,8344.0,8345.0,8348.0,8347.0,8349.0,8353.0,8359.0,8362.0,8358.0,8358.0,8361.0,8359.0,8363.0,8362.0,8364.0,8366.0,8364.0,8365.0,8366.0,8363.0,8366.0,8365.0,8367.0,8369.0,8371.0,8372.0,8369.0,8370.0,8371.0,8371.0,8374.0,8374.0,8374.0,8373.0,8373.0,8374.0,8372.0,8375.0,8375.0,8376.0,8375
5zW4P_WpJ-U,,,,,,,,,,,,,,,,,,,,,,,,,,,,,,,,,,,,,,,,,,,,,,,,,,,,,,,,,,,,,,,,,,,,,,,,,,,,,3934.0,3948.0,3963.0,3973.0,3977.0,3980.0,3989.0,3991.0,3999.0,4002.0,4006.0,4010.0,4015.0,4020.0,4023.0,4036.0,4039.0,4049.0,4054.0,4058.0,4063.0,4065.0,4072.0,4077.0,4080.0,4085.0,4089.0,4096.0,4101.0,4115.0,4125.0,4131.0,4143.0,4152.0,4161.0,4164.0,4169.0,4174.0,4179.0,4183.0,4197.0,4205.0,4216.0,4225.0,4231.0,4238.0,4240.0,4243.0,4250.0,4261.0,4266.0,4275.0,4294.0,4304.0,4310.0,4315.0,4316.0,4324.0,4335.0,4341.0,4344.0,4348.0,4353.0,4356.0,4355.0,4363.0,4366.0,4366.0,4372.0,4375.0,4377.0,4381.0,4384.0,4386.0,4388.0,4391.0,4394.0,4398
HQsLcakiWXo,,,,,,,,,,,,,,,,,,,,,,,,,,,,,,,,,,,,,,,,,,,,,,,,,,,,,,,,,,,,,,,,,,,,,,,,,,,,,247.0,250.0,249.0,252.0,254.0,256.0,259.0,260.0,261.0,262.0,263.0,263.0,263.0,263.0,263.0,263.0,263.0,263.0,263.0,263.0,263.0,264.0,264.0,266.0,267.0,268.0,269.0,270.0,271.0,273.0,276.0,278.0,279.0,281.0,285.0,287.0,289.0,293.0,295.0,298.0,299.0,300.0,302.0,302.0,304.0,307.0,311.0,313.0,316.0,319.0,322.0,323.0,324.0,321.0,323.0,324.0,326.0,327.0,327.0,327.0,329.0,332.0,333.0,334.0,338.0,338.0,339.0,342.0,342.0,344.0,347.0,348.0,350.0,350.0,354.0,356.0,359.0,362
6J7K9Wi8uJ4,,,,,,,,,,,,,,,,,,,,,,,,,,,,,,,,,,,,,,,,,,,,,,,,,,,,,,,,,,,,,,,,,,,,,,,,,,,,,6239.0,6267.0,6301.0,6320.0,6344.0,6373.0,6394.0,6427.0,6458.0,6484.0,6513.0,6540.0,6563.0,6602.0,6652.0,6694.0,6728.0,6748.0,6766.0,6781.0,6804.0,6811.0,6822.0,6837.0,6850.0,6869.0,6881.0,6888.0,6896.0,6901.0,6909.0,6919.0,6927.0,6941.0,6951.0,6958.0,6962.0,6965.0,6973.0,6977.0,6982.0,6989.0,6995.0,7000.0,7009.0,7017.0,7020.0,7023.0,7031.0,7038.0,7044.0,7050.0,7061.0,7062.0,7068.0,7074.0,7079.0,7083.0,7094.0,7103.0,7107.0,7112.0,7119.0,7126.0,7131.0,7146.0,7148.0,7153.0,7163.0,7170.0,7174.0,7175.0,7180.0,7186.0,7193.0,7198.0,7205.0,7212
MW-oLdhz8aI,,,,,,,,,,,,,,,,,,,,,,,,,,,,,,,,,,,,,,,,,,,,,,,,,,,,,,,,,,,,,,,,,,,,,,,,,,,,,,,,,,,,,,,,,,,,,,,,,,,,,,,,,,,,,,,,,,,,,,,,,,,,,,,,,,,,,,,,,,,,,,,,,,,,,,,,,,
FF5oFEcF-xY,,,,,,,,,,,,,,,,,,,,,,,,,,,,,,,,,,,,,,,,,,,,,,,,,,,,,,,,,,,,,,,,,,,,,,,,,,,,,771.0,797.0,816.0,842.0,865.0,897.0,925.0,933.0,946.0,960.0,970.0,980.0,991.0,1001.0,1016.0,1026.0,1031.0,1042.0,1049.0,1058.0,1058.0,1067.0,1076.0,1081.0,1086.0,1091.0,1098.0,1104.0,1110.0,1116.0,1121.0,1128.0,1130.0,1138.0,1145.0,1148.0,1156.0,1163.0,1167.0,1171.0,1175.0,1183.0,1190.0,1190.0,1198.0,1202.0,1204.0,1210.0,1215.0,1224.0,1227.0,1232.0,1236.0,1240.0,1242.0,1248.0,1253.0,1252.0,1254.0,1257.0,1262.0,1266.0,1273.0,1277.0,1280.0,1283.0,1284.0,1283.0,1285.0,1288.0,1288.0,1290.0,1292.0,1294.0,1298.0,1299.0,1299.0,1301
KbD9w7oMXLw,,,,,,,,,,,,,,,,,,,,,,,,,,,,,,,,,,,,,,,,,,,,,,,,,,,,,,,,,,,,,,,,,,,,,,,,,,,,,17.0,17.0,17.0,16.0,16.0,16.0,16.0,17.0,18.0,18.0,18.0,19.0,19.0,19.0,19.0,19.0,19.0,19.0,20.0,20.0,20.0,21.0,21.0,21.0,21.0,21.0,21.0,21.0,21.0,21.0,21.0,21.0,22.0,22.0,22.0,22.0,22.0,22.0,22.0,22.0,22.0,22.0,22.0,22.0,22.0,22.0,22.0,22.0,22.0,22.0,22.0,22.0,22.0,22.0,22.0,22.0,22.0,22.0,22.0,22.0,23.0,23.0,23.0,23.0,23.0,23.0,23.0,23.0,23.0,23.0,23.0,23.0,23.0,24.0,24.0,24.0,24.0,24
2v_b0rBgr1s,,,,,,,,,,,,,,,,,,,,,,,,,,,,,,,,,,,,,,,,,,,,,,,,,,,,,,,,,,,,,,,,,,,,,,,,,,,,,6.0,6.0,6.0,6.0,6.0,7.0,8.0,8.0,8.0,8.0,8.0,8.0,8.0,8.0,8.0,8.0,8.0,8.0,8.0,8.0,8.0,8.0,8.0,8.0,8.0,8.0,8.0,8.0,8.0,8.0,8.0,8.0,8.0,8.0,8.0,8.0,8.0,8.0,8.0,8.0,8.0,8.0,8.0,8.0,8.0,8.0,8.0,8.0,8.0,8.0,8.0,8.0,8.0,8.0,8.0,8.0,8.0,8.0,8.0,8.0,8.0,8.0,8.0,8.0,8.0,8.0,8.0,8.0,8.0,8.0,8.0,8.0,8.0,8.0,9.0,8.0,8.0,8
mI88XaC5DiU,,,,,,,,,,,,,,,,,,,,,,,,,,,,,,,,,,,,,,,,,,,,,,,,,,,,,,,,,,,,,,,,,,,,,,,,,,,,,1958.0,2115.0,2188.0,2227.0,2281.0,2335.0,2364.0,2378.0,2454.0,2579.0,2661.0,2707.0,2753.0,2779.0,2807.0,2829.0,2869.0,2874.0,2878.0,2892.0,2905.0,2913.0,2923.0,2925.0,2930.0,2937.0,2935.0,2942.0,2940.0,2943.0,2945.0,2950.0,2958.0,2972.0,2975.0,2981.0,2989.0,2993.0,3003.0,3003.0,3008.0,3013.0,3017.0,3026.0,3031.0,3032.0,3036.0,3037.0,3041.0,3049.0,3055.0,3058.0,3069.0,3073.0,3071.0,3078.0,3077.0,3081.0,3083.0,3082.0,3082.0,3083.0,3084.0,3084.0,3084.0,3084.0,3083.0,3083.0,3083.0,3084.0,3087.0,3089.0,3089.0,3092.0,3093.0,3095.0,3097.0,3097
qd-CuEYh6lw,,,,,,,,,,,,,,,,,,,,,,,,,,,,,,,,,,,,,,,,,,,,,,,,,,,,,,,,,,,,,,,,,,,,,,,,,,,,,26.0,26.0,32.0,39.0,44.0,48.0,53.0,54.0,54.0,56.0,58.0,59.0,62.0,63.0,64.0,65.0,66.0,68.0,69.0,69.0,70.0,71.0,71.0,72.0,72.0,73.0,73.0,73.0,73.0,73.0,73.0,74.0,74.0,74.0,74.0,74.0,74.0,74.0,74.0,76.0,76.0,77.0,77.0,79.0,80.0,80.0,81.0,81.0,82.0,82.0,83.0,83.0,83.0,83.0,83.0,83.0,85.0,85.0,85.0,86.0,87.0,87.0,87.0,87.0,87.0,87.0,87.0,87.0,87.0,87.0,88.0,89.0,89.0,90.0,90.0,90.0,91.0,91
Y8aqyy0kpHA,,,,,,,,,,,,,,,,,,,,,,,,,,,,,,,,,,,,,,,,,,,,,,,,,,,,,,,,,,,,,,,,,,,,,,,,,,,,,428.0,464.0,505.0,520.0,544.0,551.0,556.0,560.0,562.0,564.0,563.0,566.0,570.0,573.0,579.0,582.0,586.0,588.0,590.0,592.0,594.0,599.0,599.0,602.0,606.0,615.0,618.0,621.0,620.0,622.0,623.0,623.0,627.0,628.0,629.0,630.0,632.0,634.0,635.0,637.0,637.0,638.0,640.0,643.0,645.0,645.0,646.0,647.0,650.0,649.0,654.0,659.0,659.0,661.0,662.0,664.0,668.0,668.0,668.0,669.0,669.0,671.0,671.0,672.0,673.0,674.0,674.0,676.0,676.0,677.0,679.0,679.0,680.0,681.0,682.0,684.0,684.0,685
2SHkpzwi_-o,,,,,,,,,,,,,,,,,,,,,,,,,,,,,,,,,,,,,,,,,,,,,,,,,,,,,,,,,,,,,,,,,,,,,,,,,,,,,,,,,,,,,,,,,,,,,,,,,,,,,,,,,,,,,,,,,,,,,,,,,,,,,,,,,,,,,,,,,,,,,,,,,,,,,,,,,,
E9PARNJYNM0,,,,,,,,,,,,,,,,,,,,,,,,,,,,,,,,,,,,,,,,,,,,,,,,,,,,,,,,,,,,,,,,,,,,,,,,,,,,,194.0,375.0,517.0,628.0,724.0,782.0,848.0,904.0,947.0,980.0,1018.0,1058.0,1093.0,1122.0,1142.0,1154.0,1168.0,1181.0,1194.0,1205.0,1219.0,1237.0,1249.0,1262.0,1273.0,1297.0,1309.0,1323.0,1331.0,1345.0,1362.0,1401.0,1433.0,1479.0,1547.0,1601.0,1666.0,1730.0,1758.0,1781.0,1798.0,1823.0,1849.0,1860.0,1869.0,1885.0,1894.0,1899.0,1905.0,1916.0,1926.0,1930.0,1935.0,1944.0,1953.0,1959.0,1963.0,1966.0,1971.0,1976.0,1981.0,1986.0,1989.0,1997.0,2009.0,2012.0,2025.0,2028.0,2032.0,2038.0,2044.0,2048.0,2053.0,2061.0,2067.0,2073.0,2075.0,2082
pFKNeC5-MiM,,,,,,,,,,,,,,,,,,,,,,,,,,,,,,,,,,,,,,,,,,,,,,,,,,,,,,,,,,,,,,,,,,,,,,,,,,,,,,,3819.0,3845.0,3859.0,3879.0,3888.0,3905.0,3914.0,3930.0,3945.0,3956.0,3970.0,3982.0,3995.0,4007.0,4013.0,4023.0,4035.0,4046.0,4060.0,4072.0,4082.0,4090.0,4094.0,4100.0,4107.0,4115.0,4118.0,4122.0,4125.0,4130.0,4134.0,4136.0,4139.0,4144.0,4146.0,4148.0,4149.0,4152.0,4157.0,4162.0,4165.0,4173.0,4178.0,4183.0,4184.0,4189.0,4192.0,4195.0,4198.0,4204.0,4207.0,4210.0,4213.0,4214.0,4214.0,4216.0,4219.0,4219.0,4239.0,4244.0,4249.0,4256.0,4263.0,4268.0,4271.0,4276.0,4277.0,4280.0,4285.0,4287.0,4289.0,4286.0,4287.0,4289.0,4290.0,4294
FG5cO26pzb4,,,,,,,,,,,,,,,,,,,,,,,,,,,,,,,,,,,,,,,,,,,,,,,,,,,,,,,,,,,,,,,,,,,,,,,,,,,,,,,5.0,5.0,6.0,7.0,8.0,9.0,11.0,11.0,11.0,11.0,11.0,11.0,12.0,12.0,12.0,12.0,12.0,12.0,13.0,13.0,13.0,13.0,13.0,13.0,13.0,13.0,13.0,13.0,13.0,13.0,13.0,13.0,13.0,13.0,13.0,13.0,13.0,13.0,13.0,13.0,13.0,13.0,13.0,13.0,13.0,13.0,13.0,13.0,13.0,13.0,13.0,13.0,13.0,13.0,13.0,13.0,13.0,13.0,13.0,13.0,13.0,13.0,13.0,13.0,13.0,13.0,13.0,13.0,13.0,13.0,13.0,13.0,13.0,13.0,13.0,13
JFhVuvzWEVI,,,,,,,,,,,,,,,,,,,,,,,,,,,,,,,,,,,,,,,,,,,,,,,,,,,,,,,,,,,,,,,,,,,,,,,,,,,,,,,139.0,200.0,240.0,278.0,319.0,355.0,368.0,376.0,382.0,388.0,393.0,402.0,405.0,414.0,418.0,422.0,425.0,430.0,433.0,436.0,441.0,445.0,447.0,449.0,452.0,454.0,455.0,456.0,457.0,461.0,462.0,462.0,463.0,463.0,464.0,464.0,465.0,466.0,466.0,467.0,470.0,472.0,474.0,475.0,476.0,476.0,477.0,477.0,477.0,477.0,478.0,479.0,479.0,479.0,479.0,480.0,482.0,482.0,484.0,485.0,485.0,485.0,485.0,484.0,484.0,485.0,487.0,487.0,487.0,487.0,487.0,487.0,487.0,487.0,487.0,488
lUJ3JEAp-II,,,,,,,,,,,,,,,,,,,,,,,,,,,,,,,,,,,,,,,,,,,,,,,,,,,,,,,,,,,,,,,,,,,,,,,,,,,,,,,18627.0,26190.0,29717.0,31518.0,32591.0,33287.0,33825.0,34282.0,34632.0,34943.0,35237.0,35450.0,35645.0,35821.0,35974.0,36086.0,36196.0,36278.0,36336.0,36404.0,36471.0,36512.0,36555.0,36591.0,36622.0,36647.0,36677.0,36702.0,36740.0,36769.0,36801.0,36823.0,36843.0,36874.0,36894.0,36910.0,36926.0,36934.0,36948.0,36966.0,36970.0,36987.0,36999.0,37013.0,37029.0,37050.0,37057.0,37073.0,37087.0,37098.0,37108.0,37123.0,37135.0,37149.0,37157.0,37166.0,37175.0,37185.0,37198.0,37210.0,37227.0,37239.0,37251.0,37267.0,37284.0,37294.0,37299.0,37308.0,37320.0,37337.0,37346.0,37353.0,37358.0,37376.0,37383.0,37393
Wo4cQlVHPFc,,,,,,,,,,,,,,,,,,,,,,,,,,,,,,,,,,,,,,,,,,,,,,,,,,,,,,,,,,,,,,,,,,,,,,,,,,,,,,,283.0,285.0,289.0,292.0,293.0,295.0,295.0,295.0,296.0,297.0,299.0,299.0,300.0,300.0,301.0,302.0,303.0,305.0,307.0,307.0,308.0,308.0,309.0,311.0,311.0,312.0,313.0,313.0,316.0,317.0,321.0,322.0,325.0,326.0,326.0,328.0,330.0,331.0,334.0,337.0,341.0,343.0,345.0,345.0,347.0,349.0,351.0,354.0,358.0,360.0,365.0,367.0,370.0,370.0,370.0,370.0,370.0,371.0,372.0,372.0,373.0,374.0,377.0,377.0,379.0,381.0,381.0,382.0,383.0,383.0,384.0,385.0,386.0,387.0,387.0,387
DiS9MZV2ZuI,,,,,,,,,,,,,,,,,,,,,,,,,,,,,,,,,,,,,,,,,,,,,,,,,,,,,,,,,,,,,,,,,,,,,,,,,,,,,,,1897.0,2167.0,2340.0,2510.0,2638.0,2694.0,2733.0,2772.0,2794.0,2816.0,2848.0,2880.0,2901.0,2917.0,2928.0,2946.0,2950.0,2967.0,2976.0,2982.0,2988.0,2992.0,3009.0,3013.0,3027.0,3032.0,3038.0,3044.0,3049.0,3057.0,3061.0,3066.0,3068.0,3069.0,3072.0,3076.0,3081.0,3084.0,3085.0,3085.0,3089.0,3092.0,3101.0,3112.0,3115.0,3128.0,3137.0,3147.0,3154.0,3160.0,3167.0,3176.0,3185.0,3193.0,3198.0,3207.0,3210.0,3212.0,3215.0,3215.0,3218.0,3219.0,3221.0,3227.0,3229.0,3232.0,3237.0,3243.0,3245.0,3246.0,3247.0,3253.0,3256.0,3255.0,3256.0,3256
NlQlHpSq9Tk,,,,,,,,,,,,,,,,,,,,,,,,,,,,,,,,,,,,,,,,,,,,,,,,,,,,,,,,,,,,,,,,,,,,,,,,,,,,,,,33.0,47.0,55.0,60.0,62.0,64.0,66.0,66.0,66.0,68.0,69.0,69.0,69.0,70.0,70.0,71.0,71.0,72.0,72.0,73.0,74.0,74.0,75.0,75.0,75.0,75.0,75.0,75.0,75.0,75.0,76.0,76.0,76.0,76.0,76.0,78.0,78.0,78.0,78.0,78.0,79.0,79.0,80.0,80.0,80.0,80.0,80.0,80.0,80.0,81.0,81.0,81.0,82.0,83.0,84.0,85.0,85.0,85.0,85.0,85.0,85.0,85.0,87.0,87.0,87.0,87.0,87.0,87.0,87.0,87.0,87.0,87.0,88.0,89.0,90.0,90
ACPODVhhACY,,,,,,,,,,,,,,,,,,,,,,,,,,,,,,,,,,,,,,,,,,,,,,,,,,,,,,,,,,,,,,,,,,,,,,,,,,,,,,,,11660.0,11673.0,11691.0,11715.0,11733.0,11743.0,11762.0,11772.0,11784.0,11803.0,11817.0,11827.0,11840.0,11854.0,11876.0,11887.0,11898.0,11909.0,11922.0,11928.0,11939.0,11946.0,11957.0,11967.0,11975.0,11983.0,11993.0,11998.0,12008.0,12020.0,12030.0,12040.0,12047.0,12054.0,12064.0,12070.0,12084.0,12089.0,12101.0,12105.0,12118.0,12128.0,12141.0,12148.0,12156.0,12160.0,12168.0,12174.0,12185.0,12192.0,12199.0,12205.0,12207.0,12216.0,12221.0,12229.0,12263.0,12341.0,12377.0,12394.0,12409.0,12428.0,12437.0,12452.0,12458.0,12464.0,12473.0,12486.0,12498.0,12503.0,12518.0,12526.0,12531.0,12535.0,12553
8a90HBQs3FU,,,,,,,,,,,,,,,,,,,,,,,,,,,,,,,,,,,,,,,,,,,,,,,,,,,,,,,,,,,,,,,,,,,,,,,,,,,,,,,,,1173.0,2586.0,3441.0,4104.0,4656.0,5071.0,5407.0,5734.0,5980.0,6130.0,6260.0,6374.0,6491.0,6581.0,6659.0,6725.0,6794.0,6846.0,6882.0,6933.0,6970.0,7019.0,7079.0,7130.0,7168.0,7226.0,7280.0,7313.0,7344.0,7406.0,7547.0,7632.0,7688.0,7791.0,7855.0,7918.0,8004.0,8063.0,8132.0,8254.0,8325.0,8395.0,8449.0,8549.0,8649.0,8732.0,8785.0,8873.0,8974.0,9047.0,9152.0,9247.0,9346.0,9451.0,9504.0,9564.0,9608.0,9659.0,9708.0,9746.0,9800.0,9842.0,9877.0,9906.0,9949.0,10005.0,10062.0,10112.0,10160.0,10207.0,10242.0,10308.0,10382.0,10444
x0FwbTiD3iA,,,,,,,,,,,,,,,,,,,,,,,,,,,,,,,,,,,,,,,,,,,,,,,,,,,,,,,,,,,,,,,,,,,,,,,,,,,,,,,,,131900.0,220551.0,250324.0,265433.0,277663.0,286585.0,293873.0,299951.0,304486.0,308435.0,312023.0,315210.0,318145.0,320632.0,322913.0,325019.0,326924.0,328684.0,330367.0,331771.0,333098.0,334167.0,335069.0,335895.0,336683.0,337482.0,338347.0,339112.0,339728.0,340311.0,340877.0,341376.0,341850.0,342410.0,343037.0,343518.0,343936.0,344374.0,344784.0,345337.0,345812.0,346225.0,346576.0,346868.0,347145.0,347423.0,347730.0,348055.0,348332.0,348593.0,348861.0,349146.0,349412.0,349693.0,349971.0,350215.0,350497.0,350820.0,351119.0,351335.0,351630.0,351936.0,352252.0,352537.0,352769.0,353042.0,353252.0,353495.0,353746.0,354030.0,354239.0,354424.0,354636.0,354863
y8omlVISMfU,,,,,,,,,,,,,,,,,,,,,,,,,,,,,,,,,,,,,,,,,,,,,,,,,,,,,,,,,,,,,,,,,,,,,,,,,,,,,,,,,643.0,742.0,785.0,816.0,830.0,846.0,854.0,859.0,861.0,862.0,867.0,869.0,874.0,874.0,876.0,879.0,882.0,886.0,887.0,887.0,890.0,893.0,894.0,893.0,892.0,892.0,893.0,893.0,893.0,894.0,896.0,897.0,898.0,899.0,899.0,899.0,899.0,898.0,897.0,898.0,899.0,898.0,898.0,898.0,899.0,899.0,900.0,901.0,903.0,903.0,903.0,904.0,904.0,904.0,906.0,905.0,907.0,907.0,908.0,909.0,910.0,911.0,912.0,912.0,912.0,914.0,914.0,914.0,914.0,914.0,916.0,916.0,916.0,917
JrXdLoA8L7Y,,,,,,,,,,,,,,,,,,,,,,,,,,,,,,,,,,,,,,,,,,,,,,,,,,,,,,,,,,,,,,,,,,,,,,,,,,,,,,,,,18.0,30.0,43.0,48.0,52.0,55.0,63.0,89.0,103.0,117.0,135.0,148.0,156.0,168.0,172.0,176.0,178.0,179.0,181.0,183.0,184.0,186.0,187.0,189.0,190.0,194.0,196.0,196.0,197.0,200.0,204.0,206.0,208.0,209.0,212.0,213.0,217.0,218.0,219.0,220.0,220.0,220.0,220.0,222.0,222.0,222.0,223.0,225.0,225.0,226.0,226.0,230.0,230.0,231.0,231.0,231.0,231.0,232.0,232.0,233.0,234.0,234.0,235.0,236.0,237.0,238.0,238.0,240.0,240.0,241.0,242.0,242.0,242.0,242
MH04dQ-1wY8,,,,,,,,,,,,,,,,,,,,,,,,,,,,,,,,,,,,,,,,,,,,,,,,,,,,,,,,,,,,,,,,,,,,,,,,,,,,,,,,,192.0,310.0,351.0,375.0,398.0,413.0,424.0,449.0,467.0,477.0,487.0,490.0,496.0,496.0,500.0,501.0,503.0,504.0,507.0,507.0,515.0,518.0,524.0,526.0,528.0,530.0,536.0,542.0,546.0,552.0,552.0,559.0,564.0,568.0,571.0,571.0,575.0,578.0,582.0,589.0,596.0,602.0,609.0,612.0,616.0,622.0,630.0,637.0,645.0,649.0,652.0,656.0,656.0,660.0,662.0,663.0,664.0,666.0,667.0,667.0,667.0,668.0,669.0,671.0,672.0,673.0,673.0,672.0,672.0,676.0,677.0,677.0,679.0,680
J7OhGsGbaM4,,,,,,,,,,,,,,,,,,,,,,,,,,,,,,,,,,,,,,,,,,,,,,,,,,,,,,,,,,,,,,,,,,,,,,,,,,,,,,,,,3557.0,6837.0,8349.0,9868.0,11229.0,12357.0,13385.0,14288.0,15103.0,15715.0,16234.0,16646.0,17023.0,17268.0,17517.0,17707.0,17896.0,18045.0,18200.0,18340.0,18451.0,18553.0,18632.0,18712.0,18796.0,18855.0,18914.0,18978.0,19035.0,19092.0,19143.0,19194.0,19246.0,19277.0,19321.0,19362.0,19383.0,19403.0,19426.0,19459.0,19489.0,19516.0,19553.0,19589.0,19626.0,19670.0,19716.0,19750.0,19789.0,19825.0,19862.0,19891.0,19930.0,19951.0,19975.0,19995.0,20015.0,20045.0,20076.0,20092.0,20114.0,20136.0,20160.0,20184.0,20214.0,20244.0,20276.0,20312.0,20347.0,20379.0,20407.0,20432.0,20472.0,20504
SVtiAnU7JnM,,,,,,,,,,,,,,,,,,,,,,,,,,,,,,,,,,,,,,,,,,,,,,,,,,,,,,,,,,,,,,,,,,,,,,,,,,,,,,,,,3463.0,4984.0,5499.0,6784.0,9111.0,10211.0,10829.0,11331.0,11668.0,11899.0,12089.0,12223.0,12396.0,12662.0,12936.0,13153.0,13361.0,13565.0,13842.0,14212.0,14646.0,14930.0,15085.0,15182.0,15285.0,15399.0,15539.0,15679.0,15800.0,15896.0,15975.0,16073.0,16157.0,16244.0,16341.0,16441.0,16553.0,16631.0,16711.0,16799.0,16880.0,16954.0,17012.0,17051.0,17097.0,17128.0,17167.0,17189.0,17218.0,17240.0,17268.0,17302.0,17326.0,17345.0,17365.0,17391.0,17415.0,17441.0,17465.0,17486.0,17508.0,17536.0,17562.0,17584.0,17603.0,17625.0,17640.0,17656.0,17679.0,17688.0,17702.0,17714.0,17726.0,17736
P2llSm9tZvA,,,,,,,,,,,,,,,,,,,,,,,,,,,,,,,,,,,,,,,,,,,,,,,,,,,,,,,,,,,,,,,,,,,,,,,,,,,,,,,,,,31552.0,35007.0,37049.0,38597.0,39744.0,40617.0,41253.0,41760.0,42336.0,42870.0,43456.0,43942.0,44358.0,44758.0,45076.0,45357.0,45602.0,45832.0,46077.0,46301.0,46514.0,46724.0,46995.0,47269.0,47536.0,47781.0,47995.0,48216.0,48451.0,48704.0,48939.0,49132.0,49311.0,49490.0,49685.0,49845.0,50051.0,50247.0,50452.0,50673.0,50879.0,51099.0,51313.0,51520.0,51737.0,51929.0,52113.0,52283.0,52459.0,52629.0,52763.0,52917.0,53051.0,53178.0,53300.0,53450.0,53618.0,53751.0,53871.0,53993.0,54123.0,54229.0,54367.0,54484.0,54625.0,54727.0,54835.0,54933.0,55058.0,55174.0,55288.0,55401.0,55501
DdGXfZaSpwY,,,,,,,,,,,,,,,,,,,,,,,,,,,,,,,,,,,,,,,,,,,,,,,,,,,,,,,,,,,,,,,,,,,,,,,,,,,,,,,,,,10488.0,10523.0,10567.0,10609.0,10649.0,10691.0,10720.0,10766.0,10801.0,10846.0,10876.0,10912.0,10947.0,10971.0,10994.0,11024.0,11044.0,11068.0,11083.0,11109.0,11139.0,11158.0,11174.0,11190.0,11208.0,11227.0,11241.0,11254.0,11272.0,11282.0,11289.0,11296.0,11306.0,11318.0,11324.0,11323.0,11336.0,11345.0,11353.0,11366.0,11381.0,11387.0,11392.0,11404.0,11410.0,11422.0,11426.0,11437.0,11446.0,11454.0,11460.0,11467.0,11471.0,11477.0,11480.0,11483.0,11489.0,11496.0,11501.0,11511.0,11516.0,11524.0,11528.0,11532.0,11534.0,11541.0,11552.0,11560.0,11565.0,11571.0,11575.0,11578.0,11585
ZTXWmB--TUA,,,,,,,,,,,,,,,,,,,,,,,,,,,,,,,,,,,,,,,,,,,,,,,,,,,,,,,,,,,,,,,,,,,,,,,,,,,,,,,,,,1738.0,1929.0,2065.0,2215.0,2395.0,2576.0,2768.0,2966.0,3152.0,3339.0,3555.0,3799.0,4083.0,4321.0,4527.0,4743.0,4967.0,5246.0,5601.0,5925.0,6164.0,6391.0,6655.0,6928.0,7192.0,7504.0,7808.0,8039.0,8287.0,8537.0,8815.0,9078.0,9406.0,9769.0,10061.0,10321.0,10577.0,10877.0,11229.0,11616.0,12015.0,12309.0,12613.0,12917.0,13236.0,13563.0,13878.0,14165.0,14352.0,14533.0,14704.0,14907.0,15123.0,15324.0,15542.0,15686.0,15865.0,16020.0,16190.0,16376.0,16609.0,16851.0,17084.0,17305.0,17542.0,17767.0,18017.0,18262.0,18523.0,18688.0,18856.0,19088.0,19315
TUHZKn78E5I,,,,,,,,,,,,,,,,,,,,,,,,,,,,,,,,,,,,,,,,,,,,,,,,,,,,,,,,,,,,,,,,,,,,,,,,,,,,,,,,,,,3036.0,4759.0,5358.0,5771.0,6103.0,6435.0,6715.0,6941.0,7159.0,7311.0,7436.0,7548.0,7623.0,7679.0,7740.0,7789.0,7831.0,7868.0,7903.0,7926.0,7956.0,7979.0,7998.0,8021.0,8044.0,8064.0,8086.0,8098.0,8116.0,8139.0,8147.0,8170.0,8188.0,8202.0,8216.0,8236.0,8251.0,8265.0,8281.0,8295.0,8300.0,8309.0,8326.0,8333.0,8340.0,8353.0,8364.0,8373.0,8377.0,8390.0,8401.0,8421.0,8430.0,8438.0,8452.0,8458.0,8470.0,8477.0,8485.0,8492.0,8506.0,8515.0,8518.0,8527.0,8533.0,8542.0,8550.0,8553.0,8563.0,8578.0,8584.0,8591
swuhhziz3dM,,,,,,,,,,,,,,,,,,,,,,,,,,,,,,,,,,,,,,,,,,,,,,,,,,,,,,,,,,,,,,,,,,,,,,,,,,,,,,,,,,,192983.0,277100.0,300111.0,313023.0,320446.0,325843.0,330109.0,333255.0,335634.0,337812.0,339900.0,341698.0,343253.0,344659.0,345849.0,346850.0,347870.0,348853.0,349772.0,350634.0,351267.0,351752.0,352238.0,352688.0,353055.0,353582.0,354022.0,354437.0,354836.0,355234.0,355586.0,355916.0,356281.0,356551.0,356784.0,357050.0,357301.0,357555.0,357856.0,358147.0,358372.0,358595.0,358791.0,358943.0,359177.0,359478.0,359695.0,359855.0,360025.0,360155.0,360311.0,360472.0,360627.0,360804.0,360954.0,361093.0,361223.0,361308.0,361449.0,361629.0,361784.0,361957.0,362109.0,362257.0,362373.0,362516.0,362695.0,362868.0,363038.0,363135.0,363266.0,363414
pLKOEfMc09E,,,,,,,,,,,,,,,,,,,,,,,,,,,,,,,,,,,,,,,,,,,,,,,,,,,,,,,,,,,,,,,,,,,,,,,,,,,,,,,,,,,8350.0,15309.0,19841.0,22607.0,24302.0,25607.0,26549.0,27452.0,28282.0,28901.0,29408.0,29736.0,30008.0,30268.0,30515.0,30691.0,30838.0,30938.0,31038.0,31123.0,31201.0,31256.0,31326.0,31386.0,31455.0,31503.0,31569.0,31608.0,31663.0,31722.0,31762.0,31799.0,31830.0,31870.0,31913.0,31949.0,31989.0,32036.0,32082.0,32122.0,32146.0,32168.0,32199.0,32229.0,32260.0,32284.0,32319.0,32369.0,32403.0,32434.0,32457.0,32493.0,32519.0,32553.0,32582.0,32610.0,32629.0,32648.0,32668.0,32696.0,32737.0,32761.0,32789.0,32828.0,32863.0,32891.0,32932.0,33003.0,33046.0,33086.0,33118.0,33167
x4ofq8se8B0,,,,,,,,,,,,,,,,,,,,,,,,,,,,,,,,,,,,,,,,,,,,,,,,,,,,,,,,,,,,,,,,,,,,,,,,,,,,,,,,,,,20.0,23.0,23.0,23.0,24.0,25.0,26.0,27.0,28.0,28.0,28.0,28.0,28.0,28.0,29.0,29.0,29.0,29.0,30.0,31.0,31.0,31.0,31.0,31.0,31.0,31.0,31.0,31.0,31.0,31.0,31.0,31.0,31.0,31.0,31.0,31.0,32.0,33.0,33.0,33.0,32.0,32.0,32.0,32.0,32.0,32.0,32.0,32.0,33.0,33.0,33.0,33.0,33.0,33.0,33.0,33.0,33.0,33.0,33.0,33.0,33.0,33.0,33.0,33.0,33.0,33.0,33.0,33.0,33.0,32.0,32.0,32
qN0QYe1lMnk,,,,,,,,,,,,,,,,,,,,,,,,,,,,,,,,,,,,,,,,,,,,,,,,,,,,,,,,,,,,,,,,,,,,,,,,,,,,,,,,,,,82.0,157.0,190.0,202.0,215.0,1240.0,1245.0,1243.0,1247.0,1232.0,1213.0,1209.0,1179.0,1177.0,1172.0,1170.0,1164.0,1145.0,1143.0,1136.0,1126.0,1125.0,1122.0,1107.0,1105.0,1103.0,1102.0,1101.0,1104.0,1104.0,1104.0,1105.0,1105.0,1106.0,1106.0,1106.0,1085.0,1093.0,1095.0,1098.0,1097.0,1098.0,1097.0,1098.0,1098.0,1098.0,1099.0,1100.0,1101.0,1101.0,1103.0,1104.0,1104.0,1105.0,1106.0,1107.0,1108.0,1108.0,1108.0,1107.0,1107.0,1108.0,1108.0,1109.0,1109.0,1108.0,1106.0,1105.0,1104.0,1104.0,1104.0,1105
kG68WXnzSbQ,,,,,,,,,,,,,,,,,,,,,,,,,,,,,,,,,,,,,,,,,,,,,,,,,,,,,,,,,,,,,,,,,,,,,,,,,,,,,,,,,,,18682.0,29000.0,33275.0,35880.0,37457.0,38884.0,40037.0,41070.0,42023.0,42690.0,43195.0,43618.0,44048.0,44455.0,44867.0,45259.0,45522.0,45770.0,46040.0,46315.0,46565.0,46768.0,46995.0,47489.0,48036.0,48400.0,48657.0,48907.0,49126.0,49325.0,49516.0,49699.0,49843.0,49960.0,50082.0,50217.0,50311.0,50432.0,50529.0,50599.0,50689.0,50740.0,50787.0,50841.0,50923.0,50991.0,51062.0,51137.0,51211.0,51274.0,51334.0,51404.0,51448.0,51508.0,51560.0,51619.0,51675.0,51730.0,51791.0,51842.0,51893.0,51948.0,51992.0,52034.0,52078.0,52113.0,52162.0,52205.0,52251.0,52301.0,52345.0,52367
tExRQj5h5H0,,,,,,,,,,,,,,,,,,,,,,,,,,,,,,,,,,,,,,,,,,,,,,,,,,,,,,,,,,,,,,,,,,,,,,,,,,,,,,,,,,,1956.0,2361.0,2693.0,2962.0,3155.0,3318.0,3493.0,3626.0,3737.0,3824.0,3900.0,3974.0,4033.0,4081.0,4100.0,4127.0,4145.0,4173.0,4185.0,4200.0,4209.0,4223.0,4234.0,4249.0,4260.0,4269.0,4282.0,4292.0,4296.0,4300.0,4312.0,4325.0,4337.0,4337.0,4345.0,4355.0,4362.0,4368.0,4373.0,4384.0,4389.0,4399.0,4409.0,4416.0,4418.0,4426.0,4431.0,4435.0,4440.0,4445.0,4452.0,4457.0,4464.0,4466.0,4468.0,4475.0,4481.0,4479.0,4480.0,4482.0,4486.0,4488.0,4493.0,4493.0,4493.0,4495.0,4495.0,4499.0,4509.0,4517.0,4522.0,4524
A8VJqH1emaw,,,,,,,,,,,,,,,,,,,,,,,,,,,,,,,,,,,,,,,,,,,,,,,,,,,,,,,,,,,,,,,,,,,,,,,,,,,,,,,,,,,,,,,,,,,,,,,,,,,,,,,,,,,,,,,,,,,,,,,,,,,,,,,,,,,,,,,,,,,,,,,,,,,,,,,,,,
5IpijccabU4,,,,,,,,,,,,,,,,,,,,,,,,,,,,,,,,,,,,,,,,,,,,,,,,,,,,,,,,,,,,,,,,,,,,,,,,,,,,,,,,,,,3099.0,3867.0,4494.0,4932.0,5191.0,5387.0,5543.0,5679.0,5773.0,5822.0,5859.0,5903.0,5957.0,6014.0,6109.0,6156.0,6189.0,6216.0,6243.0,6265.0,6280.0,6301.0,6320.0,6329.0,6346.0,6360.0,6373.0,6381.0,6399.0,6403.0,6406.0,6416.0,6426.0,6427.0,6430.0,6437.0,6442.0,6445.0,6451.0,6456.0,6461.0,6463.0,6469.0,6478.0,6482.0,6489.0,6495.0,6497.0,6497.0,6500.0,6504.0,6506.0,6511.0,6513.0,6517.0,6519.0,6524.0,6525.0,6528.0,6530.0,6536.0,6536.0,6539.0,6545.0,6550.0,6554.0,6560.0,6562.0,6563.0,6565.0,6566.0,6568
kG68WXnzSbQ,,,,,,,,,,,,,,,,,,,,,,,,,,,,,,,,,,,,,,,,,,,,,,,,,,,,,,,,,,,,,,,,,,,,,,,,,,,,,,,,,,,18682.0,29000.0,33275.0,35880.0,37457.0,38884.0,40037.0,41070.0,42023.0,42690.0,43195.0,43618.0,44048.0,44455.0,44867.0,45259.0,45522.0,45770.0,46040.0,46315.0,46565.0,46768.0,46995.0,47489.0,48036.0,48400.0,48657.0,48907.0,49126.0,49325.0,49516.0,49699.0,49843.0,49960.0,50082.0,50217.0,50311.0,50432.0,50529.0,50599.0,50689.0,50740.0,50787.0,50841.0,50923.0,50991.0,51062.0,51137.0,51211.0,51274.0,51334.0,51404.0,51448.0,51508.0,51560.0,51619.0,51675.0,51730.0,51791.0,51842.0,51893.0,51948.0,51992.0,52034.0,52078.0,52113.0,52162.0,52205.0,52251.0,52301.0,52345.0,52367
wLjzdSye6Rg,,,,,,,,,,,,,,,,,,,,,,,,,,,,,,,,,,,,,,,,,,,,,,,,,,,,,,,,,,,,,,,,,,,,,,,,,,,,,,,,,,,,8.0,8.0,8.0,8.0,8.0,8.0,8.0,8.0,8.0,8.0,8.0,8.0,8.0,8.0,8.0,8.0,8.0,9.0,9.0,9.0,9.0,9.0,9.0,9.0,9.0,9.0,9.0,9.0,9.0,9.0,9.0,9.0,9.0,9.0,9.0,9.0,9.0,9.0,9.0,9.0,9.0,9.0,9.0,9.0,9.0,9.0,9.0,9.0,9.0,9.0,9.0,9.0,9.0,9.0,9.0,9.0,9.0,9.0,9.0,9.0,9.0,9.0,9.0,9.0,9.0,9.0,9.0,9.0,9.0,9.0,9
VS5tx9LrLo0,,,,,,,,,,,,,,,,,,,,,,,,,,,,,,,,,,,,,,,,,,,,,,,,,,,,,,,,,,,,,,,,,,,,,,,,,,,,,,,,,,,,4833.0,8119.0,9808.0,10570.0,11127.0,11546.0,11877.0,12137.0,12326.0,12508.0,12634.0,12724.0,12786.0,12845.0,12905.0,12960.0,13017.0,13068.0,13107.0,13149.0,13172.0,13195.0,13218.0,13242.0,13260.0,13296.0,13313.0,13329.0,13345.0,13364.0,13383.0,13407.0,13431.0,13447.0,13460.0,13469.0,13482.0,13496.0,13510.0,13522.0,13532.0,13538.0,13556.0,13570.0,13577.0,13588.0,13600.0,13605.0,13615.0,13618.0,13626.0,13633.0,13641.0,13652.0,13660.0,13670.0,13668.0,13675.0,13686.0,13687.0,13700.0,13714.0,13722.0,13735.0,13744.0,13748.0,13753.0,13760.0,13769.0,13779.0,13780
C9OxiWmYSyM,,,,,,,,,,,,,,,,,,,,,,,,,,,,,,,,,,,,,,,,,,,,,,,,,,,,,,,,,,,,,,,,,,,,,,,,,,,,,,,,,,,,1435.0,1477.0,1526.0,1565.0,1615.0,1649.0,1702.0,1733.0,1774.0,1814.0,1853.0,1877.0,1907.0,1934.0,1955.0,1985.0,2020.0,2052.0,2075.0,2127.0,2192.0,2238.0,2279.0,2319.0,2375.0,2411.0,2441.0,2470.0,2488.0,2514.0,2543.0,2562.0,2586.0,2608.0,2633.0,2674.0,2700.0,2742.0,2772.0,2800.0,2824.0,2847.0,2870.0,2895.0,2928.0,2961.0,2991.0,3017.0,3043.0,3069.0,3092.0,3104.0,3127.0,3145.0,3163.0,3178.0,3191.0,3203.0,3211.0,3225.0,3242.0,3262.0,3282.0,3289.0,3303.0,3323.0,3334.0,3343.0,3356.0,3361.0,3370
QPp3WTt0ivM,,,,,,,,,,,,,,,,,,,,,,,,,,,,,,,,,,,,,,,,,,,,,,,,,,,,,,,,,,,,,,,,,,,,,,,,,,,,,,,,,,,,97.0,102.0,105.0,107.0,107.0,108.0,110.0,111.0,111.0,112.0,112.0,113.0,114.0,114.0,114.0,114.0,115.0,115.0,116.0,117.0,119.0,119.0,120.0,120.0,120.0,119.0,119.0,120.0,120.0,120.0,120.0,120.0,120.0,120.0,122.0,122.0,122.0,122.0,122.0,122.0,123.0,123.0,123.0,123.0,123.0,123.0,123.0,123.0,123.0,124.0,126.0,126.0,126.0,126.0,126.0,126.0,126.0,126.0,126.0,126.0,126.0,126.0,126.0,126.0,126.0,126.0,126.0,126.0,126.0,126.0,126
qg4KF1DQuuk,,,,,,,,,,,,,,,,,,,,,,,,,,,,,,,,,,,,,,,,,,,,,,,,,,,,,,,,,,,,,,,,,,,,,,,,,,,,,,,,,,,,3976.0,5344.0,6014.0,6487.0,6718.0,6879.0,7049.0,7161.0,7260.0,7354.0,7427.0,7514.0,7580.0,7647.0,7707.0,7733.0,7794.0,7842.0,7921.0,8011.0,8057.0,8134.0,8187.0,8226.0,8267.0,8322.0,8356.0,8383.0,8414.0,8452.0,8464.0,8492.0,8516.0,8541.0,8570.0,8596.0,8625.0,8649.0,8673.0,8690.0,8711.0,8732.0,8743.0,8760.0,8775.0,8794.0,8812.0,8834.0,8854.0,8866.0,8886.0,8912.0,8921.0,8931.0,8937.0,8948.0,8958.0,8973.0,8985.0,8997.0,9008.0,9021.0,9032.0,9048.0,9065.0,9087.0,9112.0,9126.0,9139.0,9155.0,9178
wu7b0oYIMG4,,,,,,,,,,,,,,,,,,,,,,,,,,,,,,,,,,,,,,,,,,,,,,,,,,,,,,,,,,,,,,,,,,,,,,,,,,,,,,,,,,,,196.0,304.0,335.0,349.0,376.0,399.0,420.0,454.0,467.0,478.0,492.0,502.0,509.0,514.0,518.0,525.0,531.0,534.0,539.0,540.0,546.0,550.0,555.0,557.0,559.0,561.0,563.0,567.0,570.0,571.0,572.0,574.0,578.0,580.0,583.0,589.0,591.0,594.0,595.0,598.0,604.0,606.0,609.0,611.0,612.0,613.0,613.0,614.0,615.0,615.0,616.0,617.0,618.0,618.0,620.0,622.0,623.0,624.0,624.0,625.0,627.0,628.0,631.0,632.0,635.0,634.0,634.0,635.0,635.0,636.0,636
msOGCJC-EgI,,,,,,,,,,,,,,,,,,,,,,,,,,,,,,,,,,,,,,,,,,,,,,,,,,,,,,,,,,,,,,,,,,,,,,,,,,,,,,,,,,,,,,,,,,,,,,,,,,,,,,,,,,,,,,,,,,,,,,,,,,,,,,,,,,,,,,,,,,,,,,,,,,,,,,,,,,
b4iVv91Z6lY,,,,,,,,,,,,,,,,,,,,,,,,,,,,,,,,,,,,,,,,,,,,,,,,,,,,,,,,,,,,,,,,,,,,,,,,,,,,,,,,,,,,5777171.0,5836771.0,5885836.0,5925436.0,5962546.0,5997087.0,6030435.0,6094160.0,6127989.0,6156659.0,6180457.0,6200293.0,6218629.0,6242081.0,6258655.0,6274534.0,6289788.0,6304540.0,6317483.0,6329266.0,6341394.0,6352479.0,6362713.0,6372052.0,6380682.0,6387986.0,6394623.0,6401025.0,6407724.0,6413979.0,6420239.0,6426545.0,6431792.0,6436571.0,6441603.0,6446097.0,6451283.0,6456517.0,6461198.0,6465445.0,6469404.0,6473155.0,6477158.0,6481998.0,6487077.0,6492165.0,6496237.0,6500630.0,6505140.0,6509480.0,6514179.0,6518801.0,6523285.0,6527138.0,6531059.0,6534937.0,6538224.0,6542138.0,6546341.0,6550701.0,6554346.0,6558341.0,6562963.0,6567343.0,6571322.0,6575272.0,6579463.0,6583019.0,6586064.0,6589472.0,6592782
KYAsgMDTu6c,,,,,,,,,,,,,,,,,,,,,,,,,,,,,,,,,,,,,,,,,,,,,,,,,,,,,,,,,,,,,,,,,,,,,,,,,,,,,,,,,,,,51.0,57.0,62.0,66.0,68.0,75.0,79.0,82.0,82.0,85.0,85.0,86.0,87.0,88.0,90.0,94.0,95.0,96.0,96.0,97.0,99.0,99.0,99.0,101.0,102.0,104.0,106.0,109.0,111.0,111.0,117.0,120.0,121.0,121.0,122.0,122.0,122.0,122.0,123.0,123.0,123.0,123.0,123.0,123.0,123.0,123.0,123.0,123.0,123.0,123.0,123.0,123.0,123.0,123.0,124.0,124.0,125.0,125.0,125.0,125.0,125.0,125.0,125.0,125.0,126.0,126.0,126.0,126.0,126.0,125.0,125
6At0eXB8PTQ,,,,,,,,,,,,,,,,,,,,,,,,,,,,,,,,,,,,,,,,,,,,,,,,,,,,,,,,,,,,,,,,,,,,,,,,,,,,,,,,,,,,255.0,541.0,666.0,725.0,799.0,854.0,925.0,1014.0,1063.0,1113.0,1147.0,1183.0,1199.0,1222.0,1252.0,1262.0,1274.0,1295.0,1312.0,1328.0,1336.0,1339.0,1353.0,1357.0,1361.0,1365.0,1369.0,1371.0,1377.0,1381.0,1384.0,1387.0,1392.0,1396.0,1397.0,1397.0,1405.0,1408.0,1409.0,1414.0,1417.0,1420.0,1423.0,1428.0,1428.0,1429.0,1429.0,1433.0,1434.0,1437.0,1441.0,1450.0,1458.0,1462.0,1468.0,1472.0,1480.0,1482.0,1485.0,1488.0,1489.0,1491.0,1493.0,1497.0,1497.0,1498.0,1500.0,1501.0,1504.0,1506.0,1511
RHKpIJbwIa8,,,,,,,,,,,,,,,,,,,,,,,,,,,,,,,,,,,,,,,,,,,,,,,,,,,,,,,,,,,,,,,,,,,,,,,,,,,,,,,,,,,,24.0,55.0,80.0,97.0,120.0,143.0,169.0,181.0,203.0,217.0,227.0,241.0,253.0,260.0,268.0,274.0,278.0,283.0,293.0,294.0,302.0,308.0,312.0,323.0,325.0,330.0,332.0,336.0,337.0,343.0,345.0,347.0,349.0,350.0,352.0,353.0,355.0,360.0,362.0,366.0,365.0,367.0,367.0,370.0,375.0,376.0,378.0,382.0,382.0,382.0,385.0,388.0,389.0,390.0,392.0,392.0,392.0,393.0,393.0,393.0,394.0,394.0,395.0,397.0,397.0,398.0,398.0,400.0,401.0,403.0,404
kS0lwh7obpA,,,,,,,,,,,,,,,,,,,,,,,,,,,,,,,,,,,,,,,,,,,,,,,,,,,,,,,,,,,,,,,,,,,,,,,,,,,,,,,,,,,,71.0,158.0,206.0,252.0,299.0,339.0,395.0,442.0,474.0,498.0,525.0,554.0,577.0,599.0,621.0,641.0,658.0,676.0,698.0,717.0,736.0,752.0,777.0,791.0,798.0,805.0,822.0,833.0,841.0,851.0,865.0,875.0,885.0,894.0,902.0,909.0,916.0,928.0,934.0,941.0,948.0,957.0,963.0,971.0,975.0,974.0,976.0,980.0,983.0,986.0,990.0,993.0,997.0,999.0,1007.0,1009.0,1015.0,1020.0,1028.0,1032.0,1033.0,1037.0,1049.0,1051.0,1052.0,1054.0,1053.0,1056.0,1060.0,1064.0,1068
jvOFx6wOkg0,,,,,,,,,,,,,,,,,,,,,,,,,,,,,,,,,,,,,,,,,,,,,,,,,,,,,,,,,,,,,,,,,,,,,,,,,,,,,,,,,,,,98.0,224.0,329.0,440.0,543.0,635.0,751.0,893.0,1012.0,1102.0,1171.0,1234.0,1317.0,1387.0,1444.0,1497.0,1569.0,1627.0,1692.0,1750.0,1820.0,1892.0,1935.0,1978.0,2008.0,2050.0,2090.0,2129.0,2167.0,2206.0,2244.0,2268.0,2302.0,2350.0,2382.0,2401.0,2412.0,2443.0,2466.0,2498.0,2524.0,2543.0,2562.0,2577.0,2596.0,2618.0,2635.0,2651.0,2666.0,2681.0,2694.0,2714.0,2728.0,2746.0,2760.0,2768.0,2782.0,2795.0,2807.0,2817.0,2825.0,2839.0,2854.0,2866.0,2872.0,2885.0,2899.0,2910.0,2926.0,2945.0,2957
1Ni-fIXHqE8,,,,,,,,,,,,,,,,,,,,,,,,,,,,,,,,,,,,,,,,,,,,,,,,,,,,,,,,,,,,,,,,,,,,,,,,,,,,,,,,,,,,223.0,367.0,454.0,523.0,612.0,684.0,734.0,795.0,849.0,884.0,917.0,964.0,1006.0,1041.0,1064.0,1091.0,1115.0,1135.0,1157.0,1174.0,1188.0,1201.0,1214.0,1233.0,1248.0,1262.0,1273.0,1291.0,1301.0,1317.0,1321.0,1333.0,1341.0,1355.0,1372.0,1384.0,1392.0,1402.0,1411.0,1425.0,1435.0,1455.0,1467.0,1488.0,1491.0,1500.0,1513.0,1526.0,1535.0,1545.0,1549.0,1556.0,1558.0,1566.0,1572.0,1585.0,1591.0,1596.0,1605.0,1606.0,1611.0,1617.0,1622.0,1625.0,1631.0,1639.0,1644.0,1648.0,1651.0,1656.0,1660
2_tA7-GQH1A,,,,,,,,,,,,,,,,,,,,,,,,,,,,,,,,,,,,,,,,,,,,,,,,,,,,,,,,,,,,,,,,,,,,,,,,,,,,,,,,,,,,,968.0,1113.0,1197.0,1238.0,1283.0,1328.0,1382.0,1418.0,1447.0,1462.0,1472.0,1485.0,1492.0,1497.0,1505.0,1511.0,1515.0,1519.0,1523.0,1527.0,1536.0,1539.0,1550.0,1553.0,1558.0,1565.0,1569.0,1575.0,1580.0,1586.0,1591.0,1593.0,1599.0,1601.0,1603.0,1609.0,1615.0,1623.0,1628.0,1629.0,1632.0,1633.0,1637.0,1639.0,1642.0,1644.0,1647.0,1651.0,1653.0,1654.0,1658.0,1659.0,1663.0,1663.0,1665.0,1668.0,1673.0,1679.0,1682.0,1683.0,1689.0,1692.0,1696.0,1697.0,1701.0,1705.0,1710.0,1711.0,1715.0,1716
MaCtXQwta_E,,,,,,,,,,,,,,,,,,,,,,,,,,,,,,,,,,,,,,,,,,,,,,,,,,,,,,,,,,,,,,,,,,,,,,,,,,,,,,,,,,,,,1055.0,1965.0,2812.0,3786.0,4527.0,5028.0,5442.0,5704.0,5864.0,5951.0,6033.0,6100.0,6164.0,6223.0,6266.0,6320.0,6365.0,6412.0,6452.0,6480.0,6539.0,6578.0,6604.0,6635.0,6664.0,6686.0,6713.0,6746.0,6765.0,6793.0,6802.0,6816.0,6836.0,6861.0,6885.0,6914.0,6955.0,6982.0,7022.0,7071.0,7099.0,7132.0,7171.0,7199.0,7256.0,7285.0,7317.0,7333.0,7350.0,7379.0,7401.0,7420.0,7439.0,7458.0,7478.0,7492.0,7514.0,7529.0,7544.0,7567.0,7587.0,7610.0,7640.0,7659.0,7673.0,7689.0,7705.0,7722.0,7735.0,7748
SZlfyoPC_c8,,,,,,,,,,,,,,,,,,,,,,,,,,,,,,,,,,,,,,,,,,,,,,,,,,,,,,,,,,,,,,,,,,,,,,,,,,,,,,,,,,,,,313.0,621.0,733.0,804.0,846.0,912.0,975.0,1014.0,1040.0,1055.0,1073.0,1103.0,1118.0,1145.0,1170.0,1184.0,1196.0,1213.0,1223.0,1237.0,1252.0,1263.0,1278.0,1285.0,1289.0,1300.0,1308.0,1318.0,1330.0,1339.0,1348.0,1357.0,1364.0,1371.0,1374.0,1375.0,1381.0,1383.0,1389.0,1394.0,1394.0,1394.0,1395.0,1397.0,1398.0,1403.0,1405.0,1406.0,1410.0,1411.0,1412.0,1412.0,1415.0,1417.0,1420.0,1426.0,1426.0,1429.0,1431.0,1435.0,1440.0,1442.0,1449.0,1449.0,1453.0,1455.0,1455.0,1458.0,1460.0,1465
bQtykP25A-g,,,,,,,,,,,,,,,,,,,,,,,,,,,,,,,,,,,,,,,,,,,,,,,,,,,,,,,,,,,,,,,,,,,,,,,,,,,,,,,,,,,,,1840.0,4388.0,5608.0,6436.0,7054.0,7502.0,8066.0,8434.0,8681.0,8860.0,8970.0,9123.0,9256.0,9374.0,9484.0,9585.0,9750.0,9892.0,10006.0,10090.0,10171.0,10235.0,10301.0,10396.0,10464.0,10529.0,10580.0,10628.0,10668.0,10709.0,10745.0,10772.0,10804.0,10836.0,10882.0,10912.0,10963.0,10989.0,11029.0,11067.0,11100.0,11143.0,11198.0,11247.0,11295.0,11343.0,11378.0,11413.0,11443.0,11481.0,11514.0,11538.0,11567.0,11585.0,11615.0,11632.0,11668.0,11710.0,11730.0,11753.0,11787.0,11822.0,11844.0,11866.0,11878.0,11901.0,11917.0,11945.0,11974.0,11992
8j5WQOjY34Q,,,,,,,,,,,,,,,,,,,,,,,,,,,,,,,,,,,,,,,,,,,,,,,,,,,,,,,,,,,,,,,,,,,,,,,,,,,,,,,,,,,,,7419.0,7982.0,8447.0,8991.0,9502.0,10000.0,10383.0,10760.0,11115.0,11398.0,11671.0,11951.0,12211.0,12460.0,12703.0,12932.0,13155.0,13329.0,13493.0,13636.0,13790.0,13940.0,14087.0,14216.0,14322.0,14422.0,14544.0,14649.0,14748.0,14845.0,14935.0,15001.0,15089.0,15180.0,15260.0,15341.0,15422.0,15484.0,15572.0,15637.0,15711.0,15781.0,15885.0,15949.0,16026.0,16107.0,16172.0,16219.0,16268.0,16321.0,16356.0,16391.0,16418.0,16452.0,16469.0,16505.0,16533.0,16567.0,16588.0,16608.0,16634.0,16653.0,16683.0,16699.0,16728.0,16752.0,16773.0,16786.0,16805.0,16822
XmXy-4oN5Lc,,,,,,,,,,,,,,,,,,,,,,,,,,,,,,,,,,,,,,,,,,,,,,,,,,,,,,,,,,,,,,,,,,,,,,,,,,,,,,,,,,,,,492.0,668.0,763.0,843.0,881.0,919.0,941.0,970.0,1011.0,1026.0,1046.0,1069.0,1079.0,1089.0,1105.0,1118.0,1125.0,1137.0,1155.0,1160.0,1164.0,1169.0,1179.0,1185.0,1189.0,1198.0,1198.0,1204.0,1213.0,1217.0,1222.0,1229.0,1235.0,1245.0,1246.0,1247.0,1252.0,1257.0,1262.0,1267.0,1274.0,1277.0,1283.0,1287.0,1291.0,1297.0,1301.0,1301.0,1304.0,1308.0,1308.0,1311.0,1313.0,1315.0,1317.0,1318.0,1317.0,1319.0,1321.0,1320.0,1323.0,1324.0,1327.0,1331.0,1333.0,1334.0,1337.0,1341.0,1343.0,1344
1mlDoj5ZsDY,,,,,,,,,,,,,,,,,,,,,,,,,,,,,,,,,,,,,,,,,,,,,,,,,,,,,,,,,,,,,,,,,,,,,,,,,,,,,,,,,,,,,231.0,359.0,435.0,498.0,556.0,601.0,641.0,678.0,692.0,702.0,712.0,727.0,733.0,742.0,752.0,758.0,760.0,764.0,768.0,776.0,781.0,787.0,790.0,793.0,799.0,802.0,803.0,804.0,808.0,811.0,813.0,817.0,817.0,817.0,819.0,819.0,821.0,823.0,823.0,825.0,827.0,830.0,830.0,831.0,836.0,839.0,841.0,843.0,844.0,848.0,848.0,850.0,851.0,854.0,856.0,859.0,860.0,863.0,863.0,863.0,865.0,865.0,866.0,867.0,868.0,869.0,871.0,871.0,873.0,875
EU8zYwRc9js,,,,,,,,,,,,,,,,,,,,,,,,,,,,,,,,,,,,,,,,,,,,,,,,,,,,,,,,,,,,,,,,,,,,,,,,,,,,,,,,,,,,,7137.0,11195.0,12336.0,12956.0,13423.0,13802.0,14046.0,14362.0,14582.0,14729.0,14865.0,14988.0,15090.0,15199.0,15297.0,15387.0,15504.0,15611.0,15694.0,15766.0,15838.0,15904.0,15980.0,16044.0,16099.0,16147.0,16211.0,16269.0,16313.0,16401.0,16465.0,16507.0,16546.0,16577.0,16632.0,16698.0,16760.0,16828.0,16868.0,16922.0,16980.0,17017.0,17059.0,17112.0,17170.0,17197.0,17223.0,17243.0,17266.0,17304.0,17331.0,17370.0,17399.0,17421.0,17447.0,17455.0,17504.0,17535.0,17578.0,17609.0,17633.0,17666.0,17699.0,17729.0,17762.0,17795.0,17839.0,17876.0,17914.0,17955
SGpWyUFdG2w,,,,,,,,,,,,,,,,,,,,,,,,,,,,,,,,,,,,,,,,,,,,,,,,,,,,,,,,,,,,,,,,,,,,,,,,,,,,,,,,,,,,,254.0,519.0,630.0,764.0,880.0,958.0,1035.0,1120.0,1177.0,1297.0,1406.0,1494.0,1560.0,1615.0,1668.0,1714.0,1753.0,1798.0,1826.0,1859.0,1880.0,1907.0,1936.0,1958.0,1978.0,2010.0,2029.0,2056.0,2074.0,2102.0,2119.0,2139.0,2187.0,2236.0,2270.0,2293.0,2331.0,2368.0,2395.0,2415.0,2443.0,2473.0,2493.0,2508.0,2526.0,2548.0,2567.0,2586.0,2598.0,2604.0,2611.0,2626.0,2638.0,2659.0,2667.0,2681.0,2698.0,2704.0,2716.0,2727.0,2740.0,2747.0,2753.0,2764.0,2774.0,2788.0,2800.0,2811.0,2812.0,2824
ZoI7nREAwPw,,,,,,,,,,,,,,,,,,,,,,,,,,,,,,,,,,,,,,,,,,,,,,,,,,,,,,,,,,,,,,,,,,,,,,,,,,,,,,,,,,,,,,705.0,721.0,731.0,746.0,761.0,767.0,773.0,780.0,791.0,800.0,805.0,812.0,827.0,851.0,879.0,898.0,919.0,937.0,950.0,964.0,975.0,982.0,994.0,1005.0,1014.0,1019.0,1033.0,1045.0,1052.0,1061.0,1069.0,1074.0,1075.0,1081.0,1089.0,1093.0,1096.0,1099.0,1106.0,1110.0,1118.0,1124.0,1132.0,1138.0,1145.0,1156.0,1164.0,1174.0,1183.0,1189.0,1194.0,1202.0,1206.0,1211.0,1218.0,1222.0,1230.0,1231.0,1235.0,1241.0,1248.0,1253.0,1256.0,1260.0,1261.0,1261.0,1265.0,1272.0,1274
gZt_jJh1vUI,,,,,,,,,,,,,,,,,,,,,,,,,,,,,,,,,,,,,,,,,,,,,,,,,,,,,,,,,,,,,,,,,,,,,,,,,,,,,,,,,,,,,,,79.0,79.0,82.0,82.0,83.0,83.0,84.0,85.0,86.0,86.0,86.0,87.0,87.0,87.0,86.0,86.0,87.0,88.0,89.0,89.0,89.0,90.0,90.0,90.0,90.0,90.0,90.0,91.0,91.0,92.0,93.0,93.0,93.0,94.0,95.0,96.0,96.0,96.0,97.0,97.0,98.0,98.0,98.0,98.0,98.0,98.0,98.0,98.0,98.0,98.0,98.0,98.0,98.0,99.0,99.0,99.0,99.0,99.0,99.0,100.0,101.0,102.0,103.0,103.0,103.0,103.0,103.0,103
bMihQ2wLKMI,,,,,,,,,,,,,,,,,,,,,,,,,,,,,,,,,,,,,,,,,,,,,,,,,,,,,,,,,,,,,,,,,,,,,,,,,,,,,,,,,,,,,,,,,476.0,530.0,556.0,576.0,603.0,625.0,640.0,647.0,653.0,658.0,661.0,666.0,669.0,676.0,678.0,681.0,682.0,686.0,690.0,696.0,702.0,707.0,709.0,712.0,712.0,713.0,714.0,715.0,716.0,716.0,716.0,717.0,721.0,721.0,723.0,724.0,726.0,732.0,735.0,736.0,736.0,736.0,738.0,741.0,743.0,743.0,743.0,743.0,743.0,746.0,746.0,747.0,750.0,750.0,752.0,754.0,755.0,755.0,757.0,759.0,759.0,759.0,761.0,764.0,765.0,765
pN0Po0OdF44,,,,,,,,,,,,,,,,,,,,,,,,,,,,,,,,,,,,,,,,,,,,,,,,,,,,,,,,,,,,,,,,,,,,,,,,,,,,,,,,,,,,,,,152.0,153.0,154.0,155.0,155.0,158.0,157.0,157.0,157.0,157.0,157.0,157.0,158.0,159.0,159.0,159.0,159.0,159.0,159.0,159.0,159.0,158.0,158.0,158.0,158.0,158.0,158.0,158.0,158.0,157.0,157.0,157.0,157.0,157.0,157.0,157.0,157.0,158.0,158.0,158.0,158.0,158.0,158.0,158.0,158.0,158.0,158.0,158.0,158.0,158.0,158.0,158.0,158.0,158.0,158.0,159.0,159.0,159.0,159.0,159.0,159.0,159.0,159.0,159.0,159.0,159.0,159.0,159
vYCZ4xYvsac,,,,,,,,,,,,,,,,,,,,,,,,,,,,,,,,,,,,,,,,,,,,,,,,,,,,,,,,,,,,,,,,,,,,,,,,,,,,,,,,,,,,,,,3389.0,4447.0,5007.0,5540.0,5979.0,6398.0,6813.0,7086.0,7329.0,7516.0,7680.0,7799.0,7891.0,7952.0,8003.0,8052.0,8077.0,8100.0,8125.0,8162.0,8181.0,8203.0,8224.0,8245.0,8268.0,8278.0,8299.0,8314.0,8337.0,8355.0,8375.0,8386.0,8402.0,8406.0,8418.0,8432.0,8446.0,8461.0,8475.0,8487.0,8508.0,8524.0,8536.0,8547.0,8553.0,8561.0,8582.0,8589.0,8595.0,8600.0,8610.0,8616.0,8620.0,8625.0,8631.0,8642.0,8648.0,8650.0,8652.0,8660.0,8660.0,8665.0,8670.0,8675.0,8678.0,8681.0,8684.0,8690
7NlrzMwoU0U,,,,,,,,,,,,,,,,,,,,,,,,,,,,,,,,,,,,,,,,,,,,,,,,,,,,,,,,,,,,,,,,,,,,,,,,,,,,,,,,,,,,,,,32.0,84.0,135.0,215.0,267.0,310.0,366.0,406.0,427.0,447.0,468.0,489.0,509.0,528.0,545.0,553.0,556.0,556.0,559.0,561.0,566.0,569.0,571.0,573.0,574.0,577.0,577.0,581.0,582.0,581.0,582.0,582.0,586.0,590.0,593.0,595.0,600.0,601.0,602.0,604.0,604.0,604.0,608.0,610.0,612.0,613.0,615.0,617.0,621.0,625.0,628.0,630.0,630.0,631.0,632.0,632.0,633.0,633.0,633.0,635.0,637.0,639.0,643.0,644.0,644.0,646.0,649.0,649
yiPTOpGWaeM,,,,,,,,,,,,,,,,,,,,,,,,,,,,,,,,,,,,,,,,,,,,,,,,,,,,,,,,,,,,,,,,,,,,,,,,,,,,,,,,,,,,,,,,19491.0,28631.0,31607.0,33426.0,35037.0,36777.0,38039.0,39042.0,39653.0,40149.0,40515.0,40788.0,41039.0,41307.0,41558.0,41750.0,41889.0,42041.0,42179.0,42344.0,42459.0,42568.0,42656.0,42745.0,42815.0,42892.0,42980.0,43058.0,43140.0,43229.0,43313.0,43376.0,43428.0,43490.0,43558.0,43632.0,43685.0,43731.0,43781.0,43818.0,43860.0,43909.0,43945.0,43986.0,44013.0,44037.0,44069.0,44100.0,44128.0,44152.0,44191.0,44224.0,44254.0,44285.0,44306.0,44324.0,44338.0,44361.0,44381.0,44412.0,44438.0,44468.0,44492.0,44524.0,44544.0,44563.0,44580
x7wLlK9MMN4,,,,,,,,,,,,,,,,,,,,,,,,,,,,,,,,,,,,,,,,,,,,,,,,,,,,,,,,,,,,,,,,,,,,,,,,,,,,,,,,,,,,,,,,62302.0,104267.0,115354.0,121530.0,126188.0,129963.0,132372.0,134251.0,135786.0,136973.0,137907.0,138964.0,140330.0,141179.0,141917.0,142451.0,142906.0,143319.0,143790.0,144148.0,144458.0,144757.0,145028.0,145280.0,145513.0,145699.0,145887.0,146084.0,146282.0,146463.0,146620.0,146747.0,146927.0,147112.0,147244.0,147360.0,147499.0,147595.0,147705.0,147813.0,147922.0,148021.0,148148.0,148251.0,148331.0,148434.0,148529.0,148616.0,148708.0,148784.0,148881.0,148941.0,149025.0,149114.0,149213.0,149311.0,149391.0,149461.0,149541.0,149630.0,149732.0,149844.0,149940.0,150005.0,150084.0,150150.0,150211
jyUGIDbK12I,,,,,,,,,,,,,,,,,,,,,,,,,,,,,,,,,,,,,,,,,,,,,,,,,,,,,,,,,,,,,,,,,,,,,,,,,,,,,,,,,,,,,,,,10887.0,14230.0,15643.0,16701.0,17334.0,17784.0,18118.0,18256.0,18357.0,18465.0,18576.0,18667.0,18738.0,18822.0,18905.0,18967.0,19033.0,19096.0,19165.0,19227.0,19286.0,19324.0,19384.0,19426.0,19476.0,19525.0,19567.0,19609.0,19644.0,19684.0,19712.0,19742.0,19776.0,19811.0,19839.0,19859.0,19888.0,19922.0,19952.0,19985.0,20015.0,20045.0,20072.0,20114.0,20145.0,20166.0,20194.0,20215.0,20251.0,20295.0,20351.0,20396.0,20445.0,20480.0,20515.0,20548.0,20569.0,20595.0,20615.0,20634.0,20656.0,20675.0,20695.0,20706.0,20720.0,20726.0,20746
CAS-rXb-cZs,,,,,,,,,,,,,,,,,,,,,,,,,,,,,,,,,,,,,,,,,,,,,,,,,,,,,,,,,,,,,,,,,,,,,,,,,,,,,,,,,,,,,,,,400.0,400.0,400.0,401.0,401.0,401.0,401.0,401.0,401.0,402.0,402.0,402.0,402.0,402.0,404.0,404.0,405.0,405.0,405.0,406.0,406.0,406.0,406.0,406.0,407.0,408.0,408.0,408.0,408.0,408.0,408.0,408.0,408.0,408.0,409.0,409.0,409.0,409.0,409.0,409.0,409.0,410.0,411.0,411.0,411.0,411.0,411.0,411.0,411.0,410.0,410.0,410.0,410.0,411.0,411.0,411.0,411.0,411.0,411.0,411.0,411.0,411.0,411.0,411.0,411.0,411.0,411
S2qaSh1_sg8,,,,,,,,,,,,,,,,,,,,,,,,,,,,,,,,,,,,,,,,,,,,,,,,,,,,,,,,,,,,,,,,,,,,,,,,,,,,,,,,,,,,,,,,2115.0,2116.0,2120.0,2123.0,2125.0,2129.0,2131.0,2131.0,2134.0,2138.0,2142.0,2145.0,2150.0,2153.0,2153.0,2155.0,2155.0,2157.0,2163.0,2167.0,2169.0,2171.0,2172.0,2174.0,2175.0,2177.0,2178.0,2179.0,2179.0,2180.0,2181.0,2181.0,2185.0,2188.0,2189.0,2192.0,2192.0,2192.0,2191.0,2194.0,2194.0,2195.0,2196.0,2201.0,2205.0,2206.0,2208.0,2209.0,2209.0,2208.0,2209.0,2210.0,2216.0,2220.0,2220.0,2222.0,2223.0,2223.0,2225.0,2227.0,2228.0,2229.0,2230.0,2231.0,2234.0,2235.0,2236
-Wa0StGAjqY,,,,,,,,,,,,,,,,,,,,,,,,,,,,,,,,,,,,,,,,,,,,,,,,,,,,,,,,,,,,,,,,,,,,,,,,,,,,,,,,,,,,,,,,1207.0,1214.0,1224.0,1231.0,1245.0,1255.0,1271.0,1278.0,1287.0,1298.0,1308.0,1314.0,1322.0,1328.0,1336.0,1346.0,1354.0,1362.0,1373.0,1381.0,1388.0,1399.0,1408.0,1416.0,1422.0,1430.0,1438.0,1462.0,1480.0,1495.0,1508.0,1530.0,1546.0,1554.0,1565.0,1576.0,1588.0,1598.0,1603.0,1613.0,1630.0,1641.0,1648.0,1661.0,1668.0,1674.0,1680.0,1686.0,1692.0,1696.0,1703.0,1708.0,1710.0,1715.0,1719.0,1720.0,1727.0,1730.0,1733.0,1736.0,1740.0,1745.0,1753.0,1756.0,1761.0,1768.0,1772
P_iyAH59kCs,,,,,,,,,,,,,,,,,,,,,,,,,,,,,,,,,,,,,,,,,,,,,,,,,,,,,,,,,,,,,,,,,,,,,,,,,,,,,,,,,,,,,,,,64.0,109.0,127.0,136.0,147.0,153.0,162.0,176.0,186.0,192.0,198.0,206.0,214.0,220.0,225.0,229.0,235.0,236.0,240.0,244.0,248.0,250.0,250.0,252.0,259.0,262.0,264.0,269.0,276.0,279.0,283.0,286.0,287.0,288.0,288.0,288.0,292.0,297.0,297.0,297.0,298.0,301.0,303.0,306.0,308.0,308.0,309.0,309.0,309.0,308.0,308.0,308.0,309.0,311.0,313.0,314.0,313.0,313.0,314.0,316.0,316.0,316.0,316.0,316.0,316.0,316.0,316
BjIIlpUmhOQ,,,,,,,,,,,,,,,,,,,,,,,,,,,,,,,,,,,,,,,,,,,,,,,,,,,,,,,,,,,,,,,,,,,,,,,,,,,,,,,,,,,,,,,,245.0,320.0,349.0,379.0,395.0,415.0,441.0,462.0,470.0,480.0,494.0,510.0,544.0,556.0,569.0,579.0,586.0,589.0,593.0,596.0,601.0,601.0,602.0,606.0,608.0,609.0,613.0,617.0,622.0,627.0,629.0,629.0,629.0,631.0,634.0,637.0,638.0,639.0,642.0,644.0,644.0,646.0,646.0,647.0,648.0,645.0,645.0,646.0,646.0,647.0,646.0,646.0,648.0,649.0,649.0,650.0,652.0,651.0,652.0,654.0,655.0,657.0,658.0,658.0,659.0,659.0,659
dmsw-tEenZ0,,,,,,,,,,,,,,,,,,,,,,,,,,,,,,,,,,,,,,,,,,,,,,,,,,,,,,,,,,,,,,,,,,,,,,,,,,,,,,,,,,,,,,,,4648.0,9245.0,10187.0,11273.0,11995.0,12735.0,13381.0,13778.0,14087.0,14374.0,14663.0,14878.0,15068.0,15294.0,15451.0,15561.0,15645.0,15707.0,15759.0,15804.0,15848.0,15889.0,15918.0,15943.0,15978.0,16010.0,16035.0,16071.0,16097.0,16111.0,16131.0,16150.0,16162.0,16183.0,16192.0,16202.0,16217.0,16234.0,16280.0,16339.0,16379.0,16419.0,16461.0,16501.0,16549.0,16610.0,16685.0,16748.0,16796.0,16853.0,16901.0,16970.0,17041.0,17113.0,17182.0,17227.0,17290.0,17348.0,17421.0,17499.0,17567.0,17652.0,17723.0,17770.0,17819.0,17864.0,17904
Gk3sKhxTN74,,,,,,,,,,,,,,,,,,,,,,,,,,,,,,,,,,,,,,,,,,,,,,,,,,,,,,,,,,,,,,,,,,,,,,,,,,,,,,,,,,,,,,,,,3221.0,3532.0,3735.0,3899.0,4054.0,4194.0,4280.0,4336.0,4387.0,4415.0,4442.0,4474.0,4497.0,4519.0,4541.0,4562.0,4588.0,4604.0,4628.0,4646.0,4660.0,4679.0,4693.0,4701.0,4711.0,4728.0,4739.0,4743.0,4749.0,4758.0,4765.0,4777.0,4790.0,4793.0,4804.0,4812.0,4819.0,4823.0,4830.0,4834.0,4836.0,4841.0,4849.0,4853.0,4867.0,4874.0,4882.0,4887.0,4899.0,4908.0,4914.0,4921.0,4926.0,4931.0,4936.0,4943.0,4945.0,4953.0,4958.0,4960.0,4964.0,4967.0,4969.0,4970.0,4979.0,4981
AMwK8YGZGnU,,,,,,,,,,,,,,,,,,,,,,,,,,,,,,,,,,,,,,,,,,,,,,,,,,,,,,,,,,,,,,,,,,,,,,,,,,,,,,,,,,,,,,,,,36591.0,70909.0,81820.0,87878.0,92842.0,95813.0,98525.0,101154.0,103462.0,113130.0,115132.0,116681.0,117890.0,118961.0,119799.0,120514.0,121190.0,121763.0,122339.0,122849.0,123309.0,123775.0,124185.0,124564.0,124942.0,125322.0,125689.0,126002.0,126292.0,126651.0,126955.0,127327.0,127742.0,128127.0,128481.0,128790.0,129068.0,129316.0,129589.0,129873.0,130155.0,130433.0,130697.0,130923.0,131093.0,131305.0,131514.0,131680.0,131819.0,131979.0,132131.0,132257.0,132426.0,132601.0,132819.0,133022.0,133170.0,133318.0,133448.0,133605.0,133770.0,133908.0,134040.0,134158.0,134269.0,134367
bafIMw8apHs,,,,,,,,,,,,,,,,,,,,,,,,,,,,,,,,,,,,,,,,,,,,,,,,,,,,,,,,,,,,,,,,,,,,,,,,,,,,,,,,,,,,,,,,,1319.0,3146.0,3732.0,4175.0,4476.0,4667.0,4829.0,4988.0,5122.0,5230.0,5315.0,5382.0,5442.0,5498.0,5548.0,5598.0,5655.0,5693.0,5731.0,5763.0,5801.0,5841.0,5876.0,5902.0,5930.0,5950.0,5976.0,5985.0,5998.0,6007.0,6012.0,6020.0,6026.0,6029.0,6036.0,6043.0,6043.0,6046.0,6053.0,6063.0,6065.0,6067.0,6072.0,6074.0,6080.0,6089.0,6093.0,6099.0,6103.0,6107.0,6110.0,6112.0,6114.0,6116.0,6119.0,6124.0,6128.0,6141.0,6148.0,6149.0,6152.0,6165.0,6167.0,6171.0,6249.0,6300
aKulGTx2hzY,,,,,,,,,,,,,,,,,,,,,,,,,,,,,,,,,,,,,,,,,,,,,,,,,,,,,,,,,,,,,,,,,,,,,,,,,,,,,,,,,,,,,,,,,622.0,837.0,888.0,918.0,945.0,969.0,1006.0,1027.0,1035.0,1044.0,1053.0,1064.0,1071.0,1075.0,1081.0,1091.0,1095.0,1101.0,1106.0,1110.0,1115.0,1120.0,1125.0,1129.0,1138.0,1145.0,1154.0,1160.0,1166.0,1175.0,1181.0,1181.0,1183.0,1185.0,1187.0,1189.0,1192.0,1197.0,1198.0,1202.0,1203.0,1207.0,1208.0,1209.0,1211.0,1214.0,1218.0,1220.0,1221.0,1223.0,1226.0,1226.0,1226.0,1227.0,1227.0,1229.0,1229.0,1230.0,1232.0,1235.0,1237.0,1238.0,1239.0,1240.0,1241.0,1241
wTeVeqqz1kI,,,,,,,,,,,,,,,,,,,,,,,,,,,,,,,,,,,,,,,,,,,,,,,,,,,,,,,,,,,,,,,,,,,,,,,,,,,,,,,,,,,,,,,,,615.0,616.0,616.0,616.0,616.0,616.0,616.0,616.0,618.0,619.0,620.0,620.0,620.0,620.0,621.0,621.0,623.0,623.0,622.0,622.0,622.0,623.0,623.0,624.0,624.0,624.0,624.0,624.0,625.0,626.0,627.0,627.0,627.0,627.0,627.0,629.0,629.0,629.0,628.0,628.0,629.0,628.0,629.0,629.0,628.0,629.0,629.0,629.0,629.0,629.0,629.0,629.0,629.0,630.0,630.0,630.0,631.0,631.0,631.0,631.0,631.0,631.0,631.0,631.0,632.0,633
mD_zpce3fr8,,,,,,,,,,,,,,,,,,,,,,,,,,,,,,,,,,,,,,,,,,,,,,,,,,,,,,,,,,,,,,,,,,,,,,,,,,,,,,,,,,,,,,,,,3.0,5.0,5.0,5.0,5.0,5.0,5.0,5.0,5.0,5.0,5.0,5.0,5.0,6.0,6.0,6.0,6.0,6.0,6.0,6.0,6.0,6.0,6.0,6.0,6.0,6.0,6.0,6.0,6.0,6.0,6.0,6.0,6.0,6.0,6.0,6.0,6.0,6.0,6.0,6.0,6.0,6.0,7.0,7.0,7.0,7.0,7.0,7.0,7.0,7.0,7.0,7.0,7.0,7.0,7.0,7.0,7.0,7.0,7.0,7.0,7.0,7.0,7.0,7.0,7.0,7
mfX0Zhm9PUA,,,,,,,,,,,,,,,,,,,,,,,,,,,,,,,,,,,,,,,,,,,,,,,,,,,,,,,,,,,,,,,,,,,,,,,,,,,,,,,,,,,,,,,,,,572.0,1069.0,1360.0,1541.0,1658.0,1713.0,1782.0,1834.0,1863.0,1894.0,1932.0,1950.0,1967.0,1979.0,1996.0,2010.0,2017.0,2027.0,2041.0,2045.0,2052.0,2058.0,2062.0,2068.0,2073.0,2081.0,2086.0,2092.0,2101.0,2105.0,2111.0,2121.0,2130.0,2138.0,2147.0,2158.0,2163.0,2173.0,2178.0,2181.0,2186.0,2192.0,2197.0,2197.0,2202.0,2204.0,2210.0,2216.0,2216.0,2217.0,2219.0,2223.0,2223.0,2223.0,2224.0,2224.0,2226.0,2234.0,2236.0,2238.0,2239.0,2244.0,2244.0,2244.0,2250
472MqaZF3kg,,,,,,,,,,,,,,,,,,,,,,,,,,,,,,,,,,,,,,,,,,,,,,,,,,,,,,,,,,,,,,,,,,,,,,,,,,,,,,,,,,,,,,,,,,675.0,1494.0,1760.0,2008.0,2202.0,2362.0,2510.0,2632.0,2728.0,2794.0,2856.0,2906.0,2961.0,3015.0,3049.0,3111.0,3162.0,3216.0,3259.0,3296.0,3325.0,3364.0,3391.0,3412.0,3431.0,3450.0,3467.0,3486.0,3511.0,3529.0,3542.0,3557.0,3567.0,3575.0,3581.0,3589.0,3601.0,3605.0,3612.0,3619.0,3631.0,3637.0,3642.0,3654.0,3661.0,3676.0,3690.0,3696.0,3701.0,3705.0,3717.0,3729.0,3738.0,3743.0,3747.0,3755.0,3760.0,3769.0,3771.0,3776.0,3778.0,3781.0,3784.0,3791.0,3798
lvpNFKmAN3w,,,,,,,,,,,,,,,,,,,,,,,,,,,,,,,,,,,,,,,,,,,,,,,,,,,,,,,,,,,,,,,,,,,,,,,,,,,,,,,,,,,,,,,,,,2249.0,2686.0,3000.0,3445.0,3983.0,4484.0,4800.0,5115.0,5471.0,5715.0,5950.0,6114.0,6266.0,6364.0,6454.0,6511.0,6609.0,6679.0,6770.0,6826.0,6869.0,6932.0,6989.0,7080.0,7159.0,7234.0,7307.0,7363.0,7374.0,7383.0,7396.0,7407.0,7410.0,7417.0,7426.0,7458.0,7505.0,7553.0,7629.0,7699.0,7785.0,7805.0,7810.0,7811.0,7813.0,7819.0,7829.0,7835.0,7835.0,7844.0,7850.0,7852.0,7853.0,7858.0,7862.0,7868.0,7869.0,7876.0,7881.0,7883.0,7890.0,7896.0,7899.0,7908.0,7913
-pJUkl65xy4,,,,,,,,,,,,,,,,,,,,,,,,,,,,,,,,,,,,,,,,,,,,,,,,,,,,,,,,,,,,,,,,,,,,,,,,,,,,,,,,,,,,,,,,,,188.0,228.0,259.0,274.0,286.0,302.0,309.0,318.0,327.0,334.0,341.0,347.0,361.0,364.0,367.0,369.0,370.0,371.0,371.0,375.0,377.0,379.0,379.0,382.0,382.0,382.0,383.0,386.0,388.0,390.0,391.0,392.0,393.0,394.0,394.0,397.0,398.0,399.0,400.0,399.0,399.0,399.0,400.0,400.0,401.0,402.0,402.0,402.0,402.0,402.0,402.0,403.0,403.0,403.0,404.0,404.0,405.0,405.0,405.0,406.0,406.0,406.0,407.0,407.0,408
stvqgbukKPg,,,,,,,,,,,,,,,,,,,,,,,,,,,,,,,,,,,,,,,,,,,,,,,,,,,,,,,,,,,,,,,,,,,,,,,,,,,,,,,,,,,,,,,,,,303.0,734.0,937.0,1088.0,1183.0,1343.0,1471.0,1575.0,1669.0,1747.0,1823.0,1876.0,1953.0,2028.0,2083.0,2120.0,2172.0,2235.0,2294.0,2344.0,2402.0,2449.0,2483.0,2550.0,2586.0,2627.0,2673.0,2722.0,2772.0,2812.0,2847.0,2883.0,2926.0,2977.0,3009.0,3047.0,3083.0,3112.0,3145.0,3177.0,3207.0,3239.0,3267.0,3295.0,3310.0,3334.0,3356.0,3379.0,3400.0,3417.0,3433.0,3453.0,3460.0,3473.0,3483.0,3500.0,3518.0,3536.0,3556.0,3571.0,3586.0,3599.0,3619.0,3628.0,3650
K-F7906Jq9U,,,,,,,,,,,,,,,,,,,,,,,,,,,,,,,,,,,,,,,,,,,,,,,,,,,,,,,,,,,,,,,,,,,,,,,,,,,,,,,,,,,,,,,,,,,48064.0,54572.0,61866.0,64713.0,67502.0,69817.0,71389.0,72556.0,73587.0,74365.0,75013.0,76295.0,77314.0,77943.0,78420.0,78869.0,79353.0,79769.0,80103.0,80353.0,80579.0,80913.0,81168.0,81468.0,81679.0,81900.0,82084.0,82244.0,82378.0,82562.0,82739.0,82921.0,83083.0,83210.0,83341.0,83465.0,83610.0,83767.0,83948.0,84094.0,84244.0,84377.0,84512.0,84663.0,84830.0,84970.0,85104.0,85257.0,85396.0,85522.0,85610.0,85724.0,85853.0,85955.0,86076.0,86183.0,86291.0,86422.0,86532.0,86644.0,86752.0,86860.0,86958.0,87055
y2_dysO89B0,,,,,,,,,,,,,,,,,,,,,,,,,,,,,,,,,,,,,,,,,,,,,,,,,,,,,,,,,,,,,,,,,,,,,,,,,,,,,,,,,,,,,,,,,,,408.0,449.0,491.0,517.0,539.0,549.0,556.0,562.0,567.0,574.0,579.0,581.0,584.0,586.0,587.0,595.0,600.0,604.0,605.0,609.0,610.0,610.0,611.0,615.0,620.0,623.0,626.0,643.0,659.0,668.0,675.0,681.0,686.0,686.0,688.0,690.0,690.0,690.0,690.0,693.0,694.0,695.0,697.0,698.0,701.0,702.0,702.0,702.0,703.0,703.0,705.0,707.0,707.0,708.0,709.0,709.0,710.0,711.0,712.0,712.0,712.0,713.0,714.0,716
xP_nrIzsH-8,,,,,,,,,,,,,,,,,,,,,,,,,,,,,,,,,,,,,,,,,,,,,,,,,,,,,,,,,,,,,,,,,,,,,,,,,,,,,,,,,,,,,,,,,,,6409.0,18335.0,24323.0,27043.0,28878.0,30849.0,32451.0,33611.0,34483.0,35127.0,35599.0,36009.0,36342.0,36643.0,36870.0,37082.0,37273.0,37418.0,37576.0,38085.0,38627.0,38878.0,39095.0,39330.0,39586.0,39783.0,39960.0,40141.0,40331.0,40537.0,40699.0,40818.0,40912.0,41050.0,41176.0,41272.0,41387.0,41495.0,41576.0,41644.0,41717.0,41790.0,41869.0,41973.0,42074.0,42153.0,42234.0,42302.0,42387.0,42459.0,42517.0,42582.0,42645.0,42688.0,42742.0,42826.0,42875.0,42920.0,42960.0,42997.0,43077.0,43141.0,43186.0,43226
5NuJlWcuITs,,,,,,,,,,,,,,,,,,,,,,,,,,,,,,,,,,,,,,,,,,,,,,,,,,,,,,,,,,,,,,,,,,,,,,,,,,,,,,,,,,,,,,,,,,,482.0,686.0,783.0,829.0,853.0,892.0,917.0,963.0,1001.0,1011.0,1023.0,1025.0,1029.0,1035.0,1040.0,1042.0,1045.0,1049.0,1053.0,1056.0,1060.0,1062.0,1066.0,1067.0,1070.0,1074.0,1075.0,1077.0,1080.0,1084.0,1086.0,1086.0,1088.0,1092.0,1092.0,1093.0,1093.0,1094.0,1096.0,1098.0,1100.0,1102.0,1106.0,1111.0,1113.0,1113.0,1113.0,1113.0,1115.0,1115.0,1116.0,1118.0,1119.0,1122.0,1124.0,1125.0,1129.0,1130.0,1131.0,1132.0,1135.0,1135.0,1137.0,1138
5NuJlWcuITs,,,,,,,,,,,,,,,,,,,,,,,,,,,,,,,,,,,,,,,,,,,,,,,,,,,,,,,,,,,,,,,,,,,,,,,,,,,,,,,,,,,,,,,,,,,482.0,686.0,783.0,829.0,853.0,892.0,917.0,963.0,1001.0,1011.0,1023.0,1025.0,1029.0,1035.0,1040.0,1042.0,1045.0,1049.0,1053.0,1056.0,1060.0,1062.0,1066.0,1067.0,1070.0,1074.0,1075.0,1077.0,1080.0,1084.0,1086.0,1086.0,1088.0,1092.0,1092.0,1093.0,1093.0,1094.0,1097.0,1098.0,1100.0,1102.0,1106.0,1111.0,1113.0,1113.0,1113.0,1113.0,1115.0,1115.0,1116.0,1118.0,1119.0,1122.0,1124.0,1125.0,1129.0,1130.0,1131.0,1132.0,1135.0,1135.0,1137.0,1138
qotGIY7DZTc,,,,,,,,,,,,,,,,,,,,,,,,,,,,,,,,,,,,,,,,,,,,,,,,,,,,,,,,,,,,,,,,,,,,,,,,,,,,,,,,,,,,,,,,,,,439.0,651.0,835.0,963.0,1080.0,1197.0,1289.0,1361.0,1454.0,1521.0,1579.0,1636.0,1711.0,1745.0,1765.0,1794.0,1821.0,1836.0,1859.0,1877.0,1899.0,1907.0,1922.0,1933.0,1945.0,1951.0,1966.0,1980.0,2000.0,2011.0,2021.0,2037.0,2055.0,2064.0,2075.0,2084.0,2097.0,2115.0,2123.0,2134.0,2153.0,2171.0,2182.0,2193.0,2207.0,2214.0,2223.0,2234.0,2242.0,2247.0,2253.0,2262.0,2266.0,2276.0,2284.0,2294.0,2298.0,2310.0,2315.0,2326.0,2331.0,2341.0,2347.0,2362
n5k0_F9iJJo,,,,,,,,,,,,,,,,,,,,,,,,,,,,,,,,,,,,,,,,,,,,,,,,,,,,,,,,,,,,,,,,,,,,,,,,,,,,,,,,,,,,,,,,,,,13421.0,14363.0,15078.0,15385.0,15629.0,15786.0,15939.0,16067.0,16187.0,16244.0,16348.0,16421.0,16487.0,16525.0,16564.0,16612.0,16652.0,16680.0,16716.0,16736.0,16761.0,16775.0,16797.0,16813.0,16821.0,16840.0,16867.0,16908.0,16938.0,17017.0,17061.0,17086.0,17115.0,17132.0,17155.0,17183.0,17206.0,17221.0,17241.0,17263.0,17281.0,17291.0,17302.0,17310.0,17317.0,17329.0,17339.0,17344.0,17353.0,17356.0,17362.0,17372.0,17384.0,17395.0,17398.0,17404.0,17415.0,17423.0,17427.0,17434.0,17445.0,17453.0,17459.0,17469
giRRt-26SYI,,,,,,,,,,,,,,,,,,,,,,,,,,,,,,,,,,,,,,,,,,,,,,,,,,,,,,,,,,,,,,,,,,,,,,,,,,,,,,,,,,,,,,,,,,,632.0,696.0,815.0,858.0,885.0,910.0,933.0,949.0,958.0,972.0,978.0,982.0,986.0,989.0,993.0,997.0,1003.0,1004.0,1006.0,1008.0,1007.0,1006.0,1010.0,1014.0,1014.0,1018.0,1020.0,1021.0,1021.0,1026.0,1028.0,1029.0,1029.0,1029.0,1030.0,1032.0,1035.0,1035.0,1036.0,1036.0,1036.0,1040.0,1039.0,1038.0,1038.0,1040.0,1040.0,1041.0,1043.0,1044.0,1045.0,1046.0,1045.0,1045.0,1045.0,1045.0,1046.0,1047.0,1047.0,1051.0,1051.0,1052.0,1052.0,1053
2EFwncas9Z4,,,,,,,,,,,,,,,,,,,,,,,,,,,,,,,,,,,,,,,,,,,,,,,,,,,,,,,,,,,,,,,,,,,,,,,,,,,,,,,,,,,,,,,,,,,,13165.0,25370.0,31476.0,35420.0,38560.0,41335.0,43179.0,44664.0,45787.0,46628.0,47516.0,48237.0,48854.0,49471.0,50086.0,50582.0,51019.0,51396.0,51765.0,52094.0,52375.0,52634.0,52886.0,53093.0,53302.0,53479.0,53637.0,53808.0,54029.0,54253.0,54427.0,54610.0,54762.0,54891.0,55038.0,55179.0,55405.0,55683.0,55875.0,56017.0,56316.0,56568.0,56833.0,57091.0,57255.0,57412.0,57538.0,57642.0,57734.0,57841.0,57954.0,58037.0,58133.0,58217.0,58310.0,58400.0,58460.0,58528.0,58597.0,58664.0,58726.0,58810.0,58873
V_GcryUV3Io,,,,,,,,,,,,,,,,,,,,,,,,,,,,,,,,,,,,,,,,,,,,,,,,,,,,,,,,,,,,,,,,,,,,,,,,,,,,,,,,,,,,,,,,,,,,3425.0,6515.0,7800.0,8846.0,9864.0,10943.0,13091.0,15087.0,16853.0,18171.0,19524.0,21079.0,22527.0,23826.0,24955.0,26021.0,26856.0,27612.0,28337.0,29047.0,29687.0,30348.0,30913.0,31399.0,31854.0,32298.0,32778.0,33236.0,33698.0,34094.0,34515.0,34890.0,35246.0,35619.0,35893.0,36198.0,36434.0,36676.0,36859.0,37073.0,37256.0,37435.0,37607.0,37779.0,37919.0,38067.0,38201.0,38348.0,38489.0,38622.0,38741.0,38848.0,38973.0,39067.0,39176.0,39246.0,39317.0,39411.0,39486.0,39575.0,39661.0,39751.0,39843
QJwZyyQwIpU,,,,,,,,,,,,,,,,,,,,,,,,,,,,,,,,,,,,,,,,,,,,,,,,,,,,,,,,,,,,,,,,,,,,,,,,,,,,,,,,,,,,,,,,,,,,64.0,107.0,115.0,120.0,121.0,123.0,129.0,132.0,143.0,146.0,148.0,150.0,151.0,151.0,153.0,154.0,157.0,159.0,159.0,159.0,160.0,161.0,161.0,162.0,162.0,164.0,167.0,167.0,169.0,171.0,173.0,173.0,174.0,174.0,174.0,174.0,174.0,175.0,175.0,176.0,176.0,177.0,178.0,180.0,180.0,181.0,183.0,183.0,184.0,185.0,186.0,188.0,189.0,191.0,191.0,191.0,191.0,191.0,191.0,191.0,191.0,191.0,192
uwJWPrqe5EM,,,,,,,,,,,,,,,,,,,,,,,,,,,,,,,,,,,,,,,,,,,,,,,,,,,,,,,,,,,,,,,,,,,,,,,,,,,,,,,,,,,,,,,,,,,,3352.0,5158.0,6206.0,6980.0,7687.0,8232.0,8629.0,8871.0,9044.0,9195.0,9358.0,9452.0,9544.0,9619.0,9706.0,9764.0,9808.0,9875.0,9920.0,9955.0,9992.0,10037.0,10072.0,10100.0,10133.0,10157.0,10188.0,10215.0,10238.0,10270.0,10295.0,10324.0,10337.0,10355.0,10370.0,10395.0,10404.0,10413.0,10440.0,10455.0,10467.0,10480.0,10496.0,10511.0,10520.0,10531.0,10542.0,10555.0,10566.0,10579.0,10593.0,10612.0,10621.0,10626.0,10636.0,10652.0,10668.0,10678.0,10686.0,10700.0,10713.0,10728.0,10737
z6qyEfH2D-o,,,,,,,,,,,,,,,,,,,,,,,,,,,,,,,,,,,,,,,,,,,,,,,,,,,,,,,,,,,,,,,,,,,,,,,,,,,,,,,,,,,,,,,,,,,,8949.0,15702.0,18041.0,19429.0,21022.0,22580.0,23731.0,24959.0,26011.0,26514.0,27050.0,27549.0,28017.0,28406.0,28727.0,29001.0,29266.0,29553.0,29828.0,30134.0,30379.0,30606.0,30798.0,30968.0,31150.0,31357.0,31561.0,31781.0,31984.0,32187.0,32360.0,32521.0,32712.0,32878.0,33031.0,33245.0,33383.0,33491.0,33588.0,33699.0,33807.0,33921.0,34030.0,34126.0,34210.0,34309.0,34414.0,34528.0,34641.0,34725.0,34803.0,34878.0,34957.0,35043.0,35140.0,35228.0,35336.0,35429.0,35544.0,35656.0,35752.0,35832.0,35939
S1bfg8s4OV8,,,,,,,,,,,,,,,,,,,,,,,,,,,,,,,,,,,,,,,,,,,,,,,,,,,,,,,,,,,,,,,,,,,,,,,,,,,,,,,,,,,,,,,,,,,,14663.0,19624.0,21385.0,22330.0,23169.0,23911.0,24563.0,25105.0,25429.0,25638.0,25829.0,26082.0,26322.0,26579.0,26771.0,26958.0,27106.0,27209.0,27286.0,27378.0,27440.0,27511.0,27601.0,27696.0,27766.0,27840.0,27927.0,27980.0,28062.0,28151.0,28215.0,28263.0,28304.0,28347.0,28406.0,28459.0,28510.0,28565.0,28687.0,28786.0,28889.0,28961.0,29003.0,29062.0,29126.0,29175.0,29212.0,29269.0,29298.0,29333.0,29362.0,29389.0,29409.0,29437.0,29474.0,29503.0,29520.0,29557.0,29590.0,29611.0,29634.0,29665.0,29689
kcpmKTnAHFM,,,,,,,,,,,,,,,,,,,,,,,,,,,,,,,,,,,,,,,,,,,,,,,,,,,,,,,,,,,,,,,,,,,,,,,,,,,,,,,,,,,,,,,,,,,,3176.0,3188.0,3192.0,3200.0,3210.0,3214.0,3221.0,3225.0,3232.0,3240.0,3249.0,3251.0,3253.0,3257.0,3259.0,3265.0,3271.0,3269.0,3273.0,3277.0,3280.0,3282.0,3284.0,3286.0,3289.0,3292.0,3293.0,3295.0,3296.0,3308.0,3317.0,3322.0,3326.0,3333.0,3337.0,3346.0,3351.0,3354.0,3361.0,3364.0,3371.0,3377.0,3375.0,3377.0,3376.0,3376.0,3376.0,3377.0,3377.0,3377.0,3381.0,3380.0,3385.0,3389.0,3394.0,3394.0,3398.0,3396.0,3398.0,3401.0,3404.0,3403.0,3406
pDL_MH2DsEY,,,,,,,,,,,,,,,,,,,,,,,,,,,,,,,,,,,,,,,,,,,,,,,,,,,,,,,,,,,,,,,,,,,,,,,,,,,,,,,,,,,,,,,,,,,,538.0,538.0,543.0,547.0,548.0,549.0,549.0,550.0,551.0,554.0,555.0,556.0,556.0,557.0,557.0,558.0,559.0,560.0,560.0,560.0,560.0,562.0,561.0,562.0,562.0,563.0,563.0,564.0,567.0,569.0,570.0,572.0,573.0,573.0,574.0,576.0,577.0,579.0,579.0,580.0,580.0,580.0,580.0,578.0,578.0,578.0,579.0,580.0,581.0,582.0,582.0,581.0,581.0,583.0,583.0,583.0,584.0,584.0,586.0,586.0,586.0,584.0,584
bIlVqNb8mYs,,,,,,,,,,,,,,,,,,,,,,,,,,,,,,,,,,,,,,,,,,,,,,,,,,,,,,,,,,,,,,,,,,,,,,,,,,,,,,,,,,,,,,,,,,,,2752.0,2761.0,2772.0,2779.0,2790.0,2799.0,2800.0,2803.0,2811.0,2815.0,2822.0,2827.0,2830.0,2833.0,2841.0,2843.0,2853.0,2857.0,2861.0,2865.0,2865.0,2874.0,2879.0,2886.0,2886.0,2891.0,2896.0,2905.0,2908.0,2915.0,2919.0,2929.0,2937.0,2947.0,2956.0,2960.0,2964.0,2970.0,2973.0,2976.0,2983.0,2988.0,2993.0,2994.0,2996.0,3000.0,3002.0,3002.0,3005.0,3008.0,3012.0,3014.0,3020.0,3026.0,3030.0,3030.0,3034.0,3034.0,3038.0,3040.0,3043.0,3045.0,3048
iSXjamHaMH8,,,,,,,,,,,,,,,,,,,,,,,,,,,,,,,,,,,,,,,,,,,,,,,,,,,,,,,,,,,,,,,,,,,,,,,,,,,,,,,,,,,,,,,,,,,,2136.0,2145.0,2151.0,2156.0,2164.0,2169.0,2172.0,2178.0,2187.0,2192.0,2204.0,2205.0,2214.0,2219.0,2222.0,2224.0,2229.0,2231.0,2235.0,2238.0,2243.0,2248.0,2250.0,2254.0,2256.0,2262.0,2264.0,2272.0,2273.0,2278.0,2287.0,2293.0,2303.0,2310.0,2313.0,2319.0,2320.0,2324.0,2327.0,2329.0,2336.0,2341.0,2342.0,2347.0,2350.0,2352.0,2353.0,2354.0,2358.0,2357.0,2361.0,2361.0,2364.0,2369.0,2371.0,2373.0,2375.0,2377.0,2380.0,2383.0,2386.0,2392.0,2396
2qU19-8hk0g,,,,,,,,,,,,,,,,,,,,,,,,,,,,,,,,,,,,,,,,,,,,,,,,,,,,,,,,,,,,,,,,,,,,,,,,,,,,,,,,,,,,,,,,,,,,1664.0,1796.0,1867.0,1928.0,1971.0,1998.0,2025.0,2069.0,2106.0,2149.0,2181.0,2225.0,2247.0,2273.0,2310.0,2361.0,2407.0,2440.0,2468.0,2499.0,2525.0,2557.0,2608.0,2652.0,2677.0,2688.0,2708.0,2729.0,2766.0,2795.0,2814.0,2838.0,2865.0,2873.0,2882.0,2897.0,2922.0,2939.0,2945.0,2954.0,2965.0,2976.0,2981.0,2999.0,3021.0,3035.0,3042.0,3053.0,3059.0,3067.0,3095.0,3107.0,3122.0,3126.0,3132.0,3134.0,3142.0,3149.0,3160.0,3163.0,3167.0,3175.0,3186
HRtza6h12yU,,,,,,,,,,,,,,,,,,,,,,,,,,,,,,,,,,,,,,,,,,,,,,,,,,,,,,,,,,,,,,,,,,,,,,,,,,,,,,,,,,,,,,,,,,,,871.0,935.0,977.0,1013.0,1028.0,1052.0,1074.0,1100.0,1120.0,1129.0,1140.0,1151.0,1162.0,1164.0,1172.0,1178.0,1185.0,1189.0,1203.0,1214.0,1225.0,1236.0,1246.0,1251.0,1261.0,1268.0,1277.0,1280.0,1293.0,1297.0,1306.0,1311.0,1319.0,1329.0,1338.0,1340.0,1346.0,1349.0,1356.0,1365.0,1372.0,1381.0,1386.0,1394.0,1400.0,1403.0,1405.0,1408.0,1411.0,1418.0,1418.0,1424.0,1429.0,1430.0,1435.0,1439.0,1442.0,1445.0,1449.0,1451.0,1456.0,1460.0,1463
qrzKsS-4lZo,,,,,,,,,,,,,,,,,,,,,,,,,,,,,,,,,,,,,,,,,,,,,,,,,,,,,,,,,,,,,,,,,,,,,,,,,,,,,,,,,,,,,,,,,,,,8510.0,9451.0,9978.0,10310.0,10606.0,10894.0,11167.0,11374.0,11567.0,11739.0,11860.0,11981.0,12079.0,12150.0,12230.0,12321.0,12398.0,12454.0,12505.0,12556.0,12611.0,12655.0,12703.0,12750.0,12794.0,12836.0,12899.0,12955.0,13012.0,13060.0,13109.0,13135.0,13167.0,13201.0,13237.0,13275.0,13300.0,13344.0,13368.0,13401.0,13440.0,13474.0,13497.0,13516.0,13543.0,13568.0,13599.0,13617.0,13624.0,13645.0,13670.0,13695.0,13709.0,13729.0,13742.0,13767.0,13794.0,13820.0,13847.0,13855.0,13872.0,13894.0,13911
npuDCtzhF1k,,,,,,,,,,,,,,,,,,,,,,,,,,,,,,,,,,,,,,,,,,,,,,,,,,,,,,,,,,,,,,,,,,,,,,,,,,,,,,,,,,,,,,,,,,,,4.0,4.0,5.0,6.0,6.0,6.0,6.0,6.0,7.0,7.0,7.0,7.0,7.0,7.0,8.0,8.0,8.0,8.0,8.0,8.0,8.0,8.0,8.0,8.0,8.0,8.0,8.0,8.0,8.0,8.0,8.0,8.0,8.0,8.0,8.0,8.0,8.0,8.0,8.0,8.0,8.0,8.0,8.0,8.0,8.0,8.0,8.0,8.0,8.0,8.0,8.0,8.0,8.0,8.0,8.0,8.0,8.0,8.0,8.0,8.0,8.0,8.0,8
vBifhZtfELE,,,,,,,,,,,,,,,,,,,,,,,,,,,,,,,,,,,,,,,,,,,,,,,,,,,,,,,,,,,,,,,,,,,,,,,,,,,,,,,,,,,,,,,,,,,,26.0,30.0,36.0,41.0,42.0,44.0,47.0,49.0,49.0,49.0,51.0,51.0,56.0,63.0,70.0,80.0,86.0,89.0,92.0,92.0,94.0,98.0,99.0,100.0,100.0,100.0,100.0,101.0,102.0,102.0,102.0,103.0,104.0,104.0,104.0,105.0,105.0,106.0,106.0,106.0,106.0,106.0,106.0,106.0,106.0,106.0,106.0,106.0,106.0,106.0,106.0,106.0,106.0,106.0,106.0,106.0,106.0,107.0,107.0,107.0,107.0,108.0,108
ZB-tSt_8M7M,,,,,,,,,,,,,,,,,,,,,,,,,,,,,,,,,,,,,,,,,,,,,,,,,,,,,,,,,,,,,,,,,,,,,,,,,,,,,,,,,,,,,,,,,,,,,,,,,,,,,,,,,,,,,,,,,,,,,,,,,,,,,,,,,,,,,,,,,,,,,,,,,,,,,,,,,,
fxCe-dQZtIc,,,,,,,,,,,,,,,,,,,,,,,,,,,,,,,,,,,,,,,,,,,,,,,,,,,,,,,,,,,,,,,,,,,,,,,,,,,,,,,,,,,,,,,,,,,,87.0,126.0,140.0,149.0,160.0,166.0,171.0,175.0,179.0,181.0,182.0,183.0,183.0,183.0,185.0,186.0,186.0,187.0,188.0,188.0,189.0,190.0,190.0,191.0,193.0,194.0,194.0,194.0,197.0,198.0,198.0,199.0,200.0,200.0,200.0,200.0,200.0,200.0,200.0,200.0,201.0,201.0,202.0,202.0,202.0,203.0,203.0,203.0,203.0,203.0,203.0,203.0,204.0,203.0,203.0,203.0,204.0,204.0,204.0,204.0,204.0,204.0,204
HJYm0RlFnXE,,,,,,,,,,,,,,,,,,,,,,,,,,,,,,,,,,,,,,,,,,,,,,,,,,,,,,,,,,,,,,,,,,,,,,,,,,,,,,,,,,,,,,,,,,,,,,,,,,,,,,,,,,,,,,,,,,,,,,,,,,,,,,,,,,,,,,,,,,,,,,,,,,,,,,,,,,
P8lUsa619bc,,,,,,,,,,,,,,,,,,,,,,,,,,,,,,,,,,,,,,,,,,,,,,,,,,,,,,,,,,,,,,,,,,,,,,,,,,,,,,,,,,,,,,,,,,,,11.0,20.0,25.0,25.0,26.0,26.0,26.0,26.0,28.0,29.0,29.0,29.0,29.0,29.0,29.0,29.0,29.0,29.0,29.0,29.0,30.0,30.0,31.0,31.0,31.0,31.0,31.0,31.0,31.0,32.0,32.0,33.0,33.0,33.0,34.0,34.0,34.0,34.0,34.0,34.0,35.0,37.0,37.0,38.0,40.0,40.0,41.0,42.0,42.0,42.0,42.0,43.0,43.0,43.0,43.0,43.0,43.0,43.0,43.0,43.0,43.0,44.0,44
Cp3ejSQk7tg,,,,,,,,,,,,,,,,,,,,,,,,,,,,,,,,,,,,,,,,,,,,,,,,,,,,,,,,,,,,,,,,,,,,,,,,,,,,,,,,,,,,,,,,,,,,,2760.0,4903.0,5902.0,6420.0,6706.0,6906.0,7020.0,7129.0,7224.0,7282.0,7344.0,7393.0,7427.0,7482.0,7525.0,7586.0,7640.0,7698.0,7740.0,7778.0,7830.0,7855.0,7885.0,7916.0,7944.0,7964.0,7992.0,8018.0,8049.0,8071.0,8089.0,8100.0,8114.0,8121.0,8124.0,8127.0,8132.0,8140.0,8143.0,8146.0,8159.0,8169.0,8183.0,8196.0,8201.0,8211.0,8219.0,8221.0,8230.0,8234.0,8238.0,8242.0,8245.0,8249.0,8256.0,8259.0,8261.0,8268.0,8282.0,8290.0,8309.0,8320
UOfJCZDqQb0,,,,,,,,,,,,,,,,,,,,,,,,,,,,,,,,,,,,,,,,,,,,,,,,,,,,,,,,,,,,,,,,,,,,,,,,,,,,,,,,,,,,,,,,,,,,,2516.0,2758.0,2933.0,3163.0,3384.0,3650.0,3897.0,4099.0,4276.0,4422.0,4541.0,4619.0,4662.0,4719.0,4777.0,4802.0,4817.0,4843.0,4868.0,4885.0,4894.0,4910.0,4924.0,4932.0,4944.0,4954.0,4959.0,4972.0,4978.0,4983.0,4988.0,4992.0,4997.0,5002.0,5004.0,5006.0,5010.0,5013.0,5025.0,5034.0,5041.0,5045.0,5049.0,5056.0,5058.0,5060.0,5064.0,5069.0,5070.0,5074.0,5080.0,5081.0,5081.0,5081.0,5083.0,5083.0,5088.0,5087.0,5086.0,5089.0,5090.0,5091
Kx6-6lLEc6U,,,,,,,,,,,,,,,,,,,,,,,,,,,,,,,,,,,,,,,,,,,,,,,,,,,,,,,,,,,,,,,,,,,,,,,,,,,,,,,,,,,,,,,,,,,,,4846.0,5277.0,5610.0,5930.0,6248.0,6628.0,6959.0,7129.0,7263.0,7394.0,7495.0,7589.0,7684.0,7736.0,7774.0,7810.0,7837.0,7850.0,7877.0,7904.0,7920.0,7930.0,7946.0,7959.0,7967.0,7969.0,7989.0,7994.0,8008.0,8016.0,8025.0,8032.0,8046.0,8051.0,8062.0,8070.0,8077.0,8078.0,8088.0,8097.0,8105.0,8115.0,8122.0,8129.0,8138.0,8149.0,8155.0,8159.0,8162.0,8168.0,8176.0,8183.0,8185.0,8189.0,8196.0,8200.0,8206.0,8213.0,8223.0,8228.0,8234.0,8236
ygYPwsjyCzQ,,,,,,,,,,,,,,,,,,,,,,,,,,,,,,,,,,,,,,,,,,,,,,,,,,,,,,,,,,,,,,,,,,,,,,,,,,,,,,,,,,,,,,,,,,,,,,,64737.0,124988.0,150611.0,166543.0,179721.0,188424.0,196217.0,202932.0,207313.0,210822.0,214073.0,217544.0,220869.0,223623.0,225988.0,228447.0,230362.0,232136.0,233889.0,235878.0,237714.0,239207.0,240673.0,242097.0,243468.0,244962.0,246310.0,247611.0,248827.0,249934.0,250899.0,251746.0,252635.0,253509.0,254268.0,255026.0,255766.0,256467.0,257193.0,257915.0,258671.0,259416.0,260096.0,260762.0,261338.0,261873.0,262551.0,263189.0,263821.0,264392.0,264938.0,265425.0,265940.0,266513.0,267090.0,267596.0,268101.0,268609.0,269099.0,269600
uflGpiktsHU,,,,,,,,,,,,,,,,,,,,,,,,,,,,,,,,,,,,,,,,,,,,,,,,,,,,,,,,,,,,,,,,,,,,,,,,,,,,,,,,,,,,,,,,,,,,,,,5702.0,6804.0,7304.0,7608.0,7870.0,8155.0,8447.0,8608.0,8650.0,8687.0,8706.0,8715.0,8725.0,8734.0,8753.0,8764.0,8771.0,8776.0,8781.0,8783.0,8782.0,8784.0,8788.0,8789.0,8789.0,8792.0,8795.0,8796.0,8798.0,8798.0,8799.0,8797.0,8798.0,8797.0,8797.0,8796.0,8797.0,8796.0,8797.0,8797.0,8796.0,8796.0,8796.0,8798.0,8800.0,8802.0,8802.0,8802.0,8804.0,8803.0,8805.0,8806.0,8805.0,8806.0,8806.0,8806.0,8807.0,8808.0,8809.0,8810
OZ44P4JU87E,,,,,,,,,,,,,,,,,,,,,,,,,,,,,,,,,,,,,,,,,,,,,,,,,,,,,,,,,,,,,,,,,,,,,,,,,,,,,,,,,,,,,,,,,,,,,,,10993.0,24888.0,31485.0,34826.0,37684.0,40754.0,42902.0,44383.0,45437.0,46173.0,46829.0,47436.0,47996.0,48508.0,48997.0,49401.0,49666.0,49915.0,50152.0,50433.0,50699.0,50943.0,51155.0,51398.0,51702.0,52092.0,52399.0,52667.0,52949.0,53104.0,53273.0,53461.0,53611.0,53793.0,53963.0,54107.0,54255.0,54376.0,54495.0,54625.0,54745.0,54893.0,54989.0,55080.0,55167.0,55239.0,55344.0,55441.0,55511.0,55602.0,55693.0,55772.0,55861.0,55947.0,56051.0,56142.0,56224.0,56302.0,56370.0,56464
b9M9-BtreL4,,,,,,,,,,,,,,,,,,,,,,,,,,,,,,,,,,,,,,,,,,,,,,,,,,,,,,,,,,,,,,,,,,,,,,,,,,,,,,,,,,,,,,,,,,,,,,,10162.0,10518.0,10864.0,11093.0,11230.0,11369.0,11484.0,11589.0,11681.0,11758.0,11822.0,11887.0,11950.0,12007.0,12071.0,12126.0,12178.0,12218.0,12279.0,12324.0,12372.0,12425.0,12473.0,12506.0,12544.0,12578.0,12632.0,12664.0,12705.0,12736.0,12773.0,12817.0,12859.0,12897.0,12921.0,12961.0,13004.0,13057.0,13090.0,13130.0,13171.0,13206.0,13238.0,13271.0,13303.0,13332.0,13363.0,13394.0,13436.0,13462.0,13495.0,13512.0,13551.0,13580.0,13615.0,13643.0,13669.0,13713.0,13738.0,13773
Wtifc7TTHEQ,,,,,,,,,,,,,,,,,,,,,,,,,,,,,,,,,,,,,,,,,,,,,,,,,,,,,,,,,,,,,,,,,,,,,,,,,,,,,,,,,,,,,,,,,,,,,,,953.0,1732.0,2135.0,2371.0,2609.0,2778.0,2942.0,3094.0,3226.0,3352.0,3454.0,3565.0,3698.0,3829.0,3964.0,4100.0,4188.0,4279.0,4378.0,4468.0,4548.0,4624.0,4669.0,4710.0,4736.0,4774.0,4810.0,4835.0,4867.0,4893.0,4922.0,4952.0,4967.0,4990.0,5015.0,5051.0,5091.0,5114.0,5150.0,5187.0,5231.0,5264.0,5308.0,5348.0,5414.0,5464.0,5516.0,5584.0,5640.0,5722.0,5781.0,5817.0,5850.0,5874.0,5910.0,5940.0,5959.0,5977.0,5992.0,6016
KuigNsDB8zw,,,,,,,,,,,,,,,,,,,,,,,,,,,,,,,,,,,,,,,,,,,,,,,,,,,,,,,,,,,,,,,,,,,,,,,,,,,,,,,,,,,,,,,,,,,,,,,2384.0,3289.0,3609.0,3804.0,4037.0,4147.0,4227.0,4294.0,4338.0,4381.0,4415.0,4438.0,4462.0,4475.0,4491.0,4507.0,4520.0,4533.0,4554.0,4571.0,4586.0,4596.0,4606.0,4611.0,4615.0,4623.0,4633.0,4639.0,4649.0,4658.0,4662.0,4669.0,4673.0,4680.0,4682.0,4684.0,4691.0,4695.0,4699.0,4701.0,4708.0,4710.0,4719.0,4725.0,4732.0,4740.0,4746.0,4750.0,4760.0,4763.0,4766.0,4773.0,4776.0,4785.0,4790.0,4793.0,4798.0,4801.0,4806.0,4809
vopGeyv646g,,,,,,,,,,,,,,,,,,,,,,,,,,,,,,,,,,,,,,,,,,,,,,,,,,,,,,,,,,,,,,,,,,,,,,,,,,,,,,,,,,,,,,,,,,,,,,,,391.0,595.0,628.0,642.0,653.0,661.0,672.0,680.0,686.0,689.0,693.0,694.0,697.0,700.0,701.0,702.0,704.0,705.0,708.0,709.0,708.0,710.0,711.0,711.0,710.0,710.0,711.0,711.0,711.0,711.0,711.0,713.0,713.0,713.0,713.0,713.0,712.0,712.0,712.0,712.0,713.0,712.0,713.0,713.0,713.0,713.0,713.0,713.0,713.0,713.0,713.0,713.0,713.0,713.0,712.0,712.0,712.0,713.0,714
SNn_H_Q2moo,,,,,,,,,,,,,,,,,,,,,,,,,,,,,,,,,,,,,,,,,,,,,,,,,,,,,,,,,,,,,,,,,,,,,,,,,,,,,,,,,,,,,,,,,,,,,,,,35278.0,53115.0,60839.0,67003.0,71675.0,74780.0,77828.0,80408.0,82716.0,84766.0,87058.0,89165.0,91012.0,92813.0,94478.0,95975.0,97450.0,98718.0,100000.0,101084.0,102027.0,102916.0,103725.0,104439.0,105283.0,106008.0,106674.0,107254.0,107821.0,108290.0,108763.0,109185.0,109696.0,110112.0,110454.0,110790.0,111165.0,111514.0,111835.0,112211.0,112519.0,112782.0,113061.0,113386.0,113661.0,113894.0,114192.0,114450.0,114651.0,114817.0,114994.0,115172.0,115339.0,115563.0,115744.0,115889.0,116029.0,116222.0,116383
MfipEXSvtjg,,,,,,,,,,,,,,,,,,,,,,,,,,,,,,,,,,,,,,,,,,,,,,,,,,,,,,,,,,,,,,,,,,,,,,,,,,,,,,,,,,,,,,,,,,,,,,,,19021.0,44891.0,56867.0,63111.0,67662.0,70494.0,72509.0,73935.0,75002.0,76003.0,77240.0,78269.0,79085.0,79734.0,80324.0,81014.0,81757.0,82473.0,83171.0,83788.0,84316.0,84820.0,85375.0,85879.0,86363.0,86909.0,87379.0,87848.0,88236.0,88596.0,88968.0,89321.0,89699.0,90032.0,90367.0,90662.0,90916.0,91167.0,91420.0,91656.0,91908.0,92119.0,92331.0,92563.0,92745.0,92950.0,93165.0,93451.0,93730.0,93932.0,94155.0,94441.0,94694.0,94990.0,95222.0,95445.0,95659.0,95854.0,96018
23m3sKBgf7E,,,,,,,,,,,,,,,,,,,,,,,,,,,,,,,,,,,,,,,,,,,,,,,,,,,,,,,,,,,,,,,,,,,,,,,,,,,,,,,,,,,,,,,,,,,,,,,,69.0,74.0,80.0,82.0,84.0,84.0,84.0,85.0,85.0,85.0,85.0,85.0,85.0,86.0,86.0,86.0,86.0,86.0,86.0,86.0,86.0,86.0,86.0,86.0,88.0,88.0,89.0,89.0,89.0,90.0,90.0,90.0,90.0,90.0,90.0,90.0,90.0,90.0,90.0,90.0,90.0,90.0,90.0,90.0,90.0,90.0,91.0,91.0,91.0,91.0,91.0,91.0,91.0,91.0,91.0,92.0,92.0,92.0,92
-QBw5I4kn3g,,,,,,,,,,,,,,,,,,,,,,,,,,,,,,,,,,,,,,,,,,,,,,,,,,,,,,,,,,,,,,,,,,,,,,,,,,,,,,,,,,,,,,,,,,,,,,,,166.0,182.0,198.0,212.0,221.0,227.0,230.0,231.0,233.0,236.0,236.0,239.0,238.0,239.0,239.0,241.0,243.0,243.0,244.0,244.0,245.0,246.0,247.0,247.0,246.0,246.0,247.0,250.0,250.0,250.0,250.0,250.0,251.0,252.0,252.0,252.0,252.0,253.0,254.0,256.0,256.0,256.0,255.0,255.0,255.0,255.0,256.0,257.0,258.0,258.0,259.0,259.0,259.0,261.0,262.0,262.0,263.0,263.0,263
rWzLBz2O4L8,,,,,,,,,,,,,,,,,,,,,,,,,,,,,,,,,,,,,,,,,,,,,,,,,,,,,,,,,,,,,,,,,,,,,,,,,,,,,,,,,,,,,,,,,,,,,,,,74.0,88.0,96.0,100.0,108.0,119.0,122.0,124.0,131.0,133.0,135.0,135.0,136.0,138.0,138.0,139.0,139.0,141.0,141.0,143.0,144.0,144.0,144.0,147.0,149.0,150.0,151.0,153.0,153.0,153.0,154.0,153.0,154.0,155.0,156.0,156.0,156.0,156.0,156.0,157.0,157.0,157.0,157.0,156.0,157.0,159.0,160.0,160.0,160.0,160.0,160.0,160.0,160.0,161.0,161.0,161.0,161.0,161.0,161
6S-_nPxtTnY,,,,,,,,,,,,,,,,,,,,,,,,,,,,,,,,,,,,,,,,,,,,,,,,,,,,,,,,,,,,,,,,,,,,,,,,,,,,,,,,,,,,,,,,,,,,,,,,2581.0,2976.0,3235.0,3639.0,3958.0,4247.0,4496.0,4695.0,4802.0,4912.0,5007.0,5102.0,5200.0,5305.0,5395.0,5473.0,5541.0,5640.0,5726.0,5776.0,5825.0,5882.0,5942.0,5990.0,6031.0,6079.0,6104.0,6140.0,6175.0,6215.0,6249.0,6290.0,6321.0,6351.0,6379.0,6417.0,6443.0,6468.0,6493.0,6552.0,6584.0,6622.0,6651.0,6682.0,6730.0,6758.0,6790.0,6816.0,6847.0,6873.0,6907.0,6934.0,6967.0,6999.0,7023.0,7052.0,7086.0,7125.0,7168
7IGZhI_1E6g,,,,,,,,,,,,,,,,,,,,,,,,,,,,,,,,,,,,,,,,,,,,,,,,,,,,,,,,,,,,,,,,,,,,,,,,,,,,,,,,,,,,,,,,,,,,,,,,87.0,93.0,101.0,105.0,106.0,108.0,110.0,110.0,111.0,113.0,113.0,113.0,113.0,114.0,114.0,114.0,114.0,114.0,115.0,115.0,116.0,116.0,116.0,116.0,116.0,116.0,117.0,118.0,119.0,119.0,119.0,119.0,118.0,118.0,118.0,118.0,118.0,118.0,118.0,118.0,118.0,118.0,118.0,118.0,117.0,117.0,117.0,117.0,117.0,117.0,118.0,118.0,118.0,118.0,118.0,118.0,118.0,118.0,118
yHsJpkQtaus,,,,,,,,,,,,,,,,,,,,,,,,,,,,,,,,,,,,,,,,,,,,,,,,,,,,,,,,,,,,,,,,,,,,,,,,,,,,,,,,,,,,,,,,,,,,,,,,557.0,600.0,645.0,690.0,733.0,768.0,792.0,825.0,863.0,898.0,926.0,948.0,972.0,996.0,1022.0,1038.0,1062.0,1082.0,1106.0,1125.0,1142.0,1156.0,1169.0,1184.0,1208.0,1232.0,1243.0,1259.0,1280.0,1295.0,1312.0,1323.0,1337.0,1348.0,1356.0,1363.0,1374.0,1385.0,1408.0,1416.0,1429.0,1444.0,1452.0,1461.0,1468.0,1473.0,1481.0,1485.0,1493.0,1500.0,1510.0,1521.0,1531.0,1535.0,1541.0,1551.0,1561.0,1566.0,1574
7abcAxCg2LA,,,,,,,,,,,,,,,,,,,,,,,,,,,,,,,,,,,,,,,,,,,,,,,,,,,,,,,,,,,,,,,,,,,,,,,,,,,,,,,,,,,,,,,,,,,,,,,,33.0,37.0,39.0,40.0,41.0,43.0,45.0,45.0,45.0,45.0,45.0,45.0,45.0,45.0,45.0,45.0,45.0,45.0,45.0,45.0,45.0,45.0,45.0,46.0,46.0,46.0,46.0,47.0,47.0,47.0,47.0,47.0,47.0,47.0,47.0,47.0,47.0,47.0,47.0,47.0,47.0,47.0,47.0,47.0,47.0,47.0,47.0,47.0,47.0,47.0,47.0,47.0,47.0,47.0,47.0,47.0,47.0,47.0,47
2yj0FlkF6VE,,,,,,,,,,,,,,,,,,,,,,,,,,,,,,,,,,,,,,,,,,,,,,,,,,,,,,,,,,,,,,,,,,,,,,,,,,,,,,,,,,,,,,,,,,,,,,,,15690.0,24453.0,27952.0,29690.0,30977.0,31774.0,32580.0,33046.0,33363.0,33588.0,33768.0,33929.0,34047.0,34433.0,34812.0,35040.0,35236.0,35410.0,35604.0,35776.0,35917.0,36016.0,36109.0,36192.0,36259.0,36340.0,36401.0,36444.0,36472.0,36496.0,36526.0,36558.0,36576.0,36600.0,36623.0,36649.0,36667.0,36685.0,36693.0,36725.0,36740.0,36761.0,36782.0,36807.0,36819.0,36835.0,36854.0,36874.0,36886.0,36891.0,36906.0,36920.0,36928.0,36941.0,36955.0,36973.0,36987.0,37006.0,37021
oEcfOzYWLSY,,,,,,,,,,,,,,,,,,,,,,,,,,,,,,,,,,,,,,,,,,,,,,,,,,,,,,,,,,,,,,,,,,,,,,,,,,,,,,,,,,,,,,,,,,,,,,,,8672.0,9460.0,10068.0,10413.0,10658.0,10856.0,11010.0,11131.0,11226.0,11302.0,11361.0,11415.0,11463.0,11499.0,11544.0,11602.0,11643.0,11672.0,11701.0,11756.0,11788.0,11814.0,11869.0,11900.0,11935.0,11965.0,11989.0,12009.0,12022.0,12038.0,12051.0,12065.0,12086.0,12103.0,12113.0,12120.0,12128.0,12138.0,12151.0,12164.0,12175.0,12183.0,12200.0,12207.0,12208.0,12216.0,12219.0,12222.0,12236.0,12243.0,12249.0,12260.0,12272.0,12280.0,12290.0,12302.0,12315.0,12330.0,12336
OIGPIiPplTc,,,,,,,,,,,,,,,,,,,,,,,,,,,,,,,,,,,,,,,,,,,,,,,,,,,,,,,,,,,,,,,,,,,,,,,,,,,,,,,,,,,,,,,,,,,,,,,,,5824.0,9025.0,10223.0,11099.0,11743.0,12302.0,12818.0,13217.0,13574.0,13837.0,14103.0,14368.0,14598.0,14793.0,14976.0,15115.0,15276.0,15465.0,15621.0,15745.0,15839.0,15939.0,16017.0,16094.0,16179.0,16272.0,16342.0,16388.0,16450.0,16487.0,16541.0,16601.0,16655.0,16723.0,16780.0,16838.0,16896.0,16969.0,17040.0,17099.0,17140.0,17181.0,17224.0,17265.0,17298.0,17348.0,17395.0,17422.0,17445.0,17481.0,17512.0,17539.0,17567.0,17611.0,17636.0,17664.0,17692.0,17726
wRZ1MdBoUq0,,,,,,,,,,,,,,,,,,,,,,,,,,,,,,,,,,,,,,,,,,,,,,,,,,,,,,,,,,,,,,,,,,,,,,,,,,,,,,,,,,,,,,,,,,,,,,,,,5531.0,11688.0,14154.0,15811.0,17053.0,18301.0,19180.0,19857.0,20364.0,20844.0,21268.0,21636.0,22013.0,22365.0,22695.0,22946.0,23208.0,23466.0,23725.0,23967.0,24182.0,24401.0,24635.0,24854.0,25058.0,25256.0,25458.0,25591.0,25752.0,25907.0,26138.0,26342.0,26480.0,26684.0,26851.0,27026.0,27165.0,27310.0,27449.0,27608.0,27773.0,27907.0,28033.0,28146.0,28260.0,28409.0,28543.0,28668.0,28770.0,28890.0,28992.0,29092.0,29197.0,29318.0,29421.0,29538.0,29655.0,29761
1vcwOOfbr7g,,,,,,,,,,,,,,,,,,,,,,,,,,,,,,,,,,,,,,,,,,,,,,,,,,,,,,,,,,,,,,,,,,,,,,,,,,,,,,,,,,,,,,,,,,,,,,,,,278.0,387.0,411.0,420.0,438.0,444.0,448.0,455.0,461.0,465.0,466.0,470.0,472.0,476.0,479.0,479.0,480.0,483.0,484.0,485.0,490.0,490.0,490.0,492.0,492.0,492.0,492.0,493.0,495.0,495.0,495.0,497.0,497.0,496.0,496.0,496.0,496.0,497.0,497.0,497.0,497.0,497.0,497.0,498.0,498.0,498.0,500.0,500.0,500.0,500.0,500.0,502.0,502.0,503.0,503.0,504.0,505.0,505
rsZwrTNklos,,,,,,,,,,,,,,,,,,,,,,,,,,,,,,,,,,,,,,,,,,,,,,,,,,,,,,,,,,,,,,,,,,,,,,,,,,,,,,,,,,,,,,,,,,,,,,,,,9459.0,19773.0,24758.0,27860.0,29783.0,31595.0,33017.0,34139.0,35072.0,35873.0,36585.0,37178.0,37674.0,38203.0,38695.0,39009.0,39263.0,39552.0,39759.0,40017.0,40207.0,40433.0,40792.0,41077.0,41320.0,41589.0,41901.0,42197.0,42400.0,42629.0,42871.0,43159.0,43442.0,43682.0,43917.0,44111.0,44310.0,44556.0,44837.0,45104.0,45320.0,45555.0,45759.0,45932.0,46163.0,46454.0,46797.0,47238.0,47671.0,48164.0,48640.0,49138.0,49720.0,50254.0,51134.0,51639.0,52157.0,52538
62BGFV9A2Ig,,,,,,,,,,,,,,,,,,,,,,,,,,,,,,,,,,,,,,,,,,,,,,,,,,,,,,,,,,,,,,,,,,,,,,,,,,,,,,,,,,,,,,,,,,,,,,,,,547.0,1226.0,1587.0,1852.0,2038.0,2179.0,2288.0,2368.0,2407.0,2445.0,2476.0,2495.0,2506.0,2525.0,2540.0,2554.0,2567.0,2581.0,2603.0,2616.0,2629.0,2653.0,2667.0,2690.0,2705.0,2717.0,2728.0,2754.0,2766.0,2777.0,2795.0,2805.0,2821.0,2827.0,2835.0,2838.0,2859.0,2881.0,2890.0,2895.0,2902.0,2906.0,2911.0,2919.0,2925.0,2932.0,2936.0,2939.0,2944.0,2950.0,2954.0,2958.0,2963.0,2969.0,2972.0,2978.0,2983.0,2989
ZJm1CtGefsk,,,,,,,,,,,,,,,,,,,,,,,,,,,,,,,,,,,,,,,,,,,,,,,,,,,,,,,,,,,,,,,,,,,,,,,,,,,,,,,,,,,,,,,,,,,,,,,,,35.0,40.0,54.0,63.0,71.0,73.0,79.0,81.0,88.0,92.0,94.0,97.0,98.0,103.0,105.0,109.0,112.0,117.0,126.0,129.0,135.0,141.0,147.0,159.0,168.0,176.0,182.0,187.0,188.0,195.0,203.0,210.0,215.0,225.0,232.0,236.0,238.0,243.0,249.0,255.0,259.0,269.0,274.0,282.0,288.0,289.0,294.0,302.0,310.0,313.0,319.0,321.0,330.0,333.0,335.0,340.0,347.0,354
_F8i7y5D_aM,,,,,,,,,,,,,,,,,,,,,,,,,,,,,,,,,,,,,,,,,,,,,,,,,,,,,,,,,,,,,,,,,,,,,,,,,,,,,,,,,,,,,,,,,,,,,,,,,66.0,76.0,81.0,89.0,94.0,95.0,99.0,105.0,108.0,113.0,114.0,114.0,116.0,118.0,125.0,131.0,132.0,134.0,137.0,140.0,142.0,142.0,142.0,143.0,144.0,144.0,145.0,145.0,146.0,146.0,146.0,146.0,146.0,146.0,147.0,147.0,147.0,147.0,150.0,150.0,150.0,150.0,153.0,153.0,153.0,153.0,153.0,153.0,153.0,154.0,155.0,155.0,155.0,155.0,155.0,155.0,156.0,156
knsvd1s25hQ,,,,,,,,,,,,,,,,,,,,,,,,,,,,,,,,,,,,,,,,,,,,,,,,,,,,,,,,,,,,,,,,,,,,,,,,,,,,,,,,,,,,,,,,,,,,,,,,,1606.0,4812.0,6888.0,8376.0,9391.0,10107.0,10653.0,10978.0,11194.0,11386.0,11527.0,11630.0,11716.0,11780.0,11828.0,11884.0,11940.0,11986.0,12031.0,12054.0,12071.0,12095.0,12116.0,12154.0,12175.0,12184.0,12201.0,12217.0,12230.0,12241.0,12245.0,12255.0,12270.0,12280.0,12288.0,12292.0,12301.0,12312.0,12316.0,12320.0,12321.0,12329.0,12333.0,12337.0,12342.0,12345.0,12350.0,12354.0,12361.0,12364.0,12371.0,12375.0,12380.0,12383.0,12384.0,12386.0,12386.0,12403
aylyn0E-PbA,,,,,,,,,,,,,,,,,,,,,,,,,,,,,,,,,,,,,,,,,,,,,,,,,,,,,,,,,,,,,,,,,,,,,,,,,,,,,,,,,,,,,,,,,,,,,,,,,,,,,,,,,,,,,,,,,,,,,,,,,,,,,,,,,,,,,,,,,,,,,,,,,,,,,,,,,,
YEMBk076jGM,,,,,,,,,,,,,,,,,,,,,,,,,,,,,,,,,,,,,,,,,,,,,,,,,,,,,,,,,,,,,,,,,,,,,,,,,,,,,,,,,,,,,,,,,,,,,,,,,,30207.0,67649.0,79567.0,86222.0,90771.0,94643.0,98044.0,100844.0,103070.0,105039.0,106507.0,107881.0,109286.0,110599.0,111706.0,112485.0,113191.0,113906.0,114543.0,115188.0,115756.0,116247.0,116750.0,117305.0,117773.0,118174.0,118539.0,118806.0,119067.0,119328.0,119636.0,119892.0,120108.0,120341.0,120538.0,120713.0,120916.0,121151.0,121346.0,121502.0,121687.0,121852.0,122027.0,122222.0,122393.0,122534.0,122690.0,122806.0,122919.0,123063.0,123229.0,123396.0,123536.0,123665.0,123793.0,123904.0,124036
7F1ET2XHQfk,,,,,,,,,,,,,,,,,,,,,,,,,,,,,,,,,,,,,,,,,,,,,,,,,,,,,,,,,,,,,,,,,,,,,,,,,,,,,,,,,,,,,,,,,,,,,,,,,,56521.0,581388.0,666033.0,711792.0,740873.0,763229.0,779798.0,793874.0,806142.0,817310.0,828053.0,836305.0,844436.0,851780.0,859428.0,866652.0,874648.0,881853.0,887609.0,892849.0,898269.0,904047.0,910754.0,917548.0,923795.0,929048.0,933664.0,938185.0,942480.0,947048.0,952060.0,957022.0,960731.0,964272.0,967827.0,971507.0,975314.0,979523.0,983565.0,986703.0,989705.0,992910.0,995798.0,999465.0,1003637.0,1007665.0,1010899.0,1014207.0,1017778.0,1020994.0,1024093.0,1027613.0,1031019.0,1033989.0,1036486.0,1039111.0,1041890
dKmPEhJ4wjY,,,,,,,,,,,,,,,,,,,,,,,,,,,,,,,,,,,,,,,,,,,,,,,,,,,,,,,,,,,,,,,,,,,,,,,,,,,,,,,,,,,,,,,,,,,,,,,,,,449642.0,528559.0,578710.0,608679.0,628449.0,643275.0,656358.0,666892.0,675621.0,686834.0,705863.0,719381.0,730018.0,737892.0,744881.0,751303.0,757781.0,763465.0,767872.0,771683.0,775121.0,778564.0,782240.0,785836.0,789071.0,791785.0,794409.0,796961.0,799283.0,801859.0,804366.0,806718.0,808563.0,810435.0,812117.0,813743.0,815579.0,817529.0,819403.0,820876.0,822346.0,824033.0,825686.0,828202.0,830299.0,832288.0,833944.0,835417.0,837032.0,838489.0,839849.0,841255.0,842561.0,843709.0,844697.0,845687.0,846640
tCnVbA-f7qA,,,,,,,,,,,,,,,,,,,,,,,,,,,,,,,,,,,,,,,,,,,,,,,,,,,,,,,,,,,,,,,,,,,,,,,,,,,,,,,,,,,,,,,,,,,,,,,,,,83.0,83.0,82.0,82.0,82.0,82.0,82.0,82.0,82.0,82.0,82.0,82.0,82.0,82.0,82.0,82.0,82.0,82.0,83.0,83.0,83.0,83.0,83.0,83.0,83.0,83.0,84.0,84.0,84.0,84.0,84.0,84.0,84.0,84.0,84.0,84.0,84.0,84.0,84.0,84.0,84.0,84.0,85.0,85.0,85.0,86.0,86.0,86.0,86.0,86.0,86.0,86.0,86.0,86.0,86.0,86.0,86
tzGw9LOZhDA,,,,,,,,,,,,,,,,,,,,,,,,,,,,,,,,,,,,,,,,,,,,,,,,,,,,,,,,,,,,,,,,,,,,,,,,,,,,,,,,,,,,,,,,,,,,,,,,,,19270.0,20159.0,21369.0,22612.0,24057.0,25292.0,26418.0,27918.0,29819.0,32796.0,36875.0,41678.0,46492.0,51301.0,56169.0,60190.0,63778.0,66963.0,70101.0,74900.0,80612.0,86267.0,91829.0,97138.0,102586.0,107191.0,110724.0,114064.0,117760.0,121435.0,125212.0,129044.0,132264.0,135040.0,137798.0,140779.0,143887.0,147218.0,150704.0,153951.0,157201.0,160458.0,163299.0,166267.0,168934.0,171299.0,173122.0,174714.0,176219.0,177774.0,179258.0,180884.0,182749.0,184520.0,186128.0,187704.0,189180
MTjaH8Nk4m8,,,,,,,,,,,,,,,,,,,,,,,,,,,,,,,,,,,,,,,,,,,,,,,,,,,,,,,,,,,,,,,,,,,,,,,,,,,,,,,,,,,,,,,,,,,,,,,,,,27.0,28.0,29.0,30.0,31.0,31.0,32.0,32.0,32.0,33.0,33.0,33.0,33.0,34.0,34.0,34.0,34.0,34.0,34.0,34.0,34.0,34.0,34.0,34.0,34.0,34.0,34.0,34.0,34.0,34.0,34.0,34.0,34.0,34.0,34.0,34.0,34.0,34.0,34.0,34.0,34.0,34.0,34.0,34.0,34.0,34.0,34.0,34.0,34.0,34.0,34.0,34.0,34.0,34.0,34.0,34.0,34
bMqP5bv1emI,,,,,,,,,,,,,,,,,,,,,,,,,,,,,,,,,,,,,,,,,,,,,,,,,,,,,,,,,,,,,,,,,,,,,,,,,,,,,,,,,,,,,,,,,,,,,,,,,,35.0,97.0,305.0,345.0,394.0,424.0,440.0,468.0,519.0,544.0,566.0,589.0,603.0,618.0,625.0,630.0,632.0,636.0,637.0,643.0,647.0,648.0,648.0,648.0,650.0,652.0,652.0,652.0,652.0,654.0,655.0,657.0,656.0,659.0,659.0,661.0,663.0,665.0,665.0,665.0,665.0,666.0,666.0,667.0,667.0,671.0,671.0,673.0,676.0,678.0,679.0,680.0,687.0,694.0,697.0,697.0,700
Jaew7AqWaJQ,,,,,,,,,,,,,,,,,,,,,,,,,,,,,,,,,,,,,,,,,,,,,,,,,,,,,,,,,,,,,,,,,,,,,,,,,,,,,,,,,,,,,,,,,,,,,,,,,,,142.0,156.0,169.0,180.0,191.0,199.0,208.0,213.0,213.0,216.0,217.0,218.0,219.0,220.0,221.0,223.0,225.0,225.0,225.0,225.0,229.0,229.0,231.0,231.0,233.0,233.0,234.0,234.0,235.0,236.0,237.0,238.0,239.0,240.0,240.0,241.0,243.0,243.0,243.0,243.0,242.0,243.0,246.0,246.0,246.0,247.0,248.0,248.0,248.0,248.0,248.0,248.0,248.0,248.0,248.0,250
hHAQcVqbJ6g,,,,,,,,,,,,,,,,,,,,,,,,,,,,,,,,,,,,,,,,,,,,,,,,,,,,,,,,,,,,,,,,,,,,,,,,,,,,,,,,,,,,,,,,,,,,,,,,,,,16.0,19.0,20.0,20.0,21.0,21.0,21.0,21.0,22.0,24.0,24.0,28.0,31.0,33.0,35.0,35.0,40.0,41.0,42.0,46.0,51.0,54.0,57.0,59.0,67.0,68.0,76.0,78.0,86.0,89.0,95.0,100.0,106.0,,,,,,,,,,,,,,,,,,,,,,,
QWhHYopwlaE,,,,,,,,,,,,,,,,,,,,,,,,,,,,,,,,,,,,,,,,,,,,,,,,,,,,,,,,,,,,,,,,,,,,,,,,,,,,,,,,,,,,,,,,,,,,,,,,,,,9475.0,15739.0,19112.0,22617.0,25624.0,27672.0,29399.0,31031.0,32179.0,33224.0,34087.0,34437.0,34553.0,34657.0,34728.0,34836.0,34907.0,34962.0,35036.0,35111.0,35196.0,35269.0,35370.0,35478.0,35578.0,35691.0,35803.0,35881.0,35955.0,36052.0,36106.0,36153.0,36217.0,36265.0,36329.0,36374.0,36406.0,36447.0,36479.0,36531.0,36571.0,36617.0,36670.0,36715.0,36770.0,36815.0,36859.0,36926.0,36994.0,37058.0,37149.0,37217.0,37260.0,37304.0,37344.0,37385
kiCi4-plFUA,,,,,,,,,,,,,,,,,,,,,,,,,,,,,,,,,,,,,,,,,,,,,,,,,,,,,,,,,,,,,,,,,,,,,,,,,,,,,,,,,,,,,,,,,,,,,,,,,,,828.0,1992.0,3007.0,3733.0,4497.0,5211.0,5796.0,6397.0,6951.0,7492.0,8057.0,8463.0,8841.0,9163.0,9463.0,9825.0,10268.0,10680.0,11024.0,11287.0,11553.0,11814.0,12151.0,12568.0,12904.0,13228.0,13492.0,13744.0,13981.0,14224.0,14551.0,14840.0,15089.0,15314.0,15571.0,15768.0,16023.0,16443.0,16731.0,16975.0,17193.0,17437.0,17634.0,17820.0,17975.0,18143.0,18277.0,18409.0,18535.0,18639.0,18768.0,18890.0,18995.0,19087.0,19175.0,19282
GVaA2Avsb4k,,,,,,,,,,,,,,,,,,,,,,,,,,,,,,,,,,,,,,,,,,,,,,,,,,,,,,,,,,,,,,,,,,,,,,,,,,,,,,,,,,,,,,,,,,,,,,,,,,,1329.0,2221.0,2712.0,3118.0,4046.0,4771.0,5602.0,6154.0,6530.0,6901.0,7178.0,7479.0,7738.0,7975.0,8180.0,8376.0,8539.0,8696.0,8863.0,8983.0,9084.0,9161.0,9241.0,9315.0,9377.0,9430.0,9480.0,9516.0,9551.0,9571.0,9597.0,9630.0,9660.0,9675.0,9696.0,9714.0,9727.0,9736.0,9743.0,9753.0,9767.0,9776.0,9784.0,9797.0,9805.0,9808.0,9812.0,9825.0,9833.0,9842.0,9851.0,9857.0,9868.0,9882.0,9887.0,9892
cB068G7jseg,,,,,,,,,,,,,,,,,,,,,,,,,,,,,,,,,,,,,,,,,,,,,,,,,,,,,,,,,,,,,,,,,,,,,,,,,,,,,,,,,,,,,,,,,,,,,,,,,,,1521.0,3010.0,3701.0,4183.0,4661.0,5047.0,5279.0,5449.0,5628.0,5745.0,5820.0,5871.0,5914.0,5977.0,6037.0,6093.0,6153.0,6206.0,6257.0,6300.0,6343.0,6397.0,6437.0,6471.0,6491.0,6514.0,6550.0,6572.0,6597.0,6622.0,6646.0,6660.0,6680.0,6692.0,6721.0,6750.0,6766.0,6782.0,6799.0,6820.0,6834.0,6853.0,6868.0,6883.0,6899.0,6910.0,6921.0,6935.0,6952.0,6966.0,6987.0,7000.0,7009.0,7024.0,7048.0,7068
Uhfzm92uZ_I,,,,,,,,,,,,,,,,,,,,,,,,,,,,,,,,,,,,,,,,,,,,,,,,,,,,,,,,,,,,,,,,,,,,,,,,,,,,,,,,,,,,,,,,,,,,,,,,,,,9.0,53.0,72.0,104.0,154.0,192.0,244.0,297.0,329.0,351.0,369.0,385.0,399.0,415.0,431.0,442.0,461.0,481.0,494.0,504.0,515.0,525.0,536.0,545.0,563.0,574.0,582.0,590.0,599.0,612.0,615.0,618.0,622.0,626.0,631.0,634.0,638.0,643.0,645.0,647.0,649.0,650.0,655.0,657.0,660.0,662.0,667.0,667.0,668.0,672.0,674.0,679.0,686.0,690.0,695.0,698
K1Pq_LETafQ,,,,,,,,,,,,,,,,,,,,,,,,,,,,,,,,,,,,,,,,,,,,,,,,,,,,,,,,,,,,,,,,,,,,,,,,,,,,,,,,,,,,,,,,,,,,,,,,,,,,94.0,259.0,433.0,545.0,653.0,731.0,831.0,894.0,932.0,986.0,1015.0,1063.0,1104.0,1127.0,1149.0,1160.0,1175.0,1186.0,1195.0,1196.0,1209.0,1218.0,1226.0,1237.0,1251.0,1261.0,1273.0,1280.0,1285.0,1289.0,1295.0,1301.0,1306.0,1309.0,1312.0,1317.0,1318.0,1321.0,1322.0,1321.0,1323.0,1330.0,1333.0,1333.0,1334.0,1340.0,1340.0,1346.0,1347.0,1356.0,1357.0,1361.0,1365.0,1365.0,1367
0PZ4fElBkS8,,,,,,,,,,,,,,,,,,,,,,,,,,,,,,,,,,,,,,,,,,,,,,,,,,,,,,,,,,,,,,,,,,,,,,,,,,,,,,,,,,,,,,,,,,,,,,,,,,,,884.0,1791.0,2267.0,2537.0,2824.0,3039.0,3221.0,3452.0,3640.0,3815.0,3943.0,4055.0,4149.0,4229.0,4345.0,4466.0,4581.0,4656.0,4722.0,4798.0,4878.0,4959.0,5057.0,5165.0,5255.0,5309.0,5384.0,5453.0,5512.0,5589.0,5674.0,5747.0,5816.0,5871.0,5924.0,5989.0,6084.0,6156.0,6226.0,6277.0,6348.0,6425.0,6484.0,6535.0,6592.0,6628.0,6679.0,6709.0,6736.0,6771.0,6799.0,6819.0,6852.0,6873.0,6899
9tCLAEcRW5M,,,,,,,,,,,,,,,,,,,,,,,,,,,,,,,,,,,,,,,,,,,,,,,,,,,,,,,,,,,,,,,,,,,,,,,,,,,,,,,,,,,,,,,,,,,,,,,,,,,,,2698.0,2716.0,2735.0,2742.0,2746.0,2753.0,2757.0,2765.0,2770.0,2782.0,2787.0,2799.0,2805.0,2809.0,2810.0,2813.0,2817.0,2825.0,2826.0,2831.0,2835.0,2836.0,2842.0,2857.0,2864.0,2868.0,2869.0,2875.0,2881.0,2885.0,2889.0,2892.0,2898.0,2900.0,2904.0,2904.0,2905.0,2905.0,2910.0,2910.0,2910.0,2915.0,2916.0,2918.0,2918.0,2919.0,2921.0,2924.0,2924.0,2928.0,2930.0,2932.0,2932.0,2933
kK4kGeB5mQs,,,,,,,,,,,,,,,,,,,,,,,,,,,,,,,,,,,,,,,,,,,,,,,,,,,,,,,,,,,,,,,,,,,,,,,,,,,,,,,,,,,,,,,,,,,,,,,,,,,,,,20259.0,40241.0,47571.0,51929.0,54506.0,56072.0,57224.0,58270.0,59032.0,59633.0,60147.0,60500.0,60849.0,61155.0,61466.0,61768.0,62042.0,62306.0,62599.0,62832.0,63012.0,63151.0,63290.0,63390.0,63485.0,63578.0,63691.0,63847.0,63976.0,64092.0,64165.0,64235.0,64336.0,64417.0,64496.0,64587.0,64661.0,64729.0,64948.0,65494.0,65774.0,65982.0,66138.0,66307.0,66442.0,66565.0,66674.0,66813.0,66913.0,67029.0,67106.0,67190.0,67293
8hU6P7MmRyk,,,,,,,,,,,,,,,,,,,,,,,,,,,,,,,,,,,,,,,,,,,,,,,,,,,,,,,,,,,,,,,,,,,,,,,,,,,,,,,,,,,,,,,,,,,,,,,,,,,,,,78791.0,93071.0,100504.0,104709.0,108179.0,111025.0,113445.0,115195.0,116542.0,117791.0,118940.0,119817.0,120666.0,121524.0,122330.0,122937.0,123442.0,123971.0,124606.0,125160.0,125678.0,126119.0,126525.0,126824.0,127131.0,127377.0,127680.0,127979.0,128276.0,128515.0,128727.0,128938.0,129137.0,129326.0,129528.0,129731.0,129915.0,130083.0,130254.0,130418.0,130577.0,130746.0,130878.0,131014.0,131172.0,131301.0,131427.0,131546.0,131677.0,131815.0,131928.0,132046.0,132146
Q120WlxVxdk,,,,,,,,,,,,,,,,,,,,,,,,,,,,,,,,,,,,,,,,,,,,,,,,,,,,,,,,,,,,,,,,,,,,,,,,,,,,,,,,,,,,,,,,,,,,,,,,,,,,,,85487.0,99488.0,107677.0,113208.0,118067.0,122126.0,125205.0,128565.0,131042.0,132455.0,133698.0,134677.0,135581.0,136379.0,137082.0,137553.0,138026.0,138466.0,138883.0,139350.0,139717.0,140053.0,140338.0,140573.0,140791.0,141023.0,141286.0,141544.0,141783.0,142025.0,142257.0,142455.0,142694.0,142919.0,143145.0,143329.0,143491.0,143636.0,143772.0,143948.0,144109.0,144275.0,144406.0,144561.0,144714.0,144891.0,145038.0,145176.0,145346.0,145505.0,145625.0,145752.0,145884
cX0TF4A7ulQ,,,,,,,,,,,,,,,,,,,,,,,,,,,,,,,,,,,,,,,,,,,,,,,,,,,,,,,,,,,,,,,,,,,,,,,,,,,,,,,,,,,,,,,,,,,,,,,,,,,,,,103.0,112.0,118.0,122.0,131.0,136.0,147.0,150.0,152.0,152.0,153.0,156.0,157.0,157.0,157.0,159.0,159.0,160.0,161.0,164.0,165.0,165.0,170.0,173.0,175.0,175.0,175.0,177.0,177.0,178.0,178.0,178.0,178.0,178.0,178.0,177.0,178.0,178.0,178.0,179.0,179.0,179.0,179.0,179.0,179.0,179.0,179.0,179.0,180.0,180.0,180.0,180.0,180
rp-AiX_r6gU,,,,,,,,,,,,,,,,,,,,,,,,,,,,,,,,,,,,,,,,,,,,,,,,,,,,,,,,,,,,,,,,,,,,,,,,,,,,,,,,,,,,,,,,,,,,,,,,,,,,,,296.0,626.0,746.0,836.0,882.0,908.0,932.0,942.0,953.0,969.0,977.0,987.0,1000.0,1006.0,1016.0,1016.0,1022.0,1025.0,1029.0,1032.0,1037.0,1041.0,1048.0,1055.0,1057.0,1060.0,1063.0,1068.0,1067.0,1071.0,1073.0,1074.0,1075.0,1076.0,1079.0,1080.0,1082.0,1081.0,1080.0,1079.0,1081.0,1081.0,1084.0,1086.0,1088.0,1089.0,1089.0,1089.0,1089.0,1088.0,1088.0,1089.0,1089
Xk0dFAkAhgo,,,,,,,,,,,,,,,,,,,,,,,,,,,,,,,,,,,,,,,,,,,,,,,,,,,,,,,,,,,,,,,,,,,,,,,,,,,,,,,,,,,,,,,,,,,,,,,,,,,,,,,,,,,,,,,,,,,,,,,,,,,,,,,,,,,,,,,,,,,,,,,,,,,,,,,,,,
_WDhLMNAukc,,,,,,,,,,,,,,,,,,,,,,,,,,,,,,,,,,,,,,,,,,,,,,,,,,,,,,,,,,,,,,,,,,,,,,,,,,,,,,,,,,,,,,,,,,,,,,,,,,,,,,,,,,,,,,,,,,,,,,,,,,,,,,,,,,,,,,,,,,,,,,,,,,,,,,,,,,
9eDb53_yTyM,,,,,,,,,,,,,,,,,,,,,,,,,,,,,,,,,,,,,,,,,,,,,,,,,,,,,,,,,,,,,,,,,,,,,,,,,,,,,,,,,,,,,,,,,,,,,,,,,,,,,,345.0,347.0,349.0,349.0,351.0,352.0,352.0,353.0,353.0,355.0,355.0,355.0,357.0,357.0,358.0,359.0,360.0,360.0,360.0,361.0,361.0,363.0,363.0,363.0,363.0,363.0,363.0,363.0,364.0,365.0,366.0,366.0,369.0,369.0,370.0,371.0,372.0,374.0,376.0,376.0,376.0,376.0,377.0,380.0,381.0,382.0,383.0,384.0,385.0,386.0,386.0,386.0,386
ukcanytrH3s,,,,,,,,,,,,,,,,,,,,,,,,,,,,,,,,,,,,,,,,,,,,,,,,,,,,,,,,,,,,,,,,,,,,,,,,,,,,,,,,,,,,,,,,,,,,,,,,,,,,,,,,,,,,,,,,,,,,,,,,,,,,,,,,,,,,,,,,,,,,,,,,,,,,,,,,,,
sJRDdnkomhw,,,,,,,,,,,,,,,,,,,,,,,,,,,,,,,,,,,,,,,,,,,,,,,,,,,,,,,,,,,,,,,,,,,,,,,,,,,,,,,,,,,,,,,,,,,,,,,,,,,,,,12.0,12.0,12.0,12.0,12.0,12.0,13.0,13.0,13.0,13.0,13.0,13.0,14.0,14.0,14.0,14.0,14.0,14.0,14.0,14.0,14.0,14.0,14.0,14.0,14.0,14.0,14.0,15.0,15.0,15.0,15.0,15.0,15.0,15.0,15.0,15.0,15.0,15.0,15.0,15.0,15.0,15.0,15.0,15.0,15.0,15.0,15.0,15.0,15.0,15.0,15.0,15.0,15
s4wPrKom3cw,,,,,,,,,,,,,,,,,,,,,,,,,,,,,,,,,,,,,,,,,,,,,,,,,,,,,,,,,,,,,,,,,,,,,,,,,,,,,,,,,,,,,,,,,,,,,,,,,,,,,,17458.0,17743.0,17902.0,18013.0,18095.0,18170.0,18206.0,18239.0,18259.0,18274.0,18283.0,18295.0,18311.0,18313.0,18319.0,18336.0,18347.0,18349.0,18349.0,18353.0,18356.0,18357.0,18355.0,18356.0,18354.0,18353.0,18357.0,18363.0,18360.0,18367.0,18377.0,18371.0,18369.0,18370.0,18373.0,18380.0,18383.0,18383.0,18379.0,18380.0,18384.0,18392.0,18392.0,18397.0,18396.0,18399.0,18401.0,18406.0,18409.0,18412.0,18407.0,18400.0,18398
qw5SpCyQNLQ,,,,,,,,,,,,,,,,,,,,,,,,,,,,,,,,,,,,,,,,,,,,,,,,,,,,,,,,,,,,,,,,,,,,,,,,,,,,,,,,,,,,,,,,,,,,,,,,,,,,,,12.0,13.0,19.0,22.0,41.0,58.0,65.0,79.0,87.0,88.0,89.0,93.0,94.0,95.0,97.0,98.0,99.0,99.0,100.0,102.0,105.0,107.0,109.0,112.0,113.0,113.0,113.0,113.0,113.0,113.0,114.0,114.0,114.0,114.0,114.0,114.0,114.0,115.0,116.0,115.0,116.0,117.0,120.0,120.0,121.0,121.0,123.0,123.0,123.0,123.0,123.0,123.0,123
w6vKt3MsnPE,,,,,,,,,,,,,,,,,,,,,,,,,,,,,,,,,,,,,,,,,,,,,,,,,,,,,,,,,,,,,,,,,,,,,,,,,,,,,,,,,,,,,,,,,,,,,,,,,,,,,,1323.0,1505.0,1630.0,1699.0,1760.0,1808.0,1867.0,1898.0,1910.0,1926.0,1931.0,1942.0,1952.0,1967.0,1981.0,1988.0,1991.0,1994.0,2005.0,2010.0,2019.0,2022.0,2021.0,2028.0,2035.0,2034.0,2037.0,2045.0,2050.0,2054.0,2059.0,2063.0,2068.0,2076.0,2082.0,2088.0,2088.0,2093.0,2100.0,2105.0,2107.0,2111.0,2121.0,2125.0,2132.0,2139.0,2154.0,2161.0,2181.0,2183.0,2184.0,2189.0,2192
teGrm3A3b6g,,,,,,,,,,,,,,,,,,,,,,,,,,,,,,,,,,,,,,,,,,,,,,,,,,,,,,,,,,,,,,,,,,,,,,,,,,,,,,,,,,,,,,,,,,,,,,,,,,,,,,35.0,37.0,47.0,53.0,53.0,55.0,56.0,59.0,61.0,63.0,64.0,65.0,66.0,69.0,72.0,74.0,74.0,74.0,75.0,76.0,78.0,79.0,81.0,81.0,82.0,82.0,82.0,83.0,83.0,83.0,83.0,84.0,84.0,84.0,84.0,84.0,84.0,83.0,83.0,83.0,83.0,83.0,83.0,83.0,83.0,84.0,84.0,84.0,84.0,84.0,84.0,84.0,84
0JW2A0GqB5U,,,,,,,,,,,,,,,,,,,,,,,,,,,,,,,,,,,,,,,,,,,,,,,,,,,,,,,,,,,,,,,,,,,,,,,,,,,,,,,,,,,,,,,,,,,,,,,,,,,,,,247.0,278.0,292.0,301.0,308.0,314.0,315.0,317.0,321.0,323.0,326.0,329.0,331.0,334.0,335.0,337.0,343.0,347.0,351.0,354.0,354.0,355.0,356.0,358.0,358.0,361.0,361.0,364.0,365.0,366.0,368.0,369.0,371.0,371.0,371.0,372.0,374.0,374.0,374.0,374.0,374.0,376.0,380.0,379.0,381.0,383.0,383.0,383.0,383.0,383.0,383.0,383.0,385
vnAH7q-N_-Q,,,,,,,,,,,,,,,,,,,,,,,,,,,,,,,,,,,,,,,,,,,,,,,,,,,,,,,,,,,,,,,,,,,,,,,,,,,,,,,,,,,,,,,,,,,,,,,,,,,,,,,,,,,,,,,,,,,,,,,,,,,,,,,,,,,,,,,,,,,,,,,,,,,,,,,,,,
KaOumNboHz4,,,,,,,,,,,,,,,,,,,,,,,,,,,,,,,,,,,,,,,,,,,,,,,,,,,,,,,,,,,,,,,,,,,,,,,,,,,,,,,,,,,,,,,,,,,,,,,,,,,,,,444.0,711.0,823.0,902.0,983.0,1031.0,1070.0,1105.0,1142.0,1167.0,1187.0,1203.0,1227.0,1246.0,1258.0,1274.0,1277.0,1287.0,1295.0,1303.0,1309.0,1317.0,1322.0,1331.0,1335.0,1336.0,1341.0,1342.0,1343.0,1346.0,1347.0,1348.0,1348.0,1352.0,1353.0,1353.0,1356.0,1357.0,1358.0,1359.0,1364.0,1365.0,1369.0,1371.0,1373.0,1374.0,1376.0,1376.0,1380.0,1381.0,1384.0,1386.0,1387
dLkfa-X_H9E,,,,,,,,,,,,,,,,,,,,,,,,,,,,,,,,,,,,,,,,,,,,,,,,,,,,,,,,,,,,,,,,,,,,,,,,,,,,,,,,,,,,,,,,,,,,,,,,,,,,,,3448.0,5676.0,6532.0,7037.0,7403.0,7715.0,8002.0,8246.0,8460.0,8667.0,8858.0,9108.0,9329.0,9515.0,9687.0,9807.0,9935.0,10110.0,10229.0,10325.0,10376.0,10417.0,10459.0,10492.0,10513.0,10534.0,10557.0,10587.0,10605.0,10630.0,10644.0,10664.0,10681.0,10701.0,10717.0,10739.0,10745.0,10757.0,10770.0,10783.0,10788.0,10795.0,10799.0,10807.0,10822.0,10834.0,10838.0,10851.0,10857.0,10871.0,10880.0,10891.0,10902
iYkraEzsQ1g,,,,,,,,,,,,,,,,,,,,,,,,,,,,,,,,,,,,,,,,,,,,,,,,,,,,,,,,,,,,,,,,,,,,,,,,,,,,,,,,,,,,,,,,,,,,,,,,,,,,,,6088.0,8676.0,9629.0,11120.0,12695.0,13806.0,14391.0,14828.0,15116.0,15355.0,15566.0,15759.0,15944.0,16110.0,16293.0,16457.0,16694.0,16917.0,17169.0,17385.0,17584.0,17720.0,17814.0,17891.0,17969.0,18038.0,18119.0,18192.0,18241.0,18284.0,18318.0,18356.0,18391.0,18432.0,18478.0,18519.0,18557.0,18599.0,18641.0,18679.0,18722.0,18750.0,18780.0,18802.0,18819.0,18856.0,18886.0,18915.0,18954.0,18984.0,19024.0,19049.0,19066
FLw8FIdBunI,,,,,,,,,,,,,,,,,,,,,,,,,,,,,,,,,,,,,,,,,,,,,,,,,,,,,,,,,,,,,,,,,,,,,,,,,,,,,,,,,,,,,,,,,,,,,,,,,,,,,,190.0,414.0,529.0,602.0,669.0,724.0,781.0,827.0,865.0,903.0,946.0,977.0,1010.0,1029.0,1034.0,1039.0,1044.0,1053.0,1058.0,1063.0,1070.0,1069.0,1072.0,1077.0,1080.0,1082.0,1083.0,1083.0,1089.0,1092.0,1097.0,1098.0,1098.0,1097.0,1099.0,1099.0,1100.0,1103.0,1103.0,1104.0,1104.0,1105.0,1105.0,1105.0,1106.0,1106.0,1107.0,1110.0,1112.0,1114.0,1117.0,1118.0,1118
nNR74qU3VXA,,,,,,,,,,,,,,,,,,,,,,,,,,,,,,,,,,,,,,,,,,,,,,,,,,,,,,,,,,,,,,,,,,,,,,,,,,,,,,,,,,,,,,,,,,,,,,,,,,,,,,,1843.0,4733.0,6567.0,7153.0,7880.0,9211.0,10474.0,11523.0,12163.0,12637.0,13013.0,13355.0,13652.0,13933.0,14159.0,14342.0,14467.0,14559.0,14606.0,14690.0,14748.0,14793.0,14829.0,14867.0,14897.0,14940.0,14974.0,15003.0,15047.0,15084.0,15127.0,15164.0,15210.0,15263.0,15327.0,15396.0,15463.0,15527.0,15586.0,15637.0,15659.0,15685.0,15720.0,15759.0,15778.0,15806.0,15834.0,15855.0,15878.0,15898.0,15915.0,15930
Q79ML1vOCcU,,,,,,,,,,,,,,,,,,,,,,,,,,,,,,,,,,,,,,,,,,,,,,,,,,,,,,,,,,,,,,,,,,,,,,,,,,,,,,,,,,,,,,,,,,,,,,,,,,,,,,,84.0,148.0,179.0,201.0,210.0,214.0,221.0,227.0,234.0,242.0,243.0,246.0,248.0,249.0,250.0,251.0,253.0,256.0,257.0,258.0,264.0,268.0,268.0,267.0,268.0,269.0,270.0,271.0,272.0,274.0,275.0,277.0,279.0,280.0,281.0,284.0,286.0,286.0,288.0,289.0,290.0,290.0,290.0,291.0,292.0,292.0,293.0,294.0,294.0,295.0,296.0,296
WoPlpIz2P0I,,,,,,,,,,,,,,,,,,,,,,,,,,,,,,,,,,,,,,,,,,,,,,,,,,,,,,,,,,,,,,,,,,,,,,,,,,,,,,,,,,,,,,,,,,,,,,,,,,,,,,,81.0,192.0,325.0,485.0,587.0,712.0,820.0,935.0,993.0,1051.0,1099.0,1141.0,1193.0,1228.0,1254.0,1274.0,1289.0,1307.0,1320.0,1332.0,1340.0,1346.0,1353.0,1367.0,1378.0,1391.0,1405.0,1442.0,1477.0,1510.0,1536.0,1563.0,1578.0,1599.0,1624.0,1648.0,1683.0,1708.0,1734.0,1759.0,1775.0,1786.0,1803.0,1831.0,1850.0,1870.0,1891.0,1897.0,1908.0,1929.0,1949.0,1975
cjmUDgmzUWw,,,,,,,,,,,,,,,,,,,,,,,,,,,,,,,,,,,,,,,,,,,,,,,,,,,,,,,,,,,,,,,,,,,,,,,,,,,,,,,,,,,,,,,,,,,,,,,,,,,,,,,898.0,1737.0,2277.0,2478.0,2612.0,2762.0,2891.0,2967.0,3037.0,3062.0,3083.0,3117.0,3136.0,3170.0,3202.0,3223.0,3238.0,3245.0,3269.0,3283.0,3295.0,3310.0,3320.0,3333.0,3344.0,3353.0,3363.0,3376.0,3386.0,3395.0,3415.0,3426.0,3437.0,3446.0,3457.0,3470.0,3490.0,3505.0,3519.0,3526.0,3540.0,3556.0,3564.0,3570.0,3575.0,3579.0,3585.0,3591.0,3595.0,3599.0,3602.0,3605
e-bwzm8-xnU,,,,,,,,,,,,,,,,,,,,,,,,,,,,,,,,,,,,,,,,,,,,,,,,,,,,,,,,,,,,,,,,,,,,,,,,,,,,,,,,,,,,,,,,,,,,,,,,,,,,,,,,7370.0,18181.0,22235.0,24192.0,25583.0,26570.0,27660.0,28546.0,29052.0,29451.0,29850.0,30191.0,30507.0,30790.0,31158.0,31522.0,31891.0,32176.0,32402.0,32598.0,32748.0,32878.0,33015.0,33210.0,33406.0,33533.0,33682.0,33835.0,33991.0,34120.0,34221.0,34350.0,34462.0,34533.0,34612.0,34694.0,34747.0,34826.0,34925.0,35002.0,35063.0,35113.0,35178.0,35244.0,35313.0,35373.0,35428.0,35501.0,35550.0,35604.0,35658
8_HPIJfRbpI,,,,,,,,,,,,,,,,,,,,,,,,,,,,,,,,,,,,,,,,,,,,,,,,,,,,,,,,,,,,,,,,,,,,,,,,,,,,,,,,,,,,,,,,,,,,,,,,,,,,,,,,605.0,813.0,958.0,1060.0,1158.0,1237.0,1344.0,1423.0,1461.0,1498.0,1526.0,1559.0,1600.0,1642.0,1702.0,1718.0,1733.0,1779.0,1811.0,1839.0,1860.0,1880.0,1897.0,1906.0,1921.0,1925.0,1941.0,1951.0,1963.0,1983.0,2004.0,2012.0,2030.0,2043.0,2062.0,2083.0,2093.0,2102.0,2108.0,2125.0,2139.0,2155.0,2165.0,2173.0,2185.0,2187.0,2194.0,2203.0,2207.0,2217.0,2224
BJfKLlFySQs,,,,,,,,,,,,,,,,,,,,,,,,,,,,,,,,,,,,,,,,,,,,,,,,,,,,,,,,,,,,,,,,,,,,,,,,,,,,,,,,,,,,,,,,,,,,,,,,,,,,,,,,27.0,53.0,68.0,74.0,83.0,88.0,94.0,98.0,104.0,105.0,108.0,114.0,116.0,118.0,120.0,120.0,120.0,121.0,121.0,121.0,122.0,121.0,122.0,123.0,123.0,124.0,126.0,127.0,128.0,130.0,130.0,130.0,130.0,130.0,131.0,131.0,131.0,131.0,132.0,132.0,132.0,132.0,132.0,132.0,132.0,132.0,132.0,133.0,134.0,134.0,135
tqnRgZIWORI,,,,,,,,,,,,,,,,,,,,,,,,,,,,,,,,,,,,,,,,,,,,,,,,,,,,,,,,,,,,,,,,,,,,,,,,,,,,,,,,,,,,,,,,,,,,,,,,,,,,,,,,202.0,428.0,551.0,651.0,731.0,834.0,911.0,1006.0,1075.0,1127.0,1168.0,1209.0,1242.0,1286.0,1315.0,1347.0,1369.0,1383.0,1391.0,1402.0,1416.0,1427.0,1433.0,1442.0,1449.0,1456.0,1463.0,1478.0,1488.0,1495.0,1510.0,1516.0,1526.0,1537.0,1548.0,1555.0,1570.0,1587.0,1596.0,1603.0,1608.0,1625.0,1636.0,1648.0,1656.0,1663.0,1667.0,1669.0,1679.0,1687.0,1696
2GOl_ku6-Hs,,,,,,,,,,,,,,,,,,,,,,,,,,,,,,,,,,,,,,,,,,,,,,,,,,,,,,,,,,,,,,,,,,,,,,,,,,,,,,,,,,,,,,,,,,,,,,,,,,,,,,,,1004.0,2630.0,3559.0,4102.0,4793.0,5597.0,6174.0,6620.0,6919.0,7125.0,7285.0,7411.0,7555.0,7682.0,7782.0,7842.0,7910.0,7985.0,8051.0,8111.0,8155.0,8231.0,8344.0,8417.0,8477.0,8539.0,8646.0,8692.0,8733.0,8788.0,8835.0,8875.0,8907.0,8942.0,8965.0,8991.0,9017.0,9040.0,9063.0,9086.0,9108.0,9126.0,9149.0,9177.0,9198.0,9224.0,9270.0,9297.0,9334.0,9378.0,9411
6GUKqEfiX1I,,,,,,,,,,,,,,,,,,,,,,,,,,,,,,,,,,,,,,,,,,,,,,,,,,,,,,,,,,,,,,,,,,,,,,,,,,,,,,,,,,,,,,,,,,,,,,,,,,,,,,,,2196.0,4172.0,5163.0,5663.0,6050.0,6354.0,6603.0,6864.0,6997.0,7081.0,7166.0,7233.0,7316.0,7395.0,7470.0,7523.0,7587.0,7653.0,7728.0,7780.0,7816.0,7852.0,7879.0,7919.0,7958.0,7994.0,8030.0,8074.0,8102.0,8134.0,8162.0,8192.0,8208.0,8231.0,8255.0,8280.0,8299.0,8319.0,8341.0,8362.0,8382.0,8406.0,8423.0,8449.0,8469.0,8483.0,8499.0,8515.0,8537.0,8559.0,8574
AEjI1n2Tgv0,,,,,,,,,,,,,,,,,,,,,,,,,,,,,,,,,,,,,,,,,,,,,,,,,,,,,,,,,,,,,,,,,,,,,,,,,,,,,,,,,,,,,,,,,,,,,,,,,,,,,,,,62.0,62.0,62.0,64.0,64.0,65.0,65.0,65.0,65.0,65.0,65.0,65.0,65.0,65.0,65.0,65.0,66.0,66.0,66.0,66.0,66.0,66.0,66.0,66.0,66.0,66.0,66.0,66.0,66.0,66.0,66.0,66.0,66.0,66.0,67.0,66.0,66.0,67.0,67.0,67.0,67.0,68.0,69.0,70.0,70.0,71.0,71.0,70.0,70.0,71.0,71
GKu20OT657k,,,,,,,,,,,,,,,,,,,,,,,,,,,,,,,,,,,,,,,,,,,,,,,,,,,,,,,,,,,,,,,,,,,,,,,,,,,,,,,,,,,,,,,,,,,,,,,,,,,,,,,,767.0,1170.0,1471.0,1698.0,1867.0,2076.0,2342.0,2529.0,2684.0,2813.0,2954.0,3082.0,3227.0,3453.0,3649.0,3812.0,4009.0,4182.0,4321.0,4475.0,4721.0,4946.0,5154.0,5324.0,5452.0,5574.0,5719.0,5819.0,5923.0,5990.0,6066.0,6116.0,6158.0,6210.0,6255.0,6306.0,6351.0,6393.0,6440.0,6479.0,6504.0,6546.0,6570.0,6599.0,6639.0,6661.0,6695.0,6727.0,6758.0,6787.0,6819
PfsK2VFci5Q,,,,,,,,,,,,,,,,,,,,,,,,,,,,,,,,,,,,,,,,,,,,,,,,,,,,,,,,,,,,,,,,,,,,,,,,,,,,,,,,,,,,,,,,,,,,,,,,,,,,,,,,388.0,808.0,945.0,1026.0,1075.0,1120.0,1176.0,1210.0,1231.0,1248.0,1276.0,1289.0,1301.0,1310.0,1319.0,1331.0,1347.0,1356.0,1362.0,1371.0,1380.0,1388.0,1390.0,1399.0,1404.0,1411.0,1417.0,1421.0,1428.0,1434.0,1435.0,1439.0,1446.0,1448.0,1450.0,1453.0,1454.0,1458.0,1457.0,1460.0,1463.0,1464.0,1466.0,1471.0,1470.0,1471.0,1475.0,1479.0,1482.0,1483.0,1485
XgplTOjZatA,,,,,,,,,,,,,,,,,,,,,,,,,,,,,,,,,,,,,,,,,,,,,,,,,,,,,,,,,,,,,,,,,,,,,,,,,,,,,,,,,,,,,,,,,,,,,,,,,,,,,,,,1506.0,2362.0,2669.0,2880.0,3032.0,3138.0,3229.0,3299.0,3355.0,3405.0,3447.0,3493.0,3552.0,3596.0,3628.0,3663.0,3690.0,3723.0,3751.0,3772.0,3786.0,3801.0,3814.0,3816.0,3843.0,3857.0,3876.0,3894.0,3912.0,3926.0,3944.0,3957.0,3973.0,3986.0,3996.0,4011.0,4026.0,4041.0,4060.0,4075.0,4087.0,4103.0,4126.0,4145.0,4167.0,4207.0,4223.0,4244.0,4280.0,4311.0,4343
t2gJ2szo-60,,,,,,,,,,,,,,,,,,,,,,,,,,,,,,,,,,,,,,,,,,,,,,,,,,,,,,,,,,,,,,,,,,,,,,,,,,,,,,,,,,,,,,,,,,,,,,,,,,,,,,,,,20.0,,,,,,,,,,,,,,,,,,,,,,,,,,,,,,,,,,,,,,,,,,,,,,,,,
xnwOfIiZ-zQ,,,,,,,,,,,,,,,,,,,,,,,,,,,,,,,,,,,,,,,,,,,,,,,,,,,,,,,,,,,,,,,,,,,,,,,,,,,,,,,,,,,,,,,,,,,,,,,,,,,,,,,,,4041.0,8100.0,10665.0,12541.0,13789.0,14770.0,15422.0,15901.0,16324.0,16711.0,17071.0,17361.0,17721.0,18086.0,18361.0,18640.0,18845.0,19016.0,19149.0,19278.0,19368.0,19439.0,19519.0,19584.0,19661.0,19727.0,19787.0,19829.0,19873.0,19935.0,19978.0,20016.0,20057.0,20106.0,20151.0,20197.0,20233.0,20268.0,20296.0,20325.0,20353.0,20393.0,20414.0,20453.0,20480.0,20527.0,20565.0,20594.0,20632.0,20718
Jv0vqhWRbe8,,,,,,,,,,,,,,,,,,,,,,,,,,,,,,,,,,,,,,,,,,,,,,,,,,,,,,,,,,,,,,,,,,,,,,,,,,,,,,,,,,,,,,,,,,,,,,,,,,,,,,,,,50423.0,50907.0,51371.0,51749.0,52101.0,52477.0,52821.0,53170.0,53491.0,53815.0,54102.0,54314.0,54564.0,54904.0,55201.0,55486.0,56296.0,56858.0,57317.0,57671.0,58018.0,58364.0,58682.0,58936.0,59151.0,59397.0,59611.0,59808.0,60012.0,60271.0,60519.0,60786.0,61061.0,61326.0,61593.0,61842.0,62110.0,62544.0,62959.0,63354.0,63758.0,64220.0,64672.0,65155.0,65637.0,66090.0,66545.0,66895.0,67257.0,67552
ZNdMrUCOLqQ,,,,,,,,,,,,,,,,,,,,,,,,,,,,,,,,,,,,,,,,,,,,,,,,,,,,,,,,,,,,,,,,,,,,,,,,,,,,,,,,,,,,,,,,,,,,,,,,,,,,,,,,,30045.0,30114.0,30168.0,30208.0,30251.0,30279.0,30311.0,30358.0,30386.0,30413.0,30451.0,30480.0,30520.0,30566.0,30606.0,30643.0,30688.0,30720.0,30761.0,30797.0,30838.0,30874.0,30919.0,30954.0,30987.0,31012.0,31039.0,31077.0,31098.0,31135.0,31174.0,31204.0,31237.0,31254.0,31267.0,31275.0,31305.0,31319.0,31344.0,31372.0,31393.0,31421.0,31449.0,31465.0,31495.0,31523.0,31552.0,31571.0,31598.0,31616
kPHG7TbAVXQ,,,,,,,,,,,,,,,,,,,,,,,,,,,,,,,,,,,,,,,,,,,,,,,,,,,,,,,,,,,,,,,,,,,,,,,,,,,,,,,,,,,,,,,,,,,,,,,,,,,,,,,,,504.0,537.0,553.0,562.0,570.0,584.0,601.0,602.0,613.0,620.0,627.0,630.0,633.0,650.0,657.0,660.0,664.0,664.0,671.0,674.0,674.0,676.0,679.0,679.0,679.0,682.0,682.0,682.0,682.0,683.0,684.0,686.0,687.0,687.0,687.0,689.0,689.0,689.0,690.0,691.0,691.0,691.0,690.0,690.0,691.0,691.0,691.0,691.0,691.0,691
9OXa07b_Uac,,,,,,,,,,,,,,,,,,,,,,,,,,,,,,,,,,,,,,,,,,,,,,,,,,,,,,,,,,,,,,,,,,,,,,,,,,,,,,,,,,,,,,,,,,,,,,,,,,,,,,,,,292.0,312.0,329.0,332.0,334.0,342.0,345.0,350.0,356.0,361.0,362.0,364.0,365.0,365.0,367.0,368.0,369.0,370.0,372.0,373.0,374.0,374.0,374.0,374.0,374.0,374.0,376.0,377.0,377.0,378.0,378.0,378.0,379.0,379.0,380.0,379.0,379.0,379.0,382.0,383.0,383.0,383.0,383.0,383.0,383.0,382.0,382.0,382.0,382.0,382
n4eYZv1QlSM,,,,,,,,,,,,,,,,,,,,,,,,,,,,,,,,,,,,,,,,,,,,,,,,,,,,,,,,,,,,,,,,,,,,,,,,,,,,,,,,,,,,,,,,,,,,,,,,,,,,,,,,,190.0,310.0,357.0,410.0,442.0,479.0,514.0,548.0,580.0,601.0,618.0,629.0,647.0,658.0,671.0,682.0,694.0,699.0,708.0,709.0,716.0,719.0,727.0,733.0,742.0,744.0,756.0,763.0,769.0,774.0,778.0,782.0,788.0,793.0,797.0,800.0,810.0,815.0,817.0,824.0,828.0,830.0,838.0,842.0,849.0,853.0,859.0,865.0,866.0,869
V0wcIPdbm_A,,,,,,,,,,,,,,,,,,,,,,,,,,,,,,,,,,,,,,,,,,,,,,,,,,,,,,,,,,,,,,,,,,,,,,,,,,,,,,,,,,,,,,,,,,,,,,,,,,,,,,,,,97.0,132.0,159.0,191.0,208.0,228.0,249.0,265.0,275.0,281.0,287.0,294.0,297.0,298.0,299.0,303.0,305.0,305.0,307.0,307.0,308.0,309.0,313.0,314.0,314.0,315.0,317.0,321.0,323.0,324.0,327.0,329.0,331.0,333.0,339.0,343.0,345.0,347.0,350.0,350.0,353.0,354.0,357.0,359.0,361.0,363.0,365.0,370.0,373.0,376
tP7djdhTUUE,,,,,,,,,,,,,,,,,,,,,,,,,,,,,,,,,,,,,,,,,,,,,,,,,,,,,,,,,,,,,,,,,,,,,,,,,,,,,,,,,,,,,,,,,,,,,,,,,,,,,,,,,243.0,401.0,448.0,486.0,516.0,557.0,575.0,599.0,619.0,627.0,628.0,631.0,634.0,638.0,643.0,647.0,650.0,656.0,659.0,663.0,669.0,675.0,676.0,678.0,678.0,679.0,680.0,686.0,687.0,689.0,691.0,693.0,693.0,695.0,696.0,697.0,698.0,698.0,698.0,698.0,702.0,705.0,711.0,712.0,713.0,712.0,713.0,714.0,717.0,719
_wd-uFI3Njc,,,,,,,,,,,,,,,,,,,,,,,,,,,,,,,,,,,,,,,,,,,,,,,,,,,,,,,,,,,,,,,,,,,,,,,,,,,,,,,,,,,,,,,,,,,,,,,,,,,,,,,,,7.0,10.0,22.0,33.0,46.0,56.0,63.0,76.0,84.0,85.0,85.0,85.0,85.0,85.0,85.0,85.0,86.0,86.0,86.0,87.0,87.0,87.0,88.0,89.0,89.0,89.0,89.0,89.0,89.0,89.0,89.0,89.0,89.0,89.0,89.0,89.0,89.0,89.0,90.0,89.0,89.0,89.0,89.0,89.0,89.0,89.0,89.0,89.0,89.0,89
fcFlHmkY-ZI,,,,,,,,,,,,,,,,,,,,,,,,,,,,,,,,,,,,,,,,,,,,,,,,,,,,,,,,,,,,,,,,,,,,,,,,,,,,,,,,,,,,,,,,,,,,,,,,,,,,,,,,,365.0,1218.0,1702.0,1898.0,2002.0,2076.0,2135.0,2181.0,2229.0,2271.0,2302.0,2346.0,2381.0,2472.0,2561.0,2617.0,2657.0,2685.0,2720.0,2734.0,2754.0,2773.0,2783.0,2797.0,2811.0,2833.0,2856.0,2868.0,2881.0,2895.0,2903.0,2922.0,2934.0,2947.0,2960.0,2964.0,2970.0,2979.0,2989.0,2993.0,3001.0,3004.0,3006.0,3009.0,3019.0,3023.0,3030.0,3037.0,3043.0,3052
04l_GY_v5Wk,,,,,,,,,,,,,,,,,,,,,,,,,,,,,,,,,,,,,,,,,,,,,,,,,,,,,,,,,,,,,,,,,,,,,,,,,,,,,,,,,,,,,,,,,,,,,,,,,,,,,,,,,,22304.0,34286.0,38452.0,41324.0,43642.0,45644.0,47089.0,48407.0,49350.0,50182.0,50875.0,51348.0,51802.0,52221.0,52768.0,53134.0,53400.0,53638.0,53800.0,53982.0,54130.0,54283.0,54451.0,54611.0,54804.0,54980.0,55133.0,55297.0,55428.0,55562.0,55673.0,55787.0,55901.0,56009.0,56084.0,56186.0,56276.0,56399.0,56512.0,56628.0,56717.0,56812.0,56916.0,57012.0,57105.0,57210.0,57308.0,57401.0,57479
X1O6JR4BXU0,,,,,,,,,,,,,,,,,,,,,,,,,,,,,,,,,,,,,,,,,,,,,,,,,,,,,,,,,,,,,,,,,,,,,,,,,,,,,,,,,,,,,,,,,,,,,,,,,,,,,,,,,,85.0,85.0,85.0,85.0,85.0,85.0,87.0,86.0,87.0,88.0,88.0,88.0,90.0,93.0,96.0,106.0,106.0,106.0,106.0,106.0,108.0,108.0,109.0,111.0,112.0,112.0,113.0,115.0,119.0,126.0,129.0,130.0,132.0,132.0,132.0,134.0,139.0,141.0,141.0,143.0,143.0,142.0,142.0,142.0,143.0,143.0,143.0,143.0,144
FX5YsDRRwiw,,,,,,,,,,,,,,,,,,,,,,,,,,,,,,,,,,,,,,,,,,,,,,,,,,,,,,,,,,,,,,,,,,,,,,,,,,,,,,,,,,,,,,,,,,,,,,,,,,,,,,,,,,20759.0,27514.0,30643.0,32819.0,34226.0,35186.0,35800.0,36261.0,36618.0,36945.0,37250.0,37487.0,37671.0,37828.0,37986.0,38141.0,38285.0,38408.0,38513.0,38619.0,38702.0,38807.0,38909.0,38997.0,39191.0,39464.0,39592.0,39725.0,39844.0,39979.0,40073.0,40251.0,40462.0,40610.0,40686.0,40742.0,40822.0,40881.0,40921.0,40945.0,40961.0,40993.0,41031.0,41063.0,41083.0,41117.0,41130.0,41146.0,41172
qSewOUTWues,,,,,,,,,,,,,,,,,,,,,,,,,,,,,,,,,,,,,,,,,,,,,,,,,,,,,,,,,,,,,,,,,,,,,,,,,,,,,,,,,,,,,,,,,,,,,,,,,,,,,,,,,,682.0,892.0,1014.0,1095.0,1161.0,1200.0,1230.0,1253.0,1288.0,1318.0,1339.0,1349.0,1368.0,1388.0,1402.0,1420.0,1441.0,1453.0,1466.0,1484.0,1498.0,1509.0,1518.0,1523.0,1531.0,1543.0,1554.0,1562.0,1571.0,1583.0,1596.0,1604.0,1613.0,1618.0,1629.0,1635.0,1645.0,1650.0,1663.0,1670.0,1678.0,1687.0,1697.0,1701.0,1712.0,1718.0,1721.0,1728.0,1734
zxs0N9_94Zs,,,,,,,,,,,,,,,,,,,,,,,,,,,,,,,,,,,,,,,,,,,,,,,,,,,,,,,,,,,,,,,,,,,,,,,,,,,,,,,,,,,,,,,,,,,,,,,,,,,,,,,,,,43732.0,71351.0,84337.0,93294.0,100248.0,106907.0,112689.0,117053.0,120602.0,123619.0,126019.0,128235.0,130341.0,132229.0,134271.0,136345.0,138056.0,139618.0,141102.0,142547.0,144515.0,146642.0,148914.0,151133.0,152891.0,154527.0,156566.0,158289.0,160046.0,161733.0,163399.0,165131.0,166898.0,168733.0,170487.0,172639.0,174584.0,176322.0,177549.0,178720.0,179906.0,181013.0,182122.0,183235.0,184397.0,185376.0,186295.0,187152.0,187984
2mUjLyyZOW0,,,,,,,,,,,,,,,,,,,,,,,,,,,,,,,,,,,,,,,,,,,,,,,,,,,,,,,,,,,,,,,,,,,,,,,,,,,,,,,,,,,,,,,,,,,,,,,,,,,,,,,,,,3906.0,4115.0,4304.0,4464.0,4605.0,4704.0,4786.0,4853.0,4942.0,5031.0,5104.0,5155.0,5217.0,5260.0,5298.0,5342.0,5395.0,5438.0,5470.0,5514.0,5545.0,5579.0,5607.0,5649.0,5687.0,5723.0,5751.0,5770.0,5793.0,5820.0,5840.0,5854.0,5869.0,5878.0,5891.0,5911.0,5930.0,5960.0,5975.0,5995.0,6009.0,6035.0,6059.0,6082.0,6100.0,6112.0,6129.0,6148.0,6161
E-DoiGgwze4,,,,,,,,,,,,,,,,,,,,,,,,,,,,,,,,,,,,,,,,,,,,,,,,,,,,,,,,,,,,,,,,,,,,,,,,,,,,,,,,,,,,,,,,,,,,,,,,,,,,,,,,,,1618.0,1641.0,1658.0,1676.0,1684.0,1695.0,1715.0,1724.0,1735.0,1746.0,1755.0,1764.0,1770.0,1781.0,1790.0,1792.0,1801.0,1801.0,1808.0,1813.0,1820.0,1824.0,1831.0,1834.0,1835.0,1837.0,1844.0,1848.0,1851.0,1852.0,1854.0,1859.0,1866.0,1868.0,1870.0,1873.0,1880.0,1885.0,1888.0,1891.0,1895.0,1897.0,1900.0,1910.0,1915.0,1919.0,1925.0,1933.0,1939
Uw15hkEiTjw,,,,,,,,,,,,,,,,,,,,,,,,,,,,,,,,,,,,,,,,,,,,,,,,,,,,,,,,,,,,,,,,,,,,,,,,,,,,,,,,,,,,,,,,,,,,,,,,,,,,,,,,,,632.0,633.0,634.0,635.0,635.0,635.0,636.0,637.0,638.0,639.0,639.0,640.0,641.0,641.0,641.0,641.0,642.0,643.0,643.0,643.0,642.0,642.0,642.0,642.0,643.0,645.0,646.0,646.0,647.0,647.0,647.0,646.0,646.0,646.0,646.0,647.0,647.0,649.0,649.0,649.0,649.0,649.0,649.0,649.0,650.0,650.0,650.0,650.0,650
bwANnNaPGgk,,,,,,,,,,,,,,,,,,,,,,,,,,,,,,,,,,,,,,,,,,,,,,,,,,,,,,,,,,,,,,,,,,,,,,,,,,,,,,,,,,,,,,,,,,,,,,,,,,,,,,,,,,100.0,100.0,100.0,101.0,101.0,102.0,102.0,103.0,105.0,106.0,106.0,106.0,106.0,106.0,107.0,108.0,109.0,109.0,109.0,109.0,109.0,109.0,109.0,109.0,109.0,109.0,109.0,110.0,110.0,110.0,110.0,111.0,111.0,112.0,112.0,112.0,112.0,112.0,112.0,112.0,113.0,113.0,114.0,114.0,114.0,114.0,114.0,115.0,114
RJmuGJKSYK8,,,,,,,,,,,,,,,,,,,,,,,,,,,,,,,,,,,,,,,,,,,,,,,,,,,,,,,,,,,,,,,,,,,,,,,,,,,,,,,,,,,,,,,,,,,,,,,,,,,,,,,,,,4914.0,6353.0,6988.0,7452.0,7888.0,8399.0,9178.0,9832.0,10286.0,10703.0,11060.0,11336.0,11616.0,11820.0,12051.0,12238.0,12451.0,12688.0,12856.0,12982.0,13113.0,13233.0,13363.0,13527.0,13839.0,13986.0,14110.0,14235.0,14357.0,14506.0,14706.0,14853.0,14961.0,15050.0,15149.0,15226.0,15301.0,15360.0,15437.0,15491.0,15536.0,15581.0,15631.0,15689.0,15724.0,15759.0,15800.0,15843.0,15875
cJ-h5gxPmHs,,,,,,,,,,,,,,,,,,,,,,,,,,,,,,,,,,,,,,,,,,,,,,,,,,,,,,,,,,,,,,,,,,,,,,,,,,,,,,,,,,,,,,,,,,,,,,,,,,,,,,,,,,,53.0,77.0,84.0,94.0,99.0,101.0,104.0,105.0,106.0,111.0,110.0,109.0,111.0,111.0,111.0,111.0,112.0,112.0,112.0,112.0,112.0,113.0,114.0,114.0,114.0,114.0,115.0,115.0,116.0,117.0,118.0,119.0,119.0,119.0,119.0,119.0,120.0,120.0,121.0,121.0,122.0,123.0,123.0,123.0,124.0,124.0,124.0,124
GWgJFJJVyl0,,,,,,,,,,,,,,,,,,,,,,,,,,,,,,,,,,,,,,,,,,,,,,,,,,,,,,,,,,,,,,,,,,,,,,,,,,,,,,,,,,,,,,,,,,,,,,,,,,,,,,,,,,,16.0,45.0,50.0,52.0,54.0,55.0,57.0,57.0,57.0,62.0,62.0,62.0,64.0,64.0,64.0,64.0,64.0,64.0,65.0,65.0,65.0,66.0,66.0,66.0,66.0,66.0,67.0,68.0,68.0,68.0,68.0,68.0,68.0,68.0,68.0,68.0,68.0,68.0,68.0,68.0,68.0,69.0,70.0,70.0,70.0,70.0,71.0,71
P5TKt6l1Tz8,,,,,,,,,,,,,,,,,,,,,,,,,,,,,,,,,,,,,,,,,,,,,,,,,,,,,,,,,,,,,,,,,,,,,,,,,,,,,,,,,,,,,,,,,,,,,,,,,,,,,,,,,,,5.0,8.0,9.0,11.0,11.0,12.0,12.0,12.0,12.0,12.0,12.0,12.0,12.0,13.0,15.0,15.0,15.0,15.0,15.0,15.0,15.0,15.0,15.0,15.0,15.0,16.0,16.0,16.0,16.0,16.0,16.0,16.0,16.0,16.0,16.0,16.0,16.0,16.0,16.0,16.0,16.0,16.0,16.0,16.0,16.0,16.0,16.0,16
CzpCZPD8Xmc,,,,,,,,,,,,,,,,,,,,,,,,,,,,,,,,,,,,,,,,,,,,,,,,,,,,,,,,,,,,,,,,,,,,,,,,,,,,,,,,,,,,,,,,,,,,,,,,,,,,,,,,,,,9.0,9.0,9.0,9.0,11.0,11.0,11.0,12.0,12.0,12.0,12.0,12.0,13.0,13.0,14.0,14.0,14.0,16.0,16.0,17.0,18.0,18.0,18.0,18.0,18.0,18.0,18.0,18.0,18.0,19.0,19.0,19.0,19.0,19.0,19.0,19.0,20.0,20.0,20.0,21.0,22.0,22.0,22.0,22.0,22.0,22.0,22.0,22
YZ8hlzxVwb8,,,,,,,,,,,,,,,,,,,,,,,,,,,,,,,,,,,,,,,,,,,,,,,,,,,,,,,,,,,,,,,,,,,,,,,,,,,,,,,,,,,,,,,,,,,,,,,,,,,,,,,,,,,55.0,66.0,70.0,77.0,84.0,85.0,85.0,87.0,88.0,90.0,93.0,94.0,96.0,97.0,98.0,99.0,101.0,103.0,103.0,103.0,104.0,104.0,104.0,104.0,104.0,104.0,105.0,105.0,106.0,107.0,107.0,107.0,107.0,107.0,107.0,108.0,108.0,109.0,109.0,110.0,109.0,109.0,109.0,109.0,109.0,109.0,110.0,110
puY8TlKCenU,,,,,,,,,,,,,,,,,,,,,,,,,,,,,,,,,,,,,,,,,,,,,,,,,,,,,,,,,,,,,,,,,,,,,,,,,,,,,,,,,,,,,,,,,,,,,,,,,,,,,,,,,,,5909.0,7147.0,7760.0,8071.0,8374.0,8715.0,9027.0,9238.0,9450.0,9571.0,9676.0,9777.0,9876.0,9991.0,10061.0,10136.0,10201.0,10277.0,10319.0,10388.0,10432.0,10508.0,10573.0,10654.0,10709.0,10784.0,10839.0,10911.0,10970.0,11011.0,11042.0,11081.0,11132.0,11168.0,11200.0,11243.0,11291.0,11341.0,11368.0,11406.0,11436.0,11460.0,11590.0,11668.0,11731.0,11773.0,11859.0,11918
ceJ0qvgaxmI,,,,,,,,,,,,,,,,,,,,,,,,,,,,,,,,,,,,,,,,,,,,,,,,,,,,,,,,,,,,,,,,,,,,,,,,,,,,,,,,,,,,,,,,,,,,,,,,,,,,,,,,,,,7.0,7.0,8.0,11.0,11.0,11.0,11.0,12.0,12.0,12.0,12.0,12.0,12.0,14.0,14.0,14.0,14.0,14.0,14.0,14.0,14.0,14.0,15.0,15.0,15.0,15.0,15.0,15.0,15.0,15.0,15.0,15.0,15.0,15.0,15.0,15.0,15.0,15.0,15.0,15.0,15.0,15.0,15.0,15.0,15.0,15.0,15.0,15
UGYR8AhDDEg,,,,,,,,,,,,,,,,,,,,,,,,,,,,,,,,,,,,,,,,,,,,,,,,,,,,,,,,,,,,,,,,,,,,,,,,,,,,,,,,,,,,,,,,,,,,,,,,,,,,,,,,,,,,1305.0,2005.0,2598.0,2945.0,3211.0,3505.0,3789.0,4056.0,4224.0,4391.0,4568.0,4727.0,4862.0,4998.0,5110.0,5175.0,5254.0,5340.0,5427.0,5484.0,5551.0,5635.0,5706.0,5779.0,5867.0,5935.0,6029.0,6153.0,6253.0,6401.0,6593.0,6946.0,7344.0,7846.0,8305.0,8690.0,8955.0,9152.0,9319.0,9433.0,9510.0,9600.0,9716.0,9818.0,9912.0,10021.0,10113
fnfaeIWp5lI,,,,,,,,,,,,,,,,,,,,,,,,,,,,,,,,,,,,,,,,,,,,,,,,,,,,,,,,,,,,,,,,,,,,,,,,,,,,,,,,,,,,,,,,,,,,,,,,,,,,,,,,,,,,1622.0,1645.0,1657.0,1684.0,1700.0,1717.0,1729.0,1746.0,1763.0,1769.0,1782.0,1792.0,1808.0,1822.0,1833.0,1854.0,1861.0,1873.0,1884.0,1896.0,1907.0,1921.0,1927.0,1939.0,1955.0,1966.0,1979.0,1991.0,2002.0,2014.0,2020.0,2032.0,2039.0,2048.0,2059.0,2071.0,2076.0,2083.0,2092.0,2102.0,2112.0,2122.0,2129.0,2139.0,2153.0,2160.0,2171
3sKKVJ_jfAs,,,,,,,,,,,,,,,,,,,,,,,,,,,,,,,,,,,,,,,,,,,,,,,,,,,,,,,,,,,,,,,,,,,,,,,,,,,,,,,,,,,,,,,,,,,,,,,,,,,,,,,,,,,,8249.0,9662.0,10571.0,11228.0,11862.0,12388.0,12984.0,13558.0,14057.0,14476.0,14823.0,15128.0,15418.0,15722.0,16148.0,16559.0,16911.0,17223.0,17490.0,17734.0,17972.0,18344.0,18679.0,19003.0,19263.0,19491.0,19718.0,20006.0,20436.0,20808.0,21129.0,21390.0,21678.0,21947.0,22147.0,22345.0,22532.0,22701.0,22872.0,23013.0,23126.0,23271.0,23363.0,23474.0,23566.0,23681.0,23785
qMm0gWRpWFU,,,,,,,,,,,,,,,,,,,,,,,,,,,,,,,,,,,,,,,,,,,,,,,,,,,,,,,,,,,,,,,,,,,,,,,,,,,,,,,,,,,,,,,,,,,,,,,,,,,,,,,,,,,,71.0,107.0,127.0,154.0,170.0,183.0,201.0,216.0,222.0,236.0,250.0,259.0,267.0,274.0,278.0,278.0,280.0,283.0,285.0,290.0,292.0,295.0,298.0,302.0,304.0,309.0,313.0,314.0,316.0,318.0,319.0,322.0,323.0,323.0,322.0,322.0,324.0,326.0,325.0,331.0,334.0,335.0,335.0,335.0,337.0,342.0,344
uHRRrnhTDiQ,,,,,,,,,,,,,,,,,,,,,,,,,,,,,,,,,,,,,,,,,,,,,,,,,,,,,,,,,,,,,,,,,,,,,,,,,,,,,,,,,,,,,,,,,,,,,,,,,,,,,,,,,,,,284.0,416.0,524.0,569.0,656.0,718.0,784.0,849.0,900.0,935.0,977.0,987.0,1005.0,1042.0,1107.0,1175.0,1262.0,1349.0,1461.0,1575.0,1685.0,1780.0,1868.0,1951.0,2043.0,2131.0,2253.0,2351.0,2396.0,2397.0,2398.0,2398.0,2399.0,2399.0,2401.0,2400.0,2399.0,2400.0,2400.0,2400.0,2400.0,2399.0,2398.0,2398.0,2398.0,2398.0,2399
7oxaTPvKP6g,,,,,,,,,,,,,,,,,,,,,,,,,,,,,,,,,,,,,,,,,,,,,,,,,,,,,,,,,,,,,,,,,,,,,,,,,,,,,,,,,,,,,,,,,,,,,,,,,,,,,,,,,,,,48.0,48.0,49.0,49.0,49.0,49.0,49.0,49.0,49.0,49.0,49.0,49.0,49.0,49.0,49.0,49.0,49.0,49.0,49.0,49.0,49.0,49.0,49.0,49.0,49.0,49.0,49.0,49.0,49.0,49.0,49.0,49.0,49.0,49.0,49.0,49.0,49.0,49.0,49.0,49.0,49.0,49.0,49.0,49.0,49.0,49.0,49
U6BDbXIah-Y,,,,,,,,,,,,,,,,,,,,,,,,,,,,,,,,,,,,,,,,,,,,,,,,,,,,,,,,,,,,,,,,,,,,,,,,,,,,,,,,,,,,,,,,,,,,,,,,,,,,,,,,,,,,,439984.0,586436.0,636033.0,670995.0,694284.0,713254.0,734997.0,752297.0,765808.0,780290.0,795257.0,810592.0,825620.0,839682.0,855478.0,868581.0,879602.0,888818.0,898517.0,908095.0,917460.0,927005.0,936345.0,943702.0,951087.0,958371.0,966080.0,973799.0,980502.0,986924.0,993346.0,999543.0,1006977.0,1014585.0,1023384.0,1030600.0,1037092.0,1043961.0,1051074.0,1058291.0,1066733.0,1075666.0,1082800.0,1089264.0,1096089.0,1102650
sadl9Ujgnms,,,,,,,,,,,,,,,,,,,,,,,,,,,,,,,,,,,,,,,,,,,,,,,,,,,,,,,,,,,,,,,,,,,,,,,,,,,,,,,,,,,,,,,,,,,,,,,,,,,,,,,,,,,,,5865.0,9803.0,11470.0,12644.0,13400.0,14014.0,14513.0,14852.0,15050.0,15235.0,15412.0,15583.0,15739.0,15873.0,16005.0,16106.0,16197.0,16273.0,16355.0,16449.0,16522.0,16601.0,16676.0,16738.0,16795.0,16842.0,16885.0,16923.0,16999.0,17034.0,17086.0,17120.0,17208.0,17272.0,17331.0,17384.0,17458.0,17553.0,17655.0,17729.0,17776.0,17819.0,17857.0,17893.0,17923.0,17946
8wKz7rN2pAk,,,,,,,,,,,,,,,,,,,,,,,,,,,,,,,,,,,,,,,,,,,,,,,,,,,,,,,,,,,,,,,,,,,,,,,,,,,,,,,,,,,,,,,,,,,,,,,,,,,,,,,,,,,,,8680.0,8952.0,9185.0,9367.0,9514.0,9638.0,9781.0,9861.0,9938.0,9994.0,10052.0,10110.0,10142.0,10175.0,10205.0,10237.0,10266.0,10297.0,10329.0,10357.0,10380.0,10409.0,10433.0,10453.0,10466.0,10481.0,10501.0,10519.0,10518.0,10522.0,10535.0,10547.0,10561.0,10580.0,10590.0,10603.0,10610.0,10625.0,10635.0,10645.0,10656.0,10669.0,10679.0,10692.0,10705.0,10708
VxzIGplyFNc,,,,,,,,,,,,,,,,,,,,,,,,,,,,,,,,,,,,,,,,,,,,,,,,,,,,,,,,,,,,,,,,,,,,,,,,,,,,,,,,,,,,,,,,,,,,,,,,,,,,,,,,,,,,,3128.0,3582.0,3800.0,3971.0,4061.0,4145.0,4218.0,4282.0,4329.0,4385.0,4429.0,4476.0,4511.0,4537.0,4559.0,4582.0,4603.0,4627.0,4648.0,4660.0,4674.0,4685.0,4702.0,4713.0,4718.0,4722.0,4731.0,4740.0,4753.0,4762.0,4769.0,4777.0,4786.0,4791.0,4799.0,4809.0,4817.0,4823.0,4825.0,4828.0,4836.0,4840.0,4843.0,4846.0,4854.0,4861
YJ9s1dCYqV4,,,,,,,,,,,,,,,,,,,,,,,,,,,,,,,,,,,,,,,,,,,,,,,,,,,,,,,,,,,,,,,,,,,,,,,,,,,,,,,,,,,,,,,,,,,,,,,,,,,,,,,,,,,,,778.0,780.0,780.0,780.0,781.0,781.0,781.0,781.0,781.0,781.0,781.0,782.0,783.0,784.0,784.0,785.0,785.0,785.0,786.0,786.0,786.0,787.0,787.0,787.0,788.0,788.0,788.0,788.0,789.0,789.0,789.0,789.0,790.0,790.0,791.0,791.0,791.0,792.0,792.0,791.0,791.0,794.0,794.0,794.0,794.0,794
v6QDpTMB23w,,,,,,,,,,,,,,,,,,,,,,,,,,,,,,,,,,,,,,,,,,,,,,,,,,,,,,,,,,,,,,,,,,,,,,,,,,,,,,,,,,,,,,,,,,,,,,,,,,,,,,,,,,,,,365.0,393.0,410.0,432.0,449.0,463.0,471.0,474.0,479.0,487.0,496.0,499.0,504.0,512.0,519.0,525.0,534.0,537.0,540.0,543.0,544.0,546.0,546.0,549.0,549.0,549.0,553.0,555.0,554.0,554.0,554.0,555.0,555.0,555.0,558.0,558.0,558.0,558.0,558.0,561.0,563.0,563.0,564.0,563.0,563.0,563
QETyA3sR60Y,,,,,,,,,,,,,,,,,,,,,,,,,,,,,,,,,,,,,,,,,,,,,,,,,,,,,,,,,,,,,,,,,,,,,,,,,,,,,,,,,,,,,,,,,,,,,,,,,,,,,,,,,,,,,598.0,692.0,739.0,761.0,784.0,797.0,812.0,819.0,821.0,823.0,828.0,832.0,833.0,839.0,840.0,843.0,843.0,843.0,842.0,845.0,846.0,847.0,848.0,849.0,849.0,851.0,854.0,856.0,859.0,859.0,861.0,860.0,860.0,863.0,864.0,864.0,865.0,865.0,866.0,867.0,868.0,870.0,872.0,873.0,874.0,874
UKxqiUMesc8,,,,,,,,,,,,,,,,,,,,,,,,,,,,,,,,,,,,,,,,,,,,,,,,,,,,,,,,,,,,,,,,,,,,,,,,,,,,,,,,,,,,,,,,,,,,,,,,,,,,,,,,,,,,,13.0,15.0,18.0,27.0,34.0,43.0,46.0,48.0,48.0,48.0,50.0,52.0,54.0,54.0,55.0,56.0,57.0,57.0,57.0,57.0,58.0,61.0,61.0,62.0,63.0,63.0,63.0,64.0,64.0,64.0,64.0,65.0,65.0,65.0,65.0,65.0,65.0,65.0,67.0,68.0,68.0,68.0,68.0,69.0,69.0,70
YaD9tfBeFfs,,,,,,,,,,,,,,,,,,,,,,,,,,,,,,,,,,,,,,,,,,,,,,,,,,,,,,,,,,,,,,,,,,,,,,,,,,,,,,,,,,,,,,,,,,,,,,,,,,,,,,,,,,,,,28.0,63.0,86.0,104.0,115.0,132.0,141.0,151.0,162.0,177.0,180.0,190.0,200.0,205.0,214.0,225.0,235.0,242.0,245.0,252.0,257.0,266.0,279.0,291.0,297.0,303.0,306.0,310.0,321.0,329.0,342.0,347.0,352.0,356.0,363.0,371.0,381.0,388.0,398.0,404.0,415.0,423.0,430.0,436.0,442.0,445
pkea5SglAHg,,,,,,,,,,,,,,,,,,,,,,,,,,,,,,,,,,,,,,,,,,,,,,,,,,,,,,,,,,,,,,,,,,,,,,,,,,,,,,,,,,,,,,,,,,,,,,,,,,,,,,,,,,,,,,1373.0,1373.0,1376.0,1376.0,1378.0,1381.0,1382.0,1382.0,1382.0,1383.0,1383.0,1382.0,1382.0,1383.0,1382.0,1382.0,1382.0,1382.0,1383.0,1383.0,1383.0,1383.0,1384.0,1385.0,1386.0,1387.0,1386.0,1387.0,1390.0,1392.0,1394.0,1393.0,1395.0,1395.0,1395.0,1397.0,1399.0,1399.0,1400.0,1401.0,1401.0,1401.0,1402.0,1402.0,1404
wWvu34x2INc,,,,,,,,,,,,,,,,,,,,,,,,,,,,,,,,,,,,,,,,,,,,,,,,,,,,,,,,,,,,,,,,,,,,,,,,,,,,,,,,,,,,,,,,,,,,,,,,,,,,,,,,,,,,,,122586.0,232337.0,273639.0,295899.0,314550.0,326747.0,335335.0,341820.0,347318.0,352235.0,357998.0,363184.0,367247.0,370695.0,373399.0,375617.0,377463.0,379347.0,381317.0,383329.0,384886.0,386260.0,387451.0,388749.0,390073.0,391488.0,392848.0,393902.0,394905.0,395861.0,396739.0,397807.0,398921.0,400093.0,401023.0,401798.0,402729.0,403602.0,404432.0,405304.0,406243.0,407026.0,407583.0,408281.0,408892
O8dR2eWKq8A,,,,,,,,,,,,,,,,,,,,,,,,,,,,,,,,,,,,,,,,,,,,,,,,,,,,,,,,,,,,,,,,,,,,,,,,,,,,,,,,,,,,,,,,,,,,,,,,,,,,,,,,,,,,,,9595.0,18289.0,21490.0,23196.0,24317.0,25010.0,25591.0,26061.0,26466.0,26870.0,27295.0,27699.0,28005.0,28261.0,28454.0,28642.0,28819.0,28972.0,29153.0,29339.0,29522.0,29690.0,29834.0,29974.0,30113.0,30283.0,30402.0,30565.0,30685.0,30811.0,30914.0,31033.0,31413.0,31672.0,31840.0,32006.0,32160.0,32302.0,32423.0,32540.0,32662.0,32793.0,32913.0,33020.0,33084
aJMpcmUobD0,,,,,,,,,,,,,,,,,,,,,,,,,,,,,,,,,,,,,,,,,,,,,,,,,,,,,,,,,,,,,,,,,,,,,,,,,,,,,,,,,,,,,,,,,,,,,,,,,,,,,,,,,,,,,,242.0,266.0,284.0,297.0,304.0,320.0,322.0,336.0,358.0,357.0,360.0,361.0,361.0,361.0,361.0,361.0,362.0,361.0,361.0,361.0,361.0,361.0,361.0,361.0,361.0,361.0,361.0,361.0,361.0,361.0,360.0,360.0,360.0,360.0,360.0,360.0,360.0,360.0,359.0,359.0,359.0,359.0,359.0,359.0,359
m7tmgK3RR3g,,,,,,,,,,,,,,,,,,,,,,,,,,,,,,,,,,,,,,,,,,,,,,,,,,,,,,,,,,,,,,,,,,,,,,,,,,,,,,,,,,,,,,,,,,,,,,,,,,,,,,,,,,,,,,14.0,14.0,14.0,14.0,14.0,14.0,14.0,14.0,14.0,14.0,14.0,14.0,15.0,14.0,14.0,14.0,14.0,14.0,14.0,14.0,14.0,14.0,14.0,14.0,14.0,14.0,14.0,14.0,14.0,14.0,14.0,14.0,14.0,14.0,14.0,14.0,14.0,14.0,14.0,14.0,14.0,14.0,14.0,14.0,14
JUZQS-LhQY0,,,,,,,,,,,,,,,,,,,,,,,,,,,,,,,,,,,,,,,,,,,,,,,,,,,,,,,,,,,,,,,,,,,,,,,,,,,,,,,,,,,,,,,,,,,,,,,,,,,,,,,,,,,,,,18.0,18.0,18.0,18.0,17.0,17.0,17.0,17.0,17.0,17.0,16.0,16.0,16.0,16.0,16.0,16.0,16.0,16.0,16.0,17.0,17.0,18.0,19.0,19.0,19.0,19.0,19.0,19.0,19.0,19.0,19.0,19.0,19.0,19.0,19.0,19.0,19.0,19.0,19.0,20.0,21.0,21.0,21.0,22.0,22
om5Px6IVyEI,,,,,,,,,,,,,,,,,,,,,,,,,,,,,,,,,,,,,,,,,,,,,,,,,,,,,,,,,,,,,,,,,,,,,,,,,,,,,,,,,,,,,,,,,,,,,,,,,,,,,,,,,,,,,,5.0,5.0,6.0,7.0,7.0,7.0,7.0,7.0,7.0,8.0,8.0,8.0,8.0,8.0,8.0,8.0,8.0,8.0,8.0,8.0,8.0,8.0,8.0,8.0,8.0,8.0,8.0,8.0,8.0,8.0,9.0,9.0,9.0,9.0,8.0,8.0,8.0,8.0,8.0,9.0,9.0,9.0,9.0,9.0,8
5qGHUPfF3tM,,,,,,,,,,,,,,,,,,,,,,,,,,,,,,,,,,,,,,,,,,,,,,,,,,,,,,,,,,,,,,,,,,,,,,,,,,,,,,,,,,,,,,,,,,,,,,,,,,,,,,,,,,,,,,3201.0,7280.0,10326.0,11499.0,12202.0,12695.0,13082.0,13336.0,13509.0,13634.0,13755.0,13857.0,13923.0,14000.0,14060.0,14114.0,14150.0,14181.0,14210.0,14234.0,14282.0,14309.0,14348.0,14399.0,14452.0,15515.0,16926.0,17489.0,17754.0,17942.0,18085.0,18204.0,18325.0,18401.0,18439.0,18470.0,18498.0,18526.0,18536.0,18566.0,18587.0,18616.0,18648.0,18660.0,18680
Dj5SOqo92OU,,,,,,,,,,,,,,,,,,,,,,,,,,,,,,,,,,,,,,,,,,,,,,,,,,,,,,,,,,,,,,,,,,,,,,,,,,,,,,,,,,,,,,,,,,,,,,,,,,,,,,,,,,,,,,28495.0,54512.0,66787.0,71869.0,74950.0,77014.0,78728.0,80032.0,80945.0,81654.0,82292.0,83288.0,83945.0,84525.0,85359.0,86002.0,86602.0,87187.0,88401.0,89122.0,89752.0,90313.0,90789.0,91254.0,91728.0,92211.0,92568.0,92913.0,93226.0,93493.0,93711.0,93973.0,94225.0,94475.0,94713.0,95095.0,95396.0,95638.0,95874.0,96158.0,96433.0,96661.0,96845.0,97066.0,97249
nBBYmYvsbP0,,,,,,,,,,,,,,,,,,,,,,,,,,,,,,,,,,,,,,,,,,,,,,,,,,,,,,,,,,,,,,,,,,,,,,,,,,,,,,,,,,,,,,,,,,,,,,,,,,,,,,,,,,,,,,,32032.0,32295.0,32499.0,33287.0,33620.0,33827.0,33948.0,34081.0,34255.0,34389.0,34564.0,34677.0,34773.0,34887.0,34998.0,35078.0,35181.0,35289.0,35357.0,35433.0,35514.0,35579.0,35639.0,35694.0,35751.0,35792.0,35831.0,35879.0,35919.0,35948.0,35983.0,36033.0,36086.0,36120.0,36158.0,36197.0,36219.0,36244.0,36279.0,36319.0,36343.0,36366.0,36383.0,36401
HnBSiikXMjU,,,,,,,,,,,,,,,,,,,,,,,,,,,,,,,,,,,,,,,,,,,,,,,,,,,,,,,,,,,,,,,,,,,,,,,,,,,,,,,,,,,,,,,,,,,,,,,,,,,,,,,,,,,,,,,168.0,388.0,444.0,495.0,530.0,557.0,577.0,604.0,622.0,635.0,655.0,664.0,678.0,693.0,716.0,737.0,749.0,766.0,775.0,778.0,823.0,847.0,851.0,866.0,885.0,896.0,904.0,912.0,929.0,947.0,959.0,961.0,968.0,982.0,985.0,993.0,1006.0,1015.0,1020.0,1021.0,1023.0,1029.0,1032.0,1037
GWoKVMMLkuA,,,,,,,,,,,,,,,,,,,,,,,,,,,,,,,,,,,,,,,,,,,,,,,,,,,,,,,,,,,,,,,,,,,,,,,,,,,,,,,,,,,,,,,,,,,,,,,,,,,,,,,,,,,,,,,1528.0,2364.0,2651.0,2868.0,3005.0,3099.0,3180.0,3245.0,3300.0,3336.0,3365.0,3394.0,3424.0,3444.0,3468.0,3493.0,3520.0,3553.0,3579.0,3598.0,3610.0,3623.0,3648.0,3663.0,3680.0,3688.0,3709.0,3718.0,3734.0,3749.0,3758.0,3773.0,3778.0,3789.0,3795.0,3807.0,3818.0,3826.0,3833.0,3844.0,3852.0,3860.0,3871.0,3875
5TG_4h29VIg,,,,,,,,,,,,,,,,,,,,,,,,,,,,,,,,,,,,,,,,,,,,,,,,,,,,,,,,,,,,,,,,,,,,,,,,,,,,,,,,,,,,,,,,,,,,,,,,,,,,,,,,,,,,,,,6133.0,9608.0,11532.0,12935.0,13913.0,14726.0,15521.0,16232.0,16827.0,17359.0,17871.0,18274.0,18671.0,19062.0,19392.0,19793.0,20142.0,20487.0,20827.0,21175.0,21489.0,21765.0,22144.0,22456.0,22760.0,22996.0,23234.0,23468.0,23714.0,24044.0,24345.0,24605.0,24824.0,25039.0,25238.0,25428.0,25675.0,25890.0,26070.0,26251.0,26416.0,26576.0,26736.0,26977
dGkVTpg2ojY,,,,,,,,,,,,,,,,,,,,,,,,,,,,,,,,,,,,,,,,,,,,,,,,,,,,,,,,,,,,,,,,,,,,,,,,,,,,,,,,,,,,,,,,,,,,,,,,,,,,,,,,,,,,,,,18822.0,18838.0,18869.0,18889.0,18899.0,18914.0,18919.0,18930.0,18941.0,18952.0,18964.0,18977.0,18996.0,19018.0,19029.0,19039.0,19050.0,19064.0,19092.0,19103.0,19125.0,19145.0,19158.0,19165.0,19181.0,19190.0,19199.0,19216.0,19224.0,19228.0,19242.0,19256.0,19271.0,19281.0,19293.0,19309.0,19321.0,19330.0,19337.0,19357.0,19373.0,19387.0,19396.0,19406
-aY63527pYo,,,,,,,,,,,,,,,,,,,,,,,,,,,,,,,,,,,,,,,,,,,,,,,,,,,,,,,,,,,,,,,,,,,,,,,,,,,,,,,,,,,,,,,,,,,,,,,,,,,,,,,,,,,,,,,31478.0,31505.0,31539.0,31565.0,31585.0,31607.0,31628.0,31644.0,31664.0,31680.0,31693.0,31705.0,31719.0,31731.0,31740.0,31748.0,31759.0,31772.0,31788.0,31812.0,31826.0,31836.0,31850.0,31862.0,31871.0,31871.0,31879.0,31887.0,31895.0,31903.0,31908.0,31912.0,31918.0,31925.0,31928.0,31935.0,31940.0,31946.0,31957.0,31968.0,31982.0,31999.0,32009.0,32019
yoOJHtj2egE,,,,,,,,,,,,,,,,,,,,,,,,,,,,,,,,,,,,,,,,,,,,,,,,,,,,,,,,,,,,,,,,,,,,,,,,,,,,,,,,,,,,,,,,,,,,,,,,,,,,,,,,,,,,,,,2263.0,3083.0,3445.0,3604.0,3720.0,3838.0,3923.0,4006.0,4081.0,4154.0,4194.0,4222.0,4251.0,4263.0,4297.0,4325.0,4352.0,4367.0,4389.0,4408.0,4422.0,4437.0,4447.0,4461.0,4475.0,4486.0,4495.0,4502.0,4511.0,4519.0,4531.0,4539.0,4548.0,4557.0,4565.0,4569.0,4572.0,4576.0,4585.0,4589.0,4593.0,4599.0,4610.0,4614
Ys3CILVbK2c,,,,,,,,,,,,,,,,,,,,,,,,,,,,,,,,,,,,,,,,,,,,,,,,,,,,,,,,,,,,,,,,,,,,,,,,,,,,,,,,,,,,,,,,,,,,,,,,,,,,,,,,,,,,,,,23.0,23.0,23.0,23.0,23.0,23.0,23.0,23.0,23.0,23.0,23.0,23.0,23.0,23.0,23.0,23.0,23.0,23.0,23.0,23.0,23.0,23.0,23.0,23.0,23.0,23.0,23.0,23.0,23.0,23.0,23.0,23.0,23.0,23.0,23.0,23.0,23.0,23.0,23.0,23.0,23.0,23.0,23.0,23
qQEDjLd5ETw,,,,,,,,,,,,,,,,,,,,,,,,,,,,,,,,,,,,,,,,,,,,,,,,,,,,,,,,,,,,,,,,,,,,,,,,,,,,,,,,,,,,,,,,,,,,,,,,,,,,,,,,,,,,,,,372.0,373.0,374.0,374.0,374.0,377.0,379.0,379.0,381.0,381.0,385.0,388.0,391.0,392.0,395.0,395.0,396.0,397.0,398.0,399.0,400.0,403.0,404.0,406.0,408.0,408.0,409.0,409.0,411.0,413.0,416.0,415.0,415.0,416.0,418.0,417.0,417.0,419.0,421.0,422.0,425.0,426.0,426.0,429
vHDuZUfrnT4,,,,,,,,,,,,,,,,,,,,,,,,,,,,,,,,,,,,,,,,,,,,,,,,,,,,,,,,,,,,,,,,,,,,,,,,,,,,,,,,,,,,,,,,,,,,,,,,,,,,,,,,,,,,,,,3157.0,4936.0,5730.0,6205.0,6521.0,6837.0,7047.0,7218.0,7322.0,7425.0,7509.0,7571.0,7619.0,7666.0,7697.0,7725.0,7752.0,7783.0,7817.0,7855.0,7912.0,7949.0,8035.0,8098.0,8125.0,8165.0,8199.0,8243.0,8260.0,8275.0,8299.0,8327.0,8343.0,8356.0,8369.0,8387.0,8400.0,8416.0,8435.0,8449.0,8460.0,8475.0,8489.0,8496
nD08BQ-T80k,,,,,,,,,,,,,,,,,,,,,,,,,,,,,,,,,,,,,,,,,,,,,,,,,,,,,,,,,,,,,,,,,,,,,,,,,,,,,,,,,,,,,,,,,,,,,,,,,,,,,,,,,,,,,,,,306.0,395.0,455.0,503.0,565.0,612.0,648.0,697.0,732.0,770.0,796.0,819.0,841.0,860.0,880.0,899.0,940.0,965.0,988.0,1010.0,1036.0,1058.0,1090.0,1119.0,1135.0,1154.0,1173.0,1190.0,1213.0,1229.0,1240.0,1253.0,1270.0,1278.0,1291.0,1314.0,1358.0,1384.0,1419.0,1444.0,1460.0,1477.0,1494
wUugTlPlSNw,,,,,,,,,,,,,,,,,,,,,,,,,,,,,,,,,,,,,,,,,,,,,,,,,,,,,,,,,,,,,,,,,,,,,,,,,,,,,,,,,,,,,,,,,,,,,,,,,,,,,,,,,,,,,,,,197.0,528.0,765.0,940.0,1125.0,1266.0,1403.0,1553.0,1640.0,1688.0,1740.0,1787.0,1833.0,1866.0,1894.0,1920.0,1943.0,1952.0,1969.0,1982.0,1998.0,2009.0,2021.0,2026.0,2036.0,2045.0,2050.0,2063.0,2074.0,2082.0,2091.0,2106.0,2113.0,2123.0,2135.0,2142.0,2153.0,2164.0,2172.0,2183.0,2192.0,2198.0,2210
oTh3icTtJ64,,,,,,,,,,,,,,,,,,,,,,,,,,,,,,,,,,,,,,,,,,,,,,,,,,,,,,,,,,,,,,,,,,,,,,,,,,,,,,,,,,,,,,,,,,,,,,,,,,,,,,,,,,,,,,,,1591.0,2519.0,2763.0,2867.0,2965.0,3043.0,3088.0,3121.0,3144.0,3174.0,3192.0,3207.0,3216.0,3231.0,3247.0,3262.0,3274.0,3277.0,3287.0,3291.0,3296.0,3301.0,3307.0,3318.0,3327.0,3346.0,3353.0,3360.0,3372.0,3379.0,3384.0,3389.0,3393.0,3395.0,3401.0,3403.0,3407.0,3415.0,3420.0,3426.0,3432.0,3434.0,3440
a2grcJdfXmY,,,,,,,,,,,,,,,,,,,,,,,,,,,,,,,,,,,,,,,,,,,,,,,,,,,,,,,,,,,,,,,,,,,,,,,,,,,,,,,,,,,,,,,,,,,,,,,,,,,,,,,,,,,,,,,,,167836.0,234794.0,263165.0,282835.0,296532.0,307463.0,318088.0,327814.0,335788.0,342222.0,348124.0,353677.0,358384.0,362513.0,367176.0,372067.0,376580.0,380239.0,383591.0,386827.0,389935.0,393035.0,396138.0,399142.0,401666.0,404114.0,406734.0,409467.0,413969.0,418631.0,422969.0,426196.0,428925.0,431521.0,433761.0,435889.0,438300.0,440592.0,442432.0,443917.0,445516.0,447031
a2grcJdfXmY,,,,,,,,,,,,,,,,,,,,,,,,,,,,,,,,,,,,,,,,,,,,,,,,,,,,,,,,,,,,,,,,,,,,,,,,,,,,,,,,,,,,,,,,,,,,,,,,,,,,,,,,,,,,,,,,,167836.0,234794.0,263165.0,282835.0,296532.0,307463.0,318088.0,327814.0,335788.0,342222.0,348124.0,353677.0,358384.0,362513.0,367176.0,372067.0,376580.0,380239.0,383591.0,386827.0,389935.0,393036.0,396138.0,399142.0,401666.0,404114.0,406734.0,409467.0,413969.0,418631.0,422969.0,426196.0,428925.0,431521.0,433761.0,435889.0,438300.0,440592.0,442432.0,443917.0,445516.0,447031
7jr4H6M1hUU,,,,,,,,,,,,,,,,,,,,,,,,,,,,,,,,,,,,,,,,,,,,,,,,,,,,,,,,,,,,,,,,,,,,,,,,,,,,,,,,,,,,,,,,,,,,,,,,,,,,,,,,,,,,,,,,,395.0,453.0,495.0,534.0,570.0,596.0,637.0,679.0,695.0,711.0,723.0,739.0,756.0,798.0,893.0,962.0,1017.0,1044.0,1073.0,1095.0,1149.0,1199.0,1222.0,1256.0,1280.0,1300.0,1325.0,1347.0,1391.0,1413.0,1440.0,1462.0,1489.0,1501.0,1519.0,1553.0,1584.0,1603.0,1618.0,1631.0,1649.0,1660
FmX81RnQNIM,,,,,,,,,,,,,,,,,,,,,,,,,,,,,,,,,,,,,,,,,,,,,,,,,,,,,,,,,,,,,,,,,,,,,,,,,,,,,,,,,,,,,,,,,,,,,,,,,,,,,,,,,,,,,,,,,21.0,21.0,22.0,25.0,27.0,30.0,34.0,39.0,42.0,46.0,49.0,53.0,57.0,58.0,64.0,64.0,66.0,71.0,72.0,72.0,74.0,74.0,76.0,79.0,84.0,90.0,90.0,91.0,91.0,93.0,93.0,94.0,94.0,95.0,97.0,97.0,97.0,97.0,98.0,98.0,99.0,101
d0rNr_rDAzc,,,,,,,,,,,,,,,,,,,,,,,,,,,,,,,,,,,,,,,,,,,,,,,,,,,,,,,,,,,,,,,,,,,,,,,,,,,,,,,,,,,,,,,,,,,,,,,,,,,,,,,,,,,,,,,,,1928.0,2040.0,2116.0,2166.0,2204.0,2235.0,2265.0,2285.0,2306.0,2337.0,2350.0,2367.0,2391.0,2395.0,2401.0,2409.0,2409.0,2415.0,2423.0,2426.0,2430.0,2435.0,2436.0,2438.0,2441.0,2442.0,2442.0,2445.0,2451.0,2455.0,2457.0,2457.0,2458.0,2462.0,2463.0,2464.0,2467.0,2468.0,2470.0,2470.0,2471.0,2472
43WPof6Scmw,,,,,,,,,,,,,,,,,,,,,,,,,,,,,,,,,,,,,,,,,,,,,,,,,,,,,,,,,,,,,,,,,,,,,,,,,,,,,,,,,,,,,,,,,,,,,,,,,,,,,,,,,,,,,,,,,3434.0,3778.0,3918.0,4052.0,4151.0,4244.0,4305.0,4360.0,4406.0,4438.0,4456.0,4488.0,4510.0,4541.0,4565.0,4585.0,4597.0,4607.0,4621.0,4630.0,4639.0,4644.0,4646.0,4653.0,4662.0,4666.0,4669.0,4675.0,4678.0,4688.0,4692.0,4695.0,4698.0,4699.0,4705.0,4707.0,4707.0,4710.0,4713.0,4716.0,4719.0,4720
S-gqL53ys6c,,,,,,,,,,,,,,,,,,,,,,,,,,,,,,,,,,,,,,,,,,,,,,,,,,,,,,,,,,,,,,,,,,,,,,,,,,,,,,,,,,,,,,,,,,,,,,,,,,,,,,,,,,,,,,,,,5703.0,5791.0,5837.0,5918.0,5981.0,6022.0,6057.0,6106.0,6152.0,6195.0,6228.0,6256.0,6268.0,6320.0,6344.0,6361.0,6396.0,6427.0,6451.0,6471.0,6486.0,6504.0,6535.0,6560.0,6582.0,6605.0,6639.0,6668.0,6685.0,6704.0,6724.0,6744.0,6757.0,6767.0,6788.0,6802.0,6820.0,6837.0,6854.0,6870.0,6889.0,6902
T9OeXyLzZlw,,,,,,,,,,,,,,,,,,,,,,,,,,,,,,,,,,,,,,,,,,,,,,,,,,,,,,,,,,,,,,,,,,,,,,,,,,,,,,,,,,,,,,,,,,,,,,,,,,,,,,,,,,,,,,,,,1014.0,1017.0,1021.0,1025.0,1028.0,1031.0,1030.0,1034.0,1040.0,1047.0,1048.0,1051.0,1052.0,1052.0,1054.0,1058.0,1060.0,1062.0,1063.0,1065.0,1066.0,1069.0,1072.0,1073.0,1077.0,1079.0,1079.0,1084.0,1085.0,1090.0,1095.0,1099.0,1100.0,1099.0,1099.0,1100.0,1108.0,1110.0,1114.0,1119.0,1121.0,1125
20X2OC0OkbU,,,,,,,,,,,,,,,,,,,,,,,,,,,,,,,,,,,,,,,,,,,,,,,,,,,,,,,,,,,,,,,,,,,,,,,,,,,,,,,,,,,,,,,,,,,,,,,,,,,,,,,,,,,,,,,,,26.0,26.0,26.0,26.0,26.0,26.0,26.0,26.0,27.0,27.0,27.0,27.0,27.0,27.0,27.0,27.0,27.0,27.0,28.0,28.0,28.0,28.0,29.0,29.0,29.0,29.0,29.0,29.0,29.0,29.0,29.0,29.0,29.0,29.0,29.0,29.0,29.0,30.0,30.0,30.0,30.0,30
-XCN1YYLXss,,,,,,,,,,,,,,,,,,,,,,,,,,,,,,,,,,,,,,,,,,,,,,,,,,,,,,,,,,,,,,,,,,,,,,,,,,,,,,,,,,,,,,,,,,,,,,,,,,,,,,,,,,,,,,,,,6824.0,7087.0,7268.0,7432.0,7595.0,7707.0,7847.0,7959.0,8061.0,8167.0,8290.0,8415.0,8526.0,8639.0,8719.0,8805.0,8861.0,8928.0,8986.0,9045.0,9093.0,9149.0,9220.0,9277.0,9341.0,9388.0,9435.0,9494.0,9545.0,9630.0,9742.0,9799.0,9864.0,9909.0,9950.0,10015.0,10116.0,10178.0,10254.0,10320.0,10366.0,10410
KyK5hMq97tY,,,,,,,,,,,,,,,,,,,,,,,,,,,,,,,,,,,,,,,,,,,,,,,,,,,,,,,,,,,,,,,,,,,,,,,,,,,,,,,,,,,,,,,,,,,,,,,,,,,,,,,,,,,,,,,,,13.0,13.0,13.0,13.0,13.0,13.0,13.0,13.0,13.0,13.0,13.0,13.0,13.0,13.0,13.0,13.0,13.0,13.0,14.0,14.0,14.0,14.0,14.0,14.0,15.0,15.0,15.0,15.0,15.0,15.0,15.0,15.0,15.0,15.0,15.0,15.0,15.0,16.0,16.0,16.0,16.0,16
Y7ttKwp76Dg,,,,,,,,,,,,,,,,,,,,,,,,,,,,,,,,,,,,,,,,,,,,,,,,,,,,,,,,,,,,,,,,,,,,,,,,,,,,,,,,,,,,,,,,,,,,,,,,,,,,,,,,,,,,,,,,,193.0,286.0,322.0,331.0,339.0,344.0,347.0,348.0,352.0,352.0,355.0,358.0,360.0,362.0,369.0,372.0,372.0,373.0,375.0,376.0,377.0,377.0,379.0,381.0,382.0,382.0,383.0,384.0,386.0,386.0,386.0,386.0,387.0,388.0,388.0,388.0,388.0,388.0,388.0,388.0,388.0,389
zkYeq7V30Pg,,,,,,,,,,,,,,,,,,,,,,,,,,,,,,,,,,,,,,,,,,,,,,,,,,,,,,,,,,,,,,,,,,,,,,,,,,,,,,,,,,,,,,,,,,,,,,,,,,,,,,,,,,,,,,,,,421.0,622.0,682.0,731.0,804.0,847.0,880.0,922.0,978.0,1019.0,1043.0,1070.0,1095.0,1127.0,1141.0,1146.0,1149.0,1156.0,1158.0,1161.0,1162.0,1166.0,1166.0,1168.0,1170.0,1170.0,1172.0,1174.0,1176.0,1179.0,1180.0,1182.0,1182.0,1183.0,1184.0,1185.0,1187.0,1188.0,1189.0,1189.0,1190.0,1191
DaI8s1s3phM,,,,,,,,,,,,,,,,,,,,,,,,,,,,,,,,,,,,,,,,,,,,,,,,,,,,,,,,,,,,,,,,,,,,,,,,,,,,,,,,,,,,,,,,,,,,,,,,,,,,,,,,,,,,,,,,,346.0,771.0,1212.0,1675.0,2037.0,2399.0,2694.0,2930.0,3125.0,3358.0,3564.0,3780.0,3941.0,4073.0,4206.0,4333.0,4483.0,4619.0,4741.0,4859.0,4964.0,5056.0,5148.0,5363.0,5503.0,5602.0,5710.0,5848.0,5980.0,6072.0,6152.0,6232.0,6295.0,6349.0,6403.0,6456.0,6502.0,6524.0,6558.0,6599.0,6629.0,6681
AJjVSg4Y7r4,,,,,,,,,,,,,,,,,,,,,,,,,,,,,,,,,,,,,,,,,,,,,,,,,,,,,,,,,,,,,,,,,,,,,,,,,,,,,,,,,,,,,,,,,,,,,,,,,,,,,,,,,,,,,,,,,39.0,77.0,115.0,152.0,171.0,183.0,195.0,203.0,208.0,212.0,213.0,219.0,225.0,233.0,234.0,238.0,239.0,241.0,243.0,244.0,246.0,248.0,248.0,248.0,250.0,252.0,252.0,253.0,255.0,257.0,258.0,258.0,261.0,261.0,266.0,266.0,267.0,269.0,269.0,271.0,272.0,273
mOH1A0zZI2Y,,,,,,,,,,,,,,,,,,,,,,,,,,,,,,,,,,,,,,,,,,,,,,,,,,,,,,,,,,,,,,,,,,,,,,,,,,,,,,,,,,,,,,,,,,,,,,,,,,,,,,,,,,,,,,,,,3484.0,6053.0,7591.0,8439.0,9107.0,9584.0,10000.0,10263.0,10418.0,10538.0,10660.0,10773.0,10901.0,10992.0,11071.0,11125.0,11178.0,11218.0,11251.0,11276.0,11314.0,11347.0,11365.0,11388.0,11414.0,11443.0,11464.0,11484.0,11498.0,11513.0,11528.0,11535.0,11543.0,11546.0,11557.0,11565.0,11597.0,11629.0,11657.0,11680.0,11704.0,11721
HosGMY8IcGk,,,,,,,,,,,,,,,,,,,,,,,,,,,,,,,,,,,,,,,,,,,,,,,,,,,,,,,,,,,,,,,,,,,,,,,,,,,,,,,,,,,,,,,,,,,,,,,,,,,,,,,,,,,,,,,,,,89.0,222.0,291.0,327.0,379.0,416.0,429.0,436.0,440.0,448.0,452.0,459.0,465.0,468.0,471.0,471.0,479.0,486.0,489.0,490.0,491.0,492.0,493.0,494.0,495.0,495.0,497.0,498.0,499.0,502.0,502.0,502.0,506.0,509.0,509.0,510.0,510.0,511.0,512.0,513.0,514
zpEcTuch36g,,,,,,,,,,,,,,,,,,,,,,,,,,,,,,,,,,,,,,,,,,,,,,,,,,,,,,,,,,,,,,,,,,,,,,,,,,,,,,,,,,,,,,,,,,,,,,,,,,,,,,,,,,,,,,,,,,1321.0,2799.0,3874.0,4684.0,5293.0,5922.0,6526.0,7178.0,7818.0,8165.0,8532.0,8887.0,9171.0,9498.0,9858.0,10585.0,11172.0,11766.0,12277.0,12736.0,13271.0,13813.0,14461.0,14948.0,15330.0,15662.0,15979.0,16283.0,16500.0,16713.0,16896.0,17065.0,17226.0,17364.0,17481.0,17630.0,17732.0,17820.0,17938.0,18038.0,18141
j1ppbHUneEk,,,,,,,,,,,,,,,,,,,,,,,,,,,,,,,,,,,,,,,,,,,,,,,,,,,,,,,,,,,,,,,,,,,,,,,,,,,,,,,,,,,,,,,,,,,,,,,,,,,,,,,,,,,,,,,,,,204.0,485.0,695.0,812.0,871.0,908.0,935.0,960.0,980.0,996.0,1006.0,1022.0,1029.0,1034.0,1041.0,1048.0,1052.0,1060.0,1064.0,1070.0,1075.0,1080.0,1083.0,1088.0,1091.0,1092.0,1098.0,1099.0,1099.0,1104.0,1108.0,1111.0,1112.0,1112.0,1113.0,1115.0,1117.0,1119.0,1119.0,1122.0,1123
TUlXhDrkb0M,,,,,,,,,,,,,,,,,,,,,,,,,,,,,,,,,,,,,,,,,,,,,,,,,,,,,,,,,,,,,,,,,,,,,,,,,,,,,,,,,,,,,,,,,,,,,,,,,,,,,,,,,,,,,,,,,,,264.0,267.0,270.0,272.0,273.0,274.0,275.0,276.0,280.0,285.0,285.0,288.0,292.0,293.0,295.0,298.0,300.0,301.0,304.0,304.0,306.0,307.0,311.0,313.0,315.0,318.0,318.0,319.0,322.0,323.0,325.0,325.0,325.0,325.0,327.0,328.0,330.0,331.0,333.0,337
fDiGKBjGT1c,,,,,,,,,,,,,,,,,,,,,,,,,,,,,,,,,,,,,,,,,,,,,,,,,,,,,,,,,,,,,,,,,,,,,,,,,,,,,,,,,,,,,,,,,,,,,,,,,,,,,,,,,,,,,,,,,,,203.0,235.0,250.0,266.0,272.0,284.0,293.0,306.0,325.0,344.0,356.0,375.0,384.0,396.0,411.0,430.0,441.0,455.0,463.0,475.0,481.0,496.0,522.0,546.0,571.0,585.0,600.0,606.0,621.0,631.0,648.0,659.0,685.0,698.0,719.0,734.0,751.0,769.0,791.0,802
DaXX_2Eg08Q,,,,,,,,,,,,,,,,,,,,,,,,,,,,,,,,,,,,,,,,,,,,,,,,,,,,,,,,,,,,,,,,,,,,,,,,,,,,,,,,,,,,,,,,,,,,,,,,,,,,,,,,,,,,,,,,,,,342.0,418.0,471.0,538.0,579.0,653.0,711.0,763.0,805.0,839.0,867.0,886.0,896.0,926.0,945.0,954.0,968.0,993.0,1005.0,1019.0,1038.0,1045.0,1050.0,1061.0,1067.0,1078.0,1085.0,1101.0,1110.0,1121.0,1137.0,1146.0,1154.0,1166.0,1294.0,1396.0,1460.0,1509.0,1534.0,1571
JysxamgACVo,,,,,,,,,,,,,,,,,,,,,,,,,,,,,,,,,,,,,,,,,,,,,,,,,,,,,,,,,,,,,,,,,,,,,,,,,,,,,,,,,,,,,,,,,,,,,,,,,,,,,,,,,,,,,,,,,,,77.0,156.0,190.0,215.0,242.0,306.0,372.0,447.0,549.0,630.0,701.0,748.0,780.0,807.0,840.0,919.0,974.0,1019.0,1044.0,1071.0,1087.0,1141.0,1200.0,1257.0,1285.0,1312.0,1348.0,1373.0,1408.0,1473.0,1532.0,1604.0,1662.0,1720.0,1774.0,1803.0,1847.0,1889.0,1925.0,1952
z0Mgn0b5VfM,,,,,,,,,,,,,,,,,,,,,,,,,,,,,,,,,,,,,,,,,,,,,,,,,,,,,,,,,,,,,,,,,,,,,,,,,,,,,,,,,,,,,,,,,,,,,,,,,,,,,,,,,,,,,,,,,,,2.0,3.0,3.0,3.0,3.0,4.0,4.0,4.0,4.0,4.0,4.0,4.0,4.0,4.0,4.0,4.0,4.0,4.0,4.0,4.0,5.0,5.0,5.0,5.0,5.0,5.0,5.0,5.0,5.0,5.0,5.0,5.0,5.0,5.0,5.0,5.0,5.0,5.0,5.0,5
eQtMa9xjCo8,,,,,,,,,,,,,,,,,,,,,,,,,,,,,,,,,,,,,,,,,,,,,,,,,,,,,,,,,,,,,,,,,,,,,,,,,,,,,,,,,,,,,,,,,,,,,,,,,,,,,,,,,,,,,,,,,,,1216.0,2086.0,2668.0,3077.0,3393.0,3782.0,4084.0,4232.0,4365.0,4483.0,4625.0,4703.0,4812.0,4881.0,4973.0,5067.0,5123.0,5184.0,5242.0,5292.0,5352.0,5417.0,5492.0,5561.0,5635.0,5704.0,5766.0,5815.0,5873.0,5933.0,5980.0,6025.0,6076.0,6113.0,6169.0,6214.0,6263.0,6314.0,6374.0,6409
dUbylctYQXg,,,,,,,,,,,,,,,,,,,,,,,,,,,,,,,,,,,,,,,,,,,,,,,,,,,,,,,,,,,,,,,,,,,,,,,,,,,,,,,,,,,,,,,,,,,,,,,,,,,,,,,,,,,,,,,,,,,725.0,1322.0,1616.0,1835.0,2064.0,2634.0,3145.0,3649.0,4229.0,4622.0,4983.0,5318.0,5588.0,5830.0,6009.0,6280.0,6451.0,6615.0,6741.0,6852.0,6943.0,7035.0,7161.0,7238.0,7330.0,7433.0,7528.0,7610.0,7759.0,7924.0,8109.0,8250.0,8367.0,8492.0,8581.0,8655.0,8736.0,8814.0,8888.0,8972
pG3gGw8qmhY,,,,,,,,,,,,,,,,,,,,,,,,,,,,,,,,,,,,,,,,,,,,,,,,,,,,,,,,,,,,,,,,,,,,,,,,,,,,,,,,,,,,,,,,,,,,,,,,,,,,,,,,,,,,,,,,,,,205.0,470.0,605.0,705.0,808.0,909.0,984.0,1085.0,1157.0,1203.0,1272.0,1329.0,1393.0,1437.0,1464.0,1498.0,1525.0,1555.0,1588.0,1617.0,1649.0,1686.0,1733.0,1761.0,1791.0,1819.0,1856.0,1895.0,1924.0,1942.0,1969.0,2001.0,2043.0,2075.0,2098.0,2129.0,2161.0,2190.0,2215.0,2251
vWENZpk7dno,,,,,,,,,,,,,,,,,,,,,,,,,,,,,,,,,,,,,,,,,,,,,,,,,,,,,,,,,,,,,,,,,,,,,,,,,,,,,,,,,,,,,,,,,,,,,,,,,,,,,,,,,,,,,,,,,,,3.0,9.0,11.0,11.0,14.0,15.0,16.0,16.0,18.0,18.0,19.0,21.0,21.0,21.0,22.0,22.0,22.0,22.0,22.0,22.0,23.0,23.0,23.0,23.0,23.0,23.0,23.0,23.0,23.0,23.0,23.0,23.0,23.0,24.0,24.0,25.0,25.0,25.0,25.0,25
smdAFbNOh4Q,,,,,,,,,,,,,,,,,,,,,,,,,,,,,,,,,,,,,,,,,,,,,,,,,,,,,,,,,,,,,,,,,,,,,,,,,,,,,,,,,,,,,,,,,,,,,,,,,,,,,,,,,,,,,,,,,,,45.0,61.0,95.0,109.0,109.0,112.0,113.0,114.0,114.0,117.0,118.0,118.0,118.0,118.0,119.0,119.0,119.0,120.0,121.0,121.0,122.0,122.0,122.0,122.0,122.0,122.0,122.0,123.0,123.0,123.0,123.0,123.0,123.0,123.0,123.0,123.0,123.0,124.0,124.0,124
MiO16KlMPaU,,,,,,,,,,,,,,,,,,,,,,,,,,,,,,,,,,,,,,,,,,,,,,,,,,,,,,,,,,,,,,,,,,,,,,,,,,,,,,,,,,,,,,,,,,,,,,,,,,,,,,,,,,,,,,,,,,,,52615.0,68906.0,75610.0,80910.0,85390.0,88793.0,91612.0,94165.0,95830.0,97064.0,97964.0,98977.0,100062.0,101085.0,102253.0,103192.0,103962.0,104728.0,105447.0,106177.0,106913.0,107567.0,108210.0,108814.0,109336.0,109830.0,110346.0,110818.0,111234.0,111555.0,111975.0,112341.0,112685.0,113043.0,113389.0,113711.0,113983.0,114277.0,114557
9VH0hLImWjY,,,,,,,,,,,,,,,,,,,,,,,,,,,,,,,,,,,,,,,,,,,,,,,,,,,,,,,,,,,,,,,,,,,,,,,,,,,,,,,,,,,,,,,,,,,,,,,,,,,,,,,,,,,,,,,,,,,,15345.0,26051.0,29622.0,31501.0,32909.0,33894.0,34672.0,35371.0,35777.0,36096.0,36393.0,36690.0,37008.0,37298.0,37678.0,37958.0,38151.0,38318.0,38453.0,38589.0,38705.0,38832.0,38954.0,39045.0,39135.0,39230.0,39326.0,39413.0,39490.0,39574.0,39633.0,39703.0,39798.0,39878.0,39937.0,40003.0,40060.0,40108.0,40159
A8d2Gx91zwk,,,,,,,,,,,,,,,,,,,,,,,,,,,,,,,,,,,,,,,,,,,,,,,,,,,,,,,,,,,,,,,,,,,,,,,,,,,,,,,,,,,,,,,,,,,,,,,,,,,,,,,,,,,,,,,,,,,,17295.0,28355.0,34191.0,37575.0,41198.0,43632.0,44689.0,45511.0,46158.0,46619.0,46946.0,47333.0,47747.0,48119.0,48647.0,49114.0,49492.0,49795.0,50027.0,50214.0,50439.0,50621.0,50811.0,50988.0,51091.0,51261.0,51398.0,51564.0,51734.0,51905.0,52074.0,52224.0,52330.0,52463.0,52604.0,52722.0,52800.0,52900.0,52979
PIgmxjozeCU,,,,,,,,,,,,,,,,,,,,,,,,,,,,,,,,,,,,,,,,,,,,,,,,,,,,,,,,,,,,,,,,,,,,,,,,,,,,,,,,,,,,,,,,,,,,,,,,,,,,,,,,,,,,,,,,,,,,30388.0,47610.0,56482.0,63423.0,68500.0,72406.0,76499.0,79970.0,82214.0,84002.0,85823.0,87401.0,89065.0,90532.0,92112.0,93219.0,94043.0,94778.0,95474.0,96179.0,96783.0,97371.0,97990.0,98572.0,99082.0,99672.0,100598.0,101357.0,101969.0,102520.0,103074.0,103631.0,104127.0,104701.0,105243.0,105692.0,106088.0,106454.0,106746
NsYJjBCPe0A,,,,,,,,,,,,,,,,,,,,,,,,,,,,,,,,,,,,,,,,,,,,,,,,,,,,,,,,,,,,,,,,,,,,,,,,,,,,,,,,,,,,,,,,,,,,,,,,,,,,,,,,,,,,,,,,,,,,840.0,1423.0,1674.0,2306.0,2370.0,2416.0,2426.0,2454.0,2474.0,2489.0,2494.0,2503.0,2512.0,2519.0,2526.0,2537.0,2544.0,2552.0,2559.0,2560.0,2569.0,2577.0,2579.0,2581.0,2586.0,2592.0,2600.0,2605.0,2605.0,2608.0,2615.0,2620.0,2625.0,2627.0,2629.0,2631.0,2633.0,2635.0,2636
ZSJamnmheuQ,,,,,,,,,,,,,,,,,,,,,,,,,,,,,,,,,,,,,,,,,,,,,,,,,,,,,,,,,,,,,,,,,,,,,,,,,,,,,,,,,,,,,,,,,,,,,,,,,,,,,,,,,,,,,,,,,,,,3260.0,4261.0,5390.0,7310.0,10386.0,13035.0,14105.0,14941.0,15870.0,16795.0,17615.0,18508.0,19454.0,20448.0,21230.0,22031.0,22928.0,23836.0,24725.0,25642.0,26443.0,27126.0,27793.0,28433.0,28991.0,29699.0,30581.0,31427.0,32166.0,32820.0,33629.0,34382.0,35211.0,36052.0,36672.0,37134.0,37501.0,37916.0,38403
hG7CgHP6NdI,,,,,,,,,,,,,,,,,,,,,,,,,,,,,,,,,,,,,,,,,,,,,,,,,,,,,,,,,,,,,,,,,,,,,,,,,,,,,,,,,,,,,,,,,,,,,,,,,,,,,,,,,,,,,,,,,,,,194.0,203.0,202.0,205.0,210.0,210.0,209.0,210.0,210.0,211.0,211.0,212.0,213.0,214.0,214.0,215.0,216.0,216.0,216.0,216.0,216.0,218.0,219.0,219.0,219.0,219.0,218.0,218.0,220.0,221.0,222.0,223.0,223.0,223.0,223.0,224.0,224.0,224.0,224
k3TODjcAKyU,,,,,,,,,,,,,,,,,,,,,,,,,,,,,,,,,,,,,,,,,,,,,,,,,,,,,,,,,,,,,,,,,,,,,,,,,,,,,,,,,,,,,,,,,,,,,,,,,,,,,,,,,,,,,,,,,,,,8.0,8.0,8.0,8.0,9.0,9.0,10.0,13.0,14.0,16.0,16.0,16.0,16.0,17.0,17.0,17.0,17.0,17.0,17.0,18.0,18.0,18.0,19.0,19.0,19.0,19.0,19.0,20.0,20.0,20.0,20.0,20.0,20.0,20.0,20.0,20.0,20.0,20.0,20
5Qiv8xGkxP8,,,,,,,,,,,,,,,,,,,,,,,,,,,,,,,,,,,,,,,,,,,,,,,,,,,,,,,,,,,,,,,,,,,,,,,,,,,,,,,,,,,,,,,,,,,,,,,,,,,,,,,,,,,,,,,,,,,,1006.0,1227.0,1299.0,1368.0,1470.0,1608.0,1787.0,1950.0,2000.0,2046.0,2073.0,2094.0,2115.0,2144.0,2169.0,2176.0,2189.0,2190.0,2192.0,2201.0,2208.0,2218.0,2222.0,2226.0,2229.0,2236.0,2240.0,2248.0,2255.0,2260.0,2265.0,2270.0,2276.0,2277.0,2283.0,2286.0,2292.0,2298.0,2302
cp77ALn_JgY,,,,,,,,,,,,,,,,,,,,,,,,,,,,,,,,,,,,,,,,,,,,,,,,,,,,,,,,,,,,,,,,,,,,,,,,,,,,,,,,,,,,,,,,,,,,,,,,,,,,,,,,,,,,,,,,,,,,,6226.0,12660.0,15826.0,17842.0,19271.0,20489.0,21680.0,22695.0,23268.0,23757.0,24275.0,24723.0,25090.0,25552.0,25960.0,26230.0,26458.0,26703.0,26922.0,27133.0,27366.0,27570.0,27755.0,27953.0,28128.0,28307.0,28498.0,28649.0,28788.0,28942.0,29081.0,29173.0,29289.0,29375.0,29480.0,29575.0,29686.0,29776
kxa11rqAu1g,,,,,,,,,,,,,,,,,,,,,,,,,,,,,,,,,,,,,,,,,,,,,,,,,,,,,,,,,,,,,,,,,,,,,,,,,,,,,,,,,,,,,,,,,,,,,,,,,,,,,,,,,,,,,,,,,,,,,15405.0,31391.0,38209.0,44341.0,48427.0,50736.0,52611.0,54124.0,55085.0,55747.0,56348.0,56884.0,57361.0,57915.0,58371.0,58750.0,59088.0,59421.0,59771.0,60113.0,60430.0,60780.0,61063.0,61312.0,61581.0,61874.0,62135.0,62351.0,62519.0,62716.0,62910.0,63090.0,63238.0,63378.0,63502.0,63618.0,63744.0,63860
hESqfnz7BW4,,,,,,,,,,,,,,,,,,,,,,,,,,,,,,,,,,,,,,,,,,,,,,,,,,,,,,,,,,,,,,,,,,,,,,,,,,,,,,,,,,,,,,,,,,,,,,,,,,,,,,,,,,,,,,,,,,,,,2372.0,3579.0,4014.0,4242.0,4407.0,4507.0,4583.0,4631.0,4664.0,4689.0,4720.0,4742.0,4766.0,4800.0,4827.0,4880.0,4934.0,4961.0,4984.0,5009.0,5023.0,5037.0,5052.0,5067.0,5079.0,5089.0,5102.0,5109.0,5115.0,5122.0,5135.0,5140.0,5150.0,5154.0,5157.0,5163.0,5166.0,5172
-SEKt_0pdHM,,,,,,,,,,,,,,,,,,,,,,,,,,,,,,,,,,,,,,,,,,,,,,,,,,,,,,,,,,,,,,,,,,,,,,,,,,,,,,,,,,,,,,,,,,,,,,,,,,,,,,,,,,,,,,,,,,,,,81317.0,151332.0,175954.0,192702.0,203688.0,211307.0,217458.0,221643.0,224759.0,227498.0,230268.0,232662.0,234909.0,238925.0,242841.0,245207.0,247149.0,248801.0,250390.0,251658.0,252984.0,254279.0,255352.0,256229.0,257257.0,258316.0,259530.0,260342.0,261019.0,261652.0,262214.0,262777.0,263369.0,263946.0,264446.0,264862.0,265297.0,265703
-SEKt_0pdHM,,,,,,,,,,,,,,,,,,,,,,,,,,,,,,,,,,,,,,,,,,,,,,,,,,,,,,,,,,,,,,,,,,,,,,,,,,,,,,,,,,,,,,,,,,,,,,,,,,,,,,,,,,,,,,,,,,,,,81317.0,151332.0,175954.0,192702.0,203688.0,211307.0,217458.0,221643.0,224759.0,227498.0,230268.0,232662.0,234909.0,238925.0,242841.0,245207.0,247149.0,248801.0,250390.0,251658.0,252984.0,254279.0,255352.0,256229.0,257257.0,258316.0,259530.0,260342.0,261019.0,261652.0,262214.0,262777.0,263369.0,263946.0,264446.0,264862.0,265297.0,265703
iC2SApZboFw,,,,,,,,,,,,,,,,,,,,,,,,,,,,,,,,,,,,,,,,,,,,,,,,,,,,,,,,,,,,,,,,,,,,,,,,,,,,,,,,,,,,,,,,,,,,,,,,,,,,,,,,,,,,,,,,,,,,,970.0,1063.0,1174.0,1262.0,1292.0,1314.0,1346.0,1359.0,1381.0,1404.0,1425.0,1435.0,1440.0,1447.0,1453.0,1459.0,1464.0,1475.0,1483.0,1488.0,1497.0,1506.0,1512.0,1519.0,1521.0,1524.0,1528.0,1533.0,1536.0,1539.0,1546.0,1551.0,1556.0,1560.0,1567.0,1568.0,1573.0,1580
DWuIHCKI3wk,,,,,,,,,,,,,,,,,,,,,,,,,,,,,,,,,,,,,,,,,,,,,,,,,,,,,,,,,,,,,,,,,,,,,,,,,,,,,,,,,,,,,,,,,,,,,,,,,,,,,,,,,,,,,,,,,,,,,10.0,15.0,17.0,23.0,34.0,40.0,53.0,59.0,62.0,63.0,66.0,69.0,70.0,70.0,70.0,71.0,71.0,71.0,73.0,73.0,73.0,73.0,73.0,73.0,73.0,73.0,73.0,73.0,73.0,73.0,73.0,73.0,74.0,74.0,74.0,74.0,74.0,74
Fs3SzkbxdPY,,,,,,,,,,,,,,,,,,,,,,,,,,,,,,,,,,,,,,,,,,,,,,,,,,,,,,,,,,,,,,,,,,,,,,,,,,,,,,,,,,,,,,,,,,,,,,,,,,,,,,,,,,,,,,,,,,,,,,18295.0,27753.0,33155.0,36164.0,38320.0,39758.0,40906.0,41779.0,42414.0,42961.0,43556.0,44063.0,44504.0,44960.0,45386.0,45733.0,46177.0,47154.0,48462.0,49830.0,51229.0,52285.0,53200.0,53952.0,54702.0,55381.0,55958.0,56477.0,56982.0,57473.0,57913.0,58327.0,58780.0,59194.0,59535.0,59812.0,60063
L9-o_ZytJ20,,,,,,,,,,,,,,,,,,,,,,,,,,,,,,,,,,,,,,,,,,,,,,,,,,,,,,,,,,,,,,,,,,,,,,,,,,,,,,,,,,,,,,,,,,,,,,,,,,,,,,,,,,,,,,,,,,,,,,9349.0,16547.0,19965.0,22488.0,23924.0,25195.0,26056.0,26708.0,27181.0,27642.0,28066.0,28469.0,28952.0,29341.0,29605.0,29849.0,30079.0,30395.0,30706.0,31328.0,31727.0,31951.0,32170.0,32389.0,32592.0,32823.0,33017.0,33182.0,33386.0,33539.0,33702.0,33845.0,34000.0,34127.0,34247.0,34390.0,34482
4MmhtCroPEI,,,,,,,,,,,,,,,,,,,,,,,,,,,,,,,,,,,,,,,,,,,,,,,,,,,,,,,,,,,,,,,,,,,,,,,,,,,,,,,,,,,,,,,,,,,,,,,,,,,,,,,,,,,,,,,,,,,,,,9678.0,22239.0,29716.0,34815.0,37403.0,39650.0,41708.0,43268.0,44259.0,45058.0,45867.0,46540.0,47260.0,47755.0,48183.0,48476.0,48803.0,49115.0,49356.0,49552.0,49742.0,49923.0,50064.0,50232.0,50419.0,50570.0,50709.0,50833.0,51040.0,51336.0,51625.0,51824.0,51986.0,52122.0,52239.0,52350.0,52426
4MmhtCroPEI,,,,,,,,,,,,,,,,,,,,,,,,,,,,,,,,,,,,,,,,,,,,,,,,,,,,,,,,,,,,,,,,,,,,,,,,,,,,,,,,,,,,,,,,,,,,,,,,,,,,,,,,,,,,,,,,,,,,,,9678.0,22239.0,29716.0,34815.0,37403.0,39650.0,41708.0,43268.0,44259.0,45058.0,45867.0,46540.0,47260.0,47755.0,48183.0,48476.0,48803.0,49115.0,49356.0,49552.0,49742.0,49923.0,50064.0,50232.0,50419.0,50570.0,50709.0,50833.0,51040.0,51336.0,51625.0,51824.0,51986.0,52122.0,52239.0,52350.0,52426
5TudZQsVi7s,,,,,,,,,,,,,,,,,,,,,,,,,,,,,,,,,,,,,,,,,,,,,,,,,,,,,,,,,,,,,,,,,,,,,,,,,,,,,,,,,,,,,,,,,,,,,,,,,,,,,,,,,,,,,,,,,,,,,,4688.0,7969.0,9391.0,10253.0,10828.0,11262.0,11519.0,11718.0,11856.0,11965.0,12069.0,12146.0,12249.0,12334.0,12431.0,12565.0,12626.0,12674.0,12719.0,12753.0,12790.0,12830.0,12861.0,12895.0,12921.0,12947.0,12974.0,12996.0,13007.0,13039.0,13068.0,13102.0,13123.0,13146.0,13177.0,13197.0,13217
iuabZ3YmjKw,,,,,,,,,,,,,,,,,,,,,,,,,,,,,,,,,,,,,,,,,,,,,,,,,,,,,,,,,,,,,,,,,,,,,,,,,,,,,,,,,,,,,,,,,,,,,,,,,,,,,,,,,,,,,,,,,,,,,,537.0,1175.0,1542.0,1726.0,1856.0,1963.0,2037.0,2108.0,2152.0,2174.0,2192.0,2208.0,2231.0,2252.0,2264.0,2282.0,2290.0,2296.0,2302.0,2311.0,2317.0,2322.0,2328.0,2338.0,2343.0,2348.0,2353.0,2358.0,2367.0,2384.0,2390.0,2398.0,2407.0,2415.0,2420.0,2423.0,2422
Nm5jrXpPws8,,,,,,,,,,,,,,,,,,,,,,,,,,,,,,,,,,,,,,,,,,,,,,,,,,,,,,,,,,,,,,,,,,,,,,,,,,,,,,,,,,,,,,,,,,,,,,,,,,,,,,,,,,,,,,,,,,,,,,1201.0,3031.0,3990.0,4580.0,5061.0,5526.0,5827.0,6056.0,6171.0,6256.0,6361.0,6455.0,6557.0,6636.0,6691.0,6745.0,6808.0,6863.0,6925.0,6973.0,7014.0,7056.0,7112.0,7163.0,7205.0,7249.0,7290.0,7323.0,7356.0,7370.0,7389.0,7410.0,7427.0,7433.0,7444.0,7462.0,7478
sfVO4X_xOu8,,,,,,,,,,,,,,,,,,,,,,,,,,,,,,,,,,,,,,,,,,,,,,,,,,,,,,,,,,,,,,,,,,,,,,,,,,,,,,,,,,,,,,,,,,,,,,,,,,,,,,,,,,,,,,,,,,,,,,7333.0,7475.0,7638.0,7787.0,7976.0,8106.0,8205.0,8311.0,8395.0,8501.0,8585.0,8716.0,8843.0,8948.0,9041.0,9124.0,9209.0,9294.0,9461.0,9558.0,9651.0,9715.0,9784.0,9854.0,9925.0,10031.0,10116.0,10204.0,10297.0,10372.0,10437.0,10516.0,10608.0,10707.0,10792.0,10868.0,10948
AclBcmvaeKU,,,,,,,,,,,,,,,,,,,,,,,,,,,,,,,,,,,,,,,,,,,,,,,,,,,,,,,,,,,,,,,,,,,,,,,,,,,,,,,,,,,,,,,,,,,,,,,,,,,,,,,,,,,,,,,,,,,,,,367.0,501.0,639.0,780.0,885.0,978.0,1050.0,1113.0,1151.0,1199.0,1226.0,1252.0,1278.0,1301.0,1317.0,1333.0,1349.0,1366.0,1377.0,1398.0,1412.0,1430.0,1452.0,1465.0,1478.0,1489.0,1508.0,1523.0,1546.0,1566.0,1593.0,1608.0,1626.0,1656.0,1694.0,1722.0,1754
iDAStwuWFTE,,,,,,,,,,,,,,,,,,,,,,,,,,,,,,,,,,,,,,,,,,,,,,,,,,,,,,,,,,,,,,,,,,,,,,,,,,,,,,,,,,,,,,,,,,,,,,,,,,,,,,,,,,,,,,,,,,,,,,3316.0,4000.0,4649.0,5189.0,5721.0,6145.0,6510.0,6762.0,6927.0,7096.0,7290.0,7431.0,7581.0,7673.0,7743.0,7777.0,7815.0,7838.0,7871.0,7906.0,7958.0,8017.0,8059.0,8108.0,8148.0,8184.0,8221.0,8256.0,8284.0,8307.0,8330.0,8349.0,8360.0,8376.0,8394.0,8410.0,8418
PdZlUGBwaCc,,,,,,,,,,,,,,,,,,,,,,,,,,,,,,,,,,,,,,,,,,,,,,,,,,,,,,,,,,,,,,,,,,,,,,,,,,,,,,,,,,,,,,,,,,,,,,,,,,,,,,,,,,,,,,,,,,,,,,1614.0,2421.0,3125.0,3698.0,4214.0,4822.0,6126.0,7025.0,7609.0,8190.0,8662.0,9049.0,9473.0,9814.0,10082.0,10275.0,10444.0,10579.0,10712.0,10825.0,10916.0,11011.0,11097.0,11180.0,11256.0,11358.0,11428.0,11487.0,11536.0,11583.0,11644.0,11698.0,11735.0,11786.0,11828.0,11862.0,11907
cYYcoxDNoik,,,,,,,,,,,,,,,,,,,,,,,,,,,,,,,,,,,,,,,,,,,,,,,,,,,,,,,,,,,,,,,,,,,,,,,,,,,,,,,,,,,,,,,,,,,,,,,,,,,,,,,,,,,,,,,,,,,,,,2838.0,2839.0,2841.0,2847.0,2852.0,2855.0,2859.0,2865.0,2866.0,2866.0,2872.0,2876.0,2878.0,2879.0,2880.0,2882.0,2884.0,2887.0,2892.0,2893.0,2899.0,2903.0,2905.0,2908.0,2911.0,2916.0,2916.0,2918.0,2919.0,2920.0,2921.0,2923.0,2925.0,2928.0,2930.0,2933.0,2939
x9v9uOp1nIg,,,,,,,,,,,,,,,,,,,,,,,,,,,,,,,,,,,,,,,,,,,,,,,,,,,,,,,,,,,,,,,,,,,,,,,,,,,,,,,,,,,,,,,,,,,,,,,,,,,,,,,,,,,,,,,,,,,,,,2113.0,2117.0,2129.0,2134.0,2141.0,2153.0,2164.0,2177.0,2192.0,2201.0,2208.0,2218.0,2226.0,2238.0,2251.0,2258.0,2268.0,2274.0,2278.0,2284.0,2287.0,2293.0,2301.0,2304.0,2312.0,2316.0,2328.0,2333.0,2340.0,2347.0,2354.0,2364.0,2366.0,2372.0,2380.0,2382.0,2391
cd80sQ6k8og,,,,,,,,,,,,,,,,,,,,,,,,,,,,,,,,,,,,,,,,,,,,,,,,,,,,,,,,,,,,,,,,,,,,,,,,,,,,,,,,,,,,,,,,,,,,,,,,,,,,,,,,,,,,,,,,,,,,,,514.0,528.0,546.0,566.0,588.0,647.0,696.0,733.0,757.0,765.0,774.0,780.0,788.0,796.0,799.0,801.0,807.0,813.0,817.0,822.0,831.0,841.0,846.0,858.0,864.0,864.0,865.0,871.0,878.0,885.0,897.0,908.0,917.0,922.0,935.0,940.0,948
nQtWi1yT97k,,,,,,,,,,,,,,,,,,,,,,,,,,,,,,,,,,,,,,,,,,,,,,,,,,,,,,,,,,,,,,,,,,,,,,,,,,,,,,,,,,,,,,,,,,,,,,,,,,,,,,,,,,,,,,,,,,,,,,3279.0,4213.0,4649.0,5016.0,5206.0,5369.0,5514.0,5631.0,5699.0,5775.0,5821.0,5864.0,5915.0,5957.0,5990.0,6024.0,6055.0,6086.0,6123.0,6161.0,6197.0,6226.0,6251.0,6276.0,6295.0,6320.0,6344.0,6368.0,6386.0,6402.0,6421.0,6443.0,6464.0,6471.0,6482.0,6493.0,6502
mMr52FVf6qk,,,,,,,,,,,,,,,,,,,,,,,,,,,,,,,,,,,,,,,,,,,,,,,,,,,,,,,,,,,,,,,,,,,,,,,,,,,,,,,,,,,,,,,,,,,,,,,,,,,,,,,,,,,,,,,,,,,,,,5462.0,7852.0,8793.0,9631.0,10391.0,10867.0,11298.0,11603.0,12329.0,12521.0,12695.0,12848.0,12989.0,13133.0,13265.0,13357.0,13497.0,13615.0,13704.0,13796.0,13865.0,13936.0,13983.0,14054.0,14120.0,14179.0,14237.0,14282.0,14330.0,14375.0,14430.0,14474.0,14517.0,14552.0,14600.0,14637.0,14666
-Rbf9Kls7qI,,,,,,,,,,,,,,,,,,,,,,,,,,,,,,,,,,,,,,,,,,,,,,,,,,,,,,,,,,,,,,,,,,,,,,,,,,,,,,,,,,,,,,,,,,,,,,,,,,,,,,,,,,,,,,,,,,,,,,422.0,967.0,1415.0,1719.0,2051.0,2458.0,2948.0,3347.0,3604.0,3757.0,3907.0,4046.0,4199.0,4312.0,4404.0,4489.0,4692.0,4881.0,4985.0,5048.0,5100.0,5148.0,5195.0,5262.0,5309.0,5361.0,5408.0,5452.0,5490.0,5537.0,5588.0,5638.0,5671.0,5717.0,5764.0,5804.0,5864
bMhDJ0S0OBA,,,,,,,,,,,,,,,,,,,,,,,,,,,,,,,,,,,,,,,,,,,,,,,,,,,,,,,,,,,,,,,,,,,,,,,,,,,,,,,,,,,,,,,,,,,,,,,,,,,,,,,,,,,,,,,,,,,,,,,162087.0,272286.0,316706.0,345093.0,370517.0,390614.0,407177.0,421360.0,438136.0,455493.0,471227.0,486328.0,500120.0,512693.0,525173.0,537578.0,550468.0,562976.0,573944.0,585224.0,596953.0,608489.0,621787.0,636475.0,650923.0,662066.0,672788.0,684255.0,695255.0,706036.0,718881.0,731133.0,741821.0,752023.0,763068.0,773894
rvKKf1ZQd9A,,,,,,,,,,,,,,,,,,,,,,,,,,,,,,,,,,,,,,,,,,,,,,,,,,,,,,,,,,,,,,,,,,,,,,,,,,,,,,,,,,,,,,,,,,,,,,,,,,,,,,,,,,,,,,,,,,,,,,,154.0,203.0,236.0,263.0,275.0,283.0,297.0,304.0,307.0,309.0,311.0,315.0,319.0,319.0,322.0,323.0,323.0,323.0,324.0,324.0,325.0,325.0,326.0,328.0,329.0,330.0,331.0,335.0,337.0,338.0,338.0,339.0,339.0,339.0,340.0,340
9yfji_1kggs,,,,,,,,,,,,,,,,,,,,,,,,,,,,,,,,,,,,,,,,,,,,,,,,,,,,,,,,,,,,,,,,,,,,,,,,,,,,,,,,,,,,,,,,,,,,,,,,,,,,,,,,,,,,,,,,,,,,,,,187.0,285.0,310.0,327.0,340.0,349.0,362.0,371.0,374.0,378.0,384.0,392.0,393.0,397.0,401.0,404.0,406.0,406.0,409.0,410.0,412.0,412.0,414.0,415.0,416.0,421.0,424.0,426.0,427.0,428.0,430.0,430.0,430.0,432.0,433.0,434
oqt0JmsuSdE,,,,,,,,,,,,,,,,,,,,,,,,,,,,,,,,,,,,,,,,,,,,,,,,,,,,,,,,,,,,,,,,,,,,,,,,,,,,,,,,,,,,,,,,,,,,,,,,,,,,,,,,,,,,,,,,,,,,,,,486.0,598.0,711.0,794.0,868.0,965.0,1017.0,1084.0,1156.0,1224.0,1287.0,1348.0,1403.0,1435.0,1467.0,1509.0,1532.0,1554.0,1584.0,1615.0,1635.0,1701.0,1746.0,1782.0,1817.0,1842.0,1863.0,1888.0,1915.0,1963.0,2000.0,2034.0,2066.0,2084.0,2116.0,2136
HUuqvTfD3-w,,,,,,,,,,,,,,,,,,,,,,,,,,,,,,,,,,,,,,,,,,,,,,,,,,,,,,,,,,,,,,,,,,,,,,,,,,,,,,,,,,,,,,,,,,,,,,,,,,,,,,,,,,,,,,,,,,,,,,,225.0,225.0,225.0,225.0,225.0,225.0,225.0,226.0,226.0,226.0,226.0,228.0,228.0,228.0,229.0,229.0,229.0,230.0,230.0,230.0,230.0,230.0,230.0,230.0,230.0,230.0,230.0,230.0,230.0,230.0,230.0,231.0,231.0,231.0,231.0,231
6eeGMatVNNw,,,,,,,,,,,,,,,,,,,,,,,,,,,,,,,,,,,,,,,,,,,,,,,,,,,,,,,,,,,,,,,,,,,,,,,,,,,,,,,,,,,,,,,,,,,,,,,,,,,,,,,,,,,,,,,,,,,,,,,68.0,87.0,96.0,109.0,140.0,168.0,201.0,224.0,232.0,238.0,251.0,268.0,280.0,289.0,292.0,293.0,295.0,297.0,299.0,301.0,303.0,304.0,308.0,310.0,311.0,314.0,315.0,317.0,317.0,317.0,318.0,318.0,317.0,318.0,319.0,319
k7d3t4WwsmE,,,,,,,,,,,,,,,,,,,,,,,,,,,,,,,,,,,,,,,,,,,,,,,,,,,,,,,,,,,,,,,,,,,,,,,,,,,,,,,,,,,,,,,,,,,,,,,,,,,,,,,,,,,,,,,,,,,,,,,258.0,300.0,321.0,339.0,365.0,382.0,405.0,416.0,423.0,430.0,433.0,437.0,445.0,448.0,448.0,450.0,452.0,454.0,459.0,464.0,470.0,472.0,474.0,475.0,475.0,476.0,478.0,478.0,480.0,483.0,484.0,486.0,486.0,486.0,487.0,491
kqA4JOf_Vrs,,,,,,,,,,,,,,,,,,,,,,,,,,,,,,,,,,,,,,,,,,,,,,,,,,,,,,,,,,,,,,,,,,,,,,,,,,,,,,,,,,,,,,,,,,,,,,,,,,,,,,,,,,,,,,,,,,,,,,,146.0,169.0,175.0,179.0,180.0,181.0,182.0,183.0,184.0,185.0,185.0,188.0,188.0,188.0,188.0,188.0,190.0,189.0,189.0,189.0,190.0,191.0,191.0,192.0,192.0,192.0,192.0,192.0,193.0,194.0,194.0,194.0,196.0,196.0,196.0,196
8VA4vJ7XG8k,,,,,,,,,,,,,,,,,,,,,,,,,,,,,,,,,,,,,,,,,,,,,,,,,,,,,,,,,,,,,,,,,,,,,,,,,,,,,,,,,,,,,,,,,,,,,,,,,,,,,,,,,,,,,,,,,,,,,,,107.0,304.0,500.0,611.0,763.0,900.0,1067.0,1210.0,1369.0,1442.0,1485.0,1523.0,1553.0,1598.0,1634.0,1656.0,1670.0,1686.0,1701.0,1710.0,1725.0,1742.0,1768.0,1779.0,1794.0,1808.0,1818.0,1840.0,1852.0,1861.0,1873.0,1881.0,1884.0,1891.0,1898.0,1906
jGI-sy96hn0,,,,,,,,,,,,,,,,,,,,,,,,,,,,,,,,,,,,,,,,,,,,,,,,,,,,,,,,,,,,,,,,,,,,,,,,,,,,,,,,,,,,,,,,,,,,,,,,,,,,,,,,,,,,,,,,,,,,,,,8.0,11.0,13.0,13.0,13.0,17.0,17.0,18.0,18.0,18.0,19.0,20.0,20.0,22.0,22.0,22.0,22.0,22.0,22.0,22.0,22.0,22.0,22.0,22.0,22.0,22.0,22.0,22.0,22.0,22.0,22.0,22.0,22.0,22.0,22.0,22
ARLezfeaaqk,,,,,,,,,,,,,,,,,,,,,,,,,,,,,,,,,,,,,,,,,,,,,,,,,,,,,,,,,,,,,,,,,,,,,,,,,,,,,,,,,,,,,,,,,,,,,,,,,,,,,,,,,,,,,,,,,,,,,,,,13.0,24.0,27.0,27.0,31.0,32.0,34.0,35.0,35.0,37.0,38.0,38.0,39.0,39.0,39.0,40.0,41.0,41.0,41.0,43.0,42.0,42.0,42.0,42.0,42.0,42.0,42.0,42.0,42.0,42.0,42.0,42.0,42.0,42.0,42
NtilymvB8YE,,,,,,,,,,,,,,,,,,,,,,,,,,,,,,,,,,,,,,,,,,,,,,,,,,,,,,,,,,,,,,,,,,,,,,,,,,,,,,,,,,,,,,,,,,,,,,,,,,,,,,,,,,,,,,,,,,,,,,,,270.0,541.0,770.0,965.0,1123.0,1238.0,1305.0,1336.0,1382.0,1400.0,1435.0,1477.0,1510.0,1539.0,1547.0,1557.0,1564.0,1570.0,1582.0,1592.0,1598.0,1601.0,1606.0,1610.0,1615.0,1615.0,1617.0,1620.0,1623.0,1628.0,1630.0,1635.0,1638.0,1644.0,1649
YHG_5V_FGdY,,,,,,,,,,,,,,,,,,,,,,,,,,,,,,,,,,,,,,,,,,,,,,,,,,,,,,,,,,,,,,,,,,,,,,,,,,,,,,,,,,,,,,,,,,,,,,,,,,,,,,,,,,,,,,,,,,,,,,,,288.0,425.0,500.0,618.0,702.0,777.0,850.0,888.0,918.0,939.0,981.0,1003.0,1041.0,1059.0,1083.0,1100.0,1112.0,1129.0,1146.0,1154.0,1167.0,1182.0,1198.0,1201.0,1207.0,1215.0,1228.0,1238.0,1245.0,1247.0,1254.0,1259.0,1268.0,1281.0,1291
pdn7egxK0AU,,,,,,,,,,,,,,,,,,,,,,,,,,,,,,,,,,,,,,,,,,,,,,,,,,,,,,,,,,,,,,,,,,,,,,,,,,,,,,,,,,,,,,,,,,,,,,,,,,,,,,,,,,,,,,,,,,,,,,,,148.0,171.0,179.0,190.0,195.0,205.0,210.0,219.0,227.0,231.0,238.0,243.0,247.0,298.0,330.0,340.0,345.0,350.0,354.0,358.0,364.0,367.0,368.0,370.0,372.0,372.0,375.0,376.0,376.0,377.0,377.0,377.0,379.0,379.0,380
iTN61KGaUZA,,,,,,,,,,,,,,,,,,,,,,,,,,,,,,,,,,,,,,,,,,,,,,,,,,,,,,,,,,,,,,,,,,,,,,,,,,,,,,,,,,,,,,,,,,,,,,,,,,,,,,,,,,,,,,,,,,,,,,,,1655.0,3486.0,4597.0,5612.0,6566.0,7450.0,8230.0,9011.0,9643.0,10039.0,10386.0,10714.0,10987.0,11206.0,11465.0,11694.0,12020.0,12296.0,12520.0,12692.0,12892.0,13060.0,13190.0,13326.0,13474.0,13589.0,13695.0,13783.0,13862.0,13947.0,14002.0,14070.0,14150.0,14229.0,14298
sHRSiPhOT28,,,,,,,,,,,,,,,,,,,,,,,,,,,,,,,,,,,,,,,,,,,,,,,,,,,,,,,,,,,,,,,,,,,,,,,,,,,,,,,,,,,,,,,,,,,,,,,,,,,,,,,,,,,,,,,,,,,,,,,,,26755.0,39434.0,48724.0,55893.0,62000.0,66623.0,70761.0,73985.0,76812.0,79587.0,81950.0,83810.0,85398.0,86985.0,88663.0,90241.0,91658.0,93051.0,94270.0,95325.0,96590.0,97812.0,99054.0,100050.0,101000.0,101853.0,102663.0,103459.0,104264.0,104974.0,105536.0,106043.0,106549.0,106979
E2ITcPwUzig,,,,,,,,,,,,,,,,,,,,,,,,,,,,,,,,,,,,,,,,,,,,,,,,,,,,,,,,,,,,,,,,,,,,,,,,,,,,,,,,,,,,,,,,,,,,,,,,,,,,,,,,,,,,,,,,,,,,,,,,,24.0,24.0,24.0,24.0,25.0,25.0,25.0,25.0,25.0,25.0,25.0,25.0,25.0,25.0,25.0,25.0,25.0,25.0,25.0,25.0,25.0,25.0,25.0,25.0,25.0,25.0,25.0,25.0,25.0,25.0,25.0,25.0,25.0,25
kehGv-cauoM,,,,,,,,,,,,,,,,,,,,,,,,,,,,,,,,,,,,,,,,,,,,,,,,,,,,,,,,,,,,,,,,,,,,,,,,,,,,,,,,,,,,,,,,,,,,,,,,,,,,,,,,,,,,,,,,,,,,,,,,,16.0,16.0,16.0,16.0,16.0,16.0,16.0,16.0,16.0,16.0,16.0,16.0,16.0,16.0,16.0,16.0,16.0,16.0,16.0,16.0,16.0,16.0,16.0,16.0,16.0,16.0,16.0,16.0,16.0,16.0,16.0,16.0,17.0,17
GF3CYgXKOq8,,,,,,,,,,,,,,,,,,,,,,,,,,,,,,,,,,,,,,,,,,,,,,,,,,,,,,,,,,,,,,,,,,,,,,,,,,,,,,,,,,,,,,,,,,,,,,,,,,,,,,,,,,,,,,,,,,,,,,,,,10.0,10.0,10.0,10.0,10.0,10.0,10.0,10.0,10.0,10.0,10.0,10.0,10.0,10.0,10.0,10.0,10.0,10.0,10.0,10.0,10.0,10.0,10.0,10.0,10.0,10.0,10.0,10.0,10.0,10.0,10.0,10.0,11.0,11
6VhzQdBPiPg,,,,,,,,,,,,,,,,,,,,,,,,,,,,,,,,,,,,,,,,,,,,,,,,,,,,,,,,,,,,,,,,,,,,,,,,,,,,,,,,,,,,,,,,,,,,,,,,,,,,,,,,,,,,,,,,,,,,,,,,,9.0,9.0,9.0,9.0,9.0,9.0,9.0,10.0,10.0,10.0,10.0,10.0,10.0,10.0,10.0,10.0,10.0,10.0,10.0,10.0,10.0,10.0,10.0,10.0,10.0,10.0,10.0,10.0,10.0,10.0,10.0,10.0,10.0,10
QRpZZ0wlqVk,,,,,,,,,,,,,,,,,,,,,,,,,,,,,,,,,,,,,,,,,,,,,,,,,,,,,,,,,,,,,,,,,,,,,,,,,,,,,,,,,,,,,,,,,,,,,,,,,,,,,,,,,,,,,,,,,,,,,,,,,505.0,588.0,636.0,679.0,706.0,731.0,756.0,781.0,808.0,828.0,850.0,872.0,890.0,922.0,962.0,1002.0,1024.0,1047.0,1069.0,1104.0,1119.0,1145.0,1157.0,1172.0,1177.0,1193.0,1204.0,1210.0,1223.0,1229.0,1239.0,1243.0,1249.0,1249
mFEAnohDcKc,,,,,,,,,,,,,,,,,,,,,,,,,,,,,,,,,,,,,,,,,,,,,,,,,,,,,,,,,,,,,,,,,,,,,,,,,,,,,,,,,,,,,,,,,,,,,,,,,,,,,,,,,,,,,,,,,,,,,,,,,13.0,13.0,13.0,13.0,13.0,13.0,13.0,13.0,13.0,13.0,13.0,13.0,13.0,13.0,13.0,13.0,13.0,13.0,13.0,13.0,13.0,13.0,13.0,13.0,13.0,13.0,13.0,13.0,13.0,13.0,13.0,13.0,13.0,13
KtxGi1BUwno,,,,,,,,,,,,,,,,,,,,,,,,,,,,,,,,,,,,,,,,,,,,,,,,,,,,,,,,,,,,,,,,,,,,,,,,,,,,,,,,,,,,,,,,,,,,,,,,,,,,,,,,,,,,,,,,,,,,,,,,,10.0,10.0,12.0,14.0,15.0,17.0,19.0,19.0,20.0,21.0,21.0,21.0,22.0,22.0,22.0,22.0,22.0,22.0,22.0,22.0,22.0,22.0,22.0,22.0,22.0,22.0,22.0,22.0,22.0,22.0,22.0,22.0,23.0,23
6oXdQIRGnlM,,,,,,,,,,,,,,,,,,,,,,,,,,,,,,,,,,,,,,,,,,,,,,,,,,,,,,,,,,,,,,,,,,,,,,,,,,,,,,,,,,,,,,,,,,,,,,,,,,,,,,,,,,,,,,,,,,,,,,,,,23.0,30.0,37.0,44.0,53.0,62.0,76.0,82.0,87.0,92.0,93.0,100.0,100.0,101.0,103.0,105.0,104.0,104.0,105.0,105.0,105.0,105.0,105.0,106.0,106.0,107.0,109.0,109.0,110.0,110.0,110.0,110.0,110.0,110
p4YstJMccms,,,,,,,,,,,,,,,,,,,,,,,,,,,,,,,,,,,,,,,,,,,,,,,,,,,,,,,,,,,,,,,,,,,,,,,,,,,,,,,,,,,,,,,,,,,,,,,,,,,,,,,,,,,,,,,,,,,,,,,,,40.0,57.0,75.0,86.0,100.0,110.0,118.0,147.0,158.0,167.0,178.0,188.0,191.0,195.0,209.0,216.0,220.0,228.0,231.0,233.0,241.0,266.0,283.0,297.0,302.0,312.0,318.0,326.0,393.0,450.0,476.0,502.0,519.0,539
tHHN7xlf3XQ,,,,,,,,,,,,,,,,,,,,,,,,,,,,,,,,,,,,,,,,,,,,,,,,,,,,,,,,,,,,,,,,,,,,,,,,,,,,,,,,,,,,,,,,,,,,,,,,,,,,,,,,,,,,,,,,,,,,,,,,,15029.0,16684.0,17653.0,18267.0,18668.0,18931.0,19136.0,19287.0,19443.0,19634.0,19746.0,19823.0,19939.0,19990.0,20026.0,20076.0,20111.0,20143.0,20165.0,20197.0,20217.0,20235.0,20259.0,20282.0,20300.0,20321.0,20334.0,20345.0,20370.0,20398.0,20450.0,20480.0,20494.0,20514
GZSZWsn8y3E,,,,,,,,,,,,,,,,,,,,,,,,,,,,,,,,,,,,,,,,,,,,,,,,,,,,,,,,,,,,,,,,,,,,,,,,,,,,,,,,,,,,,,,,,,,,,,,,,,,,,,,,,,,,,,,,,,,,,,,,,,4664.0,4680.0,4698.0,4711.0,4724.0,4733.0,4745.0,4768.0,4778.0,4786.0,4795.0,4811.0,4819.0,4826.0,4834.0,4843.0,4853.0,4854.0,4862.0,4864.0,4866.0,4870.0,4878.0,4885.0,4892.0,4896.0,4900.0,4910.0,4916.0,4920.0,4920.0,4925.0,4935
A94sqQLgRlo,,,,,,,,,,,,,,,,,,,,,,,,,,,,,,,,,,,,,,,,,,,,,,,,,,,,,,,,,,,,,,,,,,,,,,,,,,,,,,,,,,,,,,,,,,,,,,,,,,,,,,,,,,,,,,,,,,,,,,,,,,237.0,238.0,241.0,245.0,246.0,247.0,249.0,249.0,249.0,249.0,249.0,249.0,250.0,252.0,253.0,253.0,253.0,253.0,253.0,252.0,252.0,252.0,251.0,252.0,254.0,254.0,254.0,254.0,254.0,254.0,258.0,258.0,259
ua0M2wzPcT0,,,,,,,,,,,,,,,,,,,,,,,,,,,,,,,,,,,,,,,,,,,,,,,,,,,,,,,,,,,,,,,,,,,,,,,,,,,,,,,,,,,,,,,,,,,,,,,,,,,,,,,,,,,,,,,,,,,,,,,,,,2246.0,2903.0,3390.0,3754.0,4123.0,4448.0,4799.0,5063.0,5279.0,5444.0,5582.0,5708.0,5840.0,5966.0,6145.0,6286.0,6411.0,6510.0,6626.0,6714.0,6787.0,6861.0,6924.0,6983.0,7033.0,7090.0,7138.0,7182.0,7220.0,7258.0,7303.0,7328.0,7368
x3eqqoZPV_E,,,,,,,,,,,,,,,,,,,,,,,,,,,,,,,,,,,,,,,,,,,,,,,,,,,,,,,,,,,,,,,,,,,,,,,,,,,,,,,,,,,,,,,,,,,,,,,,,,,,,,,,,,,,,,,,,,,,,,,,,,,549166.0,822725.0,902642.0,953622.0,997840.0,1033873.0,1053542.0,1074037.0,1091863.0,1107789.0,1122684.0,1137075.0,1151314.0,1164844.0,1177335.0,1188454.0,1198851.0,1207972.0,1217908.0,1228892.0,1239526.0,1247777.0,1255331.0,1263688.0,1271843.0,1279823.0,1288221.0,1296179.0,1303349.0,1310160.0,1317144.0,1324590
yTvKqcNyaJo,,,,,,,,,,,,,,,,,,,,,,,,,,,,,,,,,,,,,,,,,,,,,,,,,,,,,,,,,,,,,,,,,,,,,,,,,,,,,,,,,,,,,,,,,,,,,,,,,,,,,,,,,,,,,,,,,,,,,,,,,,,2223.0,4795.0,5487.0,5815.0,6542.0,6831.0,7110.0,7459.0,7731.0,7990.0,8191.0,8412.0,8597.0,8835.0,9014.0,9195.0,9401.0,9579.0,9750.0,9875.0,10057.0,10217.0,10363.0,10559.0,10700.0,10822.0,10931.0,11020.0,11115.0,11191.0,11276.0,11336
gNexWWn6j38,,,,,,,,,,,,,,,,,,,,,,,,,,,,,,,,,,,,,,,,,,,,,,,,,,,,,,,,,,,,,,,,,,,,,,,,,,,,,,,,,,,,,,,,,,,,,,,,,,,,,,,,,,,,,,,,,,,,,,,,,,,659.0,816.0,929.0,1017.0,1051.0,1062.0,1070.0,1075.0,1077.0,1083.0,1084.0,1090.0,1091.0,1092.0,1095.0,1096.0,1095.0,1095.0,1095.0,1095.0,1095.0,1097.0,1097.0,1097.0,1098.0,1098.0,1098.0,1099.0,1099.0,1099.0,1100.0,1101
gTYa762k6kU,,,,,,,,,,,,,,,,,,,,,,,,,,,,,,,,,,,,,,,,,,,,,,,,,,,,,,,,,,,,,,,,,,,,,,,,,,,,,,,,,,,,,,,,,,,,,,,,,,,,,,,,,,,,,,,,,,,,,,,,,,,552.0,863.0,1030.0,1116.0,1199.0,1272.0,1316.0,1360.0,1390.0,3126.0,4725.0,5245.0,5570.0,5789.0,5925.0,6022.0,6073.0,6055.0,6099.0,6148.0,6180.0,6212.0,6235.0,6243.0,6258.0,6272.0,6280.0,6308.0,6327.0,6338.0,6343.0,6350
xtCGn9MNe-k,,,,,,,,,,,,,,,,,,,,,,,,,,,,,,,,,,,,,,,,,,,,,,,,,,,,,,,,,,,,,,,,,,,,,,,,,,,,,,,,,,,,,,,,,,,,,,,,,,,,,,,,,,,,,,,,,,,,,,,,,,,2230.0,2421.0,2578.0,2671.0,2786.0,2873.0,2948.0,3013.0,3053.0,3085.0,3107.0,3141.0,3166.0,3205.0,3232.0,3255.0,3307.0,3346.0,3390.0,3427.0,3465.0,3490.0,3505.0,3523.0,3556.0,3579.0,3601.0,3629.0,3645.0,3656.0,3673.0,3685
IZXYiqqHnls,,,,,,,,,,,,,,,,,,,,,,,,,,,,,,,,,,,,,,,,,,,,,,,,,,,,,,,,,,,,,,,,,,,,,,,,,,,,,,,,,,,,,,,,,,,,,,,,,,,,,,,,,,,,,,,,,,,,,,,,,,,25.0,35.0,45.0,54.0,64.0,69.0,76.0,80.0,83.0,87.0,86.0,86.0,87.0,88.0,88.0,89.0,90.0,93.0,92.0,93.0,93.0,93.0,94.0,95.0,95.0,96.0,96.0,96.0,96.0,96.0,96.0,96
3sn2t8dphQU,,,,,,,,,,,,,,,,,,,,,,,,,,,,,,,,,,,,,,,,,,,,,,,,,,,,,,,,,,,,,,,,,,,,,,,,,,,,,,,,,,,,,,,,,,,,,,,,,,,,,,,,,,,,,,,,,,,,,,,,,,,,63.0,227.0,363.0,572.0,689.0,758.0,837.0,888.0,944.0,998.0,1044.0,1082.0,1111.0,1139.0,1162.0,1178.0,1191.0,1203.0,1209.0,1216.0,1223.0,1233.0,1238.0,1250.0,1258.0,1265.0,1272.0,1280.0,1282.0,1287.0,1290
EPnpMeKjv3Y,,,,,,,,,,,,,,,,,,,,,,,,,,,,,,,,,,,,,,,,,,,,,,,,,,,,,,,,,,,,,,,,,,,,,,,,,,,,,,,,,,,,,,,,,,,,,,,,,,,,,,,,,,,,,,,,,,,,,,,,,,,,1077.0,1101.0,1160.0,1205.0,1238.0,1266.0,1286.0,1304.0,1322.0,1365.0,1390.0,1399.0,1418.0,1433.0,1441.0,1456.0,1486.0,1512.0,1523.0,1539.0,1554.0,1561.0,1574.0,1586.0,1605.0,1616.0,1635.0,1645.0,1657.0,1658.0,1660
LEw_Sto8hOc,,,,,,,,,,,,,,,,,,,,,,,,,,,,,,,,,,,,,,,,,,,,,,,,,,,,,,,,,,,,,,,,,,,,,,,,,,,,,,,,,,,,,,,,,,,,,,,,,,,,,,,,,,,,,,,,,,,,,,,,,,,,7414.0,8406.0,8822.0,9106.0,9339.0,9444.0,9597.0,9724.0,9814.0,9905.0,9972.0,10022.0,10067.0,10094.0,10122.0,10140.0,10164.0,10193.0,10218.0,10242.0,10254.0,10276.0,10301.0,10328.0,10350.0,10372.0,10386.0,10406.0,10430.0,10454.0,10480
jEW8lfvCqnQ,,,,,,,,,,,,,,,,,,,,,,,,,,,,,,,,,,,,,,,,,,,,,,,,,,,,,,,,,,,,,,,,,,,,,,,,,,,,,,,,,,,,,,,,,,,,,,,,,,,,,,,,,,,,,,,,,,,,,,,,,,,,2376.0,2675.0,2934.0,3159.0,3319.0,3390.0,3493.0,3550.0,3614.0,3682.0,3732.0,3766.0,3804.0,3835.0,3891.0,3952.0,4001.0,4062.0,4127.0,4192.0,4249.0,4288.0,4322.0,4357.0,4411.0,4467.0,4521.0,4571.0,4608.0,4634.0,4664
IrqtlJAbRHo,,,,,,,,,,,,,,,,,,,,,,,,,,,,,,,,,,,,,,,,,,,,,,,,,,,,,,,,,,,,,,,,,,,,,,,,,,,,,,,,,,,,,,,,,,,,,,,,,,,,,,,,,,,,,,,,,,,,,,,,,,,,442.0,,,,,,,,,,,,,,,,,,,,,,,,,,,,,,
qmuRpon6D7A,,,,,,,,,,,,,,,,,,,,,,,,,,,,,,,,,,,,,,,,,,,,,,,,,,,,,,,,,,,,,,,,,,,,,,,,,,,,,,,,,,,,,,,,,,,,,,,,,,,,,,,,,,,,,,,,,,,,,,,,,,,,,9007.0,13992.0,16555.0,18054.0,19119.0,20084.0,21200.0,21906.0,22381.0,22764.0,23141.0,23469.0,23671.0,23872.0,24069.0,24200.0,24353.0,24483.0,24604.0,24729.0,24825.0,24902.0,25001.0,25080.0,25138.0,25208.0,25288.0,25353.0,25412.0,25462
x8EEqEXjmxc,,,,,,,,,,,,,,,,,,,,,,,,,,,,,,,,,,,,,,,,,,,,,,,,,,,,,,,,,,,,,,,,,,,,,,,,,,,,,,,,,,,,,,,,,,,,,,,,,,,,,,,,,,,,,,,,,,,,,,,,,,,,,555.0,979.0,1199.0,1365.0,1478.0,1608.0,1720.0,1836.0,1944.0,2070.0,2115.0,2155.0,2197.0,2241.0,2277.0,2301.0,2328.0,2356.0,2377.0,2396.0,2419.0,2436.0,2449.0,2470.0,2483.0,2492.0,2505.0,2517.0,2528.0,2538
evBH5C35aNk,,,,,,,,,,,,,,,,,,,,,,,,,,,,,,,,,,,,,,,,,,,,,,,,,,,,,,,,,,,,,,,,,,,,,,,,,,,,,,,,,,,,,,,,,,,,,,,,,,,,,,,,,,,,,,,,,,,,,,,,,,,,,1066.0,1092.0,1118.0,1157.0,1182.0,1201.0,1222.0,1237.0,1251.0,1260.0,1261.0,1269.0,1281.0,1289.0,1301.0,1308.0,1309.0,1313.0,1315.0,1318.0,1322.0,1323.0,1325.0,1330.0,1330.0,1336.0,1340.0,1340.0,1342.0,1343
YIpqCErlSwk,,,,,,,,,,,,,,,,,,,,,,,,,,,,,,,,,,,,,,,,,,,,,,,,,,,,,,,,,,,,,,,,,,,,,,,,,,,,,,,,,,,,,,,,,,,,,,,,,,,,,,,,,,,,,,,,,,,,,,,,,,,,,1477.0,2248.0,2462.0,2620.0,2737.0,2841.0,2938.0,3009.0,3059.0,3101.0,3137.0,3166.0,3187.0,3211.0,3227.0,3244.0,3264.0,3276.0,3308.0,3321.0,3346.0,3362.0,3374.0,3392.0,3408.0,3428.0,3438.0,3450.0,3469.0,3483
PDzJeGsoSA0,,,,,,,,,,,,,,,,,,,,,,,,,,,,,,,,,,,,,,,,,,,,,,,,,,,,,,,,,,,,,,,,,,,,,,,,,,,,,,,,,,,,,,,,,,,,,,,,,,,,,,,,,,,,,,,,,,,,,,,,,,,,,10.0,12.0,13.0,13.0,15.0,16.0,16.0,16.0,18.0,19.0,21.0,21.0,21.0,22.0,22.0,22.0,22.0,22.0,22.0,22.0,22.0,22.0,22.0,22.0,21.0,22.0,22.0,22.0,22.0,22
YHlvIVu3TuU,,,,,,,,,,,,,,,,,,,,,,,,,,,,,,,,,,,,,,,,,,,,,,,,,,,,,,,,,,,,,,,,,,,,,,,,,,,,,,,,,,,,,,,,,,,,,,,,,,,,,,,,,,,,,,,,,,,,,,,,,,,,,425.0,550.0,626.0,682.0,709.0,767.0,805.0,830.0,852.0,866.0,891.0,909.0,919.0,927.0,938.0,942.0,961.0,978.0,985.0,997.0,1001.0,1010.0,1014.0,1020.0,1025.0,1032.0,1037.0,1047.0,1053.0,1056
U3LYhPjznKE,,,,,,,,,,,,,,,,,,,,,,,,,,,,,,,,,,,,,,,,,,,,,,,,,,,,,,,,,,,,,,,,,,,,,,,,,,,,,,,,,,,,,,,,,,,,,,,,,,,,,,,,,,,,,,,,,,,,,,,,,,,,,2334.0,2511.0,2616.0,2685.0,2741.0,2803.0,2837.0,2867.0,2883.0,2899.0,2920.0,2937.0,2948.0,2960.0,2972.0,2982.0,2986.0,3000.0,3003.0,3011.0,3017.0,3020.0,3024.0,3034.0,3050.0,3063.0,3070.0,3078.0,3081.0,3084
D_gLFOf5SqY,,,,,,,,,,,,,,,,,,,,,,,,,,,,,,,,,,,,,,,,,,,,,,,,,,,,,,,,,,,,,,,,,,,,,,,,,,,,,,,,,,,,,,,,,,,,,,,,,,,,,,,,,,,,,,,,,,,,,,,,,,,,,13119.0,15382.0,16670.0,17397.0,17963.0,18476.0,18817.0,19073.0,19273.0,19446.0,19637.0,19834.0,20006.0,20153.0,20275.0,20404.0,20503.0,20615.0,20697.0,20764.0,20836.0,20899.0,20969.0,21037.0,21101.0,21164.0,21231.0,21299.0,21375.0,21425
ibUXu-iaE-8,,,,,,,,,,,,,,,,,,,,,,,,,,,,,,,,,,,,,,,,,,,,,,,,,,,,,,,,,,,,,,,,,,,,,,,,,,,,,,,,,,,,,,,,,,,,,,,,,,,,,,,,,,,,,,,,,,,,,,,,,,,,,16.0,18.0,18.0,19.0,20.0,21.0,22.0,24.0,25.0,25.0,26.0,26.0,26.0,26.0,26.0,26.0,26.0,26.0,26.0,26.0,26.0,26.0,26.0,26.0,26.0,26.0,26.0,26.0,26.0,28
s-qgg1B1Eo8,,,,,,,,,,,,,,,,,,,,,,,,,,,,,,,,,,,,,,,,,,,,,,,,,,,,,,,,,,,,,,,,,,,,,,,,,,,,,,,,,,,,,,,,,,,,,,,,,,,,,,,,,,,,,,,,,,,,,,,,,,,,,29.0,33.0,34.0,35.0,35.0,35.0,35.0,36.0,37.0,38.0,38.0,39.0,38.0,39.0,40.0,40.0,40.0,40.0,40.0,40.0,40.0,41.0,41.0,41.0,42.0,43.0,44.0,44.0,45.0,45
QLJ_QSjM06E,,,,,,,,,,,,,,,,,,,,,,,,,,,,,,,,,,,,,,,,,,,,,,,,,,,,,,,,,,,,,,,,,,,,,,,,,,,,,,,,,,,,,,,,,,,,,,,,,,,,,,,,,,,,,,,,,,,,,,,,,,,,,37.0,101.0,160.0,200.0,245.0,291.0,350.0,391.0,452.0,510.0,533.0,566.0,622.0,782.0,906.0,985.0,1048.0,1110.0,1152.0,1190.0,1222.0,1251.0,1306.0,1367.0,1430.0,1482.0,1525.0,1587.0,1633.0,1682
7f-yjTuB-XU,,,,,,,,,,,,,,,,,,,,,,,,,,,,,,,,,,,,,,,,,,,,,,,,,,,,,,,,,,,,,,,,,,,,,,,,,,,,,,,,,,,,,,,,,,,,,,,,,,,,,,,,,,,,,,,,,,,,,,,,,,,,,,696.0,761.0,866.0,952.0,1040.0,1095.0,1139.0,1164.0,1180.0,1183.0,1191.0,1195.0,1200.0,1209.0,1210.0,1217.0,1225.0,1226.0,1232.0,1235.0,1236.0,1237.0,1241.0,1245.0,1247.0,1247.0,1253.0,1264.0,1264
fBS6EWD_MGc,,,,,,,,,,,,,,,,,,,,,,,,,,,,,,,,,,,,,,,,,,,,,,,,,,,,,,,,,,,,,,,,,,,,,,,,,,,,,,,,,,,,,,,,,,,,,,,,,,,,,,,,,,,,,,,,,,,,,,,,,,,,,,10120.0,11266.0,11943.0,12385.0,12716.0,12922.0,13095.0,13249.0,13396.0,13483.0,13556.0,13596.0,13646.0,13720.0,13773.0,13827.0,13865.0,13892.0,13928.0,13951.0,13966.0,13975.0,13994.0,14020.0,14030.0,14043.0,14060.0,14077.0,14092
2AxwurIbZls,,,,,,,,,,,,,,,,,,,,,,,,,,,,,,,,,,,,,,,,,,,,,,,,,,,,,,,,,,,,,,,,,,,,,,,,,,,,,,,,,,,,,,,,,,,,,,,,,,,,,,,,,,,,,,,,,,,,,,,,,,,,,,3097.0,3108.0,3114.0,3123.0,3126.0,3132.0,3133.0,3136.0,3140.0,3143.0,3149.0,3154.0,3160.0,3160.0,3164.0,3172.0,3179.0,3185.0,3186.0,3189.0,3189.0,3191.0,3194.0,3197.0,3200.0,3207.0,3210.0,3212.0,3213
cfHN6WxkYKg,,,,,,,,,,,,,,,,,,,,,,,,,,,,,,,,,,,,,,,,,,,,,,,,,,,,,,,,,,,,,,,,,,,,,,,,,,,,,,,,,,,,,,,,,,,,,,,,,,,,,,,,,,,,,,,,,,,,,,,,,,,,,,290.0,639.0,802.0,931.0,1088.0,1255.0,1409.0,1526.0,1589.0,1669.0,1719.0,1768.0,1954.0,2159.0,2307.0,2401.0,2475.0,2532.0,2588.0,2624.0,2661.0,2710.0,2779.0,2831.0,2885.0,2925.0,2966.0,3001.0,3028
08g-oAALjFE,,,,,,,,,,,,,,,,,,,,,,,,,,,,,,,,,,,,,,,,,,,,,,,,,,,,,,,,,,,,,,,,,,,,,,,,,,,,,,,,,,,,,,,,,,,,,,,,,,,,,,,,,,,,,,,,,,,,,,,,,,,,,,66.0,848.0,1531.0,3749.0,4678.0,5819.0,6033.0,6200.0,6317.0,6614.0,7828.0,7920.0,7959.0,8002.0,9893.0,10822.0,10759.0,10775.0,10779.0,10805.0,10829.0,10841.0,12226.0,13380.0,13391.0,13408.0,13432.0,13606.0,14247
v094-E3Pmtk,,,,,,,,,,,,,,,,,,,,,,,,,,,,,,,,,,,,,,,,,,,,,,,,,,,,,,,,,,,,,,,,,,,,,,,,,,,,,,,,,,,,,,,,,,,,,,,,,,,,,,,,,,,,,,,,,,,,,,,,,,,,,,,17113.0,21902.0,23666.0,24782.0,25535.0,26237.0,26918.0,27220.0,27482.0,27710.0,27913.0,28091.0,28334.0,28447.0,28539.0,28670.0,28769.0,28867.0,28944.0,29031.0,29079.0,29146.0,29224.0,29288.0,29339.0,29400.0,29490.0,29533
HZOs_6AmtmE,,,,,,,,,,,,,,,,,,,,,,,,,,,,,,,,,,,,,,,,,,,,,,,,,,,,,,,,,,,,,,,,,,,,,,,,,,,,,,,,,,,,,,,,,,,,,,,,,,,,,,,,,,,,,,,,,,,,,,,,,,,,,,,9616.0,18797.0,22901.0,25407.0,26931.0,27812.0,28512.0,29027.0,29368.0,29669.0,29946.0,30225.0,30489.0,30740.0,30979.0,31217.0,31408.0,31559.0,31680.0,31791.0,31868.0,31944.0,32033.0,32103.0,32184.0,32280.0,32348.0,32407
r5IQf6qC9S0,,,,,,,,,,,,,,,,,,,,,,,,,,,,,,,,,,,,,,,,,,,,,,,,,,,,,,,,,,,,,,,,,,,,,,,,,,,,,,,,,,,,,,,,,,,,,,,,,,,,,,,,,,,,,,,,,,,,,,,,,,,,,,,10.0,20.0,21.0,25.0,25.0,27.0,27.0,28.0,36.0,37.0,37.0,38.0,38.0,40.0,40.0,40.0,43.0,43.0,45.0,46.0,46.0,47.0,49.0,49.0,49.0,51.0,52.0,53
nqmbtf5gDKA,,,,,,,,,,,,,,,,,,,,,,,,,,,,,,,,,,,,,,,,,,,,,,,,,,,,,,,,,,,,,,,,,,,,,,,,,,,,,,,,,,,,,,,,,,,,,,,,,,,,,,,,,,,,,,,,,,,,,,,,,,,,,,,612.0,1230.0,1605.0,1847.0,2028.0,2211.0,2447.0,2579.0,2672.0,2784.0,2892.0,2957.0,3022.0,3081.0,3151.0,3204.0,3248.0,3281.0,3314.0,3337.0,3354.0,3371.0,3388.0,3396.0,3408.0,3420.0,3427.0,3437
9OEdOprM4Uo,,,,,,,,,,,,,,,,,,,,,,,,,,,,,,,,,,,,,,,,,,,,,,,,,,,,,,,,,,,,,,,,,,,,,,,,,,,,,,,,,,,,,,,,,,,,,,,,,,,,,,,,,,,,,,,,,,,,,,,,,,,,,,,1580.0,1919.0,2105.0,2222.0,2328.0,2413.0,2504.0,2581.0,2645.0,2697.0,2734.0,2785.0,2844.0,2885.0,2930.0,2962.0,2999.0,3021.0,3045.0,3063.0,3080.0,3092.0,3104.0,3125.0,3135.0,3149.0,3163.0,3170
ywxIFZBTsCE,,,,,,,,,,,,,,,,,,,,,,,,,,,,,,,,,,,,,,,,,,,,,,,,,,,,,,,,,,,,,,,,,,,,,,,,,,,,,,,,,,,,,,,,,,,,,,,,,,,,,,,,,,,,,,,,,,,,,,,,,,,,,,,8874.0,15232.0,19416.0,22016.0,23826.0,24947.0,25835.0,26590.0,27169.0,27613.0,28019.0,28393.0,28790.0,29055.0,29357.0,29601.0,29855.0,30053.0,30223.0,30371.0,30547.0,30855.0,31189.0,31419.0,31635.0,31825.0,31972.0,32115
9y86NbotmEg,,,,,,,,,,,,,,,,,,,,,,,,,,,,,,,,,,,,,,,,,,,,,,,,,,,,,,,,,,,,,,,,,,,,,,,,,,,,,,,,,,,,,,,,,,,,,,,,,,,,,,,,,,,,,,,,,,,,,,,,,,,,,,,,,,,,,,,,,,,,,,,,,,,,,,,,,,
UDDbx0KiGi4,,,,,,,,,,,,,,,,,,,,,,,,,,,,,,,,,,,,,,,,,,,,,,,,,,,,,,,,,,,,,,,,,,,,,,,,,,,,,,,,,,,,,,,,,,,,,,,,,,,,,,,,,,,,,,,,,,,,,,,,,,,,,,,256.0,285.0,311.0,323.0,329.0,340.0,359.0,372.0,379.0,379.0,383.0,389.0,397.0,402.0,408.0,415.0,421.0,426.0,429.0,431.0,434.0,439.0,443.0,444.0,445.0,449.0,451.0,456
XkkEM40VwFo,,,,,,,,,,,,,,,,,,,,,,,,,,,,,,,,,,,,,,,,,,,,,,,,,,,,,,,,,,,,,,,,,,,,,,,,,,,,,,,,,,,,,,,,,,,,,,,,,,,,,,,,,,,,,,,,,,,,,,,,,,,,,,,6974.0,16557.0,20449.0,23985.0,25969.0,27308.0,31423.0,34342.0,35622.0,36344.0,36921.0,37403.0,37812.0,38148.0,38462.0,38774.0,39070.0,39382.0,39616.0,40016.0,40280.0,40629.0,41243.0,41708.0,42216.0,42693.0,43146.0,43800
vviU2vsSe5M,,,,,,,,,,,,,,,,,,,,,,,,,,,,,,,,,,,,,,,,,,,,,,,,,,,,,,,,,,,,,,,,,,,,,,,,,,,,,,,,,,,,,,,,,,,,,,,,,,,,,,,,,,,,,,,,,,,,,,,,,,,,,,,1983.0,3535.0,4403.0,5043.0,5457.0,5811.0,6119.0,6411.0,6672.0,6956.0,7165.0,7369.0,7525.0,7707.0,7847.0,7942.0,8032.0,8147.0,8236.0,8309.0,8385.0,8443.0,8496.0,8528.0,8576.0,8633.0,8680.0,8752
_opQpDYh33I,,,,,,,,,,,,,,,,,,,,,,,,,,,,,,,,,,,,,,,,,,,,,,,,,,,,,,,,,,,,,,,,,,,,,,,,,,,,,,,,,,,,,,,,,,,,,,,,,,,,,,,,,,,,,,,,,,,,,,,,,,,,,,,32841.0,56729.0,70794.0,78216.0,83371.0,87040.0,89894.0,92670.0,95407.0,98110.0,100503.0,102489.0,103982.0,105129.0,106214.0,107249.0,108218.0,108870.0,109472.0,110034.0,110570.0,111085.0,111602.0,112054.0,112478.0,112911.0,113331.0,113721
e2KAMzli7wo,,,,,,,,,,,,,,,,,,,,,,,,,,,,,,,,,,,,,,,,,,,,,,,,,,,,,,,,,,,,,,,,,,,,,,,,,,,,,,,,,,,,,,,,,,,,,,,,,,,,,,,,,,,,,,,,,,,,,,,,,,,,,,,,1580.0,2408.0,2664.0,2828.0,2942.0,3058.0,3142.0,3182.0,3218.0,3243.0,3272.0,3301.0,3326.0,3350.0,3363.0,3367.0,3375.0,3389.0,3399.0,3405.0,3413.0,3418.0,3426.0,3430.0,3434.0,3442.0,3449
k030vtZq2ok,,,,,,,,,,,,,,,,,,,,,,,,,,,,,,,,,,,,,,,,,,,,,,,,,,,,,,,,,,,,,,,,,,,,,,,,,,,,,,,,,,,,,,,,,,,,,,,,,,,,,,,,,,,,,,,,,,,,,,,,,,,,,,,,27.0,37.0,43.0,50.0,55.0,65.0,79.0,89.0,91.0,93.0,97.0,97.0,98.0,102.0,103.0,105.0,106.0,110.0,115.0,117.0,120.0,121.0,125.0,126.0,127.0,129.0,130
nc6yI5pi3k8,,,,,,,,,,,,,,,,,,,,,,,,,,,,,,,,,,,,,,,,,,,,,,,,,,,,,,,,,,,,,,,,,,,,,,,,,,,,,,,,,,,,,,,,,,,,,,,,,,,,,,,,,,,,,,,,,,,,,,,,,,,,,,,,758.0,877.0,954.0,1018.0,1061.0,1110.0,1144.0,1187.0,1225.0,1245.0,1273.0,1315.0,1335.0,1351.0,1366.0,1378.0,1387.0,1394.0,1408.0,1425.0,1438.0,1457.0,1466.0,1482.0,1494.0,1509.0,1524
nNVVzAjsPe4,,,,,,,,,,,,,,,,,,,,,,,,,,,,,,,,,,,,,,,,,,,,,,,,,,,,,,,,,,,,,,,,,,,,,,,,,,,,,,,,,,,,,,,,,,,,,,,,,,,,,,,,,,,,,,,,,,,,,,,,,,,,,,,,461.0,557.0,670.0,752.0,819.0,867.0,915.0,959.0,982.0,1013.0,1041.0,1057.0,1093.0,1121.0,1137.0,1155.0,1184.0,1197.0,1222.0,1309.0,1372.0,1410.0,1448.0,1493.0,1530.0,1571.0,1613
RRKtQmsSI9g,,,,,,,,,,,,,,,,,,,,,,,,,,,,,,,,,,,,,,,,,,,,,,,,,,,,,,,,,,,,,,,,,,,,,,,,,,,,,,,,,,,,,,,,,,,,,,,,,,,,,,,,,,,,,,,,,,,,,,,,,,,,,,,,,,2444.0,3801.0,4320.0,4565.0,4755.0,4909.0,5045.0,5138.0,5205.0,5289.0,5352.0,5422.0,5479.0,5538.0,5582.0,5607.0,5644.0,5687.0,5711.0,5730.0,5755.0,5766.0,5784.0,5797.0,5806
QiQJxMQ6TMU,,,,,,,,,,,,,,,,,,,,,,,,,,,,,,,,,,,,,,,,,,,,,,,,,,,,,,,,,,,,,,,,,,,,,,,,,,,,,,,,,,,,,,,,,,,,,,,,,,,,,,,,,,,,,,,,,,,,,,,,,,,,,,,,,,,,,,,,,,,,,,,,,,,,,,,,,,
iTJSbJtS8MU,,,,,,,,,,,,,,,,,,,,,,,,,,,,,,,,,,,,,,,,,,,,,,,,,,,,,,,,,,,,,,,,,,,,,,,,,,,,,,,,,,,,,,,,,,,,,,,,,,,,,,,,,,,,,,,,,,,,,,,,,,,,,,,,,,234509.0,362439.0,403288.0,427269.0,446923.0,460688.0,472273.0,482265.0,490195.0,496818.0,502410.0,508679.0,515153.0,520690.0,524610.0,527950.0,531363.0,535152.0,543709.0,551092.0,556351.0,560338.0,563626.0,566565.0,569161
DtLQeI6UsMc,,,,,,,,,,,,,,,,,,,,,,,,,,,,,,,,,,,,,,,,,,,,,,,,,,,,,,,,,,,,,,,,,,,,,,,,,,,,,,,,,,,,,,,,,,,,,,,,,,,,,,,,,,,,,,,,,,,,,,,,,,,,,,,,,,160.0,173.0,176.0,180.0,183.0,187.0,188.0,191.0,193.0,196.0,197.0,198.0,199.0,201.0,202.0,203.0,204.0,206.0,207.0,208.0,212.0,214.0,215.0,217.0,218
Q1sE699jthg,,,,,,,,,,,,,,,,,,,,,,,,,,,,,,,,,,,,,,,,,,,,,,,,,,,,,,,,,,,,,,,,,,,,,,,,,,,,,,,,,,,,,,,,,,,,,,,,,,,,,,,,,,,,,,,,,,,,,,,,,,,,,,,,,,75812.0,124243.0,140072.0,148855.0,156299.0,162021.0,166566.0,172232.0,176766.0,179314.0,181139.0,183401.0,185016.0,186296.0,187224.0,188119.0,188927.0,189592.0,190304.0,191047.0,191718.0,192347.0,192802.0,193309.0,193793
O0KFqVkhpuo,,,,,,,,,,,,,,,,,,,,,,,,,,,,,,,,,,,,,,,,,,,,,,,,,,,,,,,,,,,,,,,,,,,,,,,,,,,,,,,,,,,,,,,,,,,,,,,,,,,,,,,,,,,,,,,,,,,,,,,,,,,,,,,,,,2281.0,2388.0,2457.0,2505.0,2534.0,2568.0,2593.0,2606.0,2626.0,2640.0,2652.0,2664.0,2690.0,2699.0,2717.0,2732.0,2742.0,2755.0,2780.0,2795.0,2811.0,2821.0,2839.0,2848.0,2861
fh9TWwotwPE,,,,,,,,,,,,,,,,,,,,,,,,,,,,,,,,,,,,,,,,,,,,,,,,,,,,,,,,,,,,,,,,,,,,,,,,,,,,,,,,,,,,,,,,,,,,,,,,,,,,,,,,,,,,,,,,,,,,,,,,,,,,,,,,,,898.0,898.0,899.0,899.0,898.0,898.0,898.0,900.0,900.0,900.0,900.0,900.0,901.0,902.0,902.0,902.0,903.0,904.0,905.0,906.0,905.0,905.0,905.0,906.0,908
5ds6H8wMOyc,,,,,,,,,,,,,,,,,,,,,,,,,,,,,,,,,,,,,,,,,,,,,,,,,,,,,,,,,,,,,,,,,,,,,,,,,,,,,,,,,,,,,,,,,,,,,,,,,,,,,,,,,,,,,,,,,,,,,,,,,,,,,,,,,,826.0,826.0,828.0,830.0,830.0,831.0,833.0,834.0,839.0,842.0,848.0,849.0,851.0,852.0,852.0,853.0,855.0,859.0,862.0,862.0,863.0,868.0,871.0,873.0,876
DhfitPakxV8,,,,,,,,,,,,,,,,,,,,,,,,,,,,,,,,,,,,,,,,,,,,,,,,,,,,,,,,,,,,,,,,,,,,,,,,,,,,,,,,,,,,,,,,,,,,,,,,,,,,,,,,,,,,,,,,,,,,,,,,,,,,,,,,,,9421.0,9444.0,9466.0,9478.0,9505.0,9521.0,9535.0,9552.0,9562.0,9578.0,9591.0,9604.0,9621.0,9635.0,9645.0,9653.0,9662.0,9673.0,9689.0,9694.0,9707.0,9723.0,9734.0,9749.0,9752
9Av8DEKE2og,,,,,,,,,,,,,,,,,,,,,,,,,,,,,,,,,,,,,,,,,,,,,,,,,,,,,,,,,,,,,,,,,,,,,,,,,,,,,,,,,,,,,,,,,,,,,,,,,,,,,,,,,,,,,,,,,,,,,,,,,,,,,,,,,,107.0,107.0,107.0,107.0,108.0,109.0,109.0,109.0,109.0,109.0,109.0,109.0,111.0,111.0,111.0,111.0,112.0,112.0,112.0,112.0,112.0,112.0,112.0,113.0,113
N6JXNISrpEY,,,,,,,,,,,,,,,,,,,,,,,,,,,,,,,,,,,,,,,,,,,,,,,,,,,,,,,,,,,,,,,,,,,,,,,,,,,,,,,,,,,,,,,,,,,,,,,,,,,,,,,,,,,,,,,,,,,,,,,,,,,,,,,,,,453.0,460.0,478.0,482.0,486.0,489.0,495.0,497.0,499.0,502.0,503.0,505.0,509.0,511.0,515.0,515.0,517.0,523.0,535.0,538.0,541.0,543.0,548.0,549.0,554
mcC-o7wq5EY,,,,,,,,,,,,,,,,,,,,,,,,,,,,,,,,,,,,,,,,,,,,,,,,,,,,,,,,,,,,,,,,,,,,,,,,,,,,,,,,,,,,,,,,,,,,,,,,,,,,,,,,,,,,,,,,,,,,,,,,,,,,,,,,,,235.0,236.0,236.0,236.0,236.0,237.0,238.0,238.0,238.0,238.0,239.0,240.0,239.0,239.0,241.0,242.0,244.0,246.0,246.0,246.0,246.0,248.0,248.0,248.0,248
wCtRSOVpf40,,,,,,,,,,,,,,,,,,,,,,,,,,,,,,,,,,,,,,,,,,,,,,,,,,,,,,,,,,,,,,,,,,,,,,,,,,,,,,,,,,,,,,,,,,,,,,,,,,,,,,,,,,,,,,,,,,,,,,,,,,,,,,,,,,67.0,69.0,69.0,70.0,70.0,70.0,70.0,70.0,72.0,72.0,74.0,74.0,74.0,74.0,74.0,74.0,74.0,74.0,74.0,75.0,75.0,78.0,78.0,78.0,79
XfASTPiEh3M,,,,,,,,,,,,,,,,,,,,,,,,,,,,,,,,,,,,,,,,,,,,,,,,,,,,,,,,,,,,,,,,,,,,,,,,,,,,,,,,,,,,,,,,,,,,,,,,,,,,,,,,,,,,,,,,,,,,,,,,,,,,,,,,,,105.0,109.0,110.0,112.0,115.0,115.0,117.0,118.0,121.0,124.0,128.0,130.0,132.0,133.0,133.0,134.0,135.0,136.0,138.0,138.0,139.0,138.0,138.0,138.0,140
kjccso8nrc0,,,,,,,,,,,,,,,,,,,,,,,,,,,,,,,,,,,,,,,,,,,,,,,,,,,,,,,,,,,,,,,,,,,,,,,,,,,,,,,,,,,,,,,,,,,,,,,,,,,,,,,,,,,,,,,,,,,,,,,,,,,,,,,,,,55.0,55.0,55.0,55.0,55.0,57.0,57.0,57.0,57.0,57.0,58.0,59.0,60.0,60.0,60.0,62.0,62.0,62.0,62.0,62.0,62.0,62.0,63.0,63.0,63
U4aD9NLDQJs,,,,,,,,,,,,,,,,,,,,,,,,,,,,,,,,,,,,,,,,,,,,,,,,,,,,,,,,,,,,,,,,,,,,,,,,,,,,,,,,,,,,,,,,,,,,,,,,,,,,,,,,,,,,,,,,,,,,,,,,,,,,,,,,,,328.0,371.0,390.0,407.0,415.0,431.0,440.0,451.0,456.0,463.0,467.0,474.0,478.0,483.0,484.0,486.0,490.0,493.0,495.0,497.0,499.0,501.0,502.0,507.0,506
hWT7vfliD7g,,,,,,,,,,,,,,,,,,,,,,,,,,,,,,,,,,,,,,,,,,,,,,,,,,,,,,,,,,,,,,,,,,,,,,,,,,,,,,,,,,,,,,,,,,,,,,,,,,,,,,,,,,,,,,,,,,,,,,,,,,,,,,,,,,544.0,664.0,702.0,722.0,734.0,748.0,757.0,765.0,766.0,769.0,777.0,779.0,783.0,789.0,793.0,796.0,797.0,799.0,799.0,800.0,801.0,804.0,805.0,807.0,808
__cY_IaSb7s,,,,,,,,,,,,,,,,,,,,,,,,,,,,,,,,,,,,,,,,,,,,,,,,,,,,,,,,,,,,,,,,,,,,,,,,,,,,,,,,,,,,,,,,,,,,,,,,,,,,,,,,,,,,,,,,,,,,,,,,,,,,,,,,,,1390.0,1567.0,1649.0,1701.0,1749.0,1809.0,1853.0,1880.0,1899.0,1916.0,1932.0,1937.0,1945.0,1956.0,1962.0,1974.0,1982.0,1997.0,2006.0,2020.0,2033.0,2042.0,2046.0,2054.0,2056
aBtRTBVggUM,,,,,,,,,,,,,,,,,,,,,,,,,,,,,,,,,,,,,,,,,,,,,,,,,,,,,,,,,,,,,,,,,,,,,,,,,,,,,,,,,,,,,,,,,,,,,,,,,,,,,,,,,,,,,,,,,,,,,,,,,,,,,,,,,,675.0,844.0,966.0,1054.0,1124.0,1170.0,1245.0,1335.0,1384.0,1414.0,1459.0,1492.0,1530.0,1558.0,1588.0,1604.0,1614.0,1623.0,1636.0,1649.0,1668.0,1701.0,1737.0,1754.0,1771
OE8CjkC0BGA,,,,,,,,,,,,,,,,,,,,,,,,,,,,,,,,,,,,,,,,,,,,,,,,,,,,,,,,,,,,,,,,,,,,,,,,,,,,,,,,,,,,,,,,,,,,,,,,,,,,,,,,,,,,,,,,,,,,,,,,,,,,,,,,,,1852.0,2009.0,2078.0,2111.0,2141.0,2168.0,2191.0,2209.0,2217.0,2228.0,2234.0,2242.0,2250.0,2261.0,2269.0,2276.0,2278.0,2281.0,2285.0,2290.0,2293.0,2300.0,2302.0,2304.0,2307
lqJ30KbpEY4,,,,,,,,,,,,,,,,,,,,,,,,,,,,,,,,,,,,,,,,,,,,,,,,,,,,,,,,,,,,,,,,,,,,,,,,,,,,,,,,,,,,,,,,,,,,,,,,,,,,,,,,,,,,,,,,,,,,,,,,,,,,,,,,,,15.0,27.0,30.0,34.0,37.0,38.0,38.0,42.0,42.0,44.0,46.0,46.0,46.0,46.0,46.0,46.0,46.0,45.0,45.0,45.0,46.0,46.0,46.0,46.0,46
eKuzq2AOvFM,,,,,,,,,,,,,,,,,,,,,,,,,,,,,,,,,,,,,,,,,,,,,,,,,,,,,,,,,,,,,,,,,,,,,,,,,,,,,,,,,,,,,,,,,,,,,,,,,,,,,,,,,,,,,,,,,,,,,,,,,,,,,,,,,,1234.0,1415.0,1517.0,1600.0,1676.0,1737.0,1793.0,1852.0,1907.0,1941.0,1975.0,2004.0,2039.0,2062.0,2085.0,2100.0,2112.0,2129.0,2144.0,2159.0,2181.0,2204.0,2230.0,2248.0,2265
Si5mKYAei3o,,,,,,,,,,,,,,,,,,,,,,,,,,,,,,,,,,,,,,,,,,,,,,,,,,,,,,,,,,,,,,,,,,,,,,,,,,,,,,,,,,,,,,,,,,,,,,,,,,,,,,,,,,,,,,,,,,,,,,,,,,,,,,,,,,3.0,10.0,13.0,16.0,17.0,17.0,17.0,18.0,19.0,19.0,19.0,19.0,19.0,19.0,19.0,19.0,20.0,21.0,22.0,22.0,22.0,22.0,22.0,23.0,23
WxGWMI2B7r8,,,,,,,,,,,,,,,,,,,,,,,,,,,,,,,,,,,,,,,,,,,,,,,,,,,,,,,,,,,,,,,,,,,,,,,,,,,,,,,,,,,,,,,,,,,,,,,,,,,,,,,,,,,,,,,,,,,,,,,,,,,,,,,,,,150687.0,167790.0,175387.0,181649.0,186149.0,190024.0,192921.0,195211.0,197164.0,198802.0,200101.0,201523.0,203155.0,204617.0,205677.0,206598.0,207656.0,208582.0,209428.0,210359.0,211247.0,211990.0,212660.0,213338.0,213935
uD0yLUVtAvk,,,,,,,,,,,,,,,,,,,,,,,,,,,,,,,,,,,,,,,,,,,,,,,,,,,,,,,,,,,,,,,,,,,,,,,,,,,,,,,,,,,,,,,,,,,,,,,,,,,,,,,,,,,,,,,,,,,,,,,,,,,,,,,,,,23040.0,41200.0,47188.0,50711.0,53322.0,55102.0,56411.0,57483.0,58281.0,58994.0,59469.0,60003.0,60550.0,61026.0,61370.0,61731.0,62131.0,62524.0,62821.0,63047.0,63264.0,63446.0,63599.0,63772.0,63895
WxGWMI2B7r8,,,,,,,,,,,,,,,,,,,,,,,,,,,,,,,,,,,,,,,,,,,,,,,,,,,,,,,,,,,,,,,,,,,,,,,,,,,,,,,,,,,,,,,,,,,,,,,,,,,,,,,,,,,,,,,,,,,,,,,,,,,,,,,,,,150687.0,167790.0,175387.0,181649.0,186149.0,190024.0,192921.0,195211.0,197164.0,198802.0,200101.0,201523.0,203155.0,204617.0,205677.0,206598.0,207656.0,208582.0,209428.0,210359.0,211247.0,211990.0,212660.0,213338.0,213935
iqtv43YR7oI,,,,,,,,,,,,,,,,,,,,,,,,,,,,,,,,,,,,,,,,,,,,,,,,,,,,,,,,,,,,,,,,,,,,,,,,,,,,,,,,,,,,,,,,,,,,,,,,,,,,,,,,,,,,,,,,,,,,,,,,,,,,,,,,,,,,,,,,,,,,,,,,,,,,,,,,,,
5RT4ISfzlrU,,,,,,,,,,,,,,,,,,,,,,,,,,,,,,,,,,,,,,,,,,,,,,,,,,,,,,,,,,,,,,,,,,,,,,,,,,,,,,,,,,,,,,,,,,,,,,,,,,,,,,,,,,,,,,,,,,,,,,,,,,,,,,,,,,,,,,,,,,,,,,,,,,,,,,,,,,
BDXZ-fYk0Gc,,,,,,,,,,,,,,,,,,,,,,,,,,,,,,,,,,,,,,,,,,,,,,,,,,,,,,,,,,,,,,,,,,,,,,,,,,,,,,,,,,,,,,,,,,,,,,,,,,,,,,,,,,,,,,,,,,,,,,,,,,,,,,,,,,,1649.0,3232.0,4305.0,5078.0,5529.0,5989.0,6161.0,6387.0,6505.0,6569.0,6604.0,6645.0,6707.0,6740.0,6779.0,6806.0,6836.0,6856.0,6888.0,6905.0,6931.0,6953.0,6963.0,6977
vOCc8AKs48Q,,,,,,,,,,,,,,,,,,,,,,,,,,,,,,,,,,,,,,,,,,,,,,,,,,,,,,,,,,,,,,,,,,,,,,,,,,,,,,,,,,,,,,,,,,,,,,,,,,,,,,,,,,,,,,,,,,,,,,,,,,,,,,,,,,,458.0,732.0,879.0,973.0,1027.0,1090.0,1126.0,1158.0,1179.0,1193.0,1230.0,1315.0,1394.0,1441.0,1483.0,1515.0,1554.0,1601.0,1621.0,1638.0,1646.0,1659.0,1666.0,1673
fGCCpfa-WDQ,,,,,,,,,,,,,,,,,,,,,,,,,,,,,,,,,,,,,,,,,,,,,,,,,,,,,,,,,,,,,,,,,,,,,,,,,,,,,,,,,,,,,,,,,,,,,,,,,,,,,,,,,,,,,,,,,,,,,,,,,,,,,,,,,,,252.0,253.0,253.0,253.0,253.0,253.0,254.0,254.0,256.0,256.0,256.0,256.0,256.0,256.0,256.0,256.0,256.0,257.0,257.0,257.0,257.0,258.0,258.0,258
ICOB_gz4k6E,,,,,,,,,,,,,,,,,,,,,,,,,,,,,,,,,,,,,,,,,,,,,,,,,,,,,,,,,,,,,,,,,,,,,,,,,,,,,,,,,,,,,,,,,,,,,,,,,,,,,,,,,,,,,,,,,,,,,,,,,,,,,,,,,,,1745.0,3339.0,4163.0,4799.0,5149.0,5461.0,5725.0,5949.0,6162.0,6359.0,6562.0,6698.0,6791.0,6882.0,6953.0,7009.0,7079.0,7176.0,7242.0,7294.0,7355.0,7415.0,7503.0,7570
jdc4XckyN7Y,,,,,,,,,,,,,,,,,,,,,,,,,,,,,,,,,,,,,,,,,,,,,,,,,,,,,,,,,,,,,,,,,,,,,,,,,,,,,,,,,,,,,,,,,,,,,,,,,,,,,,,,,,,,,,,,,,,,,,,,,,,,,,,,,,,11.0,27.0,43.0,56.0,70.0,84.0,110.0,155.0,274.0,401.0,524.0,597.0,644.0,699.0,751.0,773.0,796.0,821.0,841.0,849.0,865.0,882.0,897.0,910
EF7ueTjEwPs,,,,,,,,,,,,,,,,,,,,,,,,,,,,,,,,,,,,,,,,,,,,,,,,,,,,,,,,,,,,,,,,,,,,,,,,,,,,,,,,,,,,,,,,,,,,,,,,,,,,,,,,,,,,,,,,,,,,,,,,,,,,,,,,,,,45.0,92.0,119.0,139.0,162.0,187.0,205.0,218.0,229.0,237.0,246.0,256.0,261.0,269.0,271.0,275.0,276.0,276.0,277.0,278.0,281.0,284.0,284.0,285
enVPqoR_SVE,,,,,,,,,,,,,,,,,,,,,,,,,,,,,,,,,,,,,,,,,,,,,,,,,,,,,,,,,,,,,,,,,,,,,,,,,,,,,,,,,,,,,,,,,,,,,,,,,,,,,,,,,,,,,,,,,,,,,,,,,,,,,,,,,,,108.0,193.0,277.0,358.0,407.0,451.0,500.0,538.0,568.0,604.0,647.0,673.0,697.0,720.0,739.0,747.0,767.0,781.0,793.0,798.0,811.0,821.0,830.0,833
efu7Ha7Yt5g,,,,,,,,,,,,,,,,,,,,,,,,,,,,,,,,,,,,,,,,,,,,,,,,,,,,,,,,,,,,,,,,,,,,,,,,,,,,,,,,,,,,,,,,,,,,,,,,,,,,,,,,,,,,,,,,,,,,,,,,,,,,,,,,,,,,23042.0,26356.0,28715.0,30401.0,31420.0,32309.0,33038.0,33580.0,33809.0,34167.0,34557.0,34933.0,35210.0,35498.0,35752.0,35994.0,36200.0,36427.0,36653.0,36867.0,37091.0,37315.0,37525
ZtiThQN5ETc,,,,,,,,,,,,,,,,,,,,,,,,,,,,,,,,,,,,,,,,,,,,,,,,,,,,,,,,,,,,,,,,,,,,,,,,,,,,,,,,,,,,,,,,,,,,,,,,,,,,,,,,,,,,,,,,,,,,,,,,,,,,,,,,,,,,4399.0,8905.0,10583.0,11423.0,12033.0,12543.0,12950.0,13269.0,13332.0,13476.0,13600.0,13712.0,13830.0,13931.0,14016.0,14067.0,14139.0,14208.0,14264.0,14335.0,14424.0,14492.0,14540
rIiGnn_8A4k,,,,,,,,,,,,,,,,,,,,,,,,,,,,,,,,,,,,,,,,,,,,,,,,,,,,,,,,,,,,,,,,,,,,,,,,,,,,,,,,,,,,,,,,,,,,,,,,,,,,,,,,,,,,,,,,,,,,,,,,,,,,,,,,,,,,13633.0,23866.0,29041.0,31566.0,33077.0,34279.0,35316.0,36047.0,36553.0,37018.0,37428.0,37812.0,38076.0,38306.0,38502.0,38718.0,38949.0,39174.0,39358.0,39563.0,39767.0,39976.0,40136
dyxmlYXdxUs,,,,,,,,,,,,,,,,,,,,,,,,,,,,,,,,,,,,,,,,,,,,,,,,,,,,,,,,,,,,,,,,,,,,,,,,,,,,,,,,,,,,,,,,,,,,,,,,,,,,,,,,,,,,,,,,,,,,,,,,,,,,,,,,,,,,11748.0,21263.0,24888.0,26777.0,27893.0,28890.0,29783.0,30509.0,30922.0,31440.0,32002.0,32452.0,32812.0,33169.0,33525.0,33885.0,34173.0,34468.0,34728.0,34996.0,35210.0,35400.0,35578
69I7Hj6p8_0,,,,,,,,,,,,,,,,,,,,,,,,,,,,,,,,,,,,,,,,,,,,,,,,,,,,,,,,,,,,,,,,,,,,,,,,,,,,,,,,,,,,,,,,,,,,,,,,,,,,,,,,,,,,,,,,,,,,,,,,,,,,,,,,,,,,594.0,1308.0,1524.0,1990.0,2054.0,2122.0,2171.0,2222.0,2260.0,2304.0,2341.0,2375.0,2394.0,2424.0,2442.0,2458.0,2494.0,2514.0,2535.0,2544.0,2560.0,2575.0,2589
XiY7YPkHmkU,,,,,,,,,,,,,,,,,,,,,,,,,,,,,,,,,,,,,,,,,,,,,,,,,,,,,,,,,,,,,,,,,,,,,,,,,,,,,,,,,,,,,,,,,,,,,,,,,,,,,,,,,,,,,,,,,,,,,,,,,,,,,,,,,,,,20.0,20.0,20.0,20.0,20.0,20.0,20.0,21.0,23.0,23.0,23.0,23.0,23.0,23.0,23.0,23.0,23.0,23.0,23.0,23.0,24.0,24.0,24
GJN6J-jqBA0,,,,,,,,,,,,,,,,,,,,,,,,,,,,,,,,,,,,,,,,,,,,,,,,,,,,,,,,,,,,,,,,,,,,,,,,,,,,,,,,,,,,,,,,,,,,,,,,,,,,,,,,,,,,,,,,,,,,,,,,,,,,,,,,,,,,6059.0,7725.0,9106.0,10228.0,11037.0,11793.0,12679.0,13431.0,14165.0,14919.0,15540.0,16094.0,16565.0,16935.0,17275.0,17606.0,17957.0,18332.0,18674.0,18941.0,19267.0,19676.0,19953
_pTXNzKoJ94,,,,,,,,,,,,,,,,,,,,,,,,,,,,,,,,,,,,,,,,,,,,,,,,,,,,,,,,,,,,,,,,,,,,,,,,,,,,,,,,,,,,,,,,,,,,,,,,,,,,,,,,,,,,,,,,,,,,,,,,,,,,,,,,,,,,26.0,47.0,50.0,52.0,54.0,57.0,58.0,62.0,66.0,67.0,67.0,67.0,67.0,68.0,68.0,70.0,70.0,71.0,72.0,74.0,76.0,77.0,78
UOvWqzu0AF8,,,,,,,,,,,,,,,,,,,,,,,,,,,,,,,,,,,,,,,,,,,,,,,,,,,,,,,,,,,,,,,,,,,,,,,,,,,,,,,,,,,,,,,,,,,,,,,,,,,,,,,,,,,,,,,,,,,,,,,,,,,,,,,,,,,,64.0,178.0,257.0,310.0,349.0,380.0,416.0,447.0,493.0,545.0,577.0,613.0,654.0,695.0,720.0,749.0,798.0,820.0,846.0,864.0,884.0,897.0,910
62Tt4m8jOp4,,,,,,,,,,,,,,,,,,,,,,,,,,,,,,,,,,,,,,,,,,,,,,,,,,,,,,,,,,,,,,,,,,,,,,,,,,,,,,,,,,,,,,,,,,,,,,,,,,,,,,,,,,,,,,,,,,,,,,,,,,,,,,,,,,,,,199.0,237.0,265.0,288.0,319.0,361.0,409.0,440.0,452.0,465.0,475.0,490.0,512.0,527.0,540.0,551.0,556.0,564.0,566.0,570.0,577.0,584
su12CXASZc4,,,,,,,,,,,,,,,,,,,,,,,,,,,,,,,,,,,,,,,,,,,,,,,,,,,,,,,,,,,,,,,,,,,,,,,,,,,,,,,,,,,,,,,,,,,,,,,,,,,,,,,,,,,,,,,,,,,,,,,,,,,,,,,,,,,,,71.0,124.0,142.0,160.0,177.0,192.0,204.0,224.0,230.0,236.0,241.0,245.0,251.0,255.0,258.0,261.0,266.0,269.0,271.0,273.0,274.0,276
UvWXWGhZin8,,,,,,,,,,,,,,,,,,,,,,,,,,,,,,,,,,,,,,,,,,,,,,,,,,,,,,,,,,,,,,,,,,,,,,,,,,,,,,,,,,,,,,,,,,,,,,,,,,,,,,,,,,,,,,,,,,,,,,,,,,,,,,,,,,,,,2741.0,4999.0,,,,,,,,,,,,,,,,,,,,
C4aZk3URd-o,,,,,,,,,,,,,,,,,,,,,,,,,,,,,,,,,,,,,,,,,,,,,,,,,,,,,,,,,,,,,,,,,,,,,,,,,,,,,,,,,,,,,,,,,,,,,,,,,,,,,,,,,,,,,,,,,,,,,,,,,,,,,,,,,,,,,45788.0,45835.0,45884.0,45932.0,45984.0,46030.0,46079.0,46122.0,46168.0,46229.0,46293.0,46350.0,46402.0,46458.0,46504.0,46550.0,46602.0,46638.0,46682.0,46726.0,46765.0,46813
yMyXXPDv3ek,,,,,,,,,,,,,,,,,,,,,,,,,,,,,,,,,,,,,,,,,,,,,,,,,,,,,,,,,,,,,,,,,,,,,,,,,,,,,,,,,,,,,,,,,,,,,,,,,,,,,,,,,,,,,,,,,,,,,,,,,,,,,,,,,,,,,5816.0,5819.0,5829.0,5837.0,5840.0,5848.0,5852.0,5859.0,5865.0,5872.0,5879.0,5882.0,5889.0,5896.0,5901.0,5901.0,5907.0,5916.0,5921.0,5922.0,5934.0,5937
Ew65b9BMrjU,,,,,,,,,,,,,,,,,,,,,,,,,,,,,,,,,,,,,,,,,,,,,,,,,,,,,,,,,,,,,,,,,,,,,,,,,,,,,,,,,,,,,,,,,,,,,,,,,,,,,,,,,,,,,,,,,,,,,,,,,,,,,,,,,,,,,9530.0,12198.0,13184.0,14096.0,14946.0,15556.0,16012.0,16250.0,16495.0,16690.0,16844.0,16992.0,17116.0,17252.0,17360.0,17470.0,17551.0,17619.0,17661.0,17702.0,17731.0,17771
e53PTUZXXy4,,,,,,,,,,,,,,,,,,,,,,,,,,,,,,,,,,,,,,,,,,,,,,,,,,,,,,,,,,,,,,,,,,,,,,,,,,,,,,,,,,,,,,,,,,,,,,,,,,,,,,,,,,,,,,,,,,,,,,,,,,,,,,,,,,,,,62.0,115.0,146.0,175.0,216.0,245.0,272.0,301.0,320.0,330.0,341.0,348.0,363.0,382.0,397.0,403.0,410.0,419.0,428.0,435.0,440.0,446
TeWDXpHyI88,,,,,,,,,,,,,,,,,,,,,,,,,,,,,,,,,,,,,,,,,,,,,,,,,,,,,,,,,,,,,,,,,,,,,,,,,,,,,,,,,,,,,,,,,,,,,,,,,,,,,,,,,,,,,,,,,,,,,,,,,,,,,,,,,,,,,2125.0,3087.0,3503.0,3713.0,3879.0,3997.0,4088.0,4154.0,4235.0,4292.0,4348.0,4379.0,4409.0,4444.0,4476.0,4500.0,4540.0,4559.0,4591.0,4637.0,4683.0,4698
PdSsC7aAIwI,,,,,,,,,,,,,,,,,,,,,,,,,,,,,,,,,,,,,,,,,,,,,,,,,,,,,,,,,,,,,,,,,,,,,,,,,,,,,,,,,,,,,,,,,,,,,,,,,,,,,,,,,,,,,,,,,,,,,,,,,,,,,,,,,,,,,395.0,840.0,1010.0,1102.0,1163.0,1227.0,1277.0,1312.0,1336.0,1357.0,1385.0,1406.0,1413.0,1433.0,1448.0,1457.0,1460.0,1473.0,1476.0,1479.0,1483.0,1489
uPm5_b-wJfg,,,,,,,,,,,,,,,,,,,,,,,,,,,,,,,,,,,,,,,,,,,,,,,,,,,,,,,,,,,,,,,,,,,,,,,,,,,,,,,,,,,,,,,,,,,,,,,,,,,,,,,,,,,,,,,,,,,,,,,,,,,,,,,,,,,,,55.0,117.0,138.0,158.0,180.0,195.0,203.0,213.0,222.0,225.0,227.0,231.0,234.0,237.0,239.0,240.0,242.0,247.0,248.0,255.0,257.0,258
Pu2uhdxMTws,,,,,,,,,,,,,,,,,,,,,,,,,,,,,,,,,,,,,,,,,,,,,,,,,,,,,,,,,,,,,,,,,,,,,,,,,,,,,,,,,,,,,,,,,,,,,,,,,,,,,,,,,,,,,,,,,,,,,,,,,,,,,,,,,,,,,,1507.0,3556.0,4837.0,5601.0,5915.0,6119.0,6248.0,6354.0,6440.0,6522.0,6578.0,6632.0,6666.0,6693.0,6727.0,6770.0,6799.0,6825.0,6840.0,6852.0,6857
zyvi6HkDqxE,,,,,,,,,,,,,,,,,,,,,,,,,,,,,,,,,,,,,,,,,,,,,,,,,,,,,,,,,,,,,,,,,,,,,,,,,,,,,,,,,,,,,,,,,,,,,,,,,,,,,,,,,,,,,,,,,,,,,,,,,,,,,,,,,,,,,,291.0,292.0,291.0,293.0,295.0,295.0,296.0,296.0,299.0,300.0,300.0,301.0,302.0,303.0,303.0,304.0,304.0,304.0,305.0,305.0,305
FhlnthSvGNM,,,,,,,,,,,,,,,,,,,,,,,,,,,,,,,,,,,,,,,,,,,,,,,,,,,,,,,,,,,,,,,,,,,,,,,,,,,,,,,,,,,,,,,,,,,,,,,,,,,,,,,,,,,,,,,,,,,,,,,,,,,,,,,,,,,,,,,,,,,,,,,,,,,,,,,,,,
HjxZvWCcfy8,,,,,,,,,,,,,,,,,,,,,,,,,,,,,,,,,,,,,,,,,,,,,,,,,,,,,,,,,,,,,,,,,,,,,,,,,,,,,,,,,,,,,,,,,,,,,,,,,,,,,,,,,,,,,,,,,,,,,,,,,,,,,,,,,,,,,,1123.0,1870.0,2261.0,2555.0,2869.0,3119.0,3374.0,3633.0,3788.0,3910.0,4038.0,4164.0,4289.0,4408.0,4499.0,4556.0,4592.0,4676.0,4750.0,4804.0,4844
yCgjiYmRtGE,,,,,,,,,,,,,,,,,,,,,,,,,,,,,,,,,,,,,,,,,,,,,,,,,,,,,,,,,,,,,,,,,,,,,,,,,,,,,,,,,,,,,,,,,,,,,,,,,,,,,,,,,,,,,,,,,,,,,,,,,,,,,,,,,,,,,,426.0,493.0,534.0,577.0,619.0,648.0,695.0,729.0,752.0,766.0,786.0,802.0,814.0,824.0,839.0,847.0,858.0,869.0,883.0,890.0,891
DY-TO23IG18,,,,,,,,,,,,,,,,,,,,,,,,,,,,,,,,,,,,,,,,,,,,,,,,,,,,,,,,,,,,,,,,,,,,,,,,,,,,,,,,,,,,,,,,,,,,,,,,,,,,,,,,,,,,,,,,,,,,,,,,,,,,,,,,,,,,,,108.0,109.0,110.0,110.0,110.0,110.0,110.0,110.0,110.0,110.0,110.0,110.0,110.0,110.0,110.0,110.0,110.0,110.0,110.0,110.0,110
CG5dE5vaD7s,,,,,,,,,,,,,,,,,,,,,,,,,,,,,,,,,,,,,,,,,,,,,,,,,,,,,,,,,,,,,,,,,,,,,,,,,,,,,,,,,,,,,,,,,,,,,,,,,,,,,,,,,,,,,,,,,,,,,,,,,,,,,,,,,,,,,,6728.0,6770.0,6797.0,6820.0,6841.0,6853.0,6876.0,6921.0,6969.0,6997.0,7036.0,7076.0,7105.0,7125.0,7147.0,7159.0,7167.0,7190.0,7199.0,7253.0,7295
NGyCzUHjorI,,,,,,,,,,,,,,,,,,,,,,,,,,,,,,,,,,,,,,,,,,,,,,,,,,,,,,,,,,,,,,,,,,,,,,,,,,,,,,,,,,,,,,,,,,,,,,,,,,,,,,,,,,,,,,,,,,,,,,,,,,,,,,,,,,,,,,12059.0,12394.0,12592.0,12696.0,12817.0,12910.0,12828.0,12871.0,12917.0,12965.0,13009.0,13044.0,13083.0,13120.0,13144.0,13176.0,13208.0,13234.0,13255.0,13289.0,13309
AgqTpVY_T_k,,,,,,,,,,,,,,,,,,,,,,,,,,,,,,,,,,,,,,,,,,,,,,,,,,,,,,,,,,,,,,,,,,,,,,,,,,,,,,,,,,,,,,,,,,,,,,,,,,,,,,,,,,,,,,,,,,,,,,,,,,,,,,,,,,,,,,12645.0,23526.0,28492.0,31047.0,32641.0,33830.0,35237.0,36435.0,37568.0,38388.0,38945.0,39399.0,39829.0,40325.0,40715.0,41097.0,41372.0,41639.0,41897.0,42123.0,42292
jWSHTjNRQBU,,,,,,,,,,,,,,,,,,,,,,,,,,,,,,,,,,,,,,,,,,,,,,,,,,,,,,,,,,,,,,,,,,,,,,,,,,,,,,,,,,,,,,,,,,,,,,,,,,,,,,,,,,,,,,,,,,,,,,,,,,,,,,,,,,,,,,10.0,10.0,11.0,12.0,13.0,13.0,13.0,13.0,13.0,13.0,13.0,13.0,13.0,13.0,13.0,14.0,14.0,14.0,14.0,14.0,14
53Ot9E5QG_I,,,,,,,,,,,,,,,,,,,,,,,,,,,,,,,,,,,,,,,,,,,,,,,,,,,,,,,,,,,,,,,,,,,,,,,,,,,,,,,,,,,,,,,,,,,,,,,,,,,,,,,,,,,,,,,,,,,,,,,,,,,,,,,,,,,,,,20411.0,29867.0,35611.0,39274.0,42814.0,45438.0,47241.0,48712.0,49701.0,50523.0,51181.0,51810.0,52289.0,52704.0,53027.0,53326.0,53624.0,53884.0,54142.0,54343.0,54548
S4zNFHjz88k,,,,,,,,,,,,,,,,,,,,,,,,,,,,,,,,,,,,,,,,,,,,,,,,,,,,,,,,,,,,,,,,,,,,,,,,,,,,,,,,,,,,,,,,,,,,,,,,,,,,,,,,,,,,,,,,,,,,,,,,,,,,,,,,,,,,,,,22.0,26.0,28.0,33.0,35.0,36.0,37.0,43.0,45.0,46.0,47.0,48.0,48.0,49.0,51.0,51.0,51.0,53.0,54.0,54
JywM-nQjIyo,,,,,,,,,,,,,,,,,,,,,,,,,,,,,,,,,,,,,,,,,,,,,,,,,,,,,,,,,,,,,,,,,,,,,,,,,,,,,,,,,,,,,,,,,,,,,,,,,,,,,,,,,,,,,,,,,,,,,,,,,,,,,,,,,,,,,,,165.0,165.0,165.0,165.0,165.0,165.0,165.0,166.0,166.0,166.0,166.0,166.0,166.0,165.0,165.0,166.0,167.0,167.0,167.0,167
NiNXwI_Y1So,,,,,,,,,,,,,,,,,,,,,,,,,,,,,,,,,,,,,,,,,,,,,,,,,,,,,,,,,,,,,,,,,,,,,,,,,,,,,,,,,,,,,,,,,,,,,,,,,,,,,,,,,,,,,,,,,,,,,,,,,,,,,,,,,,,,,,,4222.0,4427.0,4637.0,4822.0,4928.0,5019.0,5133.0,5236.0,5324.0,5414.0,5517.0,5622.0,5711.0,5798.0,5866.0,5944.0,5992.0,6057.0,6115.0,6180
w_mxESFUfIs,,,,,,,,,,,,,,,,,,,,,,,,,,,,,,,,,,,,,,,,,,,,,,,,,,,,,,,,,,,,,,,,,,,,,,,,,,,,,,,,,,,,,,,,,,,,,,,,,,,,,,,,,,,,,,,,,,,,,,,,,,,,,,,,,,,,,,,1080.0,1291.0,1382.0,1459.0,1518.0,1575.0,1626.0,1696.0,1750.0,1779.0,1807.0,1865.0,1927.0,1964.0,1989.0,1995.0,2009.0,2016.0,2029.0,2039
4FDxvpdvx9s,,,,,,,,,,,,,,,,,,,,,,,,,,,,,,,,,,,,,,,,,,,,,,,,,,,,,,,,,,,,,,,,,,,,,,,,,,,,,,,,,,,,,,,,,,,,,,,,,,,,,,,,,,,,,,,,,,,,,,,,,,,,,,,,,,,,,,,,5138.0,5212.0,5455.0,5752.0,5984.0,6175.0,6304.0,6397.0,6448.0,6514.0,6558.0,6594.0,6649.0,6698.0,6745.0,6786.0,6818.0,6834.0,6859
UwceugNYOuE,,,,,,,,,,,,,,,,,,,,,,,,,,,,,,,,,,,,,,,,,,,,,,,,,,,,,,,,,,,,,,,,,,,,,,,,,,,,,,,,,,,,,,,,,,,,,,,,,,,,,,,,,,,,,,,,,,,,,,,,,,,,,,,,,,,,,,,,2577.0,2580.0,2582.0,2582.0,2583.0,2586.0,2585.0,2587.0,2588.0,2589.0,2596.0,2599.0,2599.0,2601.0,2603.0,2604.0,2606.0,2608.0,2609
2Zwr4v1iwQM,,,,,,,,,,,,,,,,,,,,,,,,,,,,,,,,,,,,,,,,,,,,,,,,,,,,,,,,,,,,,,,,,,,,,,,,,,,,,,,,,,,,,,,,,,,,,,,,,,,,,,,,,,,,,,,,,,,,,,,,,,,,,,,,,,,,,,,,239.0,241.0,241.0,244.0,247.0,248.0,249.0,250.0,253.0,256.0,258.0,258.0,258.0,260.0,260.0,261.0,262.0,262.0,262
-7NfQDh-Q2I,,,,,,,,,,,,,,,,,,,,,,,,,,,,,,,,,,,,,,,,,,,,,,,,,,,,,,,,,,,,,,,,,,,,,,,,,,,,,,,,,,,,,,,,,,,,,,,,,,,,,,,,,,,,,,,,,,,,,,,,,,,,,,,,,,,,,,,,130.0,130.0,130.0,130.0,130.0,130.0,131.0,131.0,132.0,134.0,134.0,134.0,134.0,134.0,134.0,134.0,134.0,135.0,135
-E1PQSTNx9A,,,,,,,,,,,,,,,,,,,,,,,,,,,,,,,,,,,,,,,,,,,,,,,,,,,,,,,,,,,,,,,,,,,,,,,,,,,,,,,,,,,,,,,,,,,,,,,,,,,,,,,,,,,,,,,,,,,,,,,,,,,,,,,,,,,,,,,,1622.0,1629.0,1632.0,1633.0,1639.0,1641.0,1644.0,1648.0,1650.0,1664.0,1664.0,1669.0,1672.0,1678.0,1680.0,1682.0,1682.0,1691.0,1697
Zlw_EjSsxAg,,,,,,,,,,,,,,,,,,,,,,,,,,,,,,,,,,,,,,,,,,,,,,,,,,,,,,,,,,,,,,,,,,,,,,,,,,,,,,,,,,,,,,,,,,,,,,,,,,,,,,,,,,,,,,,,,,,,,,,,,,,,,,,,,,,,,,,,1885.0,2420.0,2693.0,2879.0,3057.0,3197.0,3423.0,3773.0,4014.0,4168.0,4280.0,4408.0,4513.0,4649.0,4783.0,4930.0,5045.0,5137.0,5233
qqbJGLFPMkM,,,,,,,,,,,,,,,,,,,,,,,,,,,,,,,,,,,,,,,,,,,,,,,,,,,,,,,,,,,,,,,,,,,,,,,,,,,,,,,,,,,,,,,,,,,,,,,,,,,,,,,,,,,,,,,,,,,,,,,,,,,,,,,,,,,,,,,,337.0,606.0,827.0,1072.0,1226.0,1305.0,1394.0,1482.0,1592.0,1647.0,1697.0,1741.0,1772.0,1793.0,1806.0,1819.0,1835.0,1841.0,1855
ZOA1HiEytzE,,,,,,,,,,,,,,,,,,,,,,,,,,,,,,,,,,,,,,,,,,,,,,,,,,,,,,,,,,,,,,,,,,,,,,,,,,,,,,,,,,,,,,,,,,,,,,,,,,,,,,,,,,,,,,,,,,,,,,,,,,,,,,,,,,,,,,,,102.0,212.0,293.0,350.0,400.0,435.0,482.0,529.0,569.0,593.0,619.0,640.0,651.0,665.0,679.0,707.0,724.0,743.0,762
EtFy8BIkKX0,,,,,,,,,,,,,,,,,,,,,,,,,,,,,,,,,,,,,,,,,,,,,,,,,,,,,,,,,,,,,,,,,,,,,,,,,,,,,,,,,,,,,,,,,,,,,,,,,,,,,,,,,,,,,,,,,,,,,,,,,,,,,,,,,,,,,,,,323.0,322.0,322.0,322.0,321.0,321.0,321.0,321.0,321.0,321.0,321.0,321.0,321.0,321.0,321.0,321.0,321.0,321.0,321
PDvastsibCQ,,,,,,,,,,,,,,,,,,,,,,,,,,,,,,,,,,,,,,,,,,,,,,,,,,,,,,,,,,,,,,,,,,,,,,,,,,,,,,,,,,,,,,,,,,,,,,,,,,,,,,,,,,,,,,,,,,,,,,,,,,,,,,,,,,,,,,,,16.0,16.0,16.0,16.0,16.0,16.0,16.0,16.0,16.0,16.0,16.0,16.0,16.0,16.0,16.0,16.0,16.0,16.0,16
td0rZwusHlY,,,,,,,,,,,,,,,,,,,,,,,,,,,,,,,,,,,,,,,,,,,,,,,,,,,,,,,,,,,,,,,,,,,,,,,,,,,,,,,,,,,,,,,,,,,,,,,,,,,,,,,,,,,,,,,,,,,,,,,,,,,,,,,,,,,,,,,,4.0,7.0,8.0,9.0,12.0,16.0,17.0,17.0,17.0,18.0,19.0,19.0,20.0,20.0,20.0,20.0,20.0,20.0,20
qNVpJxXXAko,,,,,,,,,,,,,,,,,,,,,,,,,,,,,,,,,,,,,,,,,,,,,,,,,,,,,,,,,,,,,,,,,,,,,,,,,,,,,,,,,,,,,,,,,,,,,,,,,,,,,,,,,,,,,,,,,,,,,,,,,,,,,,,,,,,,,,,,3.0,4.0,5.0,5.0,5.0,6.0,6.0,6.0,6.0,6.0,7.0,7.0,7.0,7.0,7.0,7.0,6.0,6.0,6
jOSyZ_0eORw,,,,,,,,,,,,,,,,,,,,,,,,,,,,,,,,,,,,,,,,,,,,,,,,,,,,,,,,,,,,,,,,,,,,,,,,,,,,,,,,,,,,,,,,,,,,,,,,,,,,,,,,,,,,,,,,,,,,,,,,,,,,,,,,,,,,,,,,12.0,17.0,18.0,18.0,18.0,20.0,20.0,20.0,22.0,22.0,22.0,24.0,24.0,23.0,23.0,24.0,24.0,24.0,24
RkC-XfuwCsM,,,,,,,,,,,,,,,,,,,,,,,,,,,,,,,,,,,,,,,,,,,,,,,,,,,,,,,,,,,,,,,,,,,,,,,,,,,,,,,,,,,,,,,,,,,,,,,,,,,,,,,,,,,,,,,,,,,,,,,,,,,,,,,,,,,,,,,,,14605.0,14754.0,14915.0,15016.0,15126.0,15250.0,15343.0,15412.0,15489.0,15572.0,15645.0,15737.0,15842.0,15956.0,16019.0,16081.0,16148.0,16192
pB3W-k0kQ8U,,,,,,,,,,,,,,,,,,,,,,,,,,,,,,,,,,,,,,,,,,,,,,,,,,,,,,,,,,,,,,,,,,,,,,,,,,,,,,,,,,,,,,,,,,,,,,,,,,,,,,,,,,,,,,,,,,,,,,,,,,,,,,,,,,,,,,,,,,,,,,,,,,,,,,,,,,
1jKnI_ib8c8,,,,,,,,,,,,,,,,,,,,,,,,,,,,,,,,,,,,,,,,,,,,,,,,,,,,,,,,,,,,,,,,,,,,,,,,,,,,,,,,,,,,,,,,,,,,,,,,,,,,,,,,,,,,,,,,,,,,,,,,,,,,,,,,,,,,,,,,,140283.0,229898.0,257040.0,269764.0,280196.0,289594.0,296723.0,301829.0,305479.0,308745.0,311573.0,314213.0,316875.0,319084.0,320842.0,322399.0,323747.0,324974
tiKgdh4Csj8,,,,,,,,,,,,,,,,,,,,,,,,,,,,,,,,,,,,,,,,,,,,,,,,,,,,,,,,,,,,,,,,,,,,,,,,,,,,,,,,,,,,,,,,,,,,,,,,,,,,,,,,,,,,,,,,,,,,,,,,,,,,,,,,,,,,,,,,,23688.0,38452.0,44300.0,47861.0,50750.0,53030.0,54642.0,55739.0,56414.0,57126.0,57935.0,58943.0,59879.0,60592.0,61227.0,61673.0,62035.0,62364
7QGRDC7ngpE,,,,,,,,,,,,,,,,,,,,,,,,,,,,,,,,,,,,,,,,,,,,,,,,,,,,,,,,,,,,,,,,,,,,,,,,,,,,,,,,,,,,,,,,,,,,,,,,,,,,,,,,,,,,,,,,,,,,,,,,,,,,,,,,,,,,,,,,,103252.0,128305.0,140789.0,148529.0,155739.0,162690.0,168626.0,172822.0,177162.0,181719.0,184987.0,187691.0,190077.0,192145.0,193892.0,195381.0,196685.0,197849
xZJ5f_LrSpI,,,,,,,,,,,,,,,,,,,,,,,,,,,,,,,,,,,,,,,,,,,,,,,,,,,,,,,,,,,,,,,,,,,,,,,,,,,,,,,,,,,,,,,,,,,,,,,,,,,,,,,,,,,,,,,,,,,,,,,,,,,,,,,,,,,,,,,,,1441.0,1444.0,1444.0,1445.0,1445.0,1446.0,1448.0,1448.0,1449.0,1451.0,1452.0,1455.0,1457.0,1457.0,1458.0,1458.0,1459.0,1461
EAltpjVpoQ4,,,,,,,,,,,,,,,,,,,,,,,,,,,,,,,,,,,,,,,,,,,,,,,,,,,,,,,,,,,,,,,,,,,,,,,,,,,,,,,,,,,,,,,,,,,,,,,,,,,,,,,,,,,,,,,,,,,,,,,,,,,,,,,,,,,,,,,,,12.0,12.0,12.0,12.0,12.0,12.0,13.0,13.0,13.0,13.0,13.0,13.0,13.0,13.0,13.0,14.0,14.0,14
n5hA65ilgA8,,,,,,,,,,,,,,,,,,,,,,,,,,,,,,,,,,,,,,,,,,,,,,,,,,,,,,,,,,,,,,,,,,,,,,,,,,,,,,,,,,,,,,,,,,,,,,,,,,,,,,,,,,,,,,,,,,,,,,,,,,,,,,,,,,,,,,,,,219.0,240.0,249.0,253.0,254.0,258.0,257.0,259.0,261.0,264.0,266.0,265.0,267.0,267.0,269.0,269.0,270.0,270
zGNABIZAiYw,,,,,,,,,,,,,,,,,,,,,,,,,,,,,,,,,,,,,,,,,,,,,,,,,,,,,,,,,,,,,,,,,,,,,,,,,,,,,,,,,,,,,,,,,,,,,,,,,,,,,,,,,,,,,,,,,,,,,,,,,,,,,,,,,,,,,,,,,8.0,14.0,14.0,15.0,16.0,16.0,16.0,17.0,17.0,18.0,18.0,19.0,19.0,20.0,20.0,20.0,20.0,21
TU-yT_uMTic,,,,,,,,,,,,,,,,,,,,,,,,,,,,,,,,,,,,,,,,,,,,,,,,,,,,,,,,,,,,,,,,,,,,,,,,,,,,,,,,,,,,,,,,,,,,,,,,,,,,,,,,,,,,,,,,,,,,,,,,,,,,,,,,,,,,,,,,,,14728.0,28341.0,33531.0,36701.0,39305.0,41577.0,43168.0,44286.0,45296.0,46175.0,46970.0,47653.0,48248.0,48788.0,49267.0,49768.0,50210
tTi2uZQsmlo,,,,,,,,,,,,,,,,,,,,,,,,,,,,,,,,,,,,,,,,,,,,,,,,,,,,,,,,,,,,,,,,,,,,,,,,,,,,,,,,,,,,,,,,,,,,,,,,,,,,,,,,,,,,,,,,,,,,,,,,,,,,,,,,,,,,,,,,,,22522.0,34624.0,39059.0,41888.0,43922.0,45360.0,46382.0,47201.0,48054.0,48756.0,49318.0,49920.0,50491.0,51001.0,51415.0,51822.0,52168
kZU1GukHahM,,,,,,,,,,,,,,,,,,,,,,,,,,,,,,,,,,,,,,,,,,,,,,,,,,,,,,,,,,,,,,,,,,,,,,,,,,,,,,,,,,,,,,,,,,,,,,,,,,,,,,,,,,,,,,,,,,,,,,,,,,,,,,,,,,,,,,,,,,2264.0,5488.0,6732.0,7510.0,8030.0,8398.0,8675.0,8887.0,9049.0,9183.0,9303.0,9462.0,9604.0,9728.0,9825.0,9905.0,9988
MOBHFsvENdc,,,,,,,,,,,,,,,,,,,,,,,,,,,,,,,,,,,,,,,,,,,,,,,,,,,,,,,,,,,,,,,,,,,,,,,,,,,,,,,,,,,,,,,,,,,,,,,,,,,,,,,,,,,,,,,,,,,,,,,,,,,,,,,,,,,,,,,,,,45.0,52.0,53.0,55.0,57.0,57.0,61.0,63.0,66.0,67.0,68.0,69.0,71.0,73.0,74.0,74.0,76
VGi-Jh4xB3o,,,,,,,,,,,,,,,,,,,,,,,,,,,,,,,,,,,,,,,,,,,,,,,,,,,,,,,,,,,,,,,,,,,,,,,,,,,,,,,,,,,,,,,,,,,,,,,,,,,,,,,,,,,,,,,,,,,,,,,,,,,,,,,,,,,,,,,,,,251.0,267.0,274.0,293.0,311.0,316.0,328.0,331.0,338.0,348.0,356.0,370.0,378.0,387.0,393.0,400.0,403
XR81lQrRceg,,,,,,,,,,,,,,,,,,,,,,,,,,,,,,,,,,,,,,,,,,,,,,,,,,,,,,,,,,,,,,,,,,,,,,,,,,,,,,,,,,,,,,,,,,,,,,,,,,,,,,,,,,,,,,,,,,,,,,,,,,,,,,,,,,,,,,,,,,12722.0,14569.0,15261.0,15703.0,16027.0,16282.0,16482.0,16588.0,16695.0,16776.0,16852.0,16938.0,17005.0,17084.0,17139.0,17200.0,17256
dQ9qV3uSkc0,,,,,,,,,,,,,,,,,,,,,,,,,,,,,,,,,,,,,,,,,,,,,,,,,,,,,,,,,,,,,,,,,,,,,,,,,,,,,,,,,,,,,,,,,,,,,,,,,,,,,,,,,,,,,,,,,,,,,,,,,,,,,,,,,,,,,,,,,,24.0,43.0,52.0,55.0,66.0,74.0,78.0,87.0,94.0,102.0,109.0,113.0,120.0,125.0,125.0,126.0,127
B1OM9skHVeM,,,,,,,,,,,,,,,,,,,,,,,,,,,,,,,,,,,,,,,,,,,,,,,,,,,,,,,,,,,,,,,,,,,,,,,,,,,,,,,,,,,,,,,,,,,,,,,,,,,,,,,,,,,,,,,,,,,,,,,,,,,,,,,,,,,,,,,,,,32.0,77.0,100.0,116.0,135.0,152.0,169.0,197.0,220.0,230.0,234.0,246.0,254.0,260.0,268.0,274.0,278
QjZ6yzhqD-c,,,,,,,,,,,,,,,,,,,,,,,,,,,,,,,,,,,,,,,,,,,,,,,,,,,,,,,,,,,,,,,,,,,,,,,,,,,,,,,,,,,,,,,,,,,,,,,,,,,,,,,,,,,,,,,,,,,,,,,,,,,,,,,,,,,,,,,,,,,5029.0,7742.0,8747.0,9278.0,9672.0,9969.0,10294.0,10609.0,10853.0,11067.0,11225.0,11342.0,11492.0,11624.0,11726.0,11842
n-eTTpT8KGc,,,,,,,,,,,,,,,,,,,,,,,,,,,,,,,,,,,,,,,,,,,,,,,,,,,,,,,,,,,,,,,,,,,,,,,,,,,,,,,,,,,,,,,,,,,,,,,,,,,,,,,,,,,,,,,,,,,,,,,,,,,,,,,,,,,,,,,,,,,6321.0,11665.0,14473.0,16412.0,18308.0,19511.0,20498.0,21405.0,22095.0,22506.0,22946.0,23514.0,23959.0,24320.0,24645.0,24943
VoTuH7UHWLI,,,,,,,,,,,,,,,,,,,,,,,,,,,,,,,,,,,,,,,,,,,,,,,,,,,,,,,,,,,,,,,,,,,,,,,,,,,,,,,,,,,,,,,,,,,,,,,,,,,,,,,,,,,,,,,,,,,,,,,,,,,,,,,,,,,,,,,,,,,9796.0,27896.0,37521.0,44964.0,51020.0,54533.0,56991.0,58991.0,60615.0,62794.0,65575.0,68066.0,70450.0,72991.0,75472.0,78037
JcQXEy1-myo,,,,,,,,,,,,,,,,,,,,,,,,,,,,,,,,,,,,,,,,,,,,,,,,,,,,,,,,,,,,,,,,,,,,,,,,,,,,,,,,,,,,,,,,,,,,,,,,,,,,,,,,,,,,,,,,,,,,,,,,,,,,,,,,,,,,,,,,,,,375.0,376.0,376.0,377.0,378.0,379.0,380.0,380.0,380.0,381.0,383.0,383.0,385.0,387.0,387.0,387
9MOQaot-mUo,,,,,,,,,,,,,,,,,,,,,,,,,,,,,,,,,,,,,,,,,,,,,,,,,,,,,,,,,,,,,,,,,,,,,,,,,,,,,,,,,,,,,,,,,,,,,,,,,,,,,,,,,,,,,,,,,,,,,,,,,,,,,,,,,,,,,,,,,,,149.0,150.0,150.0,150.0,150.0,150.0,150.0,151.0,152.0,153.0,153.0,153.0,153.0,153.0,153.0,153
KeU4APYJDzU,,,,,,,,,,,,,,,,,,,,,,,,,,,,,,,,,,,,,,,,,,,,,,,,,,,,,,,,,,,,,,,,,,,,,,,,,,,,,,,,,,,,,,,,,,,,,,,,,,,,,,,,,,,,,,,,,,,,,,,,,,,,,,,,,,,,,,,,,,,1166.0,1171.0,1175.0,1178.0,1181.0,1187.0,1190.0,1198.0,1201.0,1205.0,1208.0,1210.0,1212.0,1216.0,1219.0,1222
-pKUL5idqxQ,,,,,,,,,,,,,,,,,,,,,,,,,,,,,,,,,,,,,,,,,,,,,,,,,,,,,,,,,,,,,,,,,,,,,,,,,,,,,,,,,,,,,,,,,,,,,,,,,,,,,,,,,,,,,,,,,,,,,,,,,,,,,,,,,,,,,,,,,,,,9889.0,11069.0,11854.0,12423.0,12903.0,13256.0,13478.0,13642.0,13762.0,13884.0,13998.0,14102.0,14218.0,14318.0,14394
kUF1-MOV4KA,,,,,,,,,,,,,,,,,,,,,,,,,,,,,,,,,,,,,,,,,,,,,,,,,,,,,,,,,,,,,,,,,,,,,,,,,,,,,,,,,,,,,,,,,,,,,,,,,,,,,,,,,,,,,,,,,,,,,,,,,,,,,,,,,,,,,,,,,,,,10974.0,20125.0,23787.0,25994.0,27378.0,28326.0,29319.0,30156.0,30720.0,31205.0,31544.0,31855.0,32179.0,32412.0,32652
mRAgbcLxj9k,,,,,,,,,,,,,,,,,,,,,,,,,,,,,,,,,,,,,,,,,,,,,,,,,,,,,,,,,,,,,,,,,,,,,,,,,,,,,,,,,,,,,,,,,,,,,,,,,,,,,,,,,,,,,,,,,,,,,,,,,,,,,,,,,,,,,,,,,,,,56.0,127.0,,,,,,,,,,,,,
BWj5MW9V7jM,,,,,,,,,,,,,,,,,,,,,,,,,,,,,,,,,,,,,,,,,,,,,,,,,,,,,,,,,,,,,,,,,,,,,,,,,,,,,,,,,,,,,,,,,,,,,,,,,,,,,,,,,,,,,,,,,,,,,,,,,,,,,,,,,,,,,,,,,,,,,,,,,,,,,,,,,,
OGaXnhIxcmA,,,,,,,,,,,,,,,,,,,,,,,,,,,,,,,,,,,,,,,,,,,,,,,,,,,,,,,,,,,,,,,,,,,,,,,,,,,,,,,,,,,,,,,,,,,,,,,,,,,,,,,,,,,,,,,,,,,,,,,,,,,,,,,,,,,,,,,,,,,,295.0,500.0,576.0,619.0,653.0,677.0,697.0,717.0,735.0,744.0,752.0,760.0,766.0,774.0,779
Cy-E5jby108,,,,,,,,,,,,,,,,,,,,,,,,,,,,,,,,,,,,,,,,,,,,,,,,,,,,,,,,,,,,,,,,,,,,,,,,,,,,,,,,,,,,,,,,,,,,,,,,,,,,,,,,,,,,,,,,,,,,,,,,,,,,,,,,,,,,,,,,,,,,14033.0,14222.0,14346.0,14468.0,14566.0,14653.0,14733.0,14833.0,14894.0,14943.0,14993.0,15040.0,15083.0,15404.0,15566
6XMS2JB6SvA,,,,,,,,,,,,,,,,,,,,,,,,,,,,,,,,,,,,,,,,,,,,,,,,,,,,,,,,,,,,,,,,,,,,,,,,,,,,,,,,,,,,,,,,,,,,,,,,,,,,,,,,,,,,,,,,,,,,,,,,,,,,,,,,,,,,,,,,,,,,213.0,215.0,215.0,215.0,215.0,215.0,215.0,215.0,215.0,216.0,217.0,217.0,217.0,217.0,218
Jt5gSnO334c,,,,,,,,,,,,,,,,,,,,,,,,,,,,,,,,,,,,,,,,,,,,,,,,,,,,,,,,,,,,,,,,,,,,,,,,,,,,,,,,,,,,,,,,,,,,,,,,,,,,,,,,,,,,,,,,,,,,,,,,,,,,,,,,,,,,,,,,,,,,294.0,295.0,297.0,299.0,303.0,305.0,306.0,307.0,310.0,311.0,314.0,314.0,314.0,316.0,315
rECGhi32P8w,,,,,,,,,,,,,,,,,,,,,,,,,,,,,,,,,,,,,,,,,,,,,,,,,,,,,,,,,,,,,,,,,,,,,,,,,,,,,,,,,,,,,,,,,,,,,,,,,,,,,,,,,,,,,,,,,,,,,,,,,,,,,,,,,,,,,,,,,,,,226.0,290.0,323.0,367.0,390.0,408.0,425.0,437.0,465.0,495.0,508.0,527.0,535.0,542.0,550
S7PduG-khdY,,,,,,,,,,,,,,,,,,,,,,,,,,,,,,,,,,,,,,,,,,,,,,,,,,,,,,,,,,,,,,,,,,,,,,,,,,,,,,,,,,,,,,,,,,,,,,,,,,,,,,,,,,,,,,,,,,,,,,,,,,,,,,,,,,,,,,,,,,,,9296.0,10108.0,10744.0,11006.0,11190.0,11339.0,11471.0,11577.0,11708.0,11807.0,11884.0,11950.0,12010.0,12096.0,12180
YUUqeFNgmYM,,,,,,,,,,,,,,,,,,,,,,,,,,,,,,,,,,,,,,,,,,,,,,,,,,,,,,,,,,,,,,,,,,,,,,,,,,,,,,,,,,,,,,,,,,,,,,,,,,,,,,,,,,,,,,,,,,,,,,,,,,,,,,,,,,,,,,,,,,,,1150.0,1328.0,1441.0,1517.0,1562.0,1598.0,1641.0,1668.0,1683.0,1698.0,1708.0,1721.0,1732.0,1742.0,1752
cZ0sbqTjEU4,,,,,,,,,,,,,,,,,,,,,,,,,,,,,,,,,,,,,,,,,,,,,,,,,,,,,,,,,,,,,,,,,,,,,,,,,,,,,,,,,,,,,,,,,,,,,,,,,,,,,,,,,,,,,,,,,,,,,,,,,,,,,,,,,,,,,,,,,,,,8408.0,9820.0,10602.0,11232.0,11680.0,11972.0,0.0,12487.0,12716.0,12960.0,13150.0,13286.0,13422.0,13534.0,13602
qHKI5KcFxXM,,,,,,,,,,,,,,,,,,,,,,,,,,,,,,,,,,,,,,,,,,,,,,,,,,,,,,,,,,,,,,,,,,,,,,,,,,,,,,,,,,,,,,,,,,,,,,,,,,,,,,,,,,,,,,,,,,,,,,,,,,,,,,,,,,,,,,,,,,,,10.0,19.0,23.0,29.0,31.0,39.0,46.0,52.0,55.0,59.0,60.0,62.0,64.0,65.0,68
zfY6vbKB7BU,,,,,,,,,,,,,,,,,,,,,,,,,,,,,,,,,,,,,,,,,,,,,,,,,,,,,,,,,,,,,,,,,,,,,,,,,,,,,,,,,,,,,,,,,,,,,,,,,,,,,,,,,,,,,,,,,,,,,,,,,,,,,,,,,,,,,,,,,,,,1143.0,1320.0,1418.0,1492.0,1527.0,1570.0,1612.0,1640.0,1666.0,1687.0,1712.0,1735.0,1754.0,1768.0,1796
cXO9hwzub_4,,,,,,,,,,,,,,,,,,,,,,,,,,,,,,,,,,,,,,,,,,,,,,,,,,,,,,,,,,,,,,,,,,,,,,,,,,,,,,,,,,,,,,,,,,,,,,,,,,,,,,,,,,,,,,,,,,,,,,,,,,,,,,,,,,,,,,,,,,,,21.0,63.0,83.0,108.0,126.0,198.0,263.0,318.0,402.0,469.0,528.0,561.0,615.0,667.0,702
1X45vTSsaEY,,,,,,,,,,,,,,,,,,,,,,,,,,,,,,,,,,,,,,,,,,,,,,,,,,,,,,,,,,,,,,,,,,,,,,,,,,,,,,,,,,,,,,,,,,,,,,,,,,,,,,,,,,,,,,,,,,,,,,,,,,,,,,,,,,,,,,,,,,,,,,,,,,,,,,,,,,
sO_1HFO36QM,,,,,,,,,,,,,,,,,,,,,,,,,,,,,,,,,,,,,,,,,,,,,,,,,,,,,,,,,,,,,,,,,,,,,,,,,,,,,,,,,,,,,,,,,,,,,,,,,,,,,,,,,,,,,,,,,,,,,,,,,,,,,,,,,,,,,,,,,,,,,1604.0,2272.0,2621.0,2868.0,3073.0,3296.0,3480.0,3655.0,3792.0,3903.0,3960.0,4012.0,4059.0,4108
hw0Xm7_Lgk8,,,,,,,,,,,,,,,,,,,,,,,,,,,,,,,,,,,,,,,,,,,,,,,,,,,,,,,,,,,,,,,,,,,,,,,,,,,,,,,,,,,,,,,,,,,,,,,,,,,,,,,,,,,,,,,,,,,,,,,,,,,,,,,,,,,,,,,,,,,,,3563.0,7089.0,8814.0,9946.0,10780.0,11538.0,12086.0,12431.0,12696.0,12933.0,13134.0,13383.0,13581.0,13750
yzw4E1WiBHI,,,,,,,,,,,,,,,,,,,,,,,,,,,,,,,,,,,,,,,,,,,,,,,,,,,,,,,,,,,,,,,,,,,,,,,,,,,,,,,,,,,,,,,,,,,,,,,,,,,,,,,,,,,,,,,,,,,,,,,,,,,,,,,,,,,,,,,,,,,,,229.0,229.0,229.0,229.0,229.0,229.0,229.0,229.0,229.0,229.0,229.0,229.0,229.0,230
PioId8gpvgY,,,,,,,,,,,,,,,,,,,,,,,,,,,,,,,,,,,,,,,,,,,,,,,,,,,,,,,,,,,,,,,,,,,,,,,,,,,,,,,,,,,,,,,,,,,,,,,,,,,,,,,,,,,,,,,,,,,,,,,,,,,,,,,,,,,,,,,,,,,,,169.0,169.0,169.0,169.0,169.0,170.0,170.0,170.0,171.0,171.0,172.0,172.0,173.0,173
0R2KETpmpqQ,,,,,,,,,,,,,,,,,,,,,,,,,,,,,,,,,,,,,,,,,,,,,,,,,,,,,,,,,,,,,,,,,,,,,,,,,,,,,,,,,,,,,,,,,,,,,,,,,,,,,,,,,,,,,,,,,,,,,,,,,,,,,,,,,,,,,,,,,,,,,92.0,92.0,92.0,92.0,93.0,93.0,93.0,93.0,93.0,92.0,92.0,92.0,93.0,93
pbO9U8YB1Fw,,,,,,,,,,,,,,,,,,,,,,,,,,,,,,,,,,,,,,,,,,,,,,,,,,,,,,,,,,,,,,,,,,,,,,,,,,,,,,,,,,,,,,,,,,,,,,,,,,,,,,,,,,,,,,,,,,,,,,,,,,,,,,,,,,,,,,,,,,,,,1343.0,1960.0,2170.0,2230.0,2285.0,2338.0,2356.0,2803.0,2828.0,2840.0,2856.0,2865.0,2870.0,2876
cm_TYY3e0q0,,,,,,,,,,,,,,,,,,,,,,,,,,,,,,,,,,,,,,,,,,,,,,,,,,,,,,,,,,,,,,,,,,,,,,,,,,,,,,,,,,,,,,,,,,,,,,,,,,,,,,,,,,,,,,,,,,,,,,,,,,,,,,,,,,,,,,,,,,,,,,,,,,,,,,,,,,
HKzI1yXqU-k,,,,,,,,,,,,,,,,,,,,,,,,,,,,,,,,,,,,,,,,,,,,,,,,,,,,,,,,,,,,,,,,,,,,,,,,,,,,,,,,,,,,,,,,,,,,,,,,,,,,,,,,,,,,,,,,,,,,,,,,,,,,,,,,,,,,,,,,,,,,,187.0,188.0,189.0,189.0,189.0,189.0,189.0,189.0,189.0,190.0,190.0,190.0,190.0,190
GRDW2BWirBw,,,,,,,,,,,,,,,,,,,,,,,,,,,,,,,,,,,,,,,,,,,,,,,,,,,,,,,,,,,,,,,,,,,,,,,,,,,,,,,,,,,,,,,,,,,,,,,,,,,,,,,,,,,,,,,,,,,,,,,,,,,,,,,,,,,,,,,,,,,,,135.0,134.0,134.0,134.0,134.0,134.0,134.0,134.0,135.0,135.0,135.0,136.0,136.0,136
qH8lLwvw944,,,,,,,,,,,,,,,,,,,,,,,,,,,,,,,,,,,,,,,,,,,,,,,,,,,,,,,,,,,,,,,,,,,,,,,,,,,,,,,,,,,,,,,,,,,,,,,,,,,,,,,,,,,,,,,,,,,,,,,,,,,,,,,,,,,,,,,,,,,,,205.0,227.0,239.0,249.0,254.0,258.0,265.0,266.0,267.0,268.0,271.0,272.0,272.0,276
azftBtZfhdg,,,,,,,,,,,,,,,,,,,,,,,,,,,,,,,,,,,,,,,,,,,,,,,,,,,,,,,,,,,,,,,,,,,,,,,,,,,,,,,,,,,,,,,,,,,,,,,,,,,,,,,,,,,,,,,,,,,,,,,,,,,,,,,,,,,,,,,,,,,,,18.0,20.0,23.0,24.0,26.0,27.0,31.0,31.0,32.0,32.0,32.0,32.0,33.0,33
safzyuZNCGI,,,,,,,,,,,,,,,,,,,,,,,,,,,,,,,,,,,,,,,,,,,,,,,,,,,,,,,,,,,,,,,,,,,,,,,,,,,,,,,,,,,,,,,,,,,,,,,,,,,,,,,,,,,,,,,,,,,,,,,,,,,,,,,,,,,,,,,,,,,,,444883.0,528265.0,585782.0,619647.0,643014.0,658841.0,670915.0,681150.0,692460.0,701674.0,709165.0,715991.0,722642.0,730513
mMUiKK0oAWA,,,,,,,,,,,,,,,,,,,,,,,,,,,,,,,,,,,,,,,,,,,,,,,,,,,,,,,,,,,,,,,,,,,,,,,,,,,,,,,,,,,,,,,,,,,,,,,,,,,,,,,,,,,,,,,,,,,,,,,,,,,,,,,,,,,,,,,,,,,,,868.0,1124.0,1199.0,1248.0,1278.0,1309.0,1341.0,1369.0,1388.0,1404.0,1424.0,1438.0,1461.0,1478
Ic_-Ika6gkg,,,,,,,,,,,,,,,,,,,,,,,,,,,,,,,,,,,,,,,,,,,,,,,,,,,,,,,,,,,,,,,,,,,,,,,,,,,,,,,,,,,,,,,,,,,,,,,,,,,,,,,,,,,,,,,,,,,,,,,,,,,,,,,,,,,,,,,,,,,,,72.0,105.0,115.0,120.0,136.0,141.0,142.0,145.0,147.0,148.0,150.0,151.0,151.0,154
fZ0WkfTQa8A,,,,,,,,,,,,,,,,,,,,,,,,,,,,,,,,,,,,,,,,,,,,,,,,,,,,,,,,,,,,,,,,,,,,,,,,,,,,,,,,,,,,,,,,,,,,,,,,,,,,,,,,,,,,,,,,,,,,,,,,,,,,,,,,,,,,,,,,,,,,,369.0,711.0,986.0,1197.0,1340.0,1445.0,1537.0,1612.0,1661.0,1707.0,1749.0,1790.0,1837.0,1892
j5egPlE7o3o,,,,,,,,,,,,,,,,,,,,,,,,,,,,,,,,,,,,,,,,,,,,,,,,,,,,,,,,,,,,,,,,,,,,,,,,,,,,,,,,,,,,,,,,,,,,,,,,,,,,,,,,,,,,,,,,,,,,,,,,,,,,,,,,,,,,,,,,,,,,,34.0,62.0,74.0,82.0,85.0,87.0,87.0,90.0,91.0,93.0,95.0,97.0,97.0,98
VNqqNxM6P5k,,,,,,,,,,,,,,,,,,,,,,,,,,,,,,,,,,,,,,,,,,,,,,,,,,,,,,,,,,,,,,,,,,,,,,,,,,,,,,,,,,,,,,,,,,,,,,,,,,,,,,,,,,,,,,,,,,,,,,,,,,,,,,,,,,,,,,,,,,,,,4199.0,7957.0,11043.0,13296.0,14717.0,15862.0,16851.0,17561.0,18177.0,18664.0,18866.0,19035.0,19179.0,19280
Qv4WZkEF7TQ,,,,,,,,,,,,,,,,,,,,,,,,,,,,,,,,,,,,,,,,,,,,,,,,,,,,,,,,,,,,,,,,,,,,,,,,,,,,,,,,,,,,,,,,,,,,,,,,,,,,,,,,,,,,,,,,,,,,,,,,,,,,,,,,,,,,,,,,,,,,,,4.0,4.0,4.0,4.0,4.0,4.0,4.0,4.0,4.0,4.0,4.0,4.0,4
ebZg7xrvkVE,,,,,,,,,,,,,,,,,,,,,,,,,,,,,,,,,,,,,,,,,,,,,,,,,,,,,,,,,,,,,,,,,,,,,,,,,,,,,,,,,,,,,,,,,,,,,,,,,,,,,,,,,,,,,,,,,,,,,,,,,,,,,,,,,,,,,,,,,,,,,,,,,,,,,,,,,,
M0J4F_jSlag,,,,,,,,,,,,,,,,,,,,,,,,,,,,,,,,,,,,,,,,,,,,,,,,,,,,,,,,,,,,,,,,,,,,,,,,,,,,,,,,,,,,,,,,,,,,,,,,,,,,,,,,,,,,,,,,,,,,,,,,,,,,,,,,,,,,,,,,,,,,,,3570.0,6665.0,8277.0,9090.0,9564.0,9939.0,10196.0,10510.0,10798.0,11049.0,11220.0,11378.0,11515
Ny8f5QIoL1Q,,,,,,,,,,,,,,,,,,,,,,,,,,,,,,,,,,,,,,,,,,,,,,,,,,,,,,,,,,,,,,,,,,,,,,,,,,,,,,,,,,,,,,,,,,,,,,,,,,,,,,,,,,,,,,,,,,,,,,,,,,,,,,,,,,,,,,,,,,,,,,,11050.0,11060.0,11070.0,11080.0,11087.0,11233.0,11344.0,11397.0,11435.0,11460.0,11484.0,11499
0RbkfQN9B94,,,,,,,,,,,,,,,,,,,,,,,,,,,,,,,,,,,,,,,,,,,,,,,,,,,,,,,,,,,,,,,,,,,,,,,,,,,,,,,,,,,,,,,,,,,,,,,,,,,,,,,,,,,,,,,,,,,,,,,,,,,,,,,,,,,,,,,,,,,,,,,652.0,798.0,857.0,913.0,957.0,1017.0,1067.0,1103.0,1114.0,1126.0,1132.0,1143
EDBd-5pYzC8,,,,,,,,,,,,,,,,,,,,,,,,,,,,,,,,,,,,,,,,,,,,,,,,,,,,,,,,,,,,,,,,,,,,,,,,,,,,,,,,,,,,,,,,,,,,,,,,,,,,,,,,,,,,,,,,,,,,,,,,,,,,,,,,,,,,,,,,,,,,,,,123.0,203.0,275.0,309.0,348.0,390.0,428.0,470.0,513.0,557.0,589.0,625
V1Lr-_AxeR8,,,,,,,,,,,,,,,,,,,,,,,,,,,,,,,,,,,,,,,,,,,,,,,,,,,,,,,,,,,,,,,,,,,,,,,,,,,,,,,,,,,,,,,,,,,,,,,,,,,,,,,,,,,,,,,,,,,,,,,,,,,,,,,,,,,,,,,,,,,,,,,337647.0,363529.0,382466.0,401034.0,416790.0,430445.0,443284.0,454382.0,463924.0,473269.0,482457.0,491362
zF0ByvEOTZc,,,,,,,,,,,,,,,,,,,,,,,,,,,,,,,,,,,,,,,,,,,,,,,,,,,,,,,,,,,,,,,,,,,,,,,,,,,,,,,,,,,,,,,,,,,,,,,,,,,,,,,,,,,,,,,,,,,,,,,,,,,,,,,,,,,,,,,,,,,,,,,207.0,254.0,303.0,340.0,366.0,395.0,424.0,432.0,446.0,458.0,469.0,483
2q2r0lmIjto,,,,,,,,,,,,,,,,,,,,,,,,,,,,,,,,,,,,,,,,,,,,,,,,,,,,,,,,,,,,,,,,,,,,,,,,,,,,,,,,,,,,,,,,,,,,,,,,,,,,,,,,,,,,,,,,,,,,,,,,,,,,,,,,,,,,,,,,,,,,,,,,378.0,566.0,631.0,660.0,682.0,702.0,730.0,757.0,782.0,811.0,829
konbjO8Wr58,,,,,,,,,,,,,,,,,,,,,,,,,,,,,,,,,,,,,,,,,,,,,,,,,,,,,,,,,,,,,,,,,,,,,,,,,,,,,,,,,,,,,,,,,,,,,,,,,,,,,,,,,,,,,,,,,,,,,,,,,,,,,,,,,,,,,,,,,,,,,,,,52.0,52.0,52.0,52.0,52.0,53.0,53.0,53.0,54.0,54.0,54
J8M8ZWkQBAk,,,,,,,,,,,,,,,,,,,,,,,,,,,,,,,,,,,,,,,,,,,,,,,,,,,,,,,,,,,,,,,,,,,,,,,,,,,,,,,,,,,,,,,,,,,,,,,,,,,,,,,,,,,,,,,,,,,,,,,,,,,,,,,,,,,,,,,,,,,,,,,,14.0,14.0,14.0,14.0,14.0,14.0,14.0,14.0,14.0,14.0,14
x2tV8xRzU2o,,,,,,,,,,,,,,,,,,,,,,,,,,,,,,,,,,,,,,,,,,,,,,,,,,,,,,,,,,,,,,,,,,,,,,,,,,,,,,,,,,,,,,,,,,,,,,,,,,,,,,,,,,,,,,,,,,,,,,,,,,,,,,,,,,,,,,,,,,,,,,,,198.0,198.0,199.0,199.0,200.0,200.0,203.0,204.0,206.0,207.0,208
QI6Sw80pcpA,,,,,,,,,,,,,,,,,,,,,,,,,,,,,,,,,,,,,,,,,,,,,,,,,,,,,,,,,,,,,,,,,,,,,,,,,,,,,,,,,,,,,,,,,,,,,,,,,,,,,,,,,,,,,,,,,,,,,,,,,,,,,,,,,,,,,,,,,,,,,,,,11.0,12.0,13.0,13.0,16.0,16.0,17.0,17.0,17.0,17.0,17
T6HxilXCF0c,,,,,,,,,,,,,,,,,,,,,,,,,,,,,,,,,,,,,,,,,,,,,,,,,,,,,,,,,,,,,,,,,,,,,,,,,,,,,,,,,,,,,,,,,,,,,,,,,,,,,,,,,,,,,,,,,,,,,,,,,,,,,,,,,,,,,,,,,,,,,,,,1286.0,1816.0,2022.0,2115.0,2201.0,2270.0,2326.0,2363.0,2407.0,2436.0,2457
fASt7_Qv8Lo,,,,,,,,,,,,,,,,,,,,,,,,,,,,,,,,,,,,,,,,,,,,,,,,,,,,,,,,,,,,,,,,,,,,,,,,,,,,,,,,,,,,,,,,,,,,,,,,,,,,,,,,,,,,,,,,,,,,,,,,,,,,,,,,,,,,,,,,,,,,,,,,253.0,455.0,577.0,635.0,672.0,689.0,707.0,715.0,728.0,738.0,746
qos7XoTp7VY,,,,,,,,,,,,,,,,,,,,,,,,,,,,,,,,,,,,,,,,,,,,,,,,,,,,,,,,,,,,,,,,,,,,,,,,,,,,,,,,,,,,,,,,,,,,,,,,,,,,,,,,,,,,,,,,,,,,,,,,,,,,,,,,,,,,,,,,,,,,,,,,30.0,53.0,59.0,67.0,71.0,75.0,79.0,80.0,80.0,84.0,84
7kWeW2-GgXg,,,,,,,,,,,,,,,,,,,,,,,,,,,,,,,,,,,,,,,,,,,,,,,,,,,,,,,,,,,,,,,,,,,,,,,,,,,,,,,,,,,,,,,,,,,,,,,,,,,,,,,,,,,,,,,,,,,,,,,,,,,,,,,,,,,,,,,,,,,,,,,,2.0,3.0,3.0,3.0,3.0,3.0,3.0,3.0,3.0,3.0,3
GXw1xTeDs-A,,,,,,,,,,,,,,,,,,,,,,,,,,,,,,,,,,,,,,,,,,,,,,,,,,,,,,,,,,,,,,,,,,,,,,,,,,,,,,,,,,,,,,,,,,,,,,,,,,,,,,,,,,,,,,,,,,,,,,,,,,,,,,,,,,,,,,,,,,,,,,,,,333.0,790.0,1045.0,1290.0,1531.0,1832.0,2148.0,2367.0,2537.0,2646
m6kmpiOsLVk,,,,,,,,,,,,,,,,,,,,,,,,,,,,,,,,,,,,,,,,,,,,,,,,,,,,,,,,,,,,,,,,,,,,,,,,,,,,,,,,,,,,,,,,,,,,,,,,,,,,,,,,,,,,,,,,,,,,,,,,,,,,,,,,,,,,,,,,,,,,,,,,,63384.0,102072.0,116871.0,126055.0,132253.0,136701.0,140294.0,143008.0,145372.0,147255
cBfYIb1w1iw,,,,,,,,,,,,,,,,,,,,,,,,,,,,,,,,,,,,,,,,,,,,,,,,,,,,,,,,,,,,,,,,,,,,,,,,,,,,,,,,,,,,,,,,,,,,,,,,,,,,,,,,,,,,,,,,,,,,,,,,,,,,,,,,,,,,,,,,,,,,,,,,,52892.0,76577.0,85145.0,90776.0,95290.0,99114.0,102154.0,104350.0,105911.0,107004
bQ2_3_H29T4,,,,,,,,,,,,,,,,,,,,,,,,,,,,,,,,,,,,,,,,,,,,,,,,,,,,,,,,,,,,,,,,,,,,,,,,,,,,,,,,,,,,,,,,,,,,,,,,,,,,,,,,,,,,,,,,,,,,,,,,,,,,,,,,,,,,,,,,,,,,,,,,,701.0,1343.0,1736.0,2047.0,2284.0,2448.0,2585.0,2717.0,2792.0,2835
EZNHsnwBDrk,,,,,,,,,,,,,,,,,,,,,,,,,,,,,,,,,,,,,,,,,,,,,,,,,,,,,,,,,,,,,,,,,,,,,,,,,,,,,,,,,,,,,,,,,,,,,,,,,,,,,,,,,,,,,,,,,,,,,,,,,,,,,,,,,,,,,,,,,,,,,,,,,3371.0,7014.0,8234.0,8918.0,9363.0,9677.0,11044.0,12319.0,12811.0,13003
RwgurGfeycA,,,,,,,,,,,,,,,,,,,,,,,,,,,,,,,,,,,,,,,,,,,,,,,,,,,,,,,,,,,,,,,,,,,,,,,,,,,,,,,,,,,,,,,,,,,,,,,,,,,,,,,,,,,,,,,,,,,,,,,,,,,,,,,,,,,,,,,,,,,,,,,,,679.0,1253.0,1654.0,1965.0,2211.0,2396.0,2545.0,2660.0,2755.0,2831
0XrGxq5cSr0,,,,,,,,,,,,,,,,,,,,,,,,,,,,,,,,,,,,,,,,,,,,,,,,,,,,,,,,,,,,,,,,,,,,,,,,,,,,,,,,,,,,,,,,,,,,,,,,,,,,,,,,,,,,,,,,,,,,,,,,,,,,,,,,,,,,,,,,,,,,,,,,,6700.0,6707.0,6711.0,6713.0,6720.0,6722.0,6722.0,6725.0,6730.0,6736
TlrGMdDKvpk,,,,,,,,,,,,,,,,,,,,,,,,,,,,,,,,,,,,,,,,,,,,,,,,,,,,,,,,,,,,,,,,,,,,,,,,,,,,,,,,,,,,,,,,,,,,,,,,,,,,,,,,,,,,,,,,,,,,,,,,,,,,,,,,,,,,,,,,,,,,,,,,,26748.0,26873.0,26933.0,26985.0,27025.0,27052.0,27092.0,27131.0,27173.0,27201
IufpX0FpH5c,,,,,,,,,,,,,,,,,,,,,,,,,,,,,,,,,,,,,,,,,,,,,,,,,,,,,,,,,,,,,,,,,,,,,,,,,,,,,,,,,,,,,,,,,,,,,,,,,,,,,,,,,,,,,,,,,,,,,,,,,,,,,,,,,,,,,,,,,,,,,,,,,62318.0,93917.0,105710.0,112414.0,116618.0,119561.0,121858.0,123509.0,124680.0,125568
JFYFIfbWAmo,,,,,,,,,,,,,,,,,,,,,,,,,,,,,,,,,,,,,,,,,,,,,,,,,,,,,,,,,,,,,,,,,,,,,,,,,,,,,,,,,,,,,,,,,,,,,,,,,,,,,,,,,,,,,,,,,,,,,,,,,,,,,,,,,,,,,,,,,,,,,,,,,13.0,28.0,34.0,41.0,47.0,51.0,55.0,62.0,66.0,71
opVyoz94gdk,,,,,,,,,,,,,,,,,,,,,,,,,,,,,,,,,,,,,,,,,,,,,,,,,,,,,,,,,,,,,,,,,,,,,,,,,,,,,,,,,,,,,,,,,,,,,,,,,,,,,,,,,,,,,,,,,,,,,,,,,,,,,,,,,,,,,,,,,,,,,,,,,,96.0,229.0,261.0,281.0,291.0,304.0,309.0,314.0,318
1IzZezTfwE0,,,,,,,,,,,,,,,,,,,,,,,,,,,,,,,,,,,,,,,,,,,,,,,,,,,,,,,,,,,,,,,,,,,,,,,,,,,,,,,,,,,,,,,,,,,,,,,,,,,,,,,,,,,,,,,,,,,,,,,,,,,,,,,,,,,,,,,,,,,,,,,,,,65080.0,123742.0,143404.0,154303.0,162859.0,169556.0,174701.0,178837.0,182080
fcfv_p_NWx8,,,,,,,,,,,,,,,,,,,,,,,,,,,,,,,,,,,,,,,,,,,,,,,,,,,,,,,,,,,,,,,,,,,,,,,,,,,,,,,,,,,,,,,,,,,,,,,,,,,,,,,,,,,,,,,,,,,,,,,,,,,,,,,,,,,,,,,,,,,,,,,,,,6586.0,11443.0,13617.0,15038.0,16018.0,17146.0,18010.0,18757.0,19316
ABrKic-lHQY,,,,,,,,,,,,,,,,,,,,,,,,,,,,,,,,,,,,,,,,,,,,,,,,,,,,,,,,,,,,,,,,,,,,,,,,,,,,,,,,,,,,,,,,,,,,,,,,,,,,,,,,,,,,,,,,,,,,,,,,,,,,,,,,,,,,,,,,,,,,,,,,,,136.0,205.0,224.0,234.0,241.0,247.0,248.0,254.0,259
2vRspK_5oJI,,,,,,,,,,,,,,,,,,,,,,,,,,,,,,,,,,,,,,,,,,,,,,,,,,,,,,,,,,,,,,,,,,,,,,,,,,,,,,,,,,,,,,,,,,,,,,,,,,,,,,,,,,,,,,,,,,,,,,,,,,,,,,,,,,,,,,,,,,,,,,,,,,3972.0,5412.0,6078.0,6522.0,6949.0,7348.0,7920.0,8548.0,9005
_RRi6UiAh1g,,,,,,,,,,,,,,,,,,,,,,,,,,,,,,,,,,,,,,,,,,,,,,,,,,,,,,,,,,,,,,,,,,,,,,,,,,,,,,,,,,,,,,,,,,,,,,,,,,,,,,,,,,,,,,,,,,,,,,,,,,,,,,,,,,,,,,,,,,,,,,,,,,18.0,22.0,27.0,29.0,34.0,40.0,43.0,46.0,50
CAMopgmiFWA,,,,,,,,,,,,,,,,,,,,,,,,,,,,,,,,,,,,,,,,,,,,,,,,,,,,,,,,,,,,,,,,,,,,,,,,,,,,,,,,,,,,,,,,,,,,,,,,,,,,,,,,,,,,,,,,,,,,,,,,,,,,,,,,,,,,,,,,,,,,,,,,,,906.0,1371.0,1568.0,1626.0,1676.0,1710.0,1754.0,1805.0,1861
mZoFL5owaF0,,,,,,,,,,,,,,,,,,,,,,,,,,,,,,,,,,,,,,,,,,,,,,,,,,,,,,,,,,,,,,,,,,,,,,,,,,,,,,,,,,,,,,,,,,,,,,,,,,,,,,,,,,,,,,,,,,,,,,,,,,,,,,,,,,,,,,,,,,,,,,,,,,,90.0,90.0,90.0,90.0,90.0,90.0,91.0,91
ycAFjsJYCCM,,,,,,,,,,,,,,,,,,,,,,,,,,,,,,,,,,,,,,,,,,,,,,,,,,,,,,,,,,,,,,,,,,,,,,,,,,,,,,,,,,,,,,,,,,,,,,,,,,,,,,,,,,,,,,,,,,,,,,,,,,,,,,,,,,,,,,,,,,,,,,,,,,,341.0,553.0,621.0,666.0,694.0,717.0,741.0,750
h8HGbj0enmg,,,,,,,,,,,,,,,,,,,,,,,,,,,,,,,,,,,,,,,,,,,,,,,,,,,,,,,,,,,,,,,,,,,,,,,,,,,,,,,,,,,,,,,,,,,,,,,,,,,,,,,,,,,,,,,,,,,,,,,,,,,,,,,,,,,,,,,,,,,,,,,,,,,4753.0,12278.0,16370.0,19112.0,21238.0,22772.0,23842.0,24696
tqGcOmgTq_U,,,,,,,,,,,,,,,,,,,,,,,,,,,,,,,,,,,,,,,,,,,,,,,,,,,,,,,,,,,,,,,,,,,,,,,,,,,,,,,,,,,,,,,,,,,,,,,,,,,,,,,,,,,,,,,,,,,,,,,,,,,,,,,,,,,,,,,,,,,,,,,,,,,515.0,1754.0,3001.0,3615.0,4020.0,4230.0,4391.0,4491
BTEzUKfhWl8,,,,,,,,,,,,,,,,,,,,,,,,,,,,,,,,,,,,,,,,,,,,,,,,,,,,,,,,,,,,,,,,,,,,,,,,,,,,,,,,,,,,,,,,,,,,,,,,,,,,,,,,,,,,,,,,,,,,,,,,,,,,,,,,,,,,,,,,,,,,,,,,,,,3929.0,7963.0,10030.0,11449.0,12504.0,13360.0,13997.0,14502
mwjEdVAvfo4,,,,,,,,,,,,,,,,,,,,,,,,,,,,,,,,,,,,,,,,,,,,,,,,,,,,,,,,,,,,,,,,,,,,,,,,,,,,,,,,,,,,,,,,,,,,,,,,,,,,,,,,,,,,,,,,,,,,,,,,,,,,,,,,,,,,,,,,,,,,,,,,,,,298.0,312.0,317.0,320.0,323.0,323.0,327.0,331
QGZ5YNUpl14,,,,,,,,,,,,,,,,,,,,,,,,,,,,,,,,,,,,,,,,,,,,,,,,,,,,,,,,,,,,,,,,,,,,,,,,,,,,,,,,,,,,,,,,,,,,,,,,,,,,,,,,,,,,,,,,,,,,,,,,,,,,,,,,,,,,,,,,,,,,,,,,,,,7.0,8.0,10.0,10.0,10.0,13.0,13.0,14
cO2LQvgMA_k,,,,,,,,,,,,,,,,,,,,,,,,,,,,,,,,,,,,,,,,,,,,,,,,,,,,,,,,,,,,,,,,,,,,,,,,,,,,,,,,,,,,,,,,,,,,,,,,,,,,,,,,,,,,,,,,,,,,,,,,,,,,,,,,,,,,,,,,,,,,,,,,,,,,5725.0,10060.0,11970.0,13694.0,15174.0,16263.0,17405
c4C_9OQjLPs,,,,,,,,,,,,,,,,,,,,,,,,,,,,,,,,,,,,,,,,,,,,,,,,,,,,,,,,,,,,,,,,,,,,,,,,,,,,,,,,,,,,,,,,,,,,,,,,,,,,,,,,,,,,,,,,,,,,,,,,,,,,,,,,,,,,,,,,,,,,,,,,,,,,543.0,1243.0,1674.0,2136.0,2727.0,3164.0,3405
yU-3gZkqI1I,,,,,,,,,,,,,,,,,,,,,,,,,,,,,,,,,,,,,,,,,,,,,,,,,,,,,,,,,,,,,,,,,,,,,,,,,,,,,,,,,,,,,,,,,,,,,,,,,,,,,,,,,,,,,,,,,,,,,,,,,,,,,,,,,,,,,,,,,,,,,,,,,,,,359.0,597.0,657.0,682.0,719.0,754.0,775
2aj-Q7hbPyE,,,,,,,,,,,,,,,,,,,,,,,,,,,,,,,,,,,,,,,,,,,,,,,,,,,,,,,,,,,,,,,,,,,,,,,,,,,,,,,,,,,,,,,,,,,,,,,,,,,,,,,,,,,,,,,,,,,,,,,,,,,,,,,,,,,,,,,,,,,,,,,,,,,,4.0,17.0,23.0,26.0,31.0,33.0,33
trpR7HJcpO0,,,,,,,,,,,,,,,,,,,,,,,,,,,,,,,,,,,,,,,,,,,,,,,,,,,,,,,,,,,,,,,,,,,,,,,,,,,,,,,,,,,,,,,,,,,,,,,,,,,,,,,,,,,,,,,,,,,,,,,,,,,,,,,,,,,,,,,,,,,,,,,,,,,,224.0,249.0,271.0,285.0,295.0,306.0,313
Mjkp5d_5l-g,,,,,,,,,,,,,,,,,,,,,,,,,,,,,,,,,,,,,,,,,,,,,,,,,,,,,,,,,,,,,,,,,,,,,,,,,,,,,,,,,,,,,,,,,,,,,,,,,,,,,,,,,,,,,,,,,,,,,,,,,,,,,,,,,,,,,,,,,,,,,,,,,,,,17.0,20.0,23.0,26.0,28.0,30.0,31
7heiZWvuit0,,,,,,,,,,,,,,,,,,,,,,,,,,,,,,,,,,,,,,,,,,,,,,,,,,,,,,,,,,,,,,,,,,,,,,,,,,,,,,,,,,,,,,,,,,,,,,,,,,,,,,,,,,,,,,,,,,,,,,,,,,,,,,,,,,,,,,,,,,,,,,,,,,,,525.0,816.0,977.0,1073.0,1146.0,1181.0,1231
YeVCiWLuqYU,,,,,,,,,,,,,,,,,,,,,,,,,,,,,,,,,,,,,,,,,,,,,,,,,,,,,,,,,,,,,,,,,,,,,,,,,,,,,,,,,,,,,,,,,,,,,,,,,,,,,,,,,,,,,,,,,,,,,,,,,,,,,,,,,,,,,,,,,,,,,,,,,,,,,1401.0,2297.0,2763.0,2997.0,3203.0,3350
9K9kWp8ZQAQ,,,,,,,,,,,,,,,,,,,,,,,,,,,,,,,,,,,,,,,,,,,,,,,,,,,,,,,,,,,,,,,,,,,,,,,,,,,,,,,,,,,,,,,,,,,,,,,,,,,,,,,,,,,,,,,,,,,,,,,,,,,,,,,,,,,,,,,,,,,,,,,,,,,,,1759.0,3533.0,4460.0,5212.0,5825.0,6192
XnXoEFGz5es,,,,,,,,,,,,,,,,,,,,,,,,,,,,,,,,,,,,,,,,,,,,,,,,,,,,,,,,,,,,,,,,,,,,,,,,,,,,,,,,,,,,,,,,,,,,,,,,,,,,,,,,,,,,,,,,,,,,,,,,,,,,,,,,,,,,,,,,,,,,,,,,,,,,,122.0,211.0,264.0,297.0,313.0,328
gxjX0J_zcOQ,,,,,,,,,,,,,,,,,,,,,,,,,,,,,,,,,,,,,,,,,,,,,,,,,,,,,,,,,,,,,,,,,,,,,,,,,,,,,,,,,,,,,,,,,,,,,,,,,,,,,,,,,,,,,,,,,,,,,,,,,,,,,,,,,,,,,,,,,,,,,,,,,,,,,,239.0,311.0,348.0,374.0,406
6q8UMVXhXsE,,,,,,,,,,,,,,,,,,,,,,,,,,,,,,,,,,,,,,,,,,,,,,,,,,,,,,,,,,,,,,,,,,,,,,,,,,,,,,,,,,,,,,,,,,,,,,,,,,,,,,,,,,,,,,,,,,,,,,,,,,,,,,,,,,,,,,,,,,,,,,,,,,,,,,,21342.0,34637.0,40891.0,44357
QERKD90hG98,,,,,,,,,,,,,,,,,,,,,,,,,,,,,,,,,,,,,,,,,,,,,,,,,,,,,,,,,,,,,,,,,,,,,,,,,,,,,,,,,,,,,,,,,,,,,,,,,,,,,,,,,,,,,,,,,,,,,,,,,,,,,,,,,,,,,,,,,,,,,,,,,,,,,,,200120.0,277345.0,306589.0,325198
wAcmabgnXQ4,,,,,,,,,,,,,,,,,,,,,,,,,,,,,,,,,,,,,,,,,,,,,,,,,,,,,,,,,,,,,,,,,,,,,,,,,,,,,,,,,,,,,,,,,,,,,,,,,,,,,,,,,,,,,,,,,,,,,,,,,,,,,,,,,,,,,,,,,,,,,,,,,,,,,,,7259.0,9085.0,9875.0,10362
1XFEtAx5i7E,,,,,,,,,,,,,,,,,,,,,,,,,,,,,,,,,,,,,,,,,,,,,,,,,,,,,,,,,,,,,,,,,,,,,,,,,,,,,,,,,,,,,,,,,,,,,,,,,,,,,,,,,,,,,,,,,,,,,,,,,,,,,,,,,,,,,,,,,,,,,,,,,,,,,,,38132.0,68179.0,81293.0,88460
T3ERfzM84Jo,,,,,,,,,,,,,,,,,,,,,,,,,,,,,,,,,,,,,,,,,,,,,,,,,,,,,,,,,,,,,,,,,,,,,,,,,,,,,,,,,,,,,,,,,,,,,,,,,,,,,,,,,,,,,,,,,,,,,,,,,,,,,,,,,,,,,,,,,,,,,,,,,,,,,,,79.0,140.0,165.0,179
FFcgGFpO1n0,,,,,,,,,,,,,,,,,,,,,,,,,,,,,,,,,,,,,,,,,,,,,,,,,,,,,,,,,,,,,,,,,,,,,,,,,,,,,,,,,,,,,,,,,,,,,,,,,,,,,,,,,,,,,,,,,,,,,,,,,,,,,,,,,,,,,,,,,,,,,,,,,,,,,,,14550.0,18275.0,19945.0,20842
4G2lrKLokkc,,,,,,,,,,,,,,,,,,,,,,,,,,,,,,,,,,,,,,,,,,,,,,,,,,,,,,,,,,,,,,,,,,,,,,,,,,,,,,,,,,,,,,,,,,,,,,,,,,,,,,,,,,,,,,,,,,,,,,,,,,,,,,,,,,,,,,,,,,,,,,,,,,,,,,,125.0,176.0,211.0,236
BfpX8j-OSLw,,,,,,,,,,,,,,,,,,,,,,,,,,,,,,,,,,,,,,,,,,,,,,,,,,,,,,,,,,,,,,,,,,,,,,,,,,,,,,,,,,,,,,,,,,,,,,,,,,,,,,,,,,,,,,,,,,,,,,,,,,,,,,,,,,,,,,,,,,,,,,,,,,,,,,,94.0,94.0,95.0,95
ehnXQVCyzyA,,,,,,,,,,,,,,,,,,,,,,,,,,,,,,,,,,,,,,,,,,,,,,,,,,,,,,,,,,,,,,,,,,,,,,,,,,,,,,,,,,,,,,,,,,,,,,,,,,,,,,,,,,,,,,,,,,,,,,,,,,,,,,,,,,,,,,,,,,,,,,,,,,,,,,,8937.0,10719.0,12111.0,13190
P2loH5EOnr8,,,,,,,,,,,,,,,,,,,,,,,,,,,,,,,,,,,,,,,,,,,,,,,,,,,,,,,,,,,,,,,,,,,,,,,,,,,,,,,,,,,,,,,,,,,,,,,,,,,,,,,,,,,,,,,,,,,,,,,,,,,,,,,,,,,,,,,,,,,,,,,,,,,,,,,17233.0,22244.0,23891.0,24610
61_7Betq1RI,,,,,,,,,,,,,,,,,,,,,,,,,,,,,,,,,,,,,,,,,,,,,,,,,,,,,,,,,,,,,,,,,,,,,,,,,,,,,,,,,,,,,,,,,,,,,,,,,,,,,,,,,,,,,,,,,,,,,,,,,,,,,,,,,,,,,,,,,,,,,,,,,,,,,,,11.0,31.0,38.0,40
FX3w7FTitBI,,,,,,,,,,,,,,,,,,,,,,,,,,,,,,,,,,,,,,,,,,,,,,,,,,,,,,,,,,,,,,,,,,,,,,,,,,,,,,,,,,,,,,,,,,,,,,,,,,,,,,,,,,,,,,,,,,,,,,,,,,,,,,,,,,,,,,,,,,,,,,,,,,,,,,,9.0,13.0,17.0,18
YUo-4KADFrg,,,,,,,,,,,,,,,,,,,,,,,,,,,,,,,,,,,,,,,,,,,,,,,,,,,,,,,,,,,,,,,,,,,,,,,,,,,,,,,,,,,,,,,,,,,,,,,,,,,,,,,,,,,,,,,,,,,,,,,,,,,,,,,,,,,,,,,,,,,,,,,,,,,,,,,15.0,31.0,38.0,41
bdctjZjx5Hs,,,,,,,,,,,,,,,,,,,,,,,,,,,,,,,,,,,,,,,,,,,,,,,,,,,,,,,,,,,,,,,,,,,,,,,,,,,,,,,,,,,,,,,,,,,,,,,,,,,,,,,,,,,,,,,,,,,,,,,,,,,,,,,,,,,,,,,,,,,,,,,,,,,,,,,,,,
xOUFQXHcVc0,,,,,,,,,,,,,,,,,,,,,,,,,,,,,,,,,,,,,,,,,,,,,,,,,,,,,,,,,,,,,,,,,,,,,,,,,,,,,,,,,,,,,,,,,,,,,,,,,,,,,,,,,,,,,,,,,,,,,,,,,,,,,,,,,,,,,,,,,,,,,,,,,,,,,,,,17882.0,26516.0,30780
vFoUBCzLqJo,,,,,,,,,,,,,,,,,,,,,,,,,,,,,,,,,,,,,,,,,,,,,,,,,,,,,,,,,,,,,,,,,,,,,,,,,,,,,,,,,,,,,,,,,,,,,,,,,,,,,,,,,,,,,,,,,,,,,,,,,,,,,,,,,,,,,,,,,,,,,,,,,,,,,,,,127.0,139.0,145
KYeMRCkeA_g,,,,,,,,,,,,,,,,,,,,,,,,,,,,,,,,,,,,,,,,,,,,,,,,,,,,,,,,,,,,,,,,,,,,,,,,,,,,,,,,,,,,,,,,,,,,,,,,,,,,,,,,,,,,,,,,,,,,,,,,,,,,,,,,,,,,,,,,,,,,,,,,,,,,,,,,1019.0,1199.0,1346
Bz9q1nDXMuw,,,,,,,,,,,,,,,,,,,,,,,,,,,,,,,,,,,,,,,,,,,,,,,,,,,,,,,,,,,,,,,,,,,,,,,,,,,,,,,,,,,,,,,,,,,,,,,,,,,,,,,,,,,,,,,,,,,,,,,,,,,,,,,,,,,,,,,,,,,,,,,,,,,,,,,,148.0,181.0,194
QDWZuzjrufA,,,,,,,,,,,,,,,,,,,,,,,,,,,,,,,,,,,,,,,,,,,,,,,,,,,,,,,,,,,,,,,,,,,,,,,,,,,,,,,,,,,,,,,,,,,,,,,,,,,,,,,,,,,,,,,,,,,,,,,,,,,,,,,,,,,,,,,,,,,,,,,,,,,,,,,,33.0,34.0,36
zBiB0jww7_8,,,,,,,,,,,,,,,,,,,,,,,,,,,,,,,,,,,,,,,,,,,,,,,,,,,,,,,,,,,,,,,,,,,,,,,,,,,,,,,,,,,,,,,,,,,,,,,,,,,,,,,,,,,,,,,,,,,,,,,,,,,,,,,,,,,,,,,,,,,,,,,,,,,,,,,,8131.0,10496.0,11100
4ApJMqqSaX4,,,,,,,,,,,,,,,,,,,,,,,,,,,,,,,,,,,,,,,,,,,,,,,,,,,,,,,,,,,,,,,,,,,,,,,,,,,,,,,,,,,,,,,,,,,,,,,,,,,,,,,,,,,,,,,,,,,,,,,,,,,,,,,,,,,,,,,,,,,,,,,,,,,,,,,,188.0,428.0,551
99arhk9wdNE,,,,,,,,,,,,,,,,,,,,,,,,,,,,,,,,,,,,,,,,,,,,,,,,,,,,,,,,,,,,,,,,,,,,,,,,,,,,,,,,,,,,,,,,,,,,,,,,,,,,,,,,,,,,,,,,,,,,,,,,,,,,,,,,,,,,,,,,,,,,,,,,,,,,,,,,4532.0,7658.0,9237
zJpY_Lw_3f0,,,,,,,,,,,,,,,,,,,,,,,,,,,,,,,,,,,,,,,,,,,,,,,,,,,,,,,,,,,,,,,,,,,,,,,,,,,,,,,,,,,,,,,,,,,,,,,,,,,,,,,,,,,,,,,,,,,,,,,,,,,,,,,,,,,,,,,,,,,,,,,,,,,,,,,,95.0,271.0,440
TV8ztCQedcc,,,,,,,,,,,,,,,,,,,,,,,,,,,,,,,,,,,,,,,,,,,,,,,,,,,,,,,,,,,,,,,,,,,,,,,,,,,,,,,,,,,,,,,,,,,,,,,,,,,,,,,,,,,,,,,,,,,,,,,,,,,,,,,,,,,,,,,,,,,,,,,,,,,,,,,,,3190.0,3190
GBUoWTqnivA,,,,,,,,,,,,,,,,,,,,,,,,,,,,,,,,,,,,,,,,,,,,,,,,,,,,,,,,,,,,,,,,,,,,,,,,,,,,,,,,,,,,,,,,,,,,,,,,,,,,,,,,,,,,,,,,,,,,,,,,,,,,,,,,,,,,,,,,,,,,,,,,,,,,,,,,,1158.0,1160
pyA7oi0ErA8,,,,,,,,,,,,,,,,,,,,,,,,,,,,,,,,,,,,,,,,,,,,,,,,,,,,,,,,,,,,,,,,,,,,,,,,,,,,,,,,,,,,,,,,,,,,,,,,,,,,,,,,,,,,,,,,,,,,,,,,,,,,,,,,,,,,,,,,,,,,,,,,,,,,,,,,,1309.0,1311
q88d9hGQ-g4,,,,,,,,,,,,,,,,,,,,,,,,,,,,,,,,,,,,,,,,,,,,,,,,,,,,,,,,,,,,,,,,,,,,,,,,,,,,,,,,,,,,,,,,,,,,,,,,,,,,,,,,,,,,,,,,,,,,,,,,,,,,,,,,,,,,,,,,,,,,,,,,,,,,,,,,,621.0,623
rO1_2oN-0lA,,,,,,,,,,,,,,,,,,,,,,,,,,,,,,,,,,,,,,,,,,,,,,,,,,,,,,,,,,,,,,,,,,,,,,,,,,,,,,,,,,,,,,,,,,,,,,,,,,,,,,,,,,,,,,,,,,,,,,,,,,,,,,,,,,,,,,,,,,,,,,,,,,,,,,,,,8845.0,9961
zP7Zi0_XfXU,,,,,,,,,,,,,,,,,,,,,,,,,,,,,,,,,,,,,,,,,,,,,,,,,,,,,,,,,,,,,,,,,,,,,,,,,,,,,,,,,,,,,,,,,,,,,,,,,,,,,,,,,,,,,,,,,,,,,,,,,,,,,,,,,,,,,,,,,,,,,,,,,,,,,,,,,294.0,487
yMvsKWGPEIU,,,,,,,,,,,,,,,,,,,,,,,,,,,,,,,,,,,,,,,,,,,,,,,,,,,,,,,,,,,,,,,,,,,,,,,,,,,,,,,,,,,,,,,,,,,,,,,,,,,,,,,,,,,,,,,,,,,,,,,,,,,,,,,,,,,,,,,,,,,,,,,,,,,,,,,,,5134.0,6397
PVzSI9PpkXc,,,,,,,,,,,,,,,,,,,,,,,,,,,,,,,,,,,,,,,,,,,,,,,,,,,,,,,,,,,,,,,,,,,,,,,,,,,,,,,,,,,,,,,,,,,,,,,,,,,,,,,,,,,,,,,,,,,,,,,,,,,,,,,,,,,,,,,,,,,,,,,,,,,,,,,,,,53912
ZQxa_TS6kP0,,,,,,,,,,,,,,,,,,,,,,,,,,,,,,,,,,,,,,,,,,,,,,,,,,,,,,,,,,,,,,,,,,,,,,,,,,,,,,,,,,,,,,,,,,,,,,,,,,,,,,,,,,,,,,,,,,,,,,,,,,,,,,,,,,,,,,,,,,,,,,,,,,,,,,,,,,1174
wb2cgWhidgQ,,,,,,,,,,,,,,,,,,,,,,,,,,,,,,,,,,,,,,,,,,,,,,,,,,,,,,,,,,,,,,,,,,,,,,,,,,,,,,,,,,,,,,,,,,,,,,,,,,,,,,,,,,,,,,,,,,,,,,,,,,,,,,,,,,,,,,,,,,,,,,,,,,,,,,,,,,315
yyH4eOF_8p8,,,,,,,,,,,,,,,,,,,,,,,,,,,,,,,,,,,,,,,,,,,,,,,,,,,,,,,,,,,,,,,,,,,,,,,,,,,,,,,,,,,,,,,,,,,,,,,,,,,,,,,,,,,,,,,,,,,,,,,,,,,,,,,,,,,,,,,,,,,,,,,,,,,,,,,,,,11211
doA7qllP-X8,,,,,,,,,,,,,,,,,,,,,,,,,,,,,,,,,,,,,,,,,,,,,,,,,,,,,,,,,,,,,,,,,,,,,,,,,,,,,,,,,,,,,,,,,,,,,,,,,,,,,,,,,,,,,,,,,,,,,,,,,,,,,,,,,,,,,,,,,,,,,,,,,,,,,,,,,,
MCXms-tVWYo,,,,,,,,,,,,,,,,,,,,,,,,,,,,,,,,,,,,,,,,,,,,,,,,,,,,,,,,,,,,,,,,,,,,,,,,,,,,,,,,,,,,,,,,,,,,,,,,,,,,,,,,,,,,,,,,,,,,,,,,,,,,,,,,,,,,,,,,,,,,,,,,,,,,,,,,,,51
wejQt77jGqE,,,,,,,,,,,,,,,,,,,,,,,,,,,,,,,,,,,,,,,,,,,,,,,,,,,,,,,,,,,,,,,,,,,,,,,,,,,,,,,,,,,,,,,,,,,,,,,,,,,,,,,,,,,,,,,,,,,,,,,,,,,,,,,,,,,,,,,,,,,,,,,,,,,,,,,,,,41
z-loRS00J6Q,,,,,,,,,,,,,,,,,,,,,,,,,,,,,,,,,,,,,,,,,,,,,,,,,,,,,,,,,,,,,,,,,,,,,,,,,,,,,,,,,,,,,,,,,,,,,,,,,,,,,,,,,,,,,,,,,,,,,,,,,,,,,,,,,,,,,,,,,,,,,,,,,,,,,,,,,,123
tqUEbsyl_4Q,,,,,,,,,,,,,,,,,,,,,,,,,,,,,,,,,,,,,,,,,,,,,,,,,,,,,,,,,,,,,,,,,,,,,,,,,,,,,,,,,,,,,,,,,,,,,,,,,,,,,,,,,,,,,,,,,,,,,,,,,,,,,,,,,,,,,,,,,,,,,,,,,,,,,,,,,,6
Insd4k8JZ-Y,,,,,,,,,,,,,,,,,,,,,,,,,,,,,,,,,,,,,,,,,,,,,,,,,,,,,,,,,,,,,,,,,,,,,,,,,,,,,,,,,,,,,,,,,,,,,,,,,,,,,,,,,,,,,,,,,,,,,,,,,,,,,,,,,,,,,,,,,,,,,,,,,,,,,,,,,,187
