Video link,260101,260102,260103,260104,260105,260106,260107,260108,260109,260110,260111,260112,260113,260114,260115,260116,260117,260118,260119,260120,260121,260122,260123,260124,260125,260126,260127,260128,260129,260130,260131,260201,260202,260203,260204,260205,260206,260207,260208,260209,260210,260211,260212,260213,260214,260215,260216,260217,260218,260219,260220,260221,260222,260223,260224,260225,260226,260227,260228,260301,260302,260303,260304,260305,260306,260307,260308,260309,260310,260311,260312,260313,260314,260315,260317,260318,260319,260320,260321,260322,260323,260324,260325,260326,260327,260328,260329,260330,260331,260401,260402,260403,260404,260405,260406,260407,260408,260409,260410,260411,260412,260413,260414,260415,260416,260417,260418,260419,260420,260421,260422,260423,260424,260425,260426,260427
ZZIKS6NIMHo,144.0,144.0,144.0,144.0,144.0,144.0,144.0,143.0,143.0,143.0,143.0,143.0,143.0,143.0,143.0,143.0,143.0,143.0,144.0,144.0,144.0,144.0,144.0,144.0,144.0,145.0,145.0,145.0,145.0,145.0,145.0,145.0,145.0,145.0,145.0,145.0,145.0,145.0,145.0,145.0,145.0,145.0,145.0,145.0,145.0,145.0,145.0,145.0,145.0,145.0,145.0,145.0,145.0,,145.0,145.0,145.0,145.0,145.0,145.0,144.0,144.0,144.0,144.0,144.0,144.0,144.0,144.0,144.0,144.0,144.0,144.0,144.0,144.0,144.0,144.0,144.0,144.0,144.0,144.0,143.0,143.0,143.0,143.0,143.0,143.0,143.0,143.0,143.0,143.0,143.0,143.0,143.0,143.0,143.0,143.0,143.0,143.0,143.0,143.0,142.0,142.0,142.0,142.0,142.0,142.0,142.0,142.0,142.0,142.0,142.0,142.0,142.0,142.0,142.0,142
No2UhSOp8aM,215.0,216.0,217.0,217.0,219.0,219.0,219.0,219.0,219.0,219.0,219.0,219.0,219.0,219.0,220.0,220.0,220.0,220.0,220.0,220.0,220.0,220.0,220.0,220.0,220.0,220.0,220.0,220.0,220.0,220.0,220.0,220.0,221.0,221.0,221.0,221.0,221.0,221.0,221.0,221.0,221.0,221.0,221.0,220.0,220.0,219.0,219.0,220.0,220.0,220.0,220.0,220.0,220.0,,220.0,220.0,220.0,220.0,220.0,220.0,220.0,220.0,220.0,220.0,220.0,220.0,220.0,220.0,220.0,220.0,220.0,220.0,220.0,220.0,220.0,220.0,220.0,220.0,220.0,220.0,220.0,220.0,220.0,220.0,220.0,220.0,220.0,220.0,220.0,220.0,220.0,220.0,220.0,220.0,220.0,220.0,220.0,220.0,220.0,219.0,219.0,219.0,219.0,219.0,219.0,219.0,219.0,219.0,219.0,219.0,219.0,219.0,219.0,219.0,219.0,219
eDSb9J1DJKc,2182.0,2196.0,2211.0,2227.0,2247.0,2277.0,2299.0,2310.0,2320.0,2327.0,2334.0,2340.0,2344.0,2345.0,2346.0,2349.0,2350.0,2351.0,2352.0,2355.0,2356.0,2362.0,2363.0,2364.0,2364.0,2366.0,2372.0,2373.0,2374.0,2374.0,2374.0,2379.0,2380.0,2381.0,2381.0,2381.0,2381.0,2382.0,2382.0,2383.0,2383.0,2384.0,2384.0,2386.0,2386.0,2387.0,2387.0,2388.0,2388.0,2388.0,2388.0,2388.0,2386.0,,2386.0,2386.0,2387.0,2387.0,2389.0,2389.0,2390.0,2390.0,2391.0,2391.0,2386.0,2386.0,2386.0,2386.0,2386.0,2387.0,2390.0,2390.0,2389.0,2389.0,2389.0,2389.0,2390.0,2390.0,2390.0,2390.0,2390.0,2390.0,2391.0,2391.0,2390.0,2390.0,2389.0,2390.0,2391.0,2391.0,2392.0,2392.0,2393.0,2393.0,2386.0,2386.0,2387.0,2387.0,2387.0,2389.0,2389.0,2392.0,2392.0,2392.0,2392.0,2395.0,2395.0,2395.0,2396.0,2396.0,2396.0,2396.0,2398.0,2398.0,2398.0,2398
_LGkbAg-4oo,39.0,39.0,40.0,41.0,41.0,41.0,41.0,41.0,41.0,41.0,41.0,41.0,41.0,41.0,41.0,41.0,41.0,41.0,41.0,41.0,41.0,41.0,41.0,41.0,41.0,41.0,41.0,41.0,41.0,41.0,41.0,41.0,41.0,41.0,41.0,41.0,41.0,41.0,41.0,41.0,41.0,41.0,41.0,41.0,41.0,41.0,41.0,41.0,41.0,41.0,41.0,41.0,41.0,,41.0,41.0,41.0,41.0,41.0,41.0,41.0,41.0,41.0,41.0,41.0,41.0,41.0,41.0,41.0,41.0,41.0,41.0,41.0,41.0,41.0,41.0,41.0,41.0,41.0,41.0,41.0,41.0,41.0,41.0,41.0,41.0,41.0,41.0,41.0,41.0,41.0,41.0,41.0,41.0,41.0,41.0,41.0,41.0,41.0,41.0,41.0,41.0,41.0,41.0,41.0,41.0,41.0,41.0,41.0,41.0,41.0,41.0,41.0,41.0,41.0,41
aLBo0oJqBXI,36203.0,36351.0,36986.0,37100.0,37134.0,37174.0,37200.0,37221.0,37257.0,37286.0,37276.0,37386.0,37431.0,37425.0,37443.0,37456.0,37476.0,37492.0,37505.0,37415.0,37425.0,37432.0,37437.0,37452.0,37461.0,37465.0,37467.0,37471.0,37472.0,37476.0,37479.0,37406.0,37388.0,37392.0,37342.0,37349.0,37351.0,37361.0,37364.0,37334.0,37333.0,37332.0,37332.0,37337.0,37337.0,37337.0,37343.0,37351.0,37349.0,37351.0,37355.0,37362.0,37326.0,,37337.0,37343.0,37346.0,37346.0,37346.0,37347.0,37344.0,37344.0,37344.0,37346.0,37348.0,37352.0,37154.0,37154.0,37155.0,37149.0,37149.0,37152.0,37156.0,37156.0,37152.0,37156.0,37155.0,37155.0,37157.0,37158.0,37162.0,37160.0,37164.0,37165.0,37165.0,37165.0,37163.0,37163.0,37164.0,37157.0,37162.0,37163.0,37167.0,37170.0,37173.0,37173.0,37176.0,37178.0,37179.0,37184.0,37186.0,37187.0,37189.0,37192.0,37192.0,37197.0,37197.0,37193.0,37200.0,37193.0,37192.0,37197.0,37199.0,37202.0,37202.0,37206
VW7jSCsuWCI,1184.0,1187.0,1187.0,1188.0,1190.0,1189.0,1189.0,1189.0,1189.0,1189.0,1189.0,1190.0,1190.0,1190.0,1190.0,1190.0,1190.0,1190.0,1190.0,1190.0,1190.0,1190.0,1190.0,1190.0,1190.0,1190.0,1190.0,1190.0,1190.0,1190.0,1190.0,1190.0,1190.0,1190.0,1190.0,1190.0,1190.0,1190.0,1190.0,1190.0,1190.0,1190.0,1190.0,1190.0,1190.0,1190.0,1190.0,1190.0,1190.0,1190.0,1190.0,1190.0,1189.0,,1187.0,1187.0,1187.0,1187.0,1187.0,1187.0,1187.0,1186.0,1186.0,1186.0,1186.0,1186.0,1186.0,1186.0,1186.0,1186.0,1186.0,1186.0,1185.0,1185.0,1185.0,1185.0,1185.0,1185.0,1185.0,1185.0,1183.0,1183.0,1183.0,1183.0,1183.0,1183.0,1183.0,1183.0,1183.0,1183.0,1183.0,1183.0,1183.0,1183.0,1183.0,1183.0,1183.0,1183.0,1183.0,1183.0,1183.0,1183.0,1183.0,1183.0,1183.0,1182.0,1181.0,1181.0,1181.0,1181.0,1181.0,1180.0,1180.0,1180.0,1180.0,1180
AoC7BBs_l6g,85.0,86.0,87.0,87.0,87.0,87.0,87.0,87.0,87.0,87.0,87.0,88.0,89.0,89.0,89.0,91.0,91.0,91.0,91.0,91.0,91.0,91.0,91.0,91.0,91.0,91.0,91.0,91.0,91.0,91.0,91.0,91.0,91.0,91.0,91.0,91.0,91.0,91.0,91.0,91.0,91.0,91.0,91.0,91.0,91.0,91.0,91.0,91.0,91.0,91.0,92.0,92.0,92.0,,92.0,92.0,92.0,92.0,92.0,92.0,92.0,92.0,92.0,92.0,92.0,92.0,92.0,92.0,92.0,92.0,92.0,92.0,92.0,92.0,92.0,92.0,92.0,92.0,92.0,92.0,92.0,92.0,92.0,92.0,92.0,92.0,92.0,92.0,92.0,92.0,92.0,92.0,92.0,92.0,92.0,92.0,92.0,92.0,92.0,92.0,92.0,92.0,92.0,92.0,92.0,92.0,92.0,92.0,92.0,92.0,92.0,92.0,92.0,92.0,92.0,92
YgwGBgZEKaM,504.0,644.0,705.0,733.0,760.0,778.0,790.0,798.0,806.0,811.0,812.0,815.0,820.0,822.0,824.0,824.0,825.0,825.0,826.0,826.0,826.0,826.0,827.0,827.0,828.0,829.0,830.0,830.0,832.0,831.0,832.0,832.0,832.0,833.0,834.0,833.0,833.0,833.0,834.0,834.0,835.0,836.0,836.0,837.0,838.0,838.0,838.0,839.0,839.0,839.0,840.0,840.0,840.0,,838.0,838.0,838.0,838.0,838.0,838.0,838.0,838.0,838.0,838.0,838.0,838.0,838.0,838.0,839.0,839.0,839.0,839.0,840.0,840.0,839.0,839.0,840.0,840.0,840.0,840.0,840.0,840.0,840.0,840.0,840.0,840.0,840.0,841.0,841.0,842.0,842.0,842.0,842.0,842.0,842.0,842.0,842.0,842.0,842.0,842.0,842.0,842.0,842.0,842.0,842.0,842.0,842.0,842.0,844.0,844.0,844.0,845.0,845.0,845.0,845.0,845
YgwGBgZEKaM,504.0,644.0,705.0,733.0,760.0,778.0,790.0,798.0,806.0,811.0,812.0,815.0,820.0,822.0,824.0,824.0,825.0,825.0,826.0,826.0,826.0,826.0,827.0,827.0,828.0,829.0,830.0,830.0,832.0,831.0,832.0,832.0,832.0,833.0,834.0,833.0,833.0,833.0,834.0,834.0,835.0,836.0,836.0,837.0,838.0,838.0,838.0,839.0,839.0,839.0,840.0,840.0,840.0,,838.0,838.0,838.0,838.0,838.0,838.0,838.0,838.0,838.0,838.0,838.0,838.0,838.0,838.0,839.0,839.0,839.0,839.0,840.0,840.0,839.0,839.0,840.0,840.0,840.0,840.0,840.0,840.0,840.0,840.0,840.0,840.0,840.0,841.0,841.0,842.0,842.0,842.0,842.0,842.0,842.0,842.0,842.0,842.0,842.0,842.0,842.0,842.0,842.0,842.0,842.0,842.0,842.0,842.0,844.0,844.0,844.0,845.0,845.0,845.0,845.0,845
blYK_tKXn9E,3483.0,3486.0,3489.0,3492.0,3492.0,3494.0,3501.0,3502.0,3502.0,3502.0,3501.0,3503.0,3505.0,3506.0,3510.0,3510.0,3510.0,3510.0,3510.0,3510.0,3511.0,3511.0,3512.0,3511.0,3511.0,3511.0,3511.0,3511.0,3511.0,3510.0,3489.0,3489.0,3488.0,3485.0,3486.0,3485.0,3485.0,3485.0,3485.0,3484.0,3484.0,3483.0,3483.0,3483.0,3483.0,3483.0,3482.0,3482.0,3482.0,3481.0,3481.0,3479.0,3477.0,,3476.0,3476.0,3476.0,3477.0,3477.0,3477.0,3477.0,3477.0,3477.0,3477.0,3477.0,3477.0,3476.0,3476.0,3476.0,3476.0,3475.0,3475.0,3475.0,3475.0,3475.0,3475.0,3475.0,3475.0,3475.0,3475.0,3472.0,3472.0,3471.0,3471.0,3471.0,3470.0,3470.0,3470.0,3470.0,3470.0,3470.0,3470.0,3470.0,3470.0,3470.0,3471.0,3470.0,3470.0,3470.0,3470.0,3470.0,3470.0,3470.0,3470.0,3470.0,3470.0,3470.0,3470.0,3469.0,3469.0,3470.0,3470.0,3470.0,3470.0,3470.0,3469
OCfFVUySdYw,11860.0,11932.0,11985.0,12028.0,12045.0,12056.0,12068.0,12093.0,12115.0,12128.0,12150.0,12152.0,12161.0,12185.0,12213.0,12258.0,12284.0,12291.0,12307.0,12306.0,12323.0,12324.0,12323.0,12323.0,12328.0,12332.0,12331.0,12328.0,12331.0,12328.0,12329.0,12328.0,12332.0,12333.0,12333.0,12335.0,12335.0,12330.0,12330.0,12333.0,12332.0,12332.0,12331.0,12333.0,12336.0,12337.0,12338.0,12338.0,12338.0,12336.0,12336.0,12336.0,12335.0,,12327.0,12328.0,12328.0,12327.0,12325.0,12326.0,12325.0,12325.0,12323.0,12323.0,12322.0,12323.0,12323.0,12321.0,12317.0,12326.0,12337.0,12337.0,12339.0,12454.0,12515.0,12516.0,12517.0,12517.0,12517.0,12515.0,12514.0,12515.0,12512.0,12513.0,12510.0,12512.0,12512.0,12512.0,12511.0,12510.0,12509.0,12505.0,12506.0,12504.0,12504.0,12504.0,12505.0,12504.0,12499.0,12499.0,12500.0,12501.0,12501.0,12498.0,12496.0,12495.0,12489.0,12489.0,12489.0,12489.0,12492.0,12490.0,12490.0,12494.0,12493.0,12492
7hTbNeHqGD8,48026.0,48131.0,48260.0,48360.0,48466.0,48556.0,48663.0,48744.0,48828.0,48901.0,49002.0,49091.0,49155.0,49234.0,49296.0,49357.0,49449.0,49601.0,50161.0,50748.0,51008.0,51195.0,51294.0,51367.0,51432.0,51510.0,51548.0,51595.0,51629.0,51659.0,51695.0,51725.0,51754.0,51778.0,51796.0,51822.0,51839.0,51864.0,51885.0,51897.0,51917.0,51926.0,51934.0,51947.0,51969.0,51995.0,52004.0,52023.0,52038.0,52048.0,52057.0,52099.0,52119.0,,52172.0,52192.0,52227.0,52266.0,52301.0,52319.0,52332.0,52349.0,52363.0,52383.0,52389.0,52405.0,52414.0,52428.0,52439.0,52445.0,52454.0,52462.0,52468.0,52470.0,52487.0,52487.0,52495.0,52516.0,52525.0,52541.0,52568.0,52573.0,52583.0,52589.0,52598.0,52609.0,52621.0,52629.0,52635.0,52649.0,52657.0,52663.0,52685.0,52706.0,52720.0,52734.0,52751.0,52761.0,52770.0,52779.0,52785.0,52797.0,52799.0,52809.0,52818.0,52822.0,52827.0,52834.0,52841.0,52843.0,52849.0,52858.0,52859.0,52869.0,52877.0,52883
QjMGurFjvT4,88.0,90.0,92.0,93.0,93.0,94.0,94.0,94.0,94.0,94.0,94.0,94.0,94.0,94.0,94.0,94.0,94.0,94.0,94.0,94.0,94.0,94.0,94.0,94.0,94.0,94.0,94.0,94.0,94.0,94.0,94.0,94.0,94.0,94.0,94.0,94.0,94.0,94.0,94.0,94.0,94.0,94.0,94.0,94.0,94.0,94.0,94.0,94.0,94.0,94.0,94.0,94.0,94.0,,94.0,94.0,94.0,94.0,94.0,94.0,94.0,94.0,94.0,94.0,94.0,93.0,93.0,93.0,93.0,93.0,93.0,93.0,93.0,93.0,93.0,93.0,93.0,93.0,93.0,93.0,93.0,93.0,93.0,93.0,93.0,93.0,93.0,93.0,93.0,93.0,93.0,93.0,93.0,93.0,93.0,93.0,93.0,93.0,93.0,93.0,93.0,93.0,93.0,93.0,93.0,93.0,93.0,93.0,93.0,93.0,95.0,95.0,95.0,95.0,95.0,95
cC-6G5daQBo,236.0,237.0,238.0,240.0,240.0,245.0,247.0,248.0,250.0,251.0,252.0,253.0,255.0,255.0,258.0,261.0,261.0,261.0,261.0,262.0,262.0,263.0,263.0,264.0,265.0,266.0,268.0,268.0,267.0,267.0,267.0,267.0,268.0,268.0,269.0,269.0,269.0,269.0,269.0,268.0,268.0,268.0,268.0,268.0,268.0,268.0,267.0,267.0,266.0,265.0,265.0,265.0,265.0,,264.0,264.0,265.0,265.0,265.0,265.0,265.0,265.0,265.0,265.0,265.0,265.0,265.0,265.0,265.0,265.0,265.0,265.0,265.0,265.0,265.0,265.0,265.0,265.0,265.0,265.0,265.0,265.0,265.0,265.0,265.0,265.0,265.0,265.0,265.0,265.0,265.0,265.0,265.0,265.0,266.0,266.0,266.0,266.0,266.0,266.0,266.0,266.0,266.0,266.0,266.0,266.0,266.0,266.0,266.0,266.0,266.0,266.0,266.0,266.0,266.0,266
Mxp_q_RBCXE,437.0,10264.0,13144.0,13622.0,13906.0,14163.0,14298.0,14453.0,14550.0,14679.0,14814.0,14900.0,14996.0,15085.0,15172.0,15244.0,15339.0,15445.0,15531.0,15599.0,15676.0,15746.0,15810.0,15879.0,15957.0,16044.0,16065.0,16088.0,16149.0,16149.0,16216.0,16290.0,16340.0,16394.0,16445.0,16503.0,16568.0,16651.0,16713.0,16771.0,16822.0,16878.0,16918.0,16968.0,16990.0,17080.0,17144.0,17204.0,17290.0,17331.0,17374.0,17431.0,17485.0,,17603.0,17654.0,17686.0,17727.0,17792.0,17845.0,17892.0,17927.0,17956.0,17994.0,18029.0,18078.0,18096.0,18104.0,18140.0,18168.0,18194.0,18225.0,18255.0,18283.0,18344.0,18367.0,18404.0,18442.0,18471.0,18502.0,18542.0,18562.0,18583.0,18619.0,18654.0,18678.0,18714.0,18751.0,18771.0,18743.0,18776.0,18799.0,18819.0,18838.0,18854.0,18880.0,18920.0,18953.0,18990.0,19023.0,19056.0,19062.0,19079.0,19093.0,19101.0,19120.0,19115.0,19141.0,19146.0,19169.0,19191.0,19201.0,19215.0,19232.0,19270.0,19294
lRZXbdupH7I,582.0,585.0,588.0,599.0,604.0,608.0,614.0,619.0,623.0,630.0,633.0,638.0,648.0,648.0,649.0,650.0,653.0,654.0,655.0,656.0,656.0,657.0,658.0,659.0,659.0,660.0,660.0,661.0,662.0,662.0,662.0,662.0,662.0,663.0,664.0,665.0,665.0,665.0,665.0,665.0,665.0,666.0,665.0,666.0,666.0,660.0,662.0,664.0,665.0,665.0,665.0,665.0,665.0,,668.0,670.0,671.0,671.0,672.0,672.0,673.0,673.0,673.0,673.0,673.0,673.0,673.0,673.0,673.0,673.0,673.0,673.0,673.0,671.0,672.0,672.0,672.0,672.0,672.0,672.0,673.0,674.0,674.0,674.0,674.0,673.0,673.0,673.0,673.0,673.0,673.0,673.0,675.0,675.0,675.0,676.0,676.0,676.0,676.0,676.0,676.0,676.0,676.0,676.0,676.0,676.0,676.0,676.0,676.0,676.0,677.0,677.0,677.0,677.0,677.0,677
J1kMnHO8xSk,291.0,292.0,294.0,295.0,297.0,298.0,299.0,301.0,302.0,302.0,302.0,302.0,302.0,302.0,302.0,302.0,302.0,302.0,302.0,302.0,302.0,302.0,302.0,302.0,302.0,302.0,302.0,302.0,302.0,302.0,302.0,302.0,302.0,302.0,302.0,302.0,302.0,302.0,302.0,302.0,302.0,302.0,302.0,302.0,302.0,302.0,302.0,302.0,302.0,302.0,302.0,302.0,302.0,,302.0,302.0,302.0,302.0,302.0,302.0,302.0,302.0,302.0,302.0,302.0,302.0,302.0,302.0,302.0,302.0,302.0,302.0,302.0,302.0,302.0,302.0,302.0,302.0,302.0,302.0,302.0,302.0,302.0,302.0,302.0,302.0,302.0,302.0,302.0,302.0,302.0,302.0,302.0,302.0,302.0,302.0,302.0,302.0,302.0,302.0,302.0,302.0,302.0,302.0,302.0,302.0,302.0,302.0,302.0,302.0,302.0,302.0,302.0,302.0,302.0,302
ELaFmC2UFzk,1584.0,1584.0,1584.0,1584.0,1584.0,1584.0,1585.0,1585.0,1586.0,1587.0,1587.0,1588.0,1592.0,1594.0,1600.0,1605.0,1604.0,1606.0,1606.0,1609.0,1609.0,1610.0,1610.0,1611.0,1612.0,1611.0,1611.0,1611.0,1611.0,1610.0,1610.0,1610.0,1611.0,1610.0,1611.0,1611.0,1612.0,1612.0,1612.0,1612.0,1613.0,1613.0,1613.0,1614.0,1613.0,1613.0,1613.0,1613.0,1613.0,1613.0,1613.0,1613.0,1613.0,,1613.0,1613.0,1613.0,1613.0,1613.0,1613.0,1613.0,1614.0,1614.0,1614.0,1614.0,1614.0,1614.0,1614.0,1614.0,1615.0,1614.0,1614.0,1615.0,1615.0,1615.0,1615.0,1614.0,1614.0,1614.0,1614.0,1614.0,1614.0,1614.0,1614.0,1614.0,1614.0,1614.0,1614.0,1614.0,1615.0,1615.0,1615.0,1615.0,1616.0,1616.0,1616.0,1616.0,1616.0,1616.0,1616.0,1616.0,1616.0,1616.0,1616.0,1616.0,1616.0,1616.0,1616.0,1616.0,1616.0,1616.0,1616.0,1616.0,1616.0,1617.0,1617
UulR1x4tvZE,1697.0,1699.0,1699.0,1701.0,1701.0,1701.0,1701.0,1701.0,1701.0,1701.0,1701.0,1701.0,1702.0,1708.0,1713.0,1714.0,1715.0,1716.0,1718.0,1719.0,1719.0,1719.0,1719.0,1718.0,1719.0,1716.0,1718.0,1719.0,1719.0,1720.0,1720.0,1722.0,1722.0,1725.0,1727.0,1727.0,1727.0,1727.0,1727.0,1728.0,1727.0,1727.0,1726.0,1726.0,1727.0,1730.0,1730.0,1730.0,1730.0,1729.0,1730.0,1731.0,1733.0,,1736.0,1739.0,1739.0,1739.0,1739.0,1740.0,1740.0,1740.0,1739.0,1739.0,1739.0,1739.0,1739.0,1739.0,1739.0,1739.0,1739.0,1739.0,1738.0,1739.0,1739.0,1739.0,1738.0,1738.0,1739.0,1739.0,1739.0,1739.0,1739.0,1739.0,1738.0,1738.0,1738.0,1738.0,1738.0,1739.0,1739.0,1739.0,1738.0,1738.0,1738.0,1737.0,1737.0,1737.0,1737.0,1737.0,1737.0,1739.0,1754.0,1754.0,1753.0,1753.0,1752.0,1756.0,1755.0,1755.0,1755.0,1756.0,1757.0,1758.0,1758.0,1760
8cEdndsuzSE,18344.0,18391.0,18447.0,18476.0,18499.0,18507.0,18520.0,18538.0,18555.0,18542.0,18564.0,18579.0,18621.0,18613.0,18627.0,18645.0,18662.0,18671.0,18691.0,18694.0,18696.0,18713.0,18742.0,18779.0,18806.0,18826.0,18848.0,18872.0,18892.0,18907.0,18931.0,18946.0,18965.0,18981.0,18998.0,19014.0,19025.0,19041.0,19056.0,19068.0,19084.0,19090.0,19101.0,19110.0,19108.0,19115.0,19135.0,19148.0,19159.0,19174.0,19188.0,19197.0,19219.0,,19287.0,19321.0,19336.0,19358.0,19368.0,19380.0,19391.0,19400.0,19406.0,19416.0,19428.0,19434.0,19433.0,19436.0,19436.0,19446.0,19458.0,19470.0,19491.0,19501.0,19516.0,19523.0,19528.0,19532.0,19534.0,19540.0,19547.0,19548.0,19551.0,19559.0,19566.0,19571.0,19578.0,19577.0,19574.0,19577.0,19588.0,19594.0,19599.0,19606.0,19608.0,19616.0,19624.0,19617.0,19617.0,19623.0,19625.0,19610.0,19613.0,19621.0,19624.0,19636.0,19642.0,19649.0,19651.0,19656.0,19660.0,19660.0,19662.0,19657.0,19654.0,19656
n71tJihpPHA,100.0,101.0,101.0,101.0,101.0,101.0,101.0,101.0,101.0,111.0,111.0,111.0,111.0,111.0,112.0,112.0,112.0,112.0,112.0,112.0,112.0,113.0,113.0,113.0,113.0,113.0,113.0,113.0,113.0,113.0,113.0,113.0,113.0,113.0,113.0,113.0,113.0,113.0,113.0,113.0,113.0,113.0,113.0,113.0,113.0,113.0,113.0,113.0,113.0,113.0,113.0,113.0,113.0,,113.0,113.0,113.0,113.0,113.0,113.0,113.0,113.0,113.0,113.0,113.0,113.0,113.0,113.0,113.0,113.0,113.0,113.0,113.0,113.0,113.0,113.0,113.0,113.0,113.0,113.0,113.0,113.0,113.0,113.0,113.0,113.0,113.0,113.0,113.0,113.0,113.0,113.0,113.0,113.0,113.0,113.0,113.0,113.0,113.0,113.0,113.0,113.0,113.0,113.0,113.0,113.0,113.0,113.0,113.0,113.0,113.0,113.0,113.0,113.0,113.0,113
_onCG9RhAIo,,,128.0,203.0,239.0,256.0,265.0,280.0,285.0,299.0,307.0,310.0,312.0,315.0,316.0,318.0,321.0,330.0,338.0,338.0,340.0,343.0,344.0,344.0,344.0,344.0,346.0,346.0,346.0,346.0,347.0,347.0,347.0,347.0,348.0,349.0,349.0,349.0,349.0,349.0,352.0,352.0,352.0,353.0,353.0,353.0,353.0,353.0,353.0,353.0,353.0,355.0,356.0,,355.0,356.0,356.0,356.0,356.0,356.0,356.0,356.0,356.0,355.0,355.0,355.0,355.0,355.0,355.0,355.0,355.0,356.0,356.0,356.0,356.0,356.0,356.0,356.0,356.0,356.0,356.0,356.0,356.0,356.0,356.0,356.0,356.0,356.0,357.0,357.0,358.0,358.0,358.0,358.0,358.0,358.0,358.0,358.0,358.0,358.0,358.0,358.0,358.0,358.0,358.0,358.0,358.0,355.0,355.0,355.0,355.0,355.0,356.0,356.0,356.0,356
QFI8C6_STTc,,,2.0,2.0,2.0,2.0,2.0,3.0,3.0,4.0,4.0,4.0,4.0,4.0,4.0,4.0,4.0,4.0,4.0,4.0,4.0,4.0,4.0,4.0,4.0,4.0,4.0,4.0,4.0,4.0,5.0,5.0,5.0,5.0,5.0,5.0,5.0,5.0,5.0,5.0,5.0,5.0,5.0,5.0,5.0,5.0,5.0,5.0,5.0,5.0,5.0,5.0,5.0,,5.0,5.0,5.0,5.0,5.0,5.0,5.0,5.0,5.0,5.0,5.0,5.0,6.0,6.0,6.0,6.0,6.0,6.0,6.0,6.0,6.0,6.0,6.0,6.0,6.0,6.0,6.0,6.0,6.0,6.0,6.0,6.0,6.0,6.0,6.0,6.0,6.0,6.0,6.0,6.0,6.0,6.0,6.0,6.0,6.0,6.0,6.0,6.0,6.0,6.0,6.0,6.0,6.0,6.0,6.0,6.0,6.0,6.0,6.0,6.0,6.0,6
3Lj1CoLVQbU,,,67.0,96.0,102.0,107.0,109.0,110.0,110.0,111.0,113.0,113.0,113.0,114.0,114.0,114.0,115.0,115.0,116.0,116.0,116.0,117.0,117.0,117.0,117.0,117.0,117.0,117.0,117.0,117.0,117.0,117.0,117.0,117.0,117.0,117.0,117.0,117.0,117.0,117.0,117.0,117.0,117.0,117.0,117.0,118.0,118.0,118.0,119.0,119.0,119.0,119.0,120.0,,120.0,120.0,120.0,120.0,120.0,120.0,120.0,120.0,121.0,121.0,121.0,121.0,121.0,121.0,121.0,121.0,121.0,121.0,121.0,119.0,119.0,119.0,119.0,119.0,119.0,119.0,117.0,117.0,117.0,117.0,119.0,119.0,119.0,119.0,119.0,119.0,119.0,119.0,119.0,119.0,119.0,119.0,119.0,119.0,119.0,119.0,119.0,119.0,119.0,119.0,119.0,119.0,119.0,119.0,119.0,119.0,119.0,119.0,119.0,119.0,119.0,119
N_P7j2JG7ws,,,,6.0,6.0,7.0,7.0,7.0,7.0,7.0,7.0,7.0,7.0,7.0,7.0,7.0,7.0,7.0,7.0,7.0,7.0,7.0,7.0,7.0,7.0,7.0,7.0,7.0,7.0,7.0,7.0,7.0,7.0,7.0,7.0,7.0,7.0,7.0,7.0,7.0,7.0,7.0,7.0,7.0,7.0,7.0,7.0,7.0,7.0,7.0,7.0,7.0,7.0,,7.0,7.0,7.0,7.0,7.0,7.0,7.0,8.0,8.0,8.0,8.0,8.0,8.0,8.0,8.0,8.0,8.0,8.0,8.0,8.0,8.0,8.0,8.0,8.0,8.0,8.0,8.0,8.0,8.0,8.0,8.0,8.0,8.0,8.0,8.0,8.0,8.0,8.0,8.0,8.0,8.0,8.0,8.0,8.0,8.0,8.0,8.0,8.0,8.0,8.0,8.0,8.0,8.0,8.0,8.0,8.0,8.0,8.0,8.0,8.0,8.0,8
oB5ZwlgICvg,,,,,78.0,125.0,136.0,143.0,144.0,147.0,152.0,161.0,162.0,164.0,165.0,165.0,167.0,167.0,167.0,167.0,167.0,168.0,168.0,168.0,168.0,168.0,168.0,168.0,168.0,169.0,170.0,169.0,169.0,169.0,170.0,170.0,170.0,170.0,170.0,170.0,170.0,170.0,170.0,170.0,170.0,170.0,170.0,170.0,170.0,170.0,170.0,170.0,170.0,,170.0,170.0,170.0,170.0,170.0,170.0,170.0,170.0,170.0,170.0,170.0,170.0,170.0,170.0,170.0,170.0,170.0,170.0,170.0,170.0,170.0,170.0,170.0,170.0,170.0,170.0,170.0,170.0,170.0,170.0,170.0,170.0,170.0,170.0,170.0,170.0,170.0,171.0,171.0,171.0,171.0,171.0,171.0,171.0,171.0,171.0,171.0,171.0,171.0,171.0,171.0,171.0,171.0,171.0,171.0,171.0,171.0,171.0,169.0,169.0,169.0,169
-XJi9qCv_1s,,,,,149.0,236.0,245.0,248.0,250.0,253.0,251.0,251.0,252.0,252.0,255.0,255.0,256.0,257.0,257.0,257.0,257.0,257.0,257.0,257.0,257.0,257.0,257.0,257.0,257.0,257.0,257.0,257.0,257.0,257.0,257.0,257.0,257.0,257.0,257.0,257.0,257.0,257.0,257.0,257.0,257.0,254.0,254.0,254.0,254.0,254.0,254.0,254.0,254.0,,254.0,254.0,254.0,254.0,254.0,254.0,254.0,254.0,254.0,254.0,254.0,254.0,254.0,254.0,254.0,254.0,254.0,254.0,254.0,254.0,254.0,254.0,254.0,254.0,254.0,254.0,254.0,254.0,254.0,254.0,254.0,254.0,254.0,254.0,254.0,254.0,254.0,254.0,254.0,254.0,254.0,254.0,254.0,254.0,254.0,254.0,254.0,254.0,254.0,254.0,254.0,254.0,254.0,254.0,254.0,254.0,254.0,254.0,254.0,254.0,254.0,254
5XCdT42R1Yg,,,,,,204.0,204.0,204.0,204.0,204.0,204.0,204.0,204.0,204.0,204.0,204.0,204.0,204.0,204.0,204.0,204.0,204.0,204.0,204.0,204.0,204.0,204.0,204.0,204.0,204.0,204.0,204.0,204.0,204.0,204.0,204.0,204.0,204.0,204.0,204.0,204.0,205.0,205.0,205.0,205.0,205.0,205.0,205.0,205.0,205.0,205.0,205.0,205.0,,205.0,205.0,205.0,205.0,205.0,205.0,205.0,205.0,205.0,205.0,205.0,205.0,205.0,205.0,205.0,205.0,205.0,205.0,205.0,205.0,205.0,205.0,205.0,205.0,205.0,205.0,205.0,205.0,205.0,205.0,205.0,205.0,205.0,205.0,205.0,205.0,205.0,205.0,205.0,205.0,205.0,205.0,205.0,205.0,205.0,205.0,205.0,205.0,205.0,205.0,205.0,205.0,205.0,205.0,205.0,205.0,205.0,205.0,205.0,205.0,205.0,205
t_HEiqWHg44,,,,,,60.0,62.0,63.0,63.0,63.0,63.0,65.0,66.0,66.0,66.0,66.0,66.0,66.0,66.0,66.0,66.0,66.0,67.0,67.0,67.0,67.0,67.0,67.0,67.0,67.0,67.0,67.0,67.0,67.0,67.0,67.0,67.0,67.0,67.0,67.0,67.0,67.0,67.0,67.0,67.0,67.0,67.0,67.0,67.0,67.0,67.0,67.0,67.0,,67.0,67.0,67.0,67.0,67.0,67.0,67.0,67.0,67.0,67.0,67.0,67.0,67.0,67.0,67.0,67.0,67.0,67.0,67.0,67.0,67.0,67.0,67.0,67.0,67.0,67.0,67.0,67.0,65.0,66.0,66.0,66.0,64.0,64.0,64.0,64.0,64.0,64.0,64.0,64.0,64.0,64.0,64.0,64.0,64.0,64.0,64.0,64.0,64.0,64.0,64.0,64.0,64.0,64.0,64.0,64.0,64.0,64.0,64.0,64.0,64.0,64
n17xAjgbHO0,,,,,,6.0,11.0,11.0,11.0,11.0,11.0,11.0,11.0,11.0,11.0,11.0,11.0,11.0,11.0,11.0,11.0,11.0,11.0,11.0,11.0,11.0,11.0,11.0,11.0,11.0,11.0,11.0,11.0,11.0,11.0,12.0,12.0,12.0,12.0,12.0,12.0,12.0,12.0,12.0,12.0,12.0,12.0,12.0,12.0,12.0,12.0,12.0,12.0,,12.0,12.0,12.0,12.0,12.0,12.0,12.0,12.0,12.0,12.0,12.0,12.0,12.0,12.0,12.0,12.0,12.0,12.0,12.0,12.0,12.0,12.0,12.0,12.0,12.0,12.0,12.0,12.0,12.0,12.0,12.0,12.0,12.0,12.0,12.0,12.0,12.0,12.0,12.0,12.0,12.0,12.0,12.0,12.0,12.0,12.0,12.0,12.0,12.0,12.0,12.0,12.0,12.0,12.0,12.0,12.0,12.0,12.0,12.0,12.0,12.0,12
VQucfbsmlyc,,,,,,54.0,61.0,68.0,69.0,69.0,69.0,69.0,69.0,69.0,69.0,69.0,69.0,69.0,69.0,69.0,69.0,69.0,69.0,69.0,69.0,69.0,69.0,69.0,69.0,69.0,69.0,69.0,69.0,69.0,69.0,69.0,69.0,69.0,69.0,69.0,69.0,69.0,69.0,69.0,69.0,69.0,69.0,69.0,69.0,69.0,69.0,69.0,69.0,,69.0,69.0,69.0,69.0,69.0,69.0,69.0,69.0,69.0,69.0,69.0,69.0,69.0,69.0,69.0,69.0,69.0,69.0,69.0,69.0,69.0,69.0,69.0,69.0,69.0,69.0,69.0,69.0,69.0,69.0,69.0,69.0,69.0,69.0,69.0,69.0,69.0,69.0,69.0,69.0,69.0,69.0,69.0,69.0,69.0,69.0,69.0,69.0,69.0,69.0,69.0,69.0,69.0,69.0,69.0,69.0,69.0,69.0,69.0,69.0,69.0,69
U4avKonYpIk,,,,,,49.0,81.0,88.0,91.0,93.0,93.0,94.0,94.0,94.0,94.0,95.0,95.0,95.0,95.0,95.0,95.0,95.0,95.0,95.0,95.0,95.0,95.0,95.0,95.0,95.0,95.0,95.0,95.0,95.0,95.0,95.0,95.0,95.0,95.0,95.0,95.0,95.0,95.0,95.0,95.0,95.0,95.0,95.0,95.0,95.0,95.0,95.0,95.0,,95.0,95.0,95.0,95.0,95.0,95.0,95.0,95.0,95.0,95.0,95.0,95.0,95.0,95.0,95.0,95.0,95.0,95.0,95.0,95.0,95.0,95.0,95.0,95.0,95.0,95.0,95.0,95.0,95.0,95.0,95.0,95.0,95.0,95.0,95.0,95.0,95.0,95.0,95.0,95.0,95.0,95.0,95.0,95.0,95.0,95.0,95.0,95.0,95.0,95.0,95.0,95.0,95.0,95.0,95.0,95.0,95.0,95.0,95.0,95.0,95.0,95
1UyzVpQDkW8,,,,,,89.0,144.0,167.0,177.0,184.0,189.0,191.0,192.0,193.0,193.0,194.0,195.0,196.0,197.0,197.0,197.0,197.0,197.0,197.0,197.0,197.0,197.0,197.0,197.0,197.0,198.0,200.0,200.0,200.0,200.0,201.0,201.0,201.0,201.0,201.0,203.0,203.0,203.0,203.0,203.0,203.0,203.0,203.0,203.0,203.0,203.0,203.0,203.0,,203.0,203.0,203.0,203.0,203.0,203.0,203.0,203.0,203.0,204.0,204.0,204.0,205.0,205.0,205.0,202.0,202.0,202.0,202.0,202.0,203.0,203.0,203.0,205.0,205.0,205.0,205.0,205.0,205.0,205.0,205.0,205.0,206.0,206.0,206.0,206.0,206.0,206.0,206.0,206.0,206.0,206.0,206.0,206.0,207.0,207.0,207.0,207.0,208.0,208.0,208.0,208.0,208.0,208.0,208.0,208.0,208.0,208.0,208.0,208.0,208.0,208
L_IrTG4E-CY,,,,,,20.0,21.0,22.0,24.0,25.0,25.0,26.0,26.0,26.0,26.0,27.0,27.0,27.0,27.0,28.0,28.0,29.0,29.0,29.0,29.0,29.0,29.0,29.0,29.0,30.0,30.0,30.0,30.0,30.0,30.0,30.0,30.0,30.0,30.0,30.0,30.0,30.0,30.0,30.0,30.0,30.0,30.0,30.0,30.0,30.0,30.0,30.0,30.0,,30.0,30.0,30.0,30.0,30.0,30.0,30.0,30.0,30.0,30.0,30.0,30.0,30.0,30.0,30.0,30.0,30.0,30.0,30.0,30.0,30.0,31.0,31.0,31.0,31.0,31.0,31.0,31.0,31.0,31.0,31.0,31.0,31.0,31.0,31.0,31.0,31.0,31.0,31.0,31.0,32.0,32.0,32.0,32.0,32.0,32.0,32.0,32.0,32.0,32.0,32.0,32.0,32.0,32.0,32.0,32.0,32.0,32.0,32.0,32.0,32.0,32
OrlkRhaVnhk,,,,,,,252.0,467.0,582.0,650.0,714.0,742.0,764.0,788.0,803.0,821.0,831.0,836.0,841.0,843.0,847.0,854.0,862.0,871.0,874.0,876.0,879.0,882.0,888.0,894.0,901.0,905.0,909.0,912.0,917.0,923.0,927.0,932.0,934.0,939.0,938.0,939.0,938.0,937.0,941.0,942.0,943.0,943.0,944.0,945.0,941.0,947.0,947.0,,951.0,952.0,952.0,951.0,951.0,951.0,950.0,950.0,950.0,951.0,952.0,952.0,952.0,952.0,952.0,952.0,954.0,954.0,954.0,954.0,955.0,955.0,956.0,954.0,954.0,955.0,955.0,955.0,955.0,955.0,956.0,955.0,958.0,957.0,957.0,957.0,957.0,957.0,958.0,958.0,958.0,959.0,959.0,959.0,959.0,959.0,959.0,959.0,959.0,959.0,960.0,960.0,960.0,960.0,959.0,959.0,957.0,957.0,957.0,957.0,957.0,957
zSFmsS5ufDs,,,,,,,10.0,40.0,39.0,41.0,42.0,76.0,111.0,111.0,114.0,119.0,121.0,124.0,124.0,124.0,124.0,124.0,124.0,124.0,125.0,125.0,125.0,126.0,126.0,126.0,126.0,126.0,127.0,127.0,127.0,127.0,127.0,127.0,127.0,127.0,127.0,127.0,127.0,127.0,127.0,127.0,127.0,127.0,127.0,127.0,127.0,127.0,127.0,,127.0,127.0,127.0,127.0,127.0,127.0,127.0,127.0,127.0,127.0,127.0,127.0,127.0,127.0,127.0,127.0,127.0,127.0,127.0,127.0,127.0,127.0,127.0,127.0,127.0,127.0,127.0,127.0,127.0,127.0,127.0,127.0,127.0,127.0,127.0,127.0,127.0,127.0,127.0,127.0,127.0,127.0,127.0,127.0,127.0,127.0,127.0,127.0,127.0,127.0,127.0,127.0,127.0,127.0,127.0,127.0,127.0,127.0,127.0,127.0,127.0,127
22CcsqxQdW0,,,,,,,77.0,84.0,88.0,88.0,88.0,89.0,90.0,90.0,90.0,90.0,90.0,90.0,90.0,90.0,91.0,91.0,91.0,92.0,92.0,92.0,92.0,92.0,92.0,92.0,92.0,92.0,92.0,92.0,92.0,92.0,92.0,92.0,92.0,92.0,92.0,92.0,92.0,92.0,92.0,92.0,92.0,92.0,92.0,92.0,91.0,91.0,91.0,,91.0,91.0,91.0,91.0,91.0,91.0,91.0,91.0,91.0,91.0,91.0,91.0,91.0,91.0,91.0,91.0,91.0,91.0,91.0,91.0,91.0,91.0,91.0,91.0,91.0,91.0,91.0,91.0,91.0,91.0,91.0,91.0,91.0,91.0,91.0,91.0,91.0,91.0,91.0,91.0,91.0,91.0,91.0,91.0,91.0,91.0,91.0,91.0,91.0,91.0,91.0,91.0,91.0,91.0,91.0,91.0,91.0,91.0,91.0,91.0,91.0,91
nhDcqoetCy8,,,,,,,,596.0,899.0,1008.0,1111.0,1169.0,1206.0,1233.0,1262.0,1283.0,1308.0,1319.0,1355.0,1382.0,1404.0,1424.0,1431.0,1452.0,1465.0,1482.0,1499.0,1504.0,1512.0,1516.0,1528.0,1535.0,1540.0,1544.0,1553.0,1563.0,1568.0,1569.0,1571.0,1577.0,1579.0,1582.0,1586.0,1590.0,1593.0,1600.0,1603.0,1605.0,1609.0,1612.0,1615.0,1613.0,1614.0,,1616.0,1619.0,1621.0,1625.0,1627.0,1631.0,1640.0,1638.0,1644.0,1646.0,1646.0,1649.0,1654.0,1656.0,1657.0,1658.0,1663.0,1659.0,1663.0,1665.0,1663.0,1666.0,1669.0,1671.0,1675.0,1675.0,1677.0,1680.0,1682.0,1681.0,1681.0,1681.0,1678.0,1681.0,1681.0,1682.0,1683.0,1684.0,1684.0,1684.0,1684.0,1684.0,1684.0,1684.0,1685.0,1685.0,1685.0,1685.0,1685.0,1685.0,1685.0,1686.0,1686.0,1686.0,1686.0,1686.0,1686.0,1686.0,1686.0,1685.0,1685.0,1685
v5_GoNFr5wc,,,,,,,,,5821.0,7690.0,8310.0,8701.0,8943.0,9126.0,9221.0,9318.0,9380.0,9438.0,9484.0,9519.0,9536.0,9548.0,9570.0,9597.0,9618.0,9629.0,9639.0,9642.0,9646.0,9654.0,9664.0,9672.0,9686.0,9704.0,9715.0,9716.0,9724.0,9722.0,9725.0,9730.0,9732.0,9736.0,9750.0,9759.0,9761.0,9760.0,9765.0,9769.0,9771.0,9776.0,9774.0,9774.0,9775.0,,9779.0,9776.0,9778.0,9779.0,9784.0,9787.0,9789.0,9791.0,9792.0,9793.0,9795.0,9796.0,9798.0,9801.0,9804.0,9806.0,9814.0,9818.0,9821.0,9863.0,9914.0,9923.0,9923.0,9922.0,9925.0,9947.0,9947.0,9951.0,9954.0,9954.0,9948.0,9966.0,9974.0,9982.0,9983.0,10000.0,10001.0,10001.0,10006.0,10008.0,10008.0,10008.0,10005.0,10007.0,10008.0,10010.0,10008.0,10006.0,10007.0,10015.0,10020.0,10025.0,10025.0,10025.0,10030.0,10031.0,10033.0,10032.0,10033.0,10032.0,10031.0,10030
fAVrqc-IphQ,,,,,,,,,34.0,35.0,35.0,35.0,35.0,35.0,35.0,35.0,35.0,35.0,35.0,35.0,35.0,35.0,35.0,35.0,35.0,35.0,35.0,35.0,35.0,35.0,35.0,35.0,35.0,35.0,35.0,35.0,35.0,35.0,35.0,35.0,35.0,35.0,35.0,35.0,35.0,35.0,35.0,35.0,35.0,35.0,35.0,35.0,35.0,,35.0,35.0,35.0,35.0,35.0,35.0,35.0,35.0,35.0,35.0,35.0,35.0,35.0,35.0,35.0,35.0,35.0,35.0,35.0,35.0,35.0,35.0,35.0,35.0,35.0,35.0,35.0,35.0,35.0,35.0,35.0,35.0,35.0,35.0,35.0,35.0,35.0,35.0,35.0,35.0,35.0,35.0,35.0,35.0,35.0,35.0,35.0,35.0,35.0,35.0,35.0,35.0,35.0,35.0,35.0,35.0,35.0,35.0,35.0,35.0,35.0,35
v5_GoNFr5wc,,,,,,,,,5821.0,7690.0,8310.0,8701.0,8943.0,9126.0,9221.0,9318.0,9380.0,9438.0,9484.0,9519.0,9536.0,9548.0,9570.0,9597.0,9618.0,9629.0,9639.0,9642.0,9646.0,9654.0,9664.0,9672.0,9686.0,9704.0,9715.0,9716.0,9724.0,9722.0,9725.0,9730.0,9732.0,9736.0,9750.0,9759.0,9761.0,9760.0,9765.0,9769.0,9771.0,9776.0,9774.0,9774.0,9775.0,,9779.0,9776.0,9778.0,9779.0,9784.0,9787.0,9789.0,9791.0,9792.0,9793.0,9795.0,9796.0,9798.0,9801.0,9804.0,9806.0,9814.0,9818.0,9821.0,9863.0,9914.0,9923.0,9923.0,9922.0,9925.0,9947.0,9947.0,9951.0,9954.0,9954.0,9948.0,9966.0,9974.0,9982.0,9983.0,10000.0,10001.0,10001.0,10006.0,10008.0,10008.0,10008.0,10005.0,10007.0,10008.0,10010.0,10008.0,10006.0,10007.0,10015.0,10020.0,10025.0,10025.0,10025.0,10030.0,10031.0,10033.0,10032.0,10033.0,10032.0,10031.0,10030
hRlt2L-MJKU,,,,,,,,,952.0,1190.0,1266.0,1330.0,1402.0,1457.0,1491.0,1555.0,1525.0,1507.0,1522.0,1529.0,1532.0,1603.0,1617.0,1621.0,1621.0,1628.0,1634.0,1638.0,1643.0,1645.0,1643.0,1646.0,1650.0,1655.0,1646.0,1650.0,1652.0,1639.0,1644.0,1622.0,1627.0,1629.0,1631.0,1631.0,1633.0,1634.0,1636.0,1641.0,1645.0,1646.0,1646.0,1648.0,1648.0,,1649.0,1646.0,1647.0,1648.0,1648.0,1648.0,1648.0,1648.0,1648.0,1649.0,1643.0,1644.0,1645.0,1647.0,1647.0,1647.0,1647.0,1645.0,1645.0,1645.0,1646.0,1646.0,1647.0,1649.0,1650.0,1651.0,1652.0,1652.0,1654.0,1655.0,1657.0,1658.0,1659.0,1660.0,1662.0,1664.0,1664.0,1665.0,1665.0,1666.0,1666.0,1666.0,1666.0,1664.0,1665.0,1666.0,1666.0,1665.0,1665.0,1666.0,1666.0,1667.0,1668.0,1668.0,1668.0,1667.0,1667.0,1667.0,1668.0,1669.0,1669.0,1671
Sf5ErqLw33M,,,,,,,,,154.0,160.0,163.0,165.0,165.0,165.0,165.0,165.0,165.0,165.0,165.0,164.0,164.0,164.0,164.0,164.0,164.0,164.0,164.0,164.0,164.0,164.0,164.0,164.0,164.0,164.0,164.0,164.0,164.0,164.0,164.0,165.0,165.0,165.0,165.0,156.0,156.0,156.0,156.0,156.0,156.0,156.0,156.0,155.0,155.0,,155.0,155.0,155.0,155.0,155.0,155.0,155.0,155.0,155.0,155.0,155.0,155.0,155.0,155.0,155.0,155.0,155.0,155.0,155.0,155.0,155.0,155.0,155.0,155.0,155.0,155.0,155.0,155.0,155.0,155.0,155.0,155.0,155.0,155.0,155.0,155.0,155.0,155.0,155.0,155.0,155.0,155.0,155.0,155.0,155.0,155.0,155.0,155.0,155.0,155.0,155.0,155.0,155.0,155.0,155.0,155.0,155.0,155.0,155.0,155.0,155.0,155
WZgam7x_ymU,,,,,,,,,,26.0,35.0,42.0,61.0,68.0,74.0,76.0,80.0,81.0,82.0,82.0,85.0,88.0,88.0,88.0,90.0,90.0,89.0,89.0,92.0,94.0,94.0,94.0,95.0,95.0,95.0,95.0,96.0,97.0,97.0,97.0,98.0,99.0,99.0,99.0,100.0,101.0,101.0,101.0,101.0,101.0,101.0,101.0,101.0,,101.0,100.0,99.0,99.0,99.0,99.0,99.0,99.0,100.0,100.0,100.0,100.0,100.0,100.0,100.0,100.0,100.0,100.0,100.0,100.0,100.0,100.0,100.0,100.0,100.0,100.0,100.0,100.0,100.0,100.0,100.0,100.0,101.0,101.0,99.0,99.0,99.0,99.0,100.0,100.0,101.0,101.0,101.0,101.0,101.0,101.0,101.0,101.0,101.0,102.0,102.0,102.0,102.0,103.0,103.0,103.0,103.0,103.0,103.0,103.0,103.0,103
i3hQxcVNXx0,,,,,,,,,,65.0,90.0,97.0,106.0,112.0,114.0,114.0,116.0,116.0,116.0,120.0,120.0,120.0,120.0,122.0,122.0,122.0,122.0,122.0,123.0,123.0,123.0,124.0,126.0,126.0,126.0,126.0,128.0,128.0,129.0,129.0,129.0,129.0,129.0,129.0,129.0,129.0,129.0,130.0,130.0,130.0,130.0,130.0,130.0,,130.0,130.0,130.0,130.0,130.0,130.0,130.0,130.0,130.0,130.0,130.0,130.0,130.0,130.0,130.0,130.0,130.0,130.0,130.0,130.0,131.0,131.0,131.0,131.0,131.0,131.0,131.0,131.0,131.0,131.0,131.0,131.0,131.0,131.0,131.0,131.0,131.0,131.0,131.0,131.0,131.0,131.0,131.0,131.0,131.0,131.0,131.0,131.0,131.0,132.0,132.0,132.0,132.0,132.0,132.0,132.0,132.0,132.0,132.0,132.0,132.0,132
JGvx-7IkUCA,,,,,,,,,,0.0,0.0,0.0,0.0,0.0,0.0,0.0,0.0,0.0,0.0,0.0,0.0,0.0,0.0,0.0,0.0,0.0,0.0,0.0,0.0,0.0,0.0,0.0,0.0,0.0,0.0,0.0,0.0,0.0,0.0,0.0,0.0,0.0,0.0,0.0,0.0,0.0,0.0,0.0,0.0,0.0,0.0,0.0,0.0,,0.0,0.0,0.0,0.0,0.0,0.0,0.0,0.0,0.0,0.0,0.0,0.0,0.0,0.0,0.0,0.0,0.0,0.0,0.0,0.0,0.0,0.0,0.0,0.0,0.0,0.0,0.0,0.0,0.0,0.0,0.0,0.0,0.0,0.0,0.0,0.0,0.0,0.0,0.0,0.0,0.0,0.0,0.0,0.0,0.0,0.0,0.0,0.0,0.0,0.0,0.0,0.0,0.0,0.0,0.0,0.0,0.0,0.0,0.0,0.0,0.0,0
2gbVYUcPRwY,,,,,,,,,,0.0,0.0,0.0,0.0,0.0,0.0,0.0,0.0,0.0,0.0,0.0,0.0,0.0,0.0,0.0,0.0,0.0,0.0,0.0,0.0,0.0,0.0,0.0,0.0,0.0,0.0,0.0,0.0,0.0,0.0,0.0,0.0,0.0,0.0,0.0,0.0,0.0,0.0,0.0,0.0,0.0,0.0,0.0,0.0,,0.0,0.0,0.0,0.0,0.0,0.0,0.0,0.0,0.0,0.0,0.0,0.0,0.0,0.0,0.0,0.0,0.0,0.0,0.0,0.0,0.0,0.0,0.0,0.0,0.0,0.0,0.0,0.0,0.0,0.0,0.0,0.0,0.0,0.0,0.0,0.0,0.0,0.0,0.0,0.0,0.0,0.0,0.0,0.0,0.0,0.0,0.0,0.0,0.0,0.0,0.0,0.0,0.0,0.0,0.0,0.0,0.0,0.0,0.0,0.0,0.0,0
v94Q1nzU4Vc,,,,,,,,,,,24.0,24.0,25.0,25.0,25.0,25.0,26.0,26.0,26.0,27.0,28.0,28.0,27.0,27.0,27.0,28.0,28.0,28.0,28.0,28.0,29.0,29.0,30.0,30.0,30.0,30.0,30.0,30.0,30.0,30.0,30.0,33.0,33.0,33.0,33.0,33.0,33.0,33.0,33.0,33.0,33.0,33.0,33.0,,33.0,33.0,34.0,34.0,34.0,34.0,34.0,35.0,35.0,35.0,35.0,35.0,35.0,35.0,35.0,35.0,35.0,35.0,35.0,35.0,35.0,35.0,35.0,35.0,35.0,35.0,35.0,35.0,35.0,35.0,36.0,36.0,36.0,36.0,36.0,36.0,36.0,36.0,37.0,37.0,37.0,37.0,37.0,37.0,37.0,37.0,37.0,38.0,38.0,38.0,38.0,38.0,38.0,38.0,38.0,38.0,38.0,39.0,39.0,39.0,39.0,39
kacuL0bgsdI,,,,,,,,,,,,4599.0,4730.0,4840.0,4934.0,4988.0,5034.0,5076.0,5109.0,5142.0,5178.0,5207.0,5238.0,5274.0,5294.0,5308.0,5318.0,5332.0,5358.0,5383.0,5406.0,5420.0,5429.0,5442.0,5457.0,5466.0,5471.0,5473.0,5502.0,5515.0,5525.0,5530.0,5535.0,5542.0,5547.0,5551.0,5557.0,5561.0,5568.0,5571.0,5572.0,5574.0,5576.0,,5579.0,5579.0,5581.0,5586.0,5587.0,5589.0,5591.0,5593.0,5593.0,5594.0,5595.0,5596.0,5600.0,5600.0,5602.0,5604.0,5606.0,5608.0,5610.0,5611.0,5615.0,5617.0,5617.0,5619.0,5619.0,5620.0,5620.0,5622.0,5625.0,5625.0,5626.0,5627.0,5628.0,5630.0,5665.0,5696.0,5700.0,5702.0,5693.0,5696.0,5701.0,5706.0,5709.0,5710.0,5712.0,5713.0,5714.0,5714.0,5715.0,5718.0,5718.0,5718.0,5718.0,5719.0,5720.0,5720.0,5720.0,5720.0,5721.0,5721.0,5722.0,5722
BTlj6Sls7KE,,,,,,,,,,,,803.0,2139.0,2726.0,2999.0,3244.0,3470.0,3662.0,3820.0,3916.0,3985.0,4054.0,4099.0,4137.0,4175.0,4252.0,4314.0,4363.0,4398.0,4431.0,4471.0,4495.0,4526.0,4540.0,4543.0,4541.0,4575.0,4595.0,4632.0,4656.0,4670.0,4692.0,4705.0,4717.0,4712.0,4726.0,4731.0,4743.0,4753.0,4765.0,4767.0,4781.0,4797.0,,4822.0,4831.0,4800.0,4810.0,4815.0,4826.0,4833.0,4850.0,4865.0,4882.0,4901.0,4916.0,4935.0,4941.0,4951.0,4958.0,4968.0,4977.0,4987.0,4996.0,5006.0,5010.0,5013.0,5021.0,5032.0,5038.0,5042.0,5044.0,5049.0,5052.0,5061.0,5063.0,5069.0,5081.0,5086.0,5095.0,5095.0,5109.0,5126.0,5143.0,5160.0,5173.0,5180.0,5186.0,5188.0,5198.0,5206.0,5210.0,5220.0,5223.0,5230.0,5238.0,5249.0,5263.0,5272.0,5279.0,5288.0,5294.0,5304.0,5313.0,5322.0,5330
ER4YaTP2Sc8,,,,,,,,,,,,181.0,182.0,183.0,184.0,184.0,187.0,187.0,191.0,195.0,197.0,199.0,203.0,205.0,207.0,207.0,209.0,210.0,211.0,211.0,213.0,214.0,216.0,217.0,223.0,224.0,226.0,228.0,229.0,229.0,229.0,229.0,229.0,229.0,229.0,229.0,229.0,229.0,229.0,230.0,230.0,239.0,241.0,,242.0,243.0,243.0,245.0,245.0,245.0,247.0,247.0,248.0,248.0,248.0,249.0,249.0,249.0,250.0,250.0,250.0,250.0,250.0,250.0,250.0,250.0,251.0,251.0,251.0,251.0,251.0,251.0,251.0,252.0,252.0,252.0,252.0,252.0,253.0,253.0,253.0,253.0,253.0,253.0,253.0,254.0,254.0,255.0,256.0,256.0,256.0,256.0,256.0,256.0,256.0,256.0,256.0,257.0,257.0,257.0,257.0,257.0,257.0,257.0,257.0,257
uGTz6iCDvIw,,,,,,,,,,,,1806.0,1874.0,1893.0,1904.0,1912.0,1917.0,1923.0,1932.0,1939.0,1941.0,1944.0,1948.0,1949.0,1956.0,1963.0,1965.0,1969.0,1969.0,1970.0,1972.0,1973.0,1973.0,1974.0,1976.0,1978.0,1978.0,1978.0,1978.0,1978.0,1978.0,1978.0,1979.0,1979.0,1979.0,1975.0,1975.0,1975.0,1975.0,1975.0,1970.0,1969.0,1966.0,,1966.0,1966.0,1966.0,1966.0,1965.0,1965.0,1965.0,1965.0,1965.0,1965.0,1965.0,1965.0,1965.0,1965.0,1965.0,1965.0,1965.0,1965.0,1965.0,1965.0,1965.0,1965.0,1965.0,1965.0,1965.0,1965.0,1965.0,1965.0,1965.0,1965.0,1965.0,1965.0,1965.0,1965.0,1965.0,1965.0,1965.0,1965.0,1965.0,1965.0,1965.0,1965.0,1965.0,1964.0,1964.0,1964.0,1964.0,1964.0,1964.0,1964.0,1964.0,1964.0,1964.0,1964.0,1964.0,1963.0,1963.0,1964.0,1964.0,1964.0,1964.0,1965
EKrsvC7XxhE,,,,,,,,,,,,466.0,634.0,706.0,735.0,754.0,767.0,774.0,780.0,782.0,784.0,784.0,784.0,786.0,787.0,791.0,791.0,791.0,787.0,787.0,787.0,787.0,788.0,786.0,787.0,787.0,787.0,791.0,792.0,792.0,791.0,792.0,792.0,792.0,793.0,793.0,794.0,796.0,798.0,800.0,800.0,801.0,801.0,,802.0,803.0,802.0,803.0,804.0,804.0,805.0,803.0,803.0,805.0,808.0,810.0,810.0,810.0,812.0,815.0,816.0,816.0,816.0,819.0,817.0,818.0,818.0,819.0,819.0,819.0,819.0,820.0,820.0,822.0,822.0,822.0,823.0,823.0,823.0,823.0,823.0,824.0,824.0,824.0,824.0,824.0,824.0,824.0,824.0,824.0,824.0,824.0,822.0,822.0,822.0,822.0,822.0,822.0,822.0,822.0,822.0,822.0,822.0,823.0,822.0,822
HHkj1M34QNg,,,,,,,,,,,,144.0,149.0,152.0,158.0,162.0,165.0,166.0,167.0,169.0,172.0,172.0,176.0,176.0,176.0,176.0,176.0,176.0,176.0,177.0,178.0,179.0,179.0,178.0,178.0,178.0,178.0,178.0,178.0,178.0,178.0,178.0,178.0,178.0,178.0,178.0,178.0,178.0,178.0,178.0,178.0,178.0,178.0,,177.0,178.0,179.0,179.0,179.0,179.0,179.0,179.0,179.0,179.0,179.0,179.0,179.0,179.0,179.0,179.0,179.0,179.0,179.0,179.0,179.0,179.0,179.0,179.0,179.0,179.0,179.0,179.0,179.0,178.0,177.0,177.0,177.0,177.0,177.0,178.0,178.0,178.0,178.0,178.0,178.0,178.0,180.0,180.0,180.0,180.0,180.0,180.0,180.0,180.0,180.0,180.0,180.0,180.0,180.0,180.0,180.0,180.0,180.0,180.0,180.0,180
ZkA18GPAylY,,,,,,,,,,,,,71.0,76.0,77.0,78.0,78.0,78.0,78.0,78.0,78.0,79.0,79.0,79.0,79.0,79.0,79.0,79.0,79.0,79.0,79.0,79.0,79.0,79.0,79.0,79.0,79.0,79.0,79.0,79.0,79.0,79.0,79.0,79.0,79.0,79.0,79.0,79.0,79.0,79.0,79.0,79.0,79.0,,79.0,79.0,79.0,79.0,79.0,79.0,79.0,79.0,79.0,79.0,79.0,79.0,79.0,79.0,79.0,79.0,79.0,79.0,79.0,79.0,79.0,79.0,79.0,79.0,79.0,79.0,79.0,79.0,79.0,79.0,79.0,79.0,79.0,79.0,79.0,79.0,79.0,79.0,79.0,79.0,79.0,79.0,79.0,79.0,79.0,79.0,79.0,79.0,79.0,79.0,79.0,79.0,79.0,79.0,79.0,79.0,79.0,79.0,79.0,79.0,79.0,79
cAIfrwyYmVo,,,,,,,,,,,,,21.0,28.0,31.0,32.0,33.0,34.0,34.0,36.0,37.0,40.0,40.0,40.0,40.0,41.0,43.0,43.0,44.0,44.0,45.0,45.0,45.0,46.0,47.0,47.0,47.0,47.0,47.0,47.0,47.0,48.0,48.0,48.0,49.0,47.0,47.0,47.0,47.0,47.0,47.0,47.0,47.0,,48.0,48.0,48.0,48.0,48.0,48.0,48.0,48.0,48.0,48.0,48.0,48.0,48.0,48.0,49.0,49.0,49.0,49.0,49.0,49.0,49.0,49.0,49.0,49.0,49.0,49.0,49.0,49.0,49.0,51.0,51.0,51.0,51.0,51.0,51.0,51.0,51.0,51.0,51.0,51.0,52.0,52.0,52.0,52.0,52.0,52.0,52.0,52.0,52.0,52.0,52.0,52.0,52.0,52.0,52.0,52.0,52.0,52.0,52.0,52.0,52.0,52
_laRJSDsyHM,,,,,,,,,,,,,94.0,97.0,101.0,103.0,104.0,104.0,104.0,104.0,104.0,106.0,106.0,106.0,106.0,106.0,106.0,106.0,106.0,106.0,106.0,106.0,106.0,106.0,106.0,106.0,106.0,106.0,106.0,106.0,106.0,106.0,106.0,106.0,106.0,106.0,106.0,106.0,106.0,106.0,106.0,106.0,106.0,,106.0,106.0,106.0,106.0,106.0,106.0,106.0,106.0,106.0,106.0,106.0,106.0,106.0,106.0,106.0,106.0,106.0,106.0,106.0,106.0,106.0,106.0,106.0,106.0,106.0,106.0,106.0,106.0,106.0,106.0,106.0,106.0,106.0,106.0,106.0,106.0,106.0,106.0,105.0,105.0,106.0,106.0,106.0,106.0,106.0,106.0,106.0,106.0,106.0,106.0,106.0,106.0,106.0,106.0,106.0,106.0,106.0,106.0,106.0,106.0,106.0,106
7KqkSpD4AxI,,,,,,,,,,,,,,0.0,0.0,0.0,0.0,0.0,0.0,0.0,0.0,0.0,0.0,0.0,0.0,0.0,0.0,0.0,0.0,0.0,0.0,0.0,0.0,0.0,0.0,0.0,0.0,0.0,0.0,0.0,0.0,0.0,0.0,0.0,0.0,0.0,0.0,0.0,0.0,1.0,3.0,3.0,3.0,,3.0,3.0,3.0,3.0,3.0,3.0,3.0,3.0,3.0,3.0,3.0,3.0,3.0,3.0,3.0,3.0,3.0,3.0,3.0,3.0,3.0,3.0,3.0,3.0,3.0,3.0,3.0,3.0,3.0,3.0,3.0,3.0,3.0,3.0,3.0,3.0,3.0,3.0,3.0,3.0,3.0,3.0,3.0,3.0,3.0,3.0,3.0,3.0,3.0,3.0,3.0,3.0,3.0,3.0,3.0,3.0,3.0,3.0,3.0,3.0,3.0,3
hQ4-H-nNNz4,,,,,,,,,,,,,,530.0,1152.0,1292.0,1362.0,1433.0,1468.0,1504.0,1532.0,1637.0,1721.0,1819.0,1883.0,1934.0,1982.0,2023.0,2057.0,2109.0,2148.0,2188.0,2226.0,2252.0,2291.0,2326.0,2354.0,2374.0,2393.0,2402.0,2417.0,2432.0,2444.0,2458.0,2482.0,2488.0,2500.0,2512.0,2521.0,2529.0,2553.0,2563.0,2568.0,,2593.0,2603.0,2616.0,2630.0,2642.0,2658.0,2669.0,2680.0,2697.0,2707.0,2715.0,2723.0,2725.0,2738.0,2740.0,2749.0,2751.0,2762.0,2772.0,2783.0,2804.0,2810.0,2813.0,2820.0,2823.0,2832.0,2833.0,2838.0,2841.0,2851.0,2861.0,2865.0,2869.0,2874.0,2878.0,2883.0,2889.0,2902.0,2907.0,2913.0,2915.0,2919.0,2921.0,2926.0,2931.0,2933.0,2941.0,2947.0,2953.0,2955.0,2958.0,2958.0,2964.0,2967.0,2968.0,2974.0,2961.0,2964.0,2965.0,2967.0,2970.0,2971
KRAFmgTECWw,,,,,,,,,,,,,,,203.0,434.0,544.0,636.0,685.0,721.0,743.0,754.0,766.0,768.0,773.0,783.0,808.0,841.0,865.0,870.0,873.0,875.0,884.0,885.0,891.0,893.0,896.0,897.0,897.0,903.0,907.0,907.0,907.0,907.0,908.0,911.0,911.0,912.0,912.0,913.0,913.0,914.0,916.0,,921.0,922.0,922.0,923.0,925.0,926.0,927.0,928.0,929.0,929.0,930.0,930.0,930.0,931.0,932.0,932.0,932.0,933.0,934.0,933.0,933.0,933.0,933.0,933.0,934.0,935.0,935.0,936.0,939.0,939.0,939.0,939.0,939.0,940.0,940.0,940.0,939.0,939.0,939.0,939.0,939.0,939.0,939.0,939.0,939.0,939.0,939.0,939.0,940.0,940.0,942.0,942.0,942.0,942.0,942.0,943.0,944.0,944.0,945.0,945.0,945.0,945
6gi87AUDs0M,,,,,,,,,,,,,,,16287.0,17150.0,17505.0,17799.0,17987.0,18120.0,18244.0,18359.0,18459.0,18607.0,18697.0,18781.0,18845.0,18933.0,18987.0,19072.0,19177.0,19217.0,19246.0,19258.0,19284.0,19317.0,19356.0,19400.0,19454.0,19518.0,19549.0,19603.0,19650.0,19671.0,19652.0,19673.0,19684.0,19714.0,19742.0,19760.0,19858.0,19975.0,20028.0,,20152.0,20170.0,20186.0,20269.0,20277.0,20286.0,20289.0,20288.0,20292.0,20291.0,20288.0,20283.0,20282.0,20283.0,20279.0,20281.0,20276.0,20279.0,20267.0,20254.0,20252.0,20256.0,20255.0,20251.0,20251.0,20251.0,20244.0,20241.0,20239.0,20239.0,20238.0,20236.0,20232.0,20232.0,20232.0,20227.0,20225.0,20211.0,20206.0,20199.0,20198.0,20193.0,20187.0,20181.0,20174.0,20173.0,20170.0,20170.0,20169.0,20168.0,20161.0,20156.0,20154.0,20155.0,20154.0,20156.0,20156.0,20151.0,20147.0,20146.0,20145.0,20142
97qr0BOdHkc,,,,,,,,,,,,,,,,103.0,130.0,151.0,170.0,186.0,194.0,201.0,206.0,210.0,210.0,218.0,220.0,221.0,221.0,221.0,226.0,229.0,230.0,238.0,244.0,246.0,248.0,249.0,251.0,252.0,254.0,254.0,254.0,253.0,252.0,251.0,251.0,251.0,251.0,252.0,252.0,252.0,253.0,,254.0,255.0,256.0,257.0,258.0,258.0,258.0,259.0,259.0,259.0,260.0,261.0,261.0,261.0,261.0,262.0,264.0,266.0,266.0,266.0,269.0,269.0,269.0,270.0,270.0,270.0,270.0,270.0,270.0,270.0,269.0,269.0,269.0,269.0,269.0,269.0,269.0,269.0,269.0,271.0,271.0,271.0,272.0,272.0,271.0,271.0,273.0,274.0,274.0,275.0,276.0,276.0,276.0,277.0,277.0,277.0,277.0,277.0,278.0,278.0,278.0,278
6AvlefX35o8,,,,,,,,,,,,,,,,778.0,1118.0,1350.0,1487.0,1673.0,1786.0,1856.0,1901.0,1972.0,2017.0,2077.0,2166.0,2254.0,2298.0,2326.0,2386.0,2413.0,2456.0,2484.0,2518.0,2537.0,2572.0,2606.0,2621.0,2640.0,2667.0,2682.0,2705.0,2715.0,2728.0,2733.0,2739.0,2742.0,2751.0,2760.0,2768.0,2773.0,2784.0,,2808.0,2818.0,2826.0,2831.0,2843.0,2845.0,2851.0,2855.0,2861.0,2872.0,2879.0,2879.0,2886.0,2887.0,2893.0,2897.0,2893.0,2894.0,2897.0,2896.0,2903.0,2910.0,2916.0,2917.0,2924.0,2928.0,2934.0,2937.0,2942.0,2947.0,2953.0,2957.0,2959.0,2962.0,2970.0,2976.0,2982.0,2985.0,2990.0,2995.0,2998.0,2999.0,2999.0,3003.0,3004.0,3010.0,3009.0,3010.0,3014.0,3019.0,3023.0,3027.0,3028.0,3029.0,3032.0,3040.0,3043.0,3047.0,3050.0,3053.0,3056.0,3057
t5oIE5lrph0,,,,,,,,,,,,,,,,11.0,11.0,11.0,11.0,11.0,11.0,11.0,11.0,11.0,11.0,11.0,11.0,11.0,11.0,11.0,11.0,11.0,11.0,11.0,11.0,11.0,11.0,11.0,11.0,11.0,11.0,11.0,11.0,11.0,11.0,11.0,11.0,11.0,11.0,11.0,11.0,11.0,11.0,,11.0,11.0,11.0,11.0,11.0,11.0,11.0,11.0,11.0,11.0,11.0,11.0,11.0,12.0,12.0,12.0,12.0,12.0,12.0,12.0,12.0,12.0,11.0,11.0,11.0,11.0,11.0,11.0,11.0,11.0,11.0,11.0,11.0,11.0,11.0,11.0,11.0,11.0,11.0,11.0,11.0,11.0,11.0,11.0,11.0,11.0,11.0,11.0,11.0,11.0,11.0,11.0,11.0,11.0,11.0,11.0,11.0,11.0,11.0,11.0,11.0,11
SoZeR3ttHKk,,,,,,,,,,,,,,,,52.0,53.0,57.0,56.0,57.0,57.0,57.0,58.0,58.0,58.0,58.0,58.0,58.0,58.0,58.0,58.0,59.0,59.0,59.0,59.0,71.0,71.0,71.0,71.0,71.0,71.0,71.0,73.0,73.0,73.0,73.0,73.0,73.0,73.0,74.0,74.0,74.0,75.0,,75.0,76.0,76.0,76.0,76.0,77.0,77.0,77.0,77.0,77.0,77.0,77.0,77.0,77.0,77.0,77.0,77.0,77.0,78.0,78.0,78.0,78.0,79.0,79.0,79.0,79.0,79.0,81.0,81.0,81.0,81.0,80.0,80.0,80.0,80.0,80.0,80.0,80.0,80.0,80.0,80.0,80.0,80.0,80.0,80.0,80.0,80.0,80.0,80.0,80.0,80.0,80.0,80.0,80.0,80.0,80.0,80.0,80.0,80.0,80.0,80.0,80
Zl-LzXzy4vc,,,,,,,,,,,,,,,,102.0,123.0,142.0,160.0,163.0,164.0,171.0,182.0,191.0,206.0,210.0,220.0,224.0,227.0,232.0,235.0,237.0,239.0,242.0,248.0,254.0,261.0,264.0,268.0,272.0,281.0,288.0,298.0,302.0,304.0,306.0,311.0,315.0,318.0,320.0,323.0,324.0,328.0,,333.0,337.0,337.0,337.0,342.0,346.0,347.0,349.0,350.0,352.0,355.0,357.0,359.0,361.0,363.0,365.0,365.0,367.0,370.0,373.0,375.0,377.0,377.0,380.0,381.0,384.0,385.0,386.0,388.0,388.0,393.0,395.0,397.0,397.0,399.0,399.0,401.0,403.0,400.0,402.0,402.0,404.0,405.0,405.0,407.0,408.0,409.0,412.0,415.0,415.0,416.0,418.0,418.0,418.0,420.0,420.0,423.0,424.0,425.0,427.0,430.0,432
RRad4YeoaJY,,,,,,,,,,,,,,,,187.0,189.0,188.0,189.0,189.0,190.0,190.0,190.0,189.0,190.0,190.0,190.0,190.0,192.0,192.0,192.0,192.0,192.0,192.0,192.0,192.0,192.0,192.0,192.0,192.0,192.0,192.0,192.0,192.0,192.0,192.0,192.0,192.0,192.0,192.0,192.0,192.0,192.0,,192.0,192.0,192.0,192.0,192.0,192.0,192.0,192.0,192.0,192.0,192.0,192.0,192.0,192.0,192.0,192.0,192.0,192.0,192.0,192.0,192.0,192.0,192.0,192.0,192.0,192.0,192.0,192.0,192.0,192.0,192.0,192.0,192.0,192.0,192.0,192.0,192.0,192.0,192.0,192.0,192.0,192.0,192.0,192.0,192.0,192.0,192.0,192.0,192.0,192.0,192.0,192.0,192.0,192.0,192.0,192.0,192.0,192.0,192.0,192.0,192.0,192
SUJn2h-J5Ko,,,,,,,,,,,,,,,,,181.0,183.0,183.0,185.0,186.0,186.0,186.0,186.0,186.0,186.0,186.0,185.0,185.0,185.0,185.0,185.0,185.0,185.0,185.0,185.0,185.0,185.0,185.0,185.0,185.0,185.0,185.0,184.0,184.0,184.0,184.0,184.0,184.0,184.0,184.0,184.0,184.0,,185.0,185.0,185.0,185.0,185.0,185.0,185.0,185.0,185.0,185.0,185.0,185.0,185.0,185.0,185.0,185.0,185.0,185.0,185.0,185.0,185.0,185.0,185.0,185.0,185.0,185.0,185.0,185.0,185.0,185.0,185.0,185.0,185.0,185.0,185.0,185.0,185.0,185.0,185.0,185.0,185.0,185.0,185.0,185.0,185.0,185.0,185.0,185.0,185.0,185.0,185.0,185.0,185.0,185.0,185.0,185.0,185.0,185.0,185.0,185.0,185.0,185
0iul7DdRFyA,,,,,,,,,,,,,,,,,407.0,408.0,408.0,408.0,408.0,408.0,408.0,409.0,409.0,410.0,412.0,412.0,412.0,412.0,413.0,413.0,413.0,413.0,413.0,413.0,414.0,414.0,416.0,416.0,416.0,417.0,417.0,417.0,417.0,418.0,419.0,419.0,419.0,419.0,415.0,415.0,413.0,,414.0,414.0,414.0,414.0,414.0,414.0,414.0,414.0,414.0,414.0,414.0,414.0,414.0,414.0,413.0,413.0,414.0,414.0,414.0,416.0,416.0,416.0,416.0,416.0,416.0,415.0,415.0,414.0,414.0,414.0,414.0,414.0,414.0,414.0,414.0,414.0,414.0,414.0,413.0,413.0,414.0,414.0,414.0,414.0,414.0,414.0,414.0,414.0,414.0,414.0,414.0,414.0,414.0,414.0,414.0,415.0,415.0,415.0,415.0,416.0,416.0,416
gOjG-70-D5o,,,,,,,,,,,,,,,,,10968.0,11607.0,12038.0,12297.0,12483.0,12692.0,12831.0,12976.0,13090.0,13180.0,13262.0,13339.0,13404.0,13481.0,13588.0,13666.0,13714.0,13770.0,13841.0,13888.0,13948.0,14036.0,14118.0,14190.0,14262.0,14334.0,14397.0,14458.0,14540.0,14677.0,14726.0,14762.0,14797.0,14825.0,14858.0,14904.0,14927.0,,15001.0,15036.0,15061.0,15091.0,15126.0,15171.0,15188.0,15212.0,15226.0,15248.0,15289.0,15315.0,15338.0,15353.0,15368.0,15382.0,15400.0,15415.0,15440.0,15461.0,15486.0,15505.0,15520.0,15539.0,15564.0,15584.0,15594.0,15597.0,15609.0,15620.0,15633.0,15638.0,15649.0,15658.0,15669.0,15679.0,15687.0,15705.0,15718.0,15730.0,15739.0,15748.0,15762.0,15773.0,15781.0,15793.0,15802.0,15810.0,15819.0,15826.0,15843.0,15848.0,15858.0,15865.0,15871.0,15877.0,15885.0,15891.0,15904.0,15914.0,15927.0,15931
bt1BdmKRzzw,,,,,,,,,,,,,,,,,,9.0,9.0,9.0,11.0,11.0,11.0,11.0,11.0,11.0,11.0,11.0,11.0,11.0,11.0,11.0,11.0,11.0,11.0,11.0,11.0,11.0,11.0,11.0,11.0,11.0,11.0,11.0,11.0,11.0,11.0,11.0,11.0,11.0,11.0,11.0,11.0,,11.0,11.0,11.0,11.0,11.0,11.0,11.0,11.0,11.0,11.0,11.0,11.0,11.0,11.0,11.0,11.0,11.0,11.0,11.0,11.0,11.0,11.0,11.0,11.0,11.0,11.0,11.0,11.0,11.0,11.0,11.0,11.0,11.0,11.0,11.0,11.0,11.0,11.0,11.0,11.0,11.0,11.0,11.0,11.0,11.0,11.0,11.0,11.0,11.0,11.0,11.0,11.0,11.0,11.0,11.0,11.0,11.0,11.0,11.0,11.0,11.0,11
gJrl2mpEsxI,,,,,,,,,,,,,,,,,,75.0,87.0,92.0,95.0,97.0,98.0,98.0,98.0,100.0,101.0,103.0,103.0,103.0,103.0,103.0,103.0,103.0,103.0,103.0,103.0,103.0,104.0,104.0,104.0,104.0,104.0,104.0,104.0,104.0,104.0,109.0,109.0,109.0,109.0,109.0,109.0,,109.0,109.0,109.0,109.0,109.0,109.0,110.0,110.0,110.0,110.0,110.0,110.0,110.0,110.0,110.0,110.0,110.0,110.0,110.0,110.0,110.0,110.0,110.0,110.0,110.0,110.0,110.0,110.0,110.0,110.0,110.0,110.0,110.0,110.0,110.0,110.0,110.0,110.0,110.0,110.0,110.0,110.0,110.0,110.0,111.0,111.0,111.0,111.0,111.0,111.0,111.0,111.0,111.0,111.0,111.0,111.0,111.0,111.0,112.0,114.0,114.0,114
e589HW1MGbo,,,,,,,,,,,,,,,,,,38.0,41.0,43.0,43.0,43.0,43.0,43.0,43.0,43.0,43.0,43.0,43.0,43.0,43.0,43.0,43.0,43.0,43.0,43.0,43.0,43.0,43.0,43.0,43.0,43.0,43.0,43.0,43.0,43.0,43.0,43.0,43.0,43.0,43.0,43.0,43.0,,43.0,43.0,43.0,43.0,43.0,43.0,43.0,43.0,43.0,43.0,43.0,43.0,43.0,43.0,43.0,43.0,43.0,43.0,43.0,43.0,43.0,43.0,43.0,43.0,43.0,43.0,43.0,43.0,43.0,43.0,43.0,43.0,43.0,43.0,43.0,43.0,43.0,43.0,43.0,43.0,43.0,43.0,43.0,43.0,43.0,43.0,43.0,43.0,43.0,43.0,43.0,43.0,43.0,43.0,43.0,43.0,43.0,43.0,43.0,43.0,43.0,43
HUNkE8Sopwo,,,,,,,,,,,,,,,,,,693.0,753.0,799.0,845.0,872.0,883.0,888.0,923.0,948.0,968.0,976.0,985.0,998.0,1007.0,1019.0,1039.0,1048.0,1073.0,1083.0,1106.0,1121.0,1129.0,1137.0,1140.0,1144.0,1147.0,1153.0,1159.0,1165.0,1173.0,1180.0,1184.0,1187.0,1189.0,1194.0,1197.0,,1202.0,1204.0,1207.0,1212.0,1213.0,1214.0,1216.0,1218.0,1220.0,1222.0,1223.0,1224.0,1225.0,1227.0,1228.0,1227.0,1228.0,1230.0,1234.0,1237.0,1241.0,1243.0,1246.0,1247.0,1252.0,1253.0,1254.0,1255.0,1255.0,1256.0,1256.0,1257.0,1258.0,1259.0,1260.0,1262.0,1261.0,1262.0,1263.0,1267.0,1270.0,1274.0,1274.0,1276.0,1279.0,1281.0,1282.0,1283.0,1284.0,1286.0,1287.0,1288.0,1291.0,1294.0,1297.0,1301.0,1303.0,1305.0,1306.0,1307.0,1309.0,1312
raPfw-TycEg,,,,,,,,,,,,,,,,,,,6.0,8.0,10.0,10.0,10.0,10.0,10.0,10.0,10.0,10.0,10.0,10.0,9.0,9.0,9.0,9.0,9.0,9.0,9.0,9.0,9.0,9.0,9.0,9.0,9.0,9.0,9.0,9.0,9.0,9.0,9.0,9.0,9.0,9.0,9.0,,9.0,9.0,9.0,9.0,9.0,9.0,9.0,9.0,9.0,9.0,9.0,9.0,9.0,9.0,9.0,9.0,9.0,9.0,9.0,9.0,9.0,9.0,9.0,9.0,9.0,9.0,9.0,9.0,9.0,9.0,9.0,9.0,9.0,9.0,9.0,9.0,9.0,9.0,9.0,9.0,9.0,9.0,9.0,9.0,9.0,9.0,9.0,9.0,9.0,9.0,9.0,9.0,9.0,9.0,9.0,9.0,9.0,9.0,9.0,9.0,9.0,9
kn-U4BvIuXw,,,,,,,,,,,,,,,,,,,368.0,372.0,377.0,385.0,387.0,390.0,391.0,393.0,394.0,395.0,395.0,395.0,396.0,396.0,396.0,400.0,400.0,400.0,401.0,401.0,401.0,401.0,402.0,402.0,402.0,403.0,402.0,402.0,402.0,403.0,404.0,405.0,405.0,405.0,405.0,,405.0,405.0,405.0,405.0,404.0,404.0,404.0,404.0,404.0,404.0,404.0,404.0,404.0,404.0,404.0,404.0,405.0,406.0,406.0,406.0,406.0,406.0,406.0,406.0,406.0,406.0,406.0,406.0,406.0,406.0,406.0,406.0,406.0,406.0,406.0,406.0,406.0,405.0,405.0,405.0,405.0,405.0,405.0,405.0,405.0,405.0,405.0,405.0,405.0,405.0,405.0,405.0,405.0,405.0,405.0,405.0,405.0,405.0,405.0,405.0,405.0,405
RV5_Y_f7u0k,,,,,,,,,,,,,,,,,,,100.0,104.0,104.0,104.0,106.0,107.0,108.0,108.0,108.0,108.0,108.0,108.0,108.0,108.0,108.0,108.0,108.0,109.0,109.0,109.0,109.0,109.0,109.0,109.0,109.0,110.0,110.0,110.0,110.0,110.0,110.0,110.0,110.0,110.0,110.0,,111.0,111.0,111.0,111.0,112.0,114.0,114.0,116.0,116.0,116.0,117.0,117.0,117.0,117.0,117.0,117.0,118.0,118.0,120.0,123.0,124.0,125.0,125.0,126.0,126.0,127.0,127.0,127.0,127.0,127.0,127.0,127.0,127.0,128.0,129.0,129.0,129.0,129.0,129.0,129.0,129.0,129.0,129.0,129.0,129.0,129.0,129.0,129.0,129.0,129.0,129.0,129.0,129.0,129.0,129.0,129.0,129.0,129.0,129.0,129.0,129.0,129
K7t12aTmhkc,,,,,,,,,,,,,,,,,,,2.0,7.0,9.0,10.0,13.0,13.0,13.0,13.0,13.0,13.0,13.0,13.0,13.0,13.0,15.0,15.0,15.0,15.0,15.0,15.0,15.0,15.0,15.0,15.0,15.0,15.0,15.0,15.0,15.0,15.0,15.0,15.0,15.0,15.0,15.0,,15.0,15.0,15.0,15.0,15.0,15.0,15.0,15.0,15.0,15.0,15.0,15.0,15.0,15.0,15.0,15.0,15.0,15.0,17.0,18.0,18.0,18.0,18.0,18.0,18.0,18.0,18.0,18.0,18.0,18.0,18.0,18.0,18.0,18.0,18.0,18.0,18.0,18.0,18.0,18.0,18.0,18.0,18.0,18.0,18.0,18.0,18.0,18.0,18.0,18.0,18.0,18.0,19.0,19.0,19.0,19.0,19.0,19.0,19.0,19.0,19.0,19
SeZ6L9jZmHc,,,,,,,,,,,,,,,,,,,122.0,133.0,134.0,141.0,145.0,151.0,151.0,151.0,151.0,151.0,151.0,151.0,151.0,151.0,151.0,151.0,151.0,151.0,151.0,151.0,151.0,151.0,151.0,151.0,151.0,151.0,151.0,151.0,151.0,150.0,150.0,150.0,150.0,150.0,150.0,,150.0,150.0,150.0,150.0,150.0,150.0,150.0,150.0,150.0,150.0,150.0,150.0,150.0,150.0,150.0,150.0,150.0,150.0,150.0,150.0,150.0,150.0,150.0,150.0,150.0,150.0,150.0,150.0,150.0,150.0,150.0,150.0,150.0,150.0,150.0,150.0,149.0,149.0,149.0,149.0,149.0,149.0,149.0,149.0,149.0,149.0,149.0,149.0,149.0,149.0,149.0,149.0,149.0,149.0,149.0,149.0,149.0,149.0,149.0,149.0,149.0,149
nzWl5oaZ1Gg,,,,,,,,,,,,,,,,,,,,56.0,89.0,103.0,107.0,109.0,115.0,116.0,117.0,118.0,122.0,122.0,122.0,124.0,124.0,124.0,124.0,124.0,124.0,124.0,124.0,125.0,125.0,125.0,125.0,125.0,123.0,123.0,123.0,123.0,124.0,124.0,124.0,124.0,124.0,,124.0,124.0,124.0,124.0,124.0,124.0,124.0,124.0,124.0,124.0,124.0,124.0,124.0,124.0,124.0,124.0,124.0,124.0,124.0,124.0,124.0,124.0,124.0,124.0,124.0,124.0,124.0,124.0,124.0,124.0,124.0,124.0,124.0,124.0,124.0,124.0,124.0,124.0,124.0,124.0,124.0,124.0,123.0,123.0,123.0,123.0,123.0,123.0,123.0,123.0,123.0,123.0,123.0,123.0,123.0,123.0,123.0,123.0,123.0,123.0,123.0,123
Y0Ul1XB0-Lc,,,,,,,,,,,,,,,,,,,,151.0,203.0,219.0,232.0,234.0,236.0,241.0,242.0,242.0,242.0,242.0,242.0,242.0,242.0,242.0,242.0,242.0,243.0,243.0,243.0,243.0,243.0,243.0,243.0,243.0,243.0,243.0,243.0,243.0,243.0,243.0,243.0,243.0,243.0,,243.0,243.0,243.0,243.0,243.0,243.0,243.0,243.0,243.0,243.0,243.0,243.0,243.0,243.0,242.0,242.0,242.0,242.0,242.0,242.0,242.0,242.0,242.0,242.0,242.0,242.0,242.0,242.0,242.0,242.0,242.0,242.0,241.0,241.0,241.0,241.0,241.0,241.0,241.0,241.0,241.0,241.0,241.0,241.0,241.0,241.0,241.0,241.0,241.0,241.0,241.0,241.0,241.0,241.0,241.0,241.0,241.0,241.0,241.0,241.0,241.0,241
Vj3zqFDToIM,,,,,,,,,,,,,,,,,,,,18.0,18.0,18.0,18.0,18.0,19.0,19.0,19.0,19.0,19.0,19.0,19.0,19.0,19.0,19.0,19.0,19.0,20.0,20.0,20.0,20.0,20.0,20.0,20.0,21.0,21.0,21.0,21.0,21.0,21.0,21.0,21.0,21.0,21.0,,21.0,21.0,21.0,21.0,21.0,21.0,21.0,21.0,21.0,21.0,21.0,21.0,21.0,21.0,21.0,21.0,21.0,21.0,21.0,21.0,21.0,21.0,21.0,21.0,21.0,21.0,21.0,21.0,21.0,21.0,21.0,21.0,21.0,21.0,21.0,21.0,21.0,21.0,21.0,21.0,21.0,21.0,21.0,21.0,21.0,21.0,21.0,21.0,21.0,22.0,22.0,22.0,22.0,22.0,22.0,23.0,23.0,23.0,23.0,23.0,23.0,23
F192Gkz5Tas,,,,,,,,,,,,,,,,,,,,235.0,248.0,252.0,253.0,252.0,252.0,252.0,252.0,252.0,252.0,252.0,252.0,252.0,252.0,252.0,252.0,252.0,252.0,252.0,252.0,252.0,252.0,252.0,252.0,251.0,251.0,251.0,251.0,251.0,251.0,251.0,251.0,251.0,251.0,,251.0,251.0,251.0,251.0,251.0,251.0,251.0,251.0,251.0,251.0,251.0,251.0,251.0,252.0,252.0,252.0,252.0,252.0,252.0,252.0,252.0,252.0,252.0,252.0,252.0,252.0,251.0,251.0,251.0,251.0,251.0,251.0,251.0,251.0,251.0,251.0,251.0,250.0,250.0,250.0,250.0,250.0,250.0,250.0,250.0,250.0,250.0,250.0,250.0,250.0,250.0,250.0,250.0,250.0,250.0,250.0,250.0,250.0,250.0,250.0,250.0,250
4sl47VgK_4A,,,,,,,,,,,,,,,,,,,,46.0,46.0,46.0,47.0,47.0,47.0,47.0,47.0,47.0,47.0,47.0,47.0,47.0,47.0,47.0,47.0,47.0,47.0,47.0,47.0,47.0,47.0,47.0,47.0,47.0,47.0,47.0,47.0,47.0,47.0,47.0,47.0,47.0,47.0,,47.0,47.0,47.0,47.0,47.0,47.0,47.0,47.0,47.0,47.0,47.0,47.0,47.0,47.0,47.0,47.0,47.0,47.0,47.0,47.0,47.0,47.0,47.0,47.0,47.0,47.0,47.0,47.0,47.0,47.0,47.0,47.0,47.0,47.0,47.0,47.0,47.0,47.0,47.0,47.0,47.0,47.0,47.0,47.0,47.0,47.0,47.0,47.0,47.0,47.0,47.0,47.0,47.0,47.0,47.0,47.0,47.0,47.0,47.0,47.0,47.0,47
OgOm9Ei0BUc,,,,,,,,,,,,,,,,,,,,164.0,230.0,246.0,252.0,256.0,264.0,264.0,266.0,266.0,267.0,268.0,270.0,275.0,275.0,277.0,277.0,278.0,279.0,281.0,283.0,284.0,284.0,287.0,287.0,288.0,289.0,289.0,288.0,288.0,288.0,288.0,289.0,289.0,290.0,,291.0,290.0,291.0,291.0,295.0,295.0,295.0,295.0,295.0,296.0,296.0,297.0,298.0,298.0,298.0,298.0,298.0,298.0,298.0,298.0,300.0,300.0,300.0,300.0,301.0,301.0,301.0,301.0,301.0,301.0,301.0,301.0,301.0,301.0,301.0,301.0,301.0,301.0,301.0,301.0,301.0,301.0,301.0,301.0,301.0,301.0,301.0,301.0,301.0,301.0,301.0,302.0,302.0,302.0,303.0,303.0,303.0,302.0,302.0,302.0,302.0,303
ou2Y2vGKCyY,,,,,,,,,,,,,,,,,,,,,282.0,308.0,323.0,332.0,339.0,344.0,350.0,350.0,351.0,353.0,357.0,358.0,358.0,358.0,362.0,362.0,362.0,363.0,363.0,363.0,363.0,364.0,364.0,364.0,364.0,364.0,364.0,364.0,364.0,364.0,364.0,364.0,363.0,,364.0,364.0,364.0,365.0,365.0,366.0,366.0,366.0,366.0,367.0,367.0,368.0,368.0,368.0,369.0,369.0,369.0,369.0,369.0,369.0,369.0,369.0,369.0,369.0,369.0,369.0,369.0,369.0,369.0,369.0,369.0,369.0,369.0,369.0,368.0,368.0,368.0,368.0,368.0,369.0,369.0,369.0,372.0,372.0,372.0,372.0,372.0,372.0,372.0,372.0,372.0,372.0,372.0,372.0,372.0,373.0,373.0,373.0,373.0,373.0,373.0,373
3WT8A28JPnY,,,,,,,,,,,,,,,,,,,,,5.0,5.0,5.0,5.0,5.0,5.0,5.0,5.0,5.0,5.0,5.0,5.0,5.0,5.0,5.0,5.0,5.0,5.0,5.0,5.0,5.0,5.0,5.0,5.0,5.0,5.0,5.0,5.0,5.0,5.0,5.0,5.0,5.0,,5.0,5.0,5.0,5.0,5.0,5.0,5.0,5.0,5.0,5.0,5.0,5.0,5.0,5.0,6.0,6.0,6.0,6.0,6.0,6.0,6.0,6.0,6.0,6.0,6.0,6.0,6.0,6.0,6.0,6.0,6.0,6.0,6.0,6.0,6.0,6.0,6.0,6.0,6.0,6.0,6.0,6.0,6.0,6.0,6.0,6.0,6.0,6.0,6.0,6.0,6.0,6.0,6.0,6.0,6.0,6.0,6.0,6.0,6.0,6.0,6.0,6
HRDApL3_m18,,,,,,,,,,,,,,,,,,,,,23.0,31.0,33.0,35.0,36.0,36.0,36.0,36.0,37.0,37.0,38.0,38.0,38.0,38.0,38.0,38.0,38.0,38.0,38.0,38.0,38.0,38.0,38.0,38.0,38.0,38.0,39.0,39.0,39.0,39.0,39.0,39.0,39.0,,41.0,41.0,42.0,42.0,38.0,38.0,38.0,39.0,39.0,39.0,39.0,39.0,39.0,39.0,40.0,40.0,40.0,40.0,40.0,40.0,40.0,40.0,40.0,40.0,41.0,42.0,42.0,42.0,42.0,42.0,42.0,42.0,42.0,42.0,42.0,42.0,42.0,43.0,44.0,44.0,44.0,44.0,44.0,44.0,44.0,45.0,45.0,45.0,46.0,47.0,47.0,47.0,47.0,47.0,47.0,47.0,47.0,47.0,47.0,47.0,47.0,47
w7j0aTM5ujk,,,,,,,,,,,,,,,,,,,,,2239.0,2467.0,2587.0,2640.0,2671.0,2686.0,2701.0,2699.0,2692.0,2691.0,2691.0,2692.0,2693.0,2692.0,2692.0,2691.0,2692.0,2692.0,2692.0,2693.0,2693.0,2693.0,2693.0,2693.0,2692.0,2691.0,2691.0,2691.0,2691.0,2691.0,2691.0,2691.0,2690.0,,2690.0,2690.0,2690.0,2690.0,2689.0,2688.0,2688.0,2686.0,2687.0,2687.0,2686.0,2687.0,2687.0,2687.0,2687.0,2687.0,2687.0,2688.0,2688.0,2688.0,2688.0,2688.0,2688.0,2688.0,2688.0,2688.0,2688.0,2688.0,2688.0,2688.0,2688.0,2688.0,2686.0,2686.0,2686.0,2686.0,2686.0,2686.0,2686.0,2686.0,2686.0,2686.0,2686.0,2686.0,2685.0,2685.0,2685.0,2685.0,2685.0,2685.0,2685.0,2684.0,2684.0,2684.0,2682.0,2682.0,2682.0,2682.0,2682.0,2682.0,2682.0,2682
CO7xkEXsn5s,,,,,,,,,,,,,,,,,,,,,39.0,40.0,40.0,41.0,45.0,46.0,47.0,48.0,48.0,48.0,49.0,50.0,51.0,52.0,52.0,52.0,52.0,52.0,53.0,53.0,53.0,52.0,52.0,52.0,52.0,52.0,52.0,52.0,52.0,52.0,52.0,52.0,52.0,,52.0,52.0,52.0,52.0,52.0,52.0,52.0,52.0,52.0,52.0,52.0,52.0,52.0,52.0,52.0,52.0,52.0,52.0,52.0,52.0,52.0,52.0,52.0,52.0,52.0,52.0,52.0,52.0,52.0,52.0,52.0,52.0,52.0,52.0,52.0,52.0,52.0,52.0,52.0,52.0,52.0,52.0,52.0,52.0,52.0,52.0,52.0,52.0,52.0,52.0,52.0,52.0,52.0,52.0,52.0,52.0,52.0,52.0,52.0,52.0,52.0,52
XPqXU3SfxdU,,,,,,,,,,,,,,,,,,,,,,1728.0,1990.0,2085.0,2126.0,2150.0,2171.0,2185.0,2203.0,2223.0,2229.0,2236.0,2226.0,2234.0,2241.0,2246.0,2249.0,2252.0,2249.0,2260.0,2262.0,2270.0,2269.0,2268.0,2273.0,2275.0,2278.0,2278.0,2280.0,2279.0,2279.0,2280.0,2283.0,,2287.0,2288.0,2291.0,2290.0,2290.0,2292.0,2294.0,2294.0,2295.0,2294.0,2293.0,2294.0,2292.0,2294.0,2294.0,2295.0,2292.0,2292.0,2295.0,2295.0,2297.0,2297.0,2298.0,2299.0,2300.0,2300.0,2301.0,2302.0,2301.0,2299.0,2300.0,2313.0,2323.0,2346.0,2350.0,2353.0,2357.0,2357.0,2359.0,2358.0,2358.0,2359.0,2356.0,2358.0,2358.0,2358.0,2358.0,2358.0,2358.0,2357.0,2358.0,2359.0,2359.0,2359.0,2359.0,2370.0,2376.0,2376.0,2377.0,2376.0,2377.0,2380
bxPt9jC1Xxo,,,,,,,,,,,,,,,,,,,,,,,0.0,0.0,0.0,0.0,0.0,0.0,0.0,0.0,0.0,0.0,0.0,0.0,0.0,0.0,0.0,0.0,0.0,0.0,0.0,0.0,0.0,0.0,0.0,0.0,0.0,0.0,0.0,0.0,0.0,0.0,0.0,,0.0,0.0,0.0,0.0,0.0,0.0,0.0,0.0,0.0,0.0,0.0,0.0,0.0,0.0,0.0,0.0,0.0,0.0,0.0,0.0,0.0,0.0,0.0,0.0,0.0,0.0,0.0,0.0,0.0,0.0,0.0,0.0,0.0,0.0,0.0,0.0,0.0,0.0,0.0,0.0,0.0,0.0,0.0,0.0,0.0,0.0,0.0,0.0,0.0,0.0,0.0,0.0,0.0,0.0,0.0,0.0,0.0,0.0,0.0,0.0,0.0,0
JBrmXv5nwZs,,,,,,,,,,,,,,,,,,,,,,,0.0,0.0,0.0,0.0,0.0,0.0,0.0,0.0,0.0,0.0,0.0,0.0,0.0,,,,,,,,,,,,,,,,,,,,,,,,,,,,,,,,,,,,,,,,,,,,,,,,,,,,,,,,,,,,,,,,,,,,,,,,,,,,,,,,,
f9m2SQ81v7Q,,,,,,,,,,,,,,,,,,,,,,,85.0,85.0,91.0,91.0,92.0,92.0,92.0,92.0,93.0,93.0,93.0,93.0,93.0,93.0,93.0,93.0,93.0,93.0,93.0,93.0,93.0,93.0,93.0,93.0,93.0,93.0,93.0,93.0,93.0,93.0,93.0,,93.0,93.0,93.0,93.0,93.0,93.0,93.0,93.0,93.0,93.0,93.0,93.0,93.0,93.0,93.0,93.0,93.0,93.0,93.0,93.0,93.0,93.0,93.0,93.0,93.0,93.0,93.0,93.0,93.0,93.0,93.0,93.0,93.0,93.0,93.0,93.0,93.0,93.0,93.0,93.0,93.0,93.0,93.0,93.0,93.0,93.0,93.0,93.0,93.0,93.0,93.0,93.0,93.0,93.0,93.0,93.0,93.0,93.0,93.0,93.0,93.0,93
XE4A3zRxk8M,,,,,,,,,,,,,,,,,,,,,,,0.0,0.0,0.0,0.0,0.0,0.0,0.0,0.0,0.0,0.0,0.0,0.0,0.0,0.0,0.0,0.0,0.0,0.0,0.0,0.0,0.0,0.0,0.0,0.0,0.0,0.0,0.0,0.0,0.0,0.0,0.0,,0.0,0.0,0.0,0.0,0.0,0.0,0.0,0.0,0.0,0.0,0.0,0.0,0.0,0.0,0.0,0.0,0.0,0.0,0.0,0.0,0.0,0.0,0.0,0.0,0.0,0.0,0.0,0.0,0.0,0.0,0.0,0.0,0.0,0.0,0.0,0.0,0.0,0.0,0.0,0.0,0.0,0.0,0.0,0.0,0.0,0.0,0.0,0.0,0.0,0.0,0.0,0.0,0.0,0.0,0.0,0.0,0.0,0.0,0.0,0.0,0.0,0
6PH4Kfjeuo8,,,,,,,,,,,,,,,,,,,,,,,5.0,5.0,5.0,6.0,6.0,6.0,8.0,9.0,9.0,9.0,9.0,10.0,10.0,10.0,10.0,10.0,10.0,10.0,11.0,11.0,12.0,12.0,12.0,13.0,13.0,13.0,13.0,13.0,13.0,13.0,13.0,,13.0,14.0,14.0,14.0,14.0,14.0,14.0,14.0,14.0,14.0,14.0,14.0,14.0,14.0,15.0,15.0,15.0,15.0,15.0,15.0,15.0,15.0,17.0,17.0,17.0,17.0,17.0,17.0,17.0,17.0,17.0,17.0,17.0,17.0,17.0,17.0,17.0,17.0,17.0,17.0,17.0,17.0,17.0,18.0,18.0,18.0,18.0,18.0,18.0,18.0,18.0,18.0,18.0,18.0,18.0,18.0,18.0,20.0,20.0,20.0,20.0,21
vuAp-MShrVw,,,,,,,,,,,,,,,,,,,,,,,191.0,266.0,294.0,312.0,314.0,320.0,321.0,320.0,320.0,320.0,321.0,323.0,323.0,323.0,325.0,326.0,327.0,327.0,329.0,330.0,330.0,330.0,330.0,330.0,331.0,356.0,356.0,359.0,359.0,359.0,359.0,,359.0,359.0,359.0,359.0,360.0,360.0,360.0,360.0,361.0,361.0,363.0,366.0,366.0,366.0,366.0,366.0,367.0,367.0,369.0,369.0,370.0,370.0,370.0,370.0,371.0,371.0,371.0,371.0,371.0,371.0,372.0,373.0,373.0,373.0,373.0,373.0,373.0,372.0,372.0,372.0,372.0,372.0,372.0,372.0,372.0,372.0,372.0,372.0,372.0,373.0,373.0,373.0,373.0,373.0,373.0,373.0,373.0,373.0,373.0,373.0,373.0,372
JUeZL0TyT3I,,,,,,,,,,,,,,,,,,,,,,,1543.0,2114.0,2207.0,2261.0,2291.0,2316.0,2326.0,2337.0,2346.0,2361.0,2377.0,2386.0,2392.0,2392.0,2391.0,2396.0,2399.0,2399.0,2400.0,2404.0,2407.0,2407.0,2404.0,2402.0,2402.0,2402.0,2401.0,2404.0,2406.0,2405.0,2407.0,,2408.0,2407.0,2408.0,2409.0,2408.0,2408.0,2408.0,2408.0,2408.0,2408.0,2410.0,2411.0,2411.0,2413.0,2413.0,2413.0,2412.0,2412.0,2412.0,2417.0,2420.0,2419.0,2421.0,2421.0,2425.0,2426.0,2426.0,2426.0,2426.0,2425.0,2424.0,2424.0,2425.0,2424.0,2424.0,2424.0,2424.0,2424.0,2425.0,2425.0,2425.0,2424.0,2423.0,2423.0,2423.0,2423.0,2423.0,2423.0,2423.0,2423.0,2423.0,2424.0,2424.0,2424.0,2425.0,2426.0,2426.0,2426.0,2426.0,2428.0,2427.0,2427
BN3sEtwD7qU,,,,,,,,,,,,,,,,,,,,,,,,8.0,11.0,12.0,16.0,20.0,21.0,22.0,22.0,23.0,23.0,23.0,23.0,23.0,23.0,23.0,23.0,24.0,24.0,26.0,29.0,29.0,29.0,29.0,29.0,29.0,29.0,29.0,29.0,30.0,30.0,,36.0,144.0,185.0,223.0,265.0,295.0,319.0,321.0,320.0,321.0,320.0,320.0,320.0,320.0,320.0,320.0,320.0,320.0,320.0,320.0,320.0,320.0,321.0,321.0,321.0,321.0,321.0,321.0,321.0,321.0,321.0,321.0,321.0,321.0,321.0,321.0,321.0,321.0,321.0,321.0,321.0,321.0,321.0,321.0,321.0,322.0,322.0,322.0,322.0,322.0,322.0,322.0,322.0,322.0,322.0,323.0,323.0,323.0,323.0,323.0,323.0,323
8k0qIUhaCD0,,,,,,,,,,,,,,,,,,,,,,,,2.0,5.0,6.0,8.0,8.0,8.0,9.0,9.0,9.0,9.0,9.0,9.0,9.0,9.0,9.0,9.0,9.0,9.0,9.0,9.0,9.0,9.0,9.0,9.0,9.0,9.0,9.0,9.0,9.0,9.0,,9.0,9.0,10.0,10.0,10.0,10.0,10.0,10.0,10.0,10.0,10.0,10.0,10.0,10.0,10.0,10.0,10.0,10.0,10.0,10.0,10.0,10.0,10.0,10.0,10.0,10.0,10.0,10.0,10.0,10.0,10.0,10.0,10.0,10.0,10.0,10.0,10.0,10.0,10.0,10.0,10.0,10.0,10.0,10.0,10.0,10.0,10.0,10.0,10.0,10.0,10.0,10.0,10.0,10.0,10.0,10.0,10.0,10.0,10.0,10.0,10.0,10
pOAKFUpMdd0,,,,,,,,,,,,,,,,,,,,,,,,,457.0,625.0,659.0,666.0,672.0,675.0,677.0,679.0,682.0,681.0,682.0,682.0,680.0,683.0,685.0,686.0,686.0,687.0,687.0,689.0,689.0,689.0,687.0,687.0,687.0,687.0,687.0,687.0,687.0,,687.0,687.0,686.0,686.0,686.0,686.0,686.0,686.0,686.0,686.0,686.0,686.0,686.0,686.0,686.0,686.0,686.0,686.0,686.0,686.0,686.0,686.0,686.0,686.0,686.0,686.0,685.0,685.0,685.0,685.0,684.0,684.0,684.0,684.0,683.0,683.0,683.0,683.0,683.0,683.0,683.0,683.0,683.0,683.0,683.0,683.0,683.0,683.0,683.0,683.0,683.0,683.0,683.0,683.0,683.0,683.0,683.0,683.0,683.0,683.0,683.0,683
8RAQSwpjFoE,,,,,,,,,,,,,,,,,,,,,,,,,,338.0,375.0,377.0,377.0,377.0,377.0,377.0,377.0,377.0,377.0,377.0,377.0,377.0,377.0,377.0,377.0,377.0,377.0,357.0,357.0,357.0,356.0,356.0,357.0,357.0,357.0,357.0,357.0,,355.0,355.0,355.0,355.0,355.0,355.0,355.0,355.0,355.0,355.0,356.0,356.0,355.0,355.0,355.0,356.0,356.0,356.0,356.0,356.0,356.0,356.0,356.0,356.0,356.0,356.0,356.0,356.0,356.0,356.0,356.0,356.0,356.0,356.0,356.0,356.0,356.0,356.0,356.0,356.0,356.0,356.0,356.0,356.0,356.0,356.0,356.0,356.0,356.0,356.0,356.0,356.0,356.0,356.0,356.0,356.0,356.0,356.0,356.0,356.0,356.0,356
wlR8b_uOfh4,,,,,,,,,,,,,,,,,,,,,,,,,,61.0,90.0,124.0,137.0,141.0,157.0,157.0,157.0,157.0,157.0,157.0,157.0,157.0,157.0,157.0,157.0,157.0,157.0,157.0,157.0,157.0,157.0,157.0,157.0,157.0,157.0,157.0,157.0,,158.0,158.0,158.0,158.0,158.0,158.0,156.0,156.0,156.0,156.0,156.0,156.0,156.0,156.0,156.0,156.0,156.0,156.0,156.0,156.0,156.0,156.0,156.0,156.0,156.0,156.0,156.0,156.0,156.0,156.0,156.0,156.0,156.0,156.0,156.0,156.0,156.0,156.0,156.0,156.0,156.0,156.0,156.0,156.0,155.0,155.0,155.0,155.0,155.0,155.0,155.0,155.0,155.0,155.0,155.0,155.0,155.0,155.0,155.0,155.0,155.0,155
XQ7vBKHMw7M,,,,,,,,,,,,,,,,,,,,,,,,,,596.0,661.0,703.0,735.0,758.0,770.0,776.0,782.0,787.0,792.0,796.0,797.0,799.0,799.0,801.0,802.0,803.0,802.0,803.0,803.0,803.0,803.0,803.0,804.0,804.0,804.0,804.0,804.0,,805.0,805.0,805.0,805.0,805.0,805.0,806.0,806.0,806.0,807.0,807.0,808.0,808.0,808.0,809.0,809.0,809.0,808.0,808.0,808.0,809.0,809.0,809.0,809.0,811.0,811.0,811.0,811.0,812.0,812.0,812.0,812.0,812.0,812.0,812.0,812.0,812.0,812.0,813.0,813.0,813.0,813.0,813.0,813.0,813.0,813.0,813.0,813.0,814.0,814.0,814.0,815.0,815.0,815.0,815.0,815.0,815.0,815.0,815.0,814.0,814.0,813
7ehdQWIV5Ik,,,,,,,,,,,,,,,,,,,,,,,,,,389.0,545.0,568.0,577.0,601.0,635.0,651.0,664.0,676.0,680.0,685.0,692.0,696.0,707.0,716.0,723.0,725.0,728.0,734.0,738.0,738.0,743.0,747.0,748.0,757.0,757.0,763.0,768.0,,775.0,776.0,778.0,785.0,787.0,790.0,796.0,796.0,798.0,802.0,806.0,807.0,812.0,814.0,816.0,820.0,822.0,823.0,827.0,829.0,834.0,841.0,843.0,844.0,848.0,852.0,855.0,860.0,862.0,865.0,869.0,872.0,875.0,878.0,880.0,883.0,886.0,889.0,891.0,895.0,897.0,899.0,901.0,903.0,906.0,908.0,908.0,916.0,921.0,924.0,927.0,929.0,931.0,934.0,938.0,938.0,942.0,948.0,944.0,949.0,952.0,952
4qWUNxnZ35U,,,,,,,,,,,,,,,,,,,,,,,,,,976.0,983.0,988.0,996.0,1000.0,1002.0,1004.0,1007.0,1005.0,1007.0,1007.0,1008.0,1010.0,1009.0,1011.0,1012.0,1011.0,1012.0,1013.0,1013.0,1013.0,1013.0,1014.0,1014.0,1014.0,1014.0,1014.0,1013.0,,1013.0,1013.0,1013.0,1013.0,1013.0,1012.0,1011.0,1011.0,1011.0,1011.0,1011.0,1011.0,1010.0,1009.0,1009.0,1009.0,1009.0,1009.0,1009.0,1009.0,1009.0,1009.0,1008.0,1007.0,1007.0,1006.0,1005.0,1005.0,1005.0,1005.0,1005.0,1005.0,1005.0,1005.0,1005.0,1005.0,1006.0,1005.0,1005.0,1005.0,1005.0,1005.0,1005.0,1005.0,1005.0,1005.0,1005.0,1005.0,1004.0,1004.0,1004.0,1004.0,1004.0,1004.0,1004.0,1003.0,1003.0,1003.0,1004.0,1004.0,1004.0,1004
OaBsMBK1Bgo,,,,,,,,,,,,,,,,,,,,,,,,,,,0.0,0.0,0.0,0.0,0.0,0.0,0.0,0.0,0.0,0.0,0.0,0.0,0.0,0.0,0.0,0.0,0.0,0.0,0.0,0.0,0.0,0.0,0.0,0.0,0.0,0.0,0.0,,0.0,0.0,0.0,0.0,0.0,0.0,0.0,0.0,0.0,0.0,0.0,0.0,0.0,0.0,0.0,0.0,0.0,0.0,0.0,0.0,0.0,0.0,0.0,0.0,0.0,0.0,0.0,0.0,0.0,0.0,0.0,0.0,0.0,0.0,0.0,0.0,0.0,0.0,0.0,0.0,0.0,0.0,0.0,0.0,0.0,0.0,0.0,0.0,0.0,0.0,0.0,0.0,0.0,0.0,0.0,0.0,0.0,0.0,0.0,0.0,0.0,0
1hRzRN2bs3k,,,,,,,,,,,,,,,,,,,,,,,,,,,84.0,112.0,125.0,129.0,129.0,131.0,134.0,137.0,139.0,140.0,140.0,141.0,141.0,142.0,142.0,144.0,154.0,198.0,200.0,200.0,200.0,200.0,201.0,201.0,203.0,203.0,203.0,,204.0,204.0,204.0,204.0,204.0,204.0,204.0,204.0,204.0,204.0,204.0,204.0,204.0,204.0,204.0,204.0,204.0,204.0,205.0,205.0,206.0,206.0,205.0,206.0,206.0,206.0,207.0,207.0,207.0,207.0,207.0,207.0,207.0,207.0,207.0,207.0,207.0,207.0,207.0,207.0,207.0,207.0,207.0,207.0,207.0,208.0,208.0,208.0,208.0,208.0,208.0,208.0,208.0,208.0,208.0,208.0,208.0,208.0,208.0,208.0,208.0,208
X4vFdfSsMmA,,,,,,,,,,,,,,,,,,,,,,,,,,,,5.0,10.0,10.0,10.0,10.0,10.0,10.0,10.0,10.0,10.0,10.0,10.0,10.0,10.0,10.0,10.0,10.0,10.0,10.0,10.0,10.0,10.0,10.0,10.0,10.0,10.0,,10.0,10.0,10.0,10.0,10.0,10.0,10.0,10.0,10.0,10.0,10.0,10.0,10.0,10.0,10.0,10.0,10.0,10.0,10.0,10.0,10.0,10.0,10.0,10.0,10.0,10.0,10.0,10.0,10.0,10.0,10.0,10.0,10.0,10.0,10.0,10.0,10.0,10.0,10.0,10.0,10.0,10.0,10.0,10.0,10.0,10.0,10.0,10.0,10.0,10.0,10.0,10.0,10.0,10.0,10.0,10.0,10.0,10.0,10.0,10.0,10.0,10
kI9YD61ehIw,,,,,,,,,,,,,,,,,,,,,,,,,,,,654.0,964.0,1108.0,1188.0,1240.0,1270.0,1338.0,1379.0,1429.0,1467.0,1496.0,1508.0,1552.0,1577.0,1591.0,1600.0,1606.0,1613.0,1617.0,1626.0,1632.0,1634.0,1637.0,1642.0,1648.0,1652.0,,1661.0,1661.0,1664.0,1666.0,1669.0,1673.0,1678.0,1679.0,1680.0,1681.0,1683.0,1685.0,1690.0,1691.0,1693.0,1696.0,1698.0,1699.0,1700.0,1701.0,1703.0,1707.0,1711.0,1712.0,1712.0,1715.0,1716.0,1715.0,1716.0,1721.0,1725.0,1725.0,1727.0,1729.0,1731.0,1732.0,1734.0,1734.0,1734.0,1734.0,1739.0,1740.0,1741.0,1743.0,1744.0,1745.0,1745.0,1748.0,1748.0,1748.0,1748.0,1748.0,1748.0,1748.0,1750.0,1753.0,1753.0,1753.0,1755.0,1754.0,1754.0,1754
IWeJUiyqFes,,,,,,,,,,,,,,,,,,,,,,,,,,,,,102.0,111.0,113.0,113.0,114.0,114.0,114.0,114.0,114.0,114.0,114.0,114.0,114.0,115.0,115.0,116.0,116.0,116.0,116.0,116.0,116.0,116.0,117.0,117.0,117.0,,117.0,117.0,117.0,117.0,117.0,117.0,117.0,117.0,117.0,117.0,117.0,117.0,117.0,117.0,117.0,117.0,117.0,117.0,117.0,117.0,117.0,117.0,117.0,117.0,117.0,117.0,117.0,117.0,117.0,117.0,117.0,117.0,117.0,117.0,117.0,117.0,117.0,117.0,117.0,117.0,117.0,117.0,117.0,117.0,117.0,117.0,117.0,117.0,117.0,117.0,117.0,117.0,117.0,117.0,117.0,117.0,117.0,117.0,117.0,117.0,117.0,117
-xw1nTIH50I,,,,,,,,,,,,,,,,,,,,,,,,,,,,,64.0,71.0,75.0,76.0,79.0,80.0,81.0,81.0,81.0,81.0,81.0,82.0,83.0,83.0,85.0,87.0,87.0,87.0,87.0,88.0,88.0,88.0,90.0,90.0,90.0,,92.0,92.0,85.0,86.0,86.0,86.0,86.0,87.0,89.0,89.0,89.0,89.0,89.0,89.0,89.0,89.0,90.0,90.0,90.0,90.0,90.0,90.0,90.0,90.0,90.0,90.0,90.0,90.0,90.0,90.0,91.0,91.0,91.0,91.0,91.0,91.0,92.0,92.0,93.0,94.0,94.0,95.0,95.0,95.0,95.0,95.0,95.0,95.0,95.0,95.0,95.0,95.0,95.0,95.0,96.0,95.0,95.0,95.0,95.0,96.0,96.0,97
2M65XQn-2Pk,,,,,,,,,,,,,,,,,,,,,,,,,,,,,206.0,257.0,265.0,270.0,271.0,273.0,276.0,281.0,282.0,283.0,283.0,284.0,284.0,285.0,285.0,287.0,287.0,287.0,287.0,287.0,287.0,287.0,288.0,288.0,288.0,,289.0,289.0,289.0,289.0,289.0,289.0,289.0,289.0,289.0,289.0,289.0,289.0,289.0,289.0,289.0,289.0,289.0,289.0,289.0,289.0,289.0,289.0,289.0,289.0,290.0,289.0,288.0,288.0,288.0,288.0,288.0,288.0,288.0,288.0,288.0,288.0,289.0,290.0,290.0,290.0,290.0,290.0,290.0,290.0,290.0,290.0,290.0,290.0,290.0,290.0,290.0,290.0,290.0,290.0,291.0,292.0,292.0,292.0,292.0,292.0,292.0,292
AEYrm_IFoKk,,,,,,,,,,,,,,,,,,,,,,,,,,,,,100.0,122.0,142.0,158.0,166.0,173.0,178.0,181.0,187.0,185.0,186.0,189.0,192.0,192.0,193.0,196.0,196.0,198.0,200.0,200.0,201.0,203.0,203.0,203.0,203.0,,204.0,204.0,206.0,206.0,206.0,206.0,206.0,206.0,207.0,207.0,207.0,207.0,207.0,207.0,207.0,207.0,207.0,207.0,207.0,208.0,210.0,213.0,213.0,213.0,213.0,215.0,215.0,218.0,218.0,218.0,218.0,218.0,218.0,218.0,218.0,218.0,218.0,218.0,218.0,218.0,218.0,218.0,218.0,218.0,218.0,218.0,218.0,218.0,218.0,219.0,219.0,219.0,219.0,219.0,219.0,219.0,219.0,219.0,219.0,219.0,219.0,219
KyRERlh3X28,,,,,,,,,,,,,,,,,,,,,,,,,,,,,492.0,497.0,500.0,500.0,501.0,502.0,504.0,506.0,506.0,508.0,511.0,514.0,514.0,514.0,514.0,516.0,516.0,509.0,510.0,511.0,511.0,511.0,511.0,512.0,512.0,,513.0,513.0,513.0,515.0,515.0,515.0,515.0,515.0,516.0,517.0,518.0,518.0,518.0,519.0,520.0,521.0,521.0,521.0,522.0,522.0,524.0,525.0,525.0,525.0,526.0,527.0,527.0,527.0,527.0,527.0,527.0,528.0,528.0,528.0,529.0,529.0,529.0,529.0,531.0,531.0,531.0,532.0,532.0,532.0,534.0,539.0,540.0,540.0,540.0,540.0,540.0,541.0,541.0,541.0,542.0,542.0,542.0,543.0,543.0,543.0,543.0,545
VSzrNrTeXMM,,,,,,,,,,,,,,,,,,,,,,,,,,,,,,44.0,85.0,122.0,142.0,147.0,150.0,151.0,154.0,154.0,154.0,154.0,154.0,154.0,155.0,156.0,156.0,156.0,156.0,156.0,156.0,156.0,156.0,158.0,158.0,,157.0,157.0,157.0,157.0,156.0,156.0,158.0,158.0,159.0,160.0,160.0,159.0,160.0,160.0,160.0,160.0,160.0,160.0,160.0,161.0,161.0,161.0,161.0,161.0,161.0,161.0,161.0,161.0,161.0,162.0,162.0,162.0,162.0,162.0,162.0,162.0,162.0,162.0,162.0,162.0,162.0,162.0,162.0,162.0,163.0,163.0,163.0,163.0,163.0,163.0,163.0,163.0,163.0,163.0,163.0,163.0,163.0,163.0,163.0,163.0,163.0,163
77IbsMVWyuQ,,,,,,,,,,,,,,,,,,,,,,,,,,,,,,110.0,149.0,171.0,174.0,176.0,179.0,182.0,185.0,184.0,183.0,182.0,182.0,182.0,182.0,183.0,184.0,184.0,184.0,186.0,185.0,185.0,185.0,185.0,186.0,,186.0,185.0,185.0,186.0,186.0,186.0,186.0,186.0,186.0,186.0,186.0,186.0,186.0,186.0,186.0,186.0,185.0,185.0,185.0,185.0,185.0,185.0,185.0,185.0,185.0,185.0,185.0,185.0,185.0,185.0,185.0,185.0,187.0,187.0,187.0,187.0,187.0,187.0,187.0,187.0,187.0,188.0,188.0,188.0,188.0,188.0,188.0,188.0,188.0,188.0,188.0,188.0,189.0,189.0,189.0,189.0,189.0,189.0,189.0,189.0,189.0,188
FG2BQp9oRik,,,,,,,,,,,,,,,,,,,,,,,,,,,,,,0.0,0.0,0.0,0.0,0.0,0.0,0.0,0.0,0.0,0.0,0.0,0.0,0.0,0.0,0.0,0.0,0.0,0.0,0.0,0.0,0.0,0.0,0.0,0.0,,0.0,0.0,0.0,0.0,0.0,0.0,0.0,0.0,0.0,0.0,0.0,0.0,0.0,0.0,0.0,0.0,0.0,0.0,0.0,0.0,0.0,0.0,1.0,1.0,1.0,1.0,1.0,1.0,1.0,1.0,1.0,1.0,1.0,1.0,1.0,1.0,1.0,1.0,1.0,1.0,1.0,1.0,1.0,1.0,3.0,3.0,3.0,3.0,3.0,3.0,3.0,3.0,3.0,3.0,3.0,3.0,3.0,3.0,3.0,3.0,3.0,3
Qcz-7evvAqY,,,,,,,,,,,,,,,,,,,,,,,,,,,,,,1591.0,2098.0,2493.0,2708.0,2867.0,2989.0,3152.0,3285.0,3411.0,3543.0,3637.0,3714.0,3767.0,3829.0,3931.0,4007.0,4057.0,4100.0,4149.0,4193.0,4221.0,4259.0,4340.0,4370.0,,4424.0,4451.0,4484.0,4505.0,4522.0,4543.0,4559.0,4591.0,4628.0,4656.0,4685.0,4715.0,4746.0,4753.0,4768.0,4787.0,4815.0,4831.0,4846.0,4855.0,4880.0,4905.0,4931.0,4955.0,4975.0,4996.0,5010.0,5018.0,5034.0,5041.0,5051.0,5074.0,5089.0,5105.0,5124.0,5142.0,5154.0,5167.0,5182.0,5187.0,5201.0,5210.0,5221.0,5234.0,5242.0,5250.0,5262.0,5268.0,5281.0,5294.0,5301.0,5306.0,5312.0,5324.0,5338.0,5347.0,5352.0,5363.0,5372.0,5377.0,5383.0,5384
LvoIv3PTk9c,,,,,,,,,,,,,,,,,,,,,,,,,,,,,,,2.0,2.0,2.0,2.0,2.0,2.0,2.0,2.0,2.0,2.0,2.0,2.0,2.0,2.0,2.0,2.0,2.0,2.0,2.0,2.0,2.0,2.0,2.0,,2.0,2.0,2.0,2.0,2.0,2.0,2.0,2.0,2.0,2.0,2.0,2.0,2.0,2.0,2.0,2.0,2.0,2.0,2.0,2.0,2.0,2.0,2.0,2.0,2.0,2.0,2.0,2.0,2.0,2.0,2.0,2.0,2.0,2.0,2.0,2.0,2.0,2.0,2.0,2.0,2.0,2.0,2.0,2.0,2.0,2.0,2.0,2.0,2.0,2.0,2.0,2.0,2.0,2.0,2.0,2.0,2.0,2.0,2.0,2.0,2.0,2
8m932pAU0f8,,,,,,,,,,,,,,,,,,,,,,,,,,,,,,,6.0,6.0,7.0,9.0,9.0,9.0,10.0,10.0,10.0,10.0,10.0,10.0,10.0,10.0,10.0,10.0,10.0,10.0,10.0,10.0,10.0,10.0,10.0,,10.0,10.0,10.0,10.0,10.0,10.0,10.0,10.0,10.0,10.0,10.0,10.0,10.0,10.0,10.0,10.0,10.0,10.0,10.0,10.0,10.0,10.0,10.0,10.0,10.0,10.0,10.0,10.0,10.0,10.0,10.0,10.0,10.0,10.0,10.0,10.0,10.0,10.0,10.0,10.0,10.0,10.0,10.0,10.0,10.0,10.0,10.0,10.0,10.0,10.0,10.0,10.0,10.0,10.0,10.0,10.0,10.0,10.0,10.0,10.0,10.0,10
unlgFDu7-pA,,,,,,,,,,,,,,,,,,,,,,,,,,,,,,,5.0,5.0,5.0,5.0,6.0,6.0,6.0,6.0,6.0,6.0,6.0,6.0,6.0,6.0,6.0,6.0,6.0,6.0,6.0,6.0,6.0,6.0,6.0,,6.0,6.0,6.0,6.0,6.0,6.0,6.0,6.0,6.0,6.0,6.0,6.0,6.0,6.0,6.0,6.0,6.0,6.0,6.0,6.0,6.0,6.0,6.0,6.0,6.0,6.0,6.0,6.0,6.0,6.0,6.0,6.0,7.0,7.0,7.0,7.0,7.0,7.0,7.0,7.0,7.0,7.0,7.0,7.0,7.0,7.0,7.0,7.0,7.0,7.0,7.0,7.0,7.0,7.0,7.0,7.0,7.0,7.0,7.0,7.0,7.0,7
3NqKXg2gxcc,,,,,,,,,,,,,,,,,,,,,,,,,,,,,,,21.0,21.0,22.0,24.0,28.0,30.0,31.0,31.0,32.0,33.0,33.0,33.0,33.0,33.0,33.0,33.0,33.0,34.0,35.0,35.0,35.0,35.0,36.0,,37.0,38.0,39.0,39.0,39.0,39.0,39.0,39.0,39.0,39.0,39.0,39.0,39.0,39.0,39.0,38.0,38.0,38.0,38.0,38.0,38.0,39.0,39.0,39.0,40.0,40.0,40.0,40.0,41.0,41.0,41.0,41.0,41.0,41.0,41.0,41.0,41.0,41.0,41.0,41.0,41.0,41.0,41.0,41.0,41.0,41.0,41.0,41.0,41.0,41.0,41.0,42.0,43.0,43.0,44.0,44.0,45.0,46.0,47.0,48.0,48.0,48
bAENPpwyOU4,,,,,,,,,,,,,,,,,,,,,,,,,,,,,,,283.0,311.0,325.0,345.0,352.0,368.0,374.0,383.0,391.0,403.0,413.0,413.0,414.0,418.0,418.0,418.0,418.0,418.0,418.0,419.0,420.0,421.0,421.0,,422.0,423.0,423.0,423.0,423.0,424.0,424.0,426.0,425.0,425.0,425.0,425.0,425.0,425.0,425.0,425.0,425.0,425.0,425.0,425.0,425.0,425.0,425.0,428.0,439.0,451.0,451.0,457.0,462.0,471.0,472.0,472.0,481.0,486.0,491.0,491.0,491.0,492.0,493.0,493.0,494.0,494.0,494.0,494.0,494.0,494.0,494.0,494.0,494.0,494.0,494.0,494.0,494.0,495.0,495.0,495.0,495.0,495.0,495.0,495.0,495.0,495
CuHBrVR5J7s,,,,,,,,,,,,,,,,,,,,,,,,,,,,,,,12.0,13.0,13.0,13.0,13.0,13.0,14.0,15.0,15.0,15.0,16.0,16.0,16.0,16.0,16.0,16.0,16.0,16.0,16.0,17.0,17.0,17.0,17.0,,17.0,17.0,17.0,17.0,17.0,17.0,17.0,17.0,17.0,17.0,17.0,17.0,17.0,17.0,17.0,17.0,17.0,17.0,17.0,17.0,17.0,17.0,18.0,18.0,18.0,19.0,19.0,19.0,19.0,19.0,19.0,19.0,19.0,19.0,19.0,19.0,19.0,19.0,19.0,19.0,19.0,19.0,19.0,19.0,19.0,19.0,19.0,19.0,19.0,19.0,19.0,19.0,19.0,19.0,19.0,19.0,19.0,19.0,19.0,19.0,19.0,19
e8X35-Teneg,,,,,,,,,,,,,,,,,,,,,,,,,,,,,,,255.0,270.0,282.0,290.0,299.0,304.0,309.0,322.0,329.0,333.0,338.0,346.0,351.0,359.0,361.0,367.0,371.0,376.0,380.0,382.0,386.0,387.0,392.0,,401.0,401.0,409.0,415.0,420.0,423.0,425.0,427.0,428.0,436.0,438.0,443.0,446.0,452.0,452.0,460.0,461.0,465.0,468.0,470.0,477.0,483.0,486.0,488.0,491.0,497.0,497.0,501.0,506.0,508.0,511.0,512.0,513.0,513.0,513.0,513.0,514.0,513.0,515.0,515.0,515.0,515.0,515.0,515.0,516.0,517.0,517.0,518.0,518.0,517.0,517.0,517.0,518.0,518.0,518.0,519.0,519.0,520.0,519.0,519.0,519.0,519
XECOC6C_Nr4,,,,,,,,,,,,,,,,,,,,,,,,,,,,,,,76.0,80.0,84.0,85.0,86.0,86.0,87.0,89.0,89.0,90.0,91.0,92.0,93.0,95.0,95.0,97.0,99.0,100.0,101.0,102.0,102.0,104.0,105.0,,107.0,108.0,109.0,110.0,111.0,111.0,112.0,112.0,112.0,112.0,112.0,112.0,112.0,112.0,112.0,112.0,112.0,112.0,112.0,112.0,113.0,113.0,114.0,114.0,114.0,114.0,114.0,114.0,114.0,114.0,115.0,115.0,115.0,115.0,115.0,115.0,115.0,115.0,115.0,115.0,115.0,115.0,115.0,115.0,115.0,115.0,115.0,115.0,115.0,115.0,115.0,115.0,115.0,115.0,115.0,115.0,115.0,115.0,116.0,116.0,116.0,116
4oktaGUvcTI,,,,,,,,,,,,,,,,,,,,,,,,,,,,,,,14.0,14.0,14.0,14.0,14.0,14.0,14.0,14.0,14.0,14.0,14.0,14.0,14.0,14.0,14.0,14.0,14.0,14.0,14.0,14.0,14.0,14.0,14.0,,14.0,14.0,14.0,14.0,14.0,14.0,14.0,14.0,14.0,14.0,14.0,14.0,14.0,14.0,14.0,14.0,14.0,14.0,14.0,14.0,14.0,14.0,14.0,14.0,14.0,14.0,14.0,14.0,14.0,14.0,14.0,14.0,14.0,14.0,14.0,14.0,14.0,14.0,14.0,14.0,14.0,14.0,14.0,14.0,14.0,14.0,14.0,14.0,14.0,14.0,14.0,14.0,14.0,14.0,14.0,14.0,14.0,14.0,14.0,14.0,14.0,14
5221XAQ6aTc,,,,,,,,,,,,,,,,,,,,,,,,,,,,,,,,55.0,72.0,82.0,89.0,96.0,99.0,99.0,100.0,103.0,104.0,104.0,104.0,104.0,104.0,104.0,104.0,104.0,104.0,105.0,107.0,107.0,107.0,,107.0,107.0,107.0,108.0,108.0,108.0,108.0,108.0,108.0,108.0,108.0,108.0,108.0,108.0,108.0,108.0,109.0,109.0,109.0,109.0,109.0,109.0,109.0,109.0,109.0,109.0,109.0,109.0,109.0,109.0,110.0,110.0,110.0,110.0,110.0,110.0,110.0,110.0,110.0,110.0,110.0,110.0,110.0,110.0,110.0,110.0,111.0,111.0,111.0,111.0,111.0,111.0,111.0,111.0,110.0,110.0,110.0,110.0,110.0,110.0,110.0,111
hoep54xEUeU,,,,,,,,,,,,,,,,,,,,,,,,,,,,,,,,,4.0,8.0,11.0,11.0,13.0,13.0,13.0,13.0,14.0,14.0,14.0,14.0,14.0,14.0,14.0,14.0,14.0,14.0,14.0,15.0,15.0,,15.0,15.0,15.0,15.0,15.0,15.0,15.0,15.0,15.0,16.0,16.0,16.0,16.0,16.0,16.0,16.0,16.0,16.0,16.0,16.0,16.0,16.0,16.0,16.0,16.0,16.0,16.0,16.0,16.0,16.0,16.0,16.0,16.0,16.0,16.0,16.0,16.0,16.0,16.0,16.0,16.0,16.0,16.0,16.0,16.0,16.0,15.0,15.0,15.0,15.0,15.0,15.0,15.0,15.0,15.0,15.0,15.0,15.0,15.0,15.0,16.0,16
1NJkrWfJgbU,,,,,,,,,,,,,,,,,,,,,,,,,,,,,,,,,0.0,0.0,0.0,0.0,0.0,0.0,0.0,0.0,0.0,0.0,0.0,0.0,0.0,0.0,0.0,0.0,0.0,0.0,0.0,0.0,0.0,,0.0,0.0,0.0,0.0,0.0,0.0,0.0,0.0,0.0,0.0,0.0,0.0,0.0,0.0,0.0,0.0,0.0,0.0,0.0,0.0,0.0,0.0,0.0,0.0,0.0,0.0,0.0,0.0,0.0,0.0,0.0,0.0,0.0,0.0,0.0,0.0,0.0,0.0,0.0,0.0,0.0,0.0,0.0,0.0,0.0,0.0,0.0,0.0,0.0,0.0,0.0,0.0,0.0,0.0,0.0,0.0,0.0,0.0,0.0,0.0,0.0,0
39upRxI7Yvc,,,,,,,,,,,,,,,,,,,,,,,,,,,,,,,,,,17.0,17.0,18.0,19.0,23.0,24.0,25.0,25.0,25.0,26.0,26.0,27.0,27.0,27.0,27.0,27.0,28.0,28.0,28.0,28.0,,28.0,28.0,28.0,28.0,28.0,28.0,28.0,28.0,28.0,28.0,28.0,28.0,28.0,28.0,28.0,28.0,28.0,28.0,28.0,28.0,29.0,29.0,29.0,29.0,29.0,29.0,29.0,29.0,30.0,30.0,30.0,30.0,30.0,30.0,31.0,31.0,32.0,32.0,32.0,32.0,32.0,32.0,32.0,32.0,32.0,32.0,32.0,32.0,32.0,32.0,31.0,31.0,31.0,31.0,32.0,32.0,32.0,32.0,32.0,32.0,32.0,32
aT26fdm0ZFs,,,,,,,,,,,,,,,,,,,,,,,,,,,,,,,,,,669.0,704.0,720.0,725.0,736.0,743.0,745.0,750.0,752.0,756.0,758.0,759.0,759.0,758.0,758.0,758.0,760.0,760.0,760.0,761.0,,760.0,760.0,760.0,760.0,760.0,760.0,761.0,761.0,760.0,758.0,758.0,758.0,759.0,759.0,759.0,759.0,759.0,759.0,759.0,759.0,759.0,757.0,757.0,757.0,757.0,757.0,757.0,757.0,757.0,757.0,757.0,757.0,757.0,755.0,755.0,754.0,754.0,754.0,754.0,755.0,755.0,755.0,755.0,755.0,755.0,755.0,755.0,755.0,755.0,755.0,755.0,755.0,755.0,755.0,755.0,755.0,755.0,755.0,754.0,754.0,754.0,754
YrFeVx2vIG8,,,,,,,,,,,,,,,,,,,,,,,,,,,,,,,,,,27.0,28.0,29.0,29.0,30.0,31.0,31.0,31.0,31.0,32.0,34.0,34.0,34.0,34.0,34.0,34.0,35.0,34.0,34.0,35.0,,37.0,36.0,36.0,37.0,38.0,38.0,38.0,38.0,38.0,38.0,38.0,38.0,38.0,38.0,38.0,39.0,39.0,39.0,39.0,39.0,39.0,39.0,39.0,39.0,39.0,39.0,39.0,39.0,39.0,39.0,40.0,40.0,40.0,40.0,40.0,40.0,40.0,40.0,40.0,40.0,40.0,40.0,40.0,40.0,40.0,40.0,40.0,40.0,40.0,40.0,40.0,40.0,40.0,40.0,41.0,41.0,41.0,41.0,41.0,41.0,41.0,41
6uFgNS9hCiU,,,,,,,,,,,,,,,,,,,,,,,,,,,,,,,,,,191.0,241.0,265.0,272.0,273.0,280.0,284.0,285.0,285.0,287.0,287.0,290.0,291.0,292.0,292.0,293.0,294.0,296.0,296.0,297.0,,297.0,297.0,297.0,298.0,299.0,299.0,299.0,299.0,299.0,299.0,299.0,299.0,300.0,301.0,301.0,302.0,302.0,302.0,301.0,301.0,301.0,302.0,302.0,302.0,302.0,301.0,290.0,291.0,292.0,292.0,293.0,293.0,292.0,292.0,292.0,292.0,293.0,293.0,293.0,294.0,293.0,293.0,293.0,293.0,293.0,293.0,293.0,293.0,293.0,293.0,293.0,293.0,293.0,293.0,293.0,293.0,293.0,293.0,294.0,296.0,296.0,296
rlKaNmMCew4,,,,,,,,,,,,,,,,,,,,,,,,,,,,,,,,,,,481.0,485.0,490.0,503.0,505.0,510.0,512.0,516.0,518.0,522.0,524.0,526.0,528.0,532.0,534.0,536.0,538.0,540.0,543.0,,547.0,548.0,549.0,550.0,551.0,551.0,554.0,556.0,560.0,562.0,566.0,567.0,568.0,569.0,570.0,571.0,571.0,571.0,572.0,575.0,576.0,576.0,577.0,577.0,577.0,578.0,579.0,581.0,581.0,581.0,581.0,581.0,581.0,581.0,582.0,584.0,585.0,584.0,584.0,584.0,584.0,584.0,584.0,584.0,584.0,584.0,584.0,584.0,584.0,584.0,581.0,581.0,582.0,582.0,583.0,583.0,583.0,583.0,583.0,583.0,583.0,583
KQfAQ-fHFCc,,,,,,,,,,,,,,,,,,,,,,,,,,,,,,,,,,,5.0,5.0,5.0,5.0,5.0,5.0,5.0,5.0,5.0,5.0,5.0,5.0,5.0,5.0,5.0,5.0,5.0,5.0,5.0,,5.0,5.0,5.0,5.0,5.0,5.0,5.0,5.0,5.0,5.0,5.0,5.0,5.0,5.0,5.0,5.0,5.0,5.0,5.0,5.0,5.0,5.0,5.0,5.0,5.0,5.0,5.0,5.0,5.0,5.0,5.0,5.0,5.0,5.0,5.0,5.0,4.0,4.0,4.0,4.0,4.0,4.0,4.0,4.0,4.0,4.0,4.0,4.0,4.0,4.0,4.0,4.0,4.0,4.0,4.0,4.0,4.0,4.0,4.0,4.0,4.0,4
jkdx9PaVKe0,,,,,,,,,,,,,,,,,,,,,,,,,,,,,,,,,,,556.0,604.0,627.0,652.0,673.0,685.0,703.0,710.0,720.0,731.0,741.0,745.0,749.0,750.0,757.0,759.0,762.0,768.0,769.0,,777.0,776.0,778.0,781.0,783.0,784.0,787.0,789.0,790.0,791.0,791.0,791.0,790.0,791.0,794.0,794.0,795.0,794.0,794.0,794.0,797.0,797.0,799.0,799.0,801.0,802.0,807.0,807.0,807.0,806.0,806.0,806.0,806.0,806.0,806.0,806.0,806.0,807.0,808.0,808.0,808.0,808.0,808.0,808.0,808.0,809.0,809.0,809.0,809.0,808.0,809.0,809.0,809.0,809.0,810.0,810.0,811.0,811.0,812.0,812.0,812.0,813
be8G6WqvGn8,,,,,,,,,,,,,,,,,,,,,,,,,,,,,,,,,,,0.0,0.0,0.0,0.0,0.0,0.0,0.0,0.0,0.0,0.0,0.0,0.0,0.0,0.0,0.0,0.0,0.0,0.0,0.0,,0.0,0.0,0.0,0.0,0.0,0.0,0.0,0.0,0.0,0.0,0.0,0.0,0.0,0.0,0.0,0.0,0.0,0.0,0.0,0.0,0.0,0.0,0.0,0.0,0.0,0.0,0.0,0.0,0.0,0.0,0.0,0.0,0.0,0.0,0.0,0.0,0.0,0.0,0.0,0.0,0.0,0.0,0.0,0.0,0.0,0.0,0.0,0.0,0.0,0.0,0.0,0.0,0.0,0.0,0.0,0.0,0.0,0.0,0.0,0.0,0.0,0
O17TW3DXUU0,,,,,,,,,,,,,,,,,,,,,,,,,,,,,,,,,,,7.0,10.0,10.0,11.0,11.0,11.0,12.0,12.0,12.0,12.0,12.0,13.0,13.0,13.0,13.0,13.0,13.0,13.0,13.0,,13.0,13.0,13.0,13.0,13.0,13.0,13.0,13.0,13.0,13.0,14.0,14.0,14.0,14.0,14.0,14.0,14.0,14.0,14.0,14.0,14.0,14.0,14.0,14.0,14.0,14.0,14.0,14.0,14.0,14.0,14.0,14.0,14.0,14.0,14.0,14.0,14.0,14.0,14.0,14.0,14.0,14.0,14.0,14.0,14.0,14.0,14.0,14.0,14.0,14.0,14.0,14.0,14.0,14.0,14.0,14.0,14.0,14.0,14.0,14.0,14.0,14
0srzt8rpr3Q,,,,,,,,,,,,,,,,,,,,,,,,,,,,,,,,,,,0.0,0.0,0.0,0.0,0.0,0.0,0.0,0.0,0.0,0.0,0.0,0.0,0.0,0.0,0.0,0.0,0.0,0.0,0.0,,0.0,0.0,0.0,0.0,0.0,0.0,0.0,0.0,0.0,0.0,0.0,0.0,0.0,0.0,0.0,0.0,0.0,0.0,0.0,0.0,0.0,0.0,0.0,0.0,0.0,0.0,0.0,0.0,0.0,0.0,0.0,0.0,0.0,0.0,0.0,0.0,0.0,0.0,0.0,0.0,0.0,0.0,0.0,0.0,0.0,0.0,0.0,0.0,0.0,0.0,0.0,0.0,0.0,0.0,0.0,0.0,0.0,0.0,0.0,0.0,0.0,0
LxkkKsE9mS8,,,,,,,,,,,,,,,,,,,,,,,,,,,,,,,,,,,106.0,112.0,114.0,116.0,117.0,115.0,115.0,115.0,115.0,115.0,115.0,115.0,115.0,115.0,115.0,115.0,115.0,115.0,115.0,,115.0,115.0,115.0,115.0,115.0,115.0,115.0,115.0,115.0,115.0,116.0,116.0,116.0,116.0,116.0,116.0,116.0,116.0,116.0,117.0,117.0,117.0,117.0,117.0,117.0,117.0,117.0,117.0,117.0,117.0,117.0,117.0,117.0,117.0,117.0,117.0,117.0,117.0,117.0,117.0,117.0,117.0,117.0,117.0,117.0,117.0,117.0,117.0,117.0,117.0,117.0,117.0,117.0,117.0,117.0,117.0,117.0,117.0,117.0,117.0,117.0,117
e4RCv5k_kuE,,,,,,,,,,,,,,,,,,,,,,,,,,,,,,,,,,,,0.0,0.0,0.0,0.0,0.0,0.0,0.0,0.0,0.0,0.0,0.0,0.0,0.0,0.0,0.0,0.0,0.0,0.0,,0.0,0.0,0.0,0.0,0.0,0.0,0.0,0.0,0.0,0.0,0.0,0.0,0.0,0.0,0.0,0.0,0.0,0.0,0.0,0.0,0.0,0.0,0.0,0.0,0.0,0.0,0.0,0.0,0.0,0.0,0.0,0.0,0.0,0.0,0.0,0.0,0.0,0.0,0.0,0.0,0.0,0.0,0.0,0.0,0.0,0.0,0.0,0.0,0.0,0.0,0.0,0.0,0.0,0.0,0.0,0.0,0.0,0.0,0.0,0.0,0.0,0
oyXx7MDqZ-Q,,,,,,,,,,,,,,,,,,,,,,,,,,,,,,,,,,,,1098.0,1265.0,1309.0,1363.0,1396.0,1429.0,1447.0,1464.0,1481.0,1488.0,1492.0,1495.0,1503.0,1509.0,1515.0,1517.0,1529.0,1533.0,,1538.0,1546.0,1551.0,1552.0,1560.0,1561.0,1567.0,1573.0,1575.0,1579.0,1581.0,1583.0,1589.0,1590.0,1595.0,1595.0,1595.0,1599.0,1599.0,1600.0,1609.0,1610.0,1611.0,1612.0,1617.0,1619.0,1620.0,1621.0,1624.0,1629.0,1630.0,1630.0,1632.0,1632.0,1632.0,1635.0,1635.0,1636.0,1638.0,1638.0,1638.0,1640.0,1645.0,1645.0,1648.0,1650.0,2927.0,3965.0,4111.0,4148.0,4169.0,4204.0,4205.0,4217.0,4218.0,4221.0,4225.0,4227.0,4229.0,4222.0,4224.0,4227
JfUdhFOfj2A,,,,,,,,,,,,,,,,,,,,,,,,,,,,,,,,,,,,6.0,6.0,8.0,11.0,11.0,11.0,11.0,11.0,11.0,11.0,11.0,11.0,11.0,11.0,11.0,11.0,11.0,11.0,,11.0,11.0,11.0,11.0,11.0,11.0,11.0,11.0,11.0,11.0,11.0,11.0,11.0,11.0,11.0,11.0,11.0,11.0,11.0,11.0,11.0,11.0,11.0,11.0,11.0,11.0,11.0,11.0,11.0,11.0,11.0,11.0,11.0,11.0,11.0,11.0,11.0,11.0,11.0,11.0,11.0,11.0,11.0,11.0,11.0,11.0,11.0,11.0,11.0,11.0,11.0,11.0,11.0,11.0,11.0,11.0,11.0,11.0,11.0,11.0,11.0,11
5TsjmyIwHy8,,,,,,,,,,,,,,,,,,,,,,,,,,,,,,,,,,,,111.0,187.0,215.0,234.0,249.0,254.0,257.0,258.0,258.0,258.0,259.0,264.0,265.0,266.0,267.0,267.0,270.0,270.0,,270.0,270.0,270.0,271.0,272.0,273.0,273.0,274.0,275.0,275.0,276.0,277.0,277.0,277.0,277.0,277.0,277.0,277.0,277.0,277.0,277.0,277.0,277.0,278.0,278.0,279.0,280.0,280.0,280.0,280.0,282.0,282.0,282.0,282.0,282.0,282.0,282.0,282.0,283.0,284.0,284.0,285.0,285.0,285.0,285.0,285.0,285.0,285.0,285.0,285.0,286.0,286.0,286.0,286.0,287.0,287.0,287.0,287.0,287.0,287.0,287.0,287
g7eWRfcM7jU,,,,,,,,,,,,,,,,,,,,,,,,,,,,,,,,,,,,37.0,43.0,44.0,50.0,51.0,52.0,53.0,53.0,55.0,54.0,55.0,55.0,55.0,55.0,55.0,55.0,55.0,55.0,,55.0,55.0,55.0,55.0,55.0,55.0,56.0,56.0,56.0,56.0,56.0,56.0,56.0,56.0,56.0,56.0,56.0,56.0,56.0,56.0,56.0,56.0,56.0,56.0,56.0,56.0,56.0,56.0,56.0,56.0,56.0,56.0,56.0,56.0,57.0,58.0,58.0,58.0,58.0,58.0,58.0,58.0,58.0,58.0,58.0,58.0,58.0,58.0,58.0,58.0,58.0,58.0,58.0,58.0,58.0,58.0,58.0,58.0,58.0,58.0,58.0,58
EDxI7p2M8Xk,,,,,,,,,,,,,,,,,,,,,,,,,,,,,,,,,,,,,150.0,220.0,227.0,255.0,260.0,262.0,262.0,262.0,262.0,262.0,262.0,261.0,261.0,261.0,261.0,261.0,261.0,,261.0,261.0,261.0,261.0,261.0,261.0,261.0,261.0,261.0,261.0,261.0,261.0,261.0,261.0,261.0,261.0,261.0,258.0,258.0,258.0,258.0,258.0,258.0,258.0,258.0,258.0,258.0,258.0,258.0,258.0,258.0,258.0,257.0,257.0,257.0,257.0,257.0,257.0,257.0,257.0,257.0,257.0,257.0,257.0,257.0,257.0,257.0,257.0,257.0,257.0,257.0,257.0,257.0,257.0,257.0,257.0,257.0,257.0,257.0,257.0,256.0,254
CRf5qcPd5a0,,,,,,,,,,,,,,,,,,,,,,,,,,,,,,,,,,,,,0.0,0.0,0.0,0.0,0.0,1.0,2.0,3.0,3.0,3.0,3.0,3.0,3.0,3.0,3.0,3.0,3.0,,3.0,3.0,3.0,3.0,4.0,5.0,5.0,5.0,5.0,5.0,5.0,5.0,5.0,5.0,5.0,5.0,5.0,5.0,5.0,5.0,5.0,5.0,5.0,5.0,6.0,6.0,6.0,6.0,6.0,6.0,6.0,6.0,6.0,7.0,7.0,7.0,7.0,7.0,9.0,9.0,9.0,9.0,9.0,9.0,9.0,9.0,9.0,9.0,9.0,9.0,9.0,9.0,9.0,9.0,9.0,9.0,9.0,9.0,9.0,9.0,9.0,9
1LYEVx1k0T0,,,,,,,,,,,,,,,,,,,,,,,,,,,,,,,,,,,,,0.0,0.0,0.0,0.0,0.0,0.0,0.0,0.0,0.0,0.0,0.0,0.0,0.0,0.0,0.0,0.0,0.0,,0.0,0.0,0.0,0.0,0.0,0.0,0.0,0.0,0.0,0.0,0.0,0.0,0.0,0.0,0.0,0.0,0.0,0.0,0.0,0.0,0.0,0.0,0.0,0.0,0.0,0.0,0.0,0.0,0.0,0.0,0.0,0.0,0.0,0.0,0.0,0.0,0.0,0.0,0.0,0.0,0.0,0.0,0.0,0.0,0.0,0.0,0.0,0.0,0.0,0.0,0.0,0.0,0.0,0.0,0.0,0.0,0.0,0.0,0.0,0.0,0.0,0
GD5AcHvkI2E,,,,,,,,,,,,,,,,,,,,,,,,,,,,,,,,,,,,,0.0,0.0,0.0,0.0,0.0,0.0,0.0,0.0,0.0,0.0,0.0,0.0,1.0,1.0,1.0,1.0,1.0,,1.0,1.0,1.0,1.0,1.0,1.0,1.0,1.0,1.0,1.0,1.0,1.0,1.0,1.0,1.0,1.0,1.0,1.0,2.0,2.0,2.0,2.0,2.0,2.0,2.0,2.0,2.0,2.0,2.0,2.0,2.0,2.0,2.0,2.0,2.0,2.0,2.0,2.0,2.0,2.0,2.0,2.0,2.0,2.0,2.0,2.0,2.0,2.0,2.0,2.0,2.0,2.0,2.0,2.0,2.0,2.0,2.0,2.0,2.0,2.0,2.0,2
0UPDBODtxzw,,,,,,,,,,,,,,,,,,,,,,,,,,,,,,,,,,,,,6211.0,9118.0,10261.0,10948.0,11294.0,11527.0,11733.0,11897.0,12026.0,12129.0,12216.0,12282.0,12353.0,12401.0,12456.0,12550.0,12618.0,,12793.0,12864.0,12930.0,13050.0,13143.0,13219.0,13266.0,13333.0,13378.0,13446.0,13522.0,13605.0,13678.0,13741.0,13805.0,13887.0,13971.0,14117.0,14304.0,14484.0,14795.0,14979.0,15126.0,15297.0,15466.0,15649.0,15827.0,15987.0,16141.0,16287.0,16446.0,16573.0,16728.0,16883.0,16999.0,17144.0,17273.0,17410.0,17541.0,17690.0,17810.0,17956.0,18065.0,18204.0,18315.0,18455.0,18579.0,18698.0,18809.0,18930.0,19055.0,19165.0,19268.0,19361.0,19456.0,19562.0,19674.0,19762.0,19851.0,19922.0,20001.0,20075
IOLNzfBSeBA,,,,,,,,,,,,,,,,,,,,,,,,,,,,,,,,,,,,,0.0,0.0,0.0,0.0,0.0,0.0,0.0,0.0,0.0,0.0,0.0,0.0,0.0,0.0,0.0,0.0,0.0,,0.0,0.0,0.0,0.0,0.0,0.0,0.0,0.0,0.0,0.0,0.0,0.0,0.0,0.0,0.0,0.0,0.0,0.0,0.0,0.0,0.0,0.0,0.0,0.0,0.0,0.0,0.0,0.0,0.0,0.0,0.0,0.0,0.0,0.0,0.0,0.0,0.0,0.0,0.0,0.0,0.0,0.0,0.0,0.0,0.0,0.0,0.0,0.0,0.0,0.0,0.0,0.0,0.0,0.0,0.0,0.0,0.0,0.0,0.0,0.0,0.0,0
WMgKm01lr2M,,,,,,,,,,,,,,,,,,,,,,,,,,,,,,,,,,,,,,23.0,23.0,24.0,25.0,26.0,26.0,26.0,26.0,27.0,27.0,27.0,28.0,29.0,29.0,30.0,30.0,,39.0,33.0,34.0,34.0,34.0,34.0,35.0,35.0,35.0,35.0,35.0,35.0,35.0,35.0,35.0,36.0,36.0,36.0,36.0,36.0,36.0,36.0,36.0,36.0,37.0,37.0,38.0,39.0,39.0,39.0,40.0,40.0,40.0,40.0,40.0,40.0,40.0,40.0,40.0,40.0,40.0,40.0,40.0,40.0,40.0,40.0,40.0,40.0,40.0,40.0,40.0,40.0,40.0,40.0,40.0,40.0,40.0,40.0,40.0,40.0,40.0,40
EzvhlgTNCbU,,,,,,,,,,,,,,,,,,,,,,,,,,,,,,,,,,,,,,2059.0,1979.0,2296.0,2322.0,2335.0,2349.0,2353.0,2358.0,2359.0,2364.0,2365.0,2366.0,2369.0,2372.0,2372.0,2375.0,,2376.0,2376.0,2376.0,2376.0,2375.0,2377.0,2375.0,2375.0,2374.0,2374.0,2374.0,2374.0,2373.0,2372.0,2373.0,2373.0,2373.0,2373.0,2373.0,2373.0,2373.0,2373.0,2373.0,2373.0,2372.0,2373.0,2372.0,2372.0,2368.0,2368.0,2368.0,2368.0,2368.0,2368.0,2368.0,2365.0,2365.0,2364.0,2364.0,2364.0,2358.0,2358.0,2358.0,2358.0,2358.0,2358.0,2358.0,2358.0,2358.0,2358.0,2358.0,2358.0,2358.0,2358.0,2358.0,2358.0,2358.0,2358.0,2358.0,2358.0,2357.0,2356
WXav5B0ppUo,,,,,,,,,,,,,,,,,,,,,,,,,,,,,,,,,,,,,,2526.0,2799.0,3303.0,3303.0,3309.0,3315.0,3314.0,3311.0,3308.0,3306.0,3306.0,3304.0,3305.0,3306.0,3307.0,3306.0,,3307.0,3306.0,3306.0,3306.0,3304.0,3292.0,3292.0,3292.0,3292.0,3291.0,3290.0,3290.0,3291.0,3291.0,3291.0,3291.0,3291.0,3290.0,3290.0,3290.0,3290.0,3290.0,3290.0,3290.0,3289.0,3289.0,3288.0,3288.0,3287.0,3287.0,3288.0,3287.0,3287.0,3285.0,3285.0,3285.0,3285.0,3279.0,3280.0,3282.0,3281.0,3281.0,3281.0,3282.0,3280.0,3280.0,3280.0,3279.0,3277.0,3277.0,3277.0,3277.0,3277.0,3277.0,3279.0,3278.0,3278.0,3278.0,3279.0,3279.0,3278.0,3278
WBAIQVnkMcE,,,,,,,,,,,,,,,,,,,,,,,,,,,,,,,,,,,,,,178.0,187.0,209.0,219.0,226.0,226.0,225.0,226.0,226.0,226.0,226.0,226.0,226.0,226.0,226.0,226.0,,226.0,226.0,226.0,226.0,226.0,226.0,226.0,226.0,226.0,226.0,226.0,226.0,225.0,225.0,225.0,225.0,225.0,225.0,225.0,225.0,225.0,225.0,225.0,225.0,225.0,225.0,225.0,225.0,225.0,225.0,225.0,225.0,225.0,225.0,226.0,226.0,226.0,226.0,227.0,227.0,227.0,227.0,227.0,227.0,227.0,227.0,227.0,227.0,227.0,227.0,227.0,227.0,227.0,227.0,227.0,227.0,227.0,227.0,227.0,227.0,227.0,227
D6wqZefJCDo,,,,,,,,,,,,,,,,,,,,,,,,,,,,,,,,,,,,,,366.0,368.0,370.0,371.0,375.0,375.0,374.0,375.0,377.0,379.0,381.0,381.0,381.0,381.0,381.0,381.0,,383.0,383.0,383.0,383.0,383.0,383.0,383.0,383.0,383.0,383.0,383.0,383.0,383.0,383.0,383.0,385.0,385.0,385.0,385.0,385.0,385.0,385.0,385.0,385.0,385.0,385.0,385.0,385.0,385.0,385.0,385.0,385.0,385.0,385.0,385.0,385.0,385.0,385.0,385.0,385.0,385.0,385.0,386.0,386.0,386.0,386.0,386.0,386.0,386.0,386.0,386.0,386.0,386.0,386.0,386.0,386.0,386.0,386.0,386.0,386.0,386.0,386
5m97c9Hit7g,,,,,,,,,,,,,,,,,,,,,,,,,,,,,,,,,,,,,,221.0,231.0,234.0,240.0,242.0,245.0,246.0,246.0,246.0,246.0,246.0,247.0,247.0,247.0,247.0,247.0,,247.0,247.0,247.0,247.0,247.0,247.0,247.0,247.0,247.0,247.0,247.0,247.0,247.0,247.0,247.0,247.0,247.0,247.0,247.0,247.0,247.0,247.0,247.0,247.0,247.0,247.0,247.0,247.0,247.0,247.0,247.0,247.0,247.0,247.0,247.0,247.0,247.0,247.0,247.0,247.0,247.0,247.0,247.0,247.0,247.0,247.0,247.0,247.0,247.0,247.0,247.0,247.0,247.0,247.0,247.0,247.0,247.0,247.0,247.0,247.0,247.0,247
3KxiGwS2Ons,,,,,,,,,,,,,,,,,,,,,,,,,,,,,,,,,,,,,,1.0,1.0,1.0,1.0,1.0,2.0,2.0,2.0,2.0,3.0,3.0,3.0,3.0,3.0,3.0,4.0,,4.0,4.0,4.0,4.0,4.0,4.0,4.0,4.0,4.0,4.0,4.0,4.0,4.0,4.0,4.0,4.0,4.0,4.0,4.0,4.0,4.0,4.0,4.0,4.0,4.0,4.0,4.0,4.0,4.0,4.0,4.0,4.0,4.0,4.0,4.0,4.0,4.0,4.0,4.0,4.0,4.0,4.0,4.0,4.0,4.0,4.0,4.0,4.0,4.0,5.0,5.0,5.0,5.0,5.0,5.0,5.0,5.0,5.0,5.0,5.0,5.0,5
slHHlZN3N0w,,,,,,,,,,,,,,,,,,,,,,,,,,,,,,,,,,,,,,,72.0,75.0,76.0,76.0,76.0,76.0,76.0,76.0,76.0,76.0,76.0,76.0,76.0,77.0,77.0,,77.0,77.0,77.0,77.0,77.0,77.0,77.0,77.0,77.0,77.0,77.0,77.0,77.0,77.0,77.0,77.0,77.0,77.0,77.0,77.0,77.0,77.0,77.0,77.0,77.0,77.0,77.0,77.0,77.0,77.0,77.0,77.0,77.0,77.0,77.0,77.0,77.0,77.0,77.0,77.0,77.0,77.0,77.0,77.0,77.0,77.0,77.0,77.0,77.0,77.0,77.0,77.0,77.0,77.0,77.0,77.0,77.0,77.0,77.0,77.0,77.0,77
bRzo1UMw7YI,,,,,,,,,,,,,,,,,,,,,,,,,,,,,,,,,,,,,,,203.0,206.0,208.0,212.0,216.0,216.0,219.0,222.0,224.0,229.0,232.0,235.0,238.0,241.0,247.0,,250.0,251.0,251.0,251.0,253.0,253.0,256.0,256.0,256.0,257.0,257.0,259.0,259.0,262.0,261.0,262.0,263.0,264.0,265.0,267.0,269.0,270.0,271.0,271.0,271.0,271.0,271.0,271.0,271.0,271.0,274.0,274.0,275.0,275.0,275.0,275.0,275.0,275.0,275.0,275.0,275.0,275.0,275.0,275.0,275.0,275.0,275.0,275.0,275.0,275.0,275.0,275.0,275.0,275.0,275.0,275.0,275.0,275.0,275.0,275.0,275.0,275
Vufz0kX5L3g,,,,,,,,,,,,,,,,,,,,,,,,,,,,,,,,,,,,,,,22.0,22.0,22.0,22.0,22.0,22.0,22.0,22.0,22.0,22.0,22.0,22.0,22.0,22.0,22.0,,22.0,22.0,22.0,22.0,22.0,22.0,22.0,22.0,22.0,22.0,22.0,22.0,22.0,22.0,22.0,22.0,22.0,22.0,22.0,22.0,22.0,22.0,22.0,22.0,22.0,22.0,22.0,22.0,22.0,22.0,22.0,22.0,22.0,22.0,22.0,22.0,22.0,22.0,22.0,22.0,22.0,22.0,22.0,22.0,22.0,22.0,22.0,22.0,22.0,22.0,22.0,22.0,22.0,22.0,22.0,22.0,22.0,22.0,22.0,22.0,22.0,22
N_sjonH-j9Y,,,,,,,,,,,,,,,,,,,,,,,,,,,,,,,,,,,,,,,348.0,455.0,500.0,529.0,539.0,544.0,545.0,546.0,550.0,550.0,550.0,550.0,550.0,551.0,551.0,,551.0,551.0,551.0,551.0,552.0,552.0,552.0,552.0,552.0,552.0,552.0,552.0,552.0,549.0,549.0,549.0,549.0,549.0,549.0,549.0,549.0,549.0,549.0,549.0,549.0,549.0,549.0,549.0,549.0,549.0,549.0,549.0,549.0,549.0,549.0,549.0,549.0,549.0,549.0,549.0,549.0,549.0,549.0,549.0,549.0,549.0,549.0,549.0,549.0,549.0,549.0,549.0,549.0,549.0,549.0,549.0,549.0,549.0,549.0,549.0,549.0,549
J3WxAEN2Ow4,,,,,,,,,,,,,,,,,,,,,,,,,,,,,,,,,,,,,,,,,,,,,,,,,,,,,,,3793.0,3798.0,3805.0,3816.0,3820.0,3825.0,3830.0,3839.0,3849.0,3853.0,3858.0,3869.0,3875.0,3879.0,3880.0,3886.0,3890.0,3893.0,3904.0,3910.0,3919.0,3921.0,3925.0,3926.0,3927.0,3932.0,3934.0,3935.0,3940.0,3929.0,3930.0,3931.0,3932.0,3934.0,3935.0,3936.0,3940.0,3950.0,3951.0,3950.0,3951.0,3952.0,3951.0,3952.0,3952.0,3953.0,3956.0,3939.0,3941.0,3941.0,3942.0,3943.0,3946.0,3947.0,3950.0,3951.0,3952.0,3951.0,3951.0,3955.0,3955.0,3956
PQCcR2mrABw,,,,,,,,,,,,,,,,,,,,,,,,,,,,,,,,,,,,,,,,,,,,,,,,,,,,,,,98.0,98.0,98.0,98.0,98.0,98.0,99.0,99.0,100.0,100.0,100.0,100.0,101.0,101.0,101.0,101.0,101.0,101.0,101.0,101.0,101.0,101.0,101.0,101.0,101.0,101.0,101.0,101.0,101.0,101.0,101.0,101.0,101.0,101.0,102.0,102.0,102.0,102.0,102.0,102.0,102.0,102.0,102.0,102.0,102.0,102.0,102.0,102.0,102.0,102.0,102.0,102.0,102.0,102.0,102.0,102.0,102.0,102.0,102.0,102.0,102.0,102
Lr-7BBhUJio,,,,,,,,,,,,,,,,,,,,,,,,,,,,,,,,,,,,,,,,,,,,,,,,,,,,,,,28.0,28.0,28.0,28.0,28.0,28.0,28.0,28.0,28.0,28.0,28.0,28.0,28.0,28.0,28.0,28.0,28.0,28.0,28.0,28.0,28.0,28.0,28.0,28.0,28.0,28.0,28.0,28.0,28.0,28.0,28.0,28.0,28.0,28.0,28.0,28.0,28.0,28.0,28.0,28.0,28.0,28.0,28.0,28.0,28.0,28.0,28.0,28.0,28.0,28.0,28.0,28.0,28.0,28.0,28.0,28.0,28.0,28.0,28.0,28.0,28.0,28
P8VVnopM610,,,,,,,,,,,,,,,,,,,,,,,,,,,,,,,,,,,,,,,,,,,,,,,,,,,,,,,41062.0,41088.0,41101.0,41111.0,41128.0,41139.0,41168.0,41178.0,41195.0,41212.0,41260.0,41270.0,41250.0,41265.0,41291.0,41306.0,41319.0,41325.0,41335.0,41334.0,41374.0,41411.0,41430.0,41439.0,41447.0,41468.0,41481.0,41494.0,41512.0,41521.0,41529.0,41548.0,41561.0,41579.0,41587.0,41593.0,41600.0,41616.0,41630.0,41646.0,41661.0,41671.0,41687.0,41728.0,41765.0,41801.0,41820.0,41834.0,41861.0,41875.0,41883.0,41898.0,41907.0,41926.0,41938.0,41949.0,41954.0,41967.0,41992.0,41999.0,42003.0,42010
y2os26sMjOg,,,,,,,,,,,,,,,,,,,,,,,,,,,,,,,,,,,,,,,,,,,,,,,,,,,,,,,6975.0,6976.0,6977.0,6986.0,6997.0,7003.0,7008.0,7016.0,7021.0,7026.0,7032.0,7036.0,7039.0,7042.0,7043.0,7048.0,7052.0,7055.0,7057.0,7061.0,7066.0,7068.0,7073.0,7075.0,7075.0,7079.0,7082.0,7086.0,7090.0,7094.0,7096.0,7100.0,7103.0,7106.0,7108.0,7109.0,7109.0,7108.0,7109.0,7108.0,7107.0,7109.0,7109.0,7111.0,7113.0,7114.0,7116.0,7120.0,7118.0,7121.0,7123.0,7124.0,7126.0,7127.0,7128.0,7133.0,7136.0,7136.0,7136.0,7137.0,7138.0,7134
ND5FhEsjVUk,,,,,,,,,,,,,,,,,,,,,,,,,,,,,,,,,,,,,,,,,,,,,,,,,,,,,,,11714.0,11715.0,11722.0,11724.0,11727.0,11737.0,11745.0,11752.0,11759.0,11779.0,11788.0,11792.0,11794.0,11797.0,11797.0,11799.0,11802.0,11792.0,11792.0,11793.0,11795.0,11793.0,11795.0,11795.0,11795.0,11794.0,11795.0,11797.0,11797.0,11797.0,11799.0,11802.0,11803.0,11804.0,11803.0,11803.0,11804.0,11807.0,11807.0,11806.0,11806.0,11806.0,11807.0,11808.0,11808.0,11809.0,11809.0,11810.0,11811.0,11811.0,11813.0,11814.0,11815.0,11817.0,11817.0,11817.0,11818.0,11825.0,11825.0,11824.0,11824.0,11824
R6e4tBWxIxE,,,,,,,,,,,,,,,,,,,,,,,,,,,,,,,,,,,,,,,,,,,,,,,,,,,,,,,100802.0,100857.0,100928.0,100993.0,101075.0,101113.0,101228.0,101345.0,101459.0,101535.0,101604.0,101625.0,101686.0,101759.0,102522.0,104130.0,105032.0,105668.0,106099.0,108081.0,109077.0,109205.0,109299.0,109442.0,109596.0,109697.0,109753.0,109772.0,109835.0,109869.0,109933.0,109993.0,110036.0,110072.0,110145.0,110185.0,110248.0,110250.0,110314.0,110318.0,110299.0,110340.0,110404.0,110452.0,110424.0,110495.0,110513.0,110543.0,110565.0,110594.0,110655.0,110661.0,110687.0,110720.0,110739.0,110744.0,110768.0,110805.0,110830.0,110894.0,110919.0,110956
yRTwoFiqQHY,,,,,,,,,,,,,,,,,,,,,,,,,,,,,,,,,,,,,,,,,,,,,,,,,,,,,,,4.0,4.0,4.0,4.0,4.0,4.0,4.0,4.0,4.0,4.0,4.0,4.0,4.0,4.0,4.0,4.0,4.0,4.0,4.0,4.0,4.0,4.0,4.0,4.0,4.0,4.0,4.0,4.0,4.0,4.0,4.0,4.0,4.0,4.0,4.0,4.0,4.0,4.0,4.0,4.0,4.0,4.0,4.0,4.0,4.0,4.0,4.0,4.0,4.0,4.0,4.0,4.0,4.0,4.0,4.0,4.0,4.0,4.0,4.0,4.0,4.0,4
_UiZ-Uuw1ro,,,,,,,,,,,,,,,,,,,,,,,,,,,,,,,,,,,,,,,,,,,,,,,,,,,,,,,109.0,110.0,110.0,111.0,111.0,112.0,112.0,112.0,112.0,113.0,113.0,114.0,114.0,114.0,114.0,116.0,116.0,116.0,117.0,117.0,119.0,120.0,120.0,120.0,120.0,120.0,120.0,121.0,121.0,121.0,122.0,122.0,122.0,122.0,123.0,124.0,125.0,126.0,127.0,127.0,127.0,127.0,128.0,128.0,128.0,128.0,128.0,128.0,127.0,127.0,127.0,127.0,127.0,126.0,127.0,127.0,127.0,128.0,128.0,128.0,128.0,130
-01oDwXKSuE,,,,,,,,,,,,,,,,,,,,,,,,,,,,,,,,,,,,,,,,,,,,,,,,,,,,,,,12196.0,12209.0,12223.0,12229.0,12233.0,12240.0,12245.0,12237.0,12250.0,12263.0,12268.0,12275.0,12281.0,12295.0,12302.0,12304.0,12307.0,12315.0,12320.0,12329.0,12345.0,12348.0,12356.0,12363.0,12371.0,12374.0,12378.0,12379.0,12390.0,12395.0,12393.0,12400.0,12413.0,12416.0,12421.0,12428.0,12436.0,12415.0,12416.0,12426.0,12431.0,12436.0,12439.0,12445.0,12442.0,12445.0,12450.0,12453.0,12454.0,12441.0,12443.0,12443.0,12449.0,12452.0,12451.0,12454.0,12463.0,12464.0,12467.0,12469.0,12472.0,12478
5q9EjSUovc4,,,,,,,,,,,,,,,,,,,,,,,,,,,,,,,,,,,,,,,,,,,,,,,,,,,,,,,51558.0,51640.0,51721.0,51766.0,51846.0,51915.0,51985.0,52010.0,52059.0,52112.0,52170.0,52223.0,52306.0,52367.0,52400.0,52419.0,52443.0,52470.0,52508.0,52563.0,52599.0,52624.0,52664.0,52699.0,52757.0,52788.0,52805.0,52882.0,52908.0,52939.0,52983.0,53044.0,53092.0,53152.0,53179.0,53229.0,53267.0,53256.0,53305.0,53359.0,53412.0,53484.0,53515.0,53562.0,53657.0,53741.0,53812.0,53839.0,53904.0,53951.0,53963.0,53989.0,54038.0,54089.0,54127.0,54150.0,54187.0,54196.0,54233.0,54251.0,54298.0,54303
GFRu5ea_klk,,,,,,,,,,,,,,,,,,,,,,,,,,,,,,,,,,,,,,,,,,,,,,,,,,,,,,,10243.0,10288.0,10311.0,10335.0,10349.0,10373.0,10403.0,10420.0,10434.0,10452.0,10475.0,10486.0,10517.0,10532.0,10540.0,10552.0,10564.0,10568.0,10584.0,10598.0,10619.0,10631.0,10661.0,10677.0,10693.0,10708.0,10731.0,10744.0,10759.0,10777.0,10800.0,10816.0,10835.0,10852.0,10862.0,10875.0,10887.0,10903.0,10921.0,10932.0,10944.0,10958.0,10973.0,10992.0,11005.0,11017.0,11032.0,11040.0,11053.0,11052.0,11063.0,11074.0,11079.0,11088.0,11102.0,11111.0,11123.0,11137.0,11148.0,11156.0,11164.0,11173
kDvjltW21ag,,,,,,,,,,,,,,,,,,,,,,,,,,,,,,,,,,,,,,,,,,,,,,,,,,,,,,,1213.0,1213.0,1213.0,1215.0,1215.0,1215.0,1215.0,1215.0,1215.0,1215.0,1215.0,1215.0,1215.0,1215.0,1215.0,1215.0,1215.0,1215.0,1215.0,1215.0,1215.0,1215.0,1214.0,1214.0,1214.0,1214.0,1214.0,1214.0,1213.0,1213.0,1213.0,1211.0,1211.0,1211.0,1211.0,1211.0,1211.0,1211.0,1208.0,1208.0,1208.0,1208.0,1208.0,1208.0,1208.0,1208.0,1208.0,1208.0,1208.0,1208.0,1208.0,1208.0,1208.0,1208.0,1208.0,1207.0,1207.0,1207.0,1207.0,1207.0,1207.0,1207
LVw93DLIE78,,,,,,,,,,,,,,,,,,,,,,,,,,,,,,,,,,,,,,,,,,,,,,,,,,,,,,,3313.0,3323.0,3333.0,3340.0,3346.0,3348.0,3354.0,3360.0,3373.0,3379.0,3381.0,3385.0,3386.0,3388.0,3392.0,3393.0,3394.0,3394.0,3394.0,3396.0,3400.0,3400.0,3402.0,3403.0,3403.0,3403.0,3403.0,3402.0,3387.0,3395.0,3395.0,3396.0,3385.0,3386.0,3387.0,3388.0,3388.0,3388.0,3387.0,3388.0,3388.0,3388.0,3388.0,3388.0,3389.0,3390.0,3392.0,3393.0,3395.0,3395.0,3396.0,3396.0,3399.0,3402.0,3404.0,3405.0,3406.0,3407.0,3407.0,3407.0,3407.0,3408
yfKBI5l81-A,,,,,,,,,,,,,,,,,,,,,,,,,,,,,,,,,,,,,,,,,,,,,,,,,,,,,,,4523.0,4550.0,4589.0,4623.0,4664.0,4689.0,4710.0,4734.0,4755.0,4769.0,4779.0,4801.0,4821.0,4835.0,4843.0,4853.0,4859.0,4865.0,4875.0,4883.0,4884.0,4892.0,4899.0,4900.0,4916.0,4927.0,4929.0,4928.0,4931.0,4935.0,4937.0,4939.0,4941.0,4942.0,4943.0,4949.0,4952.0,4952.0,4955.0,4957.0,4960.0,4961.0,4963.0,4964.0,4969.0,4971.0,4972.0,4975.0,4977.0,4982.0,4992.0,4991.0,4995.0,4995.0,4998.0,5000.0,5003.0,5002.0,5005.0,5006.0,5008.0,5008
udOf9JGMA7U,,,,,,,,,,,,,,,,,,,,,,,,,,,,,,,,,,,,,,,,,,,,,,,,,,,,,,,600.0,601.0,602.0,603.0,604.0,607.0,607.0,608.0,608.0,611.0,611.0,611.0,612.0,612.0,612.0,616.0,616.0,616.0,616.0,617.0,617.0,618.0,618.0,618.0,618.0,619.0,620.0,620.0,620.0,620.0,619.0,619.0,619.0,620.0,620.0,622.0,623.0,624.0,626.0,626.0,626.0,626.0,627.0,628.0,628.0,628.0,628.0,628.0,628.0,628.0,628.0,628.0,628.0,630.0,630.0,630.0,630.0,630.0,630.0,630.0,631.0,631
F8YTLNrg8nE,,,,,,,,,,,,,,,,,,,,,,,,,,,,,,,,,,,,,,,,,,,,,,,,,,,,,,,45.0,45.0,45.0,45.0,45.0,45.0,45.0,45.0,45.0,45.0,45.0,45.0,45.0,45.0,45.0,45.0,45.0,45.0,45.0,45.0,45.0,45.0,45.0,45.0,45.0,45.0,45.0,45.0,45.0,45.0,45.0,45.0,45.0,45.0,45.0,45.0,45.0,45.0,45.0,45.0,45.0,45.0,45.0,45.0,45.0,45.0,45.0,45.0,45.0,45.0,45.0,45.0,45.0,45.0,45.0,45.0,45.0,45.0,45.0,45.0,45.0,45
rjQFemcplN8,,,,,,,,,,,,,,,,,,,,,,,,,,,,,,,,,,,,,,,,,,,,,,,,,,,,,,,3.0,3.0,3.0,3.0,3.0,3.0,3.0,3.0,3.0,3.0,3.0,3.0,3.0,3.0,3.0,3.0,3.0,3.0,3.0,3.0,3.0,3.0,3.0,3.0,3.0,3.0,3.0,3.0,3.0,3.0,3.0,3.0,3.0,3.0,3.0,3.0,3.0,3.0,3.0,3.0,3.0,3.0,3.0,3.0,3.0,3.0,3.0,3.0,3.0,3.0,3.0,3.0,3.0,3.0,3.0,3.0,3.0,3.0,3.0,3.0,3.0,3
z_ss4Yf-VZ4,,,,,,,,,,,,,,,,,,,,,,,,,,,,,,,,,,,,,,,,,,,,,,,,,,,,,,,259.0,259.0,259.0,259.0,259.0,259.0,260.0,260.0,261.0,261.0,261.0,261.0,262.0,262.0,262.0,262.0,262.0,262.0,262.0,262.0,262.0,262.0,262.0,262.0,262.0,263.0,263.0,263.0,263.0,263.0,263.0,263.0,263.0,263.0,263.0,263.0,263.0,263.0,263.0,263.0,264.0,265.0,265.0,266.0,266.0,267.0,267.0,267.0,267.0,267.0,267.0,267.0,267.0,267.0,267.0,267.0,267.0,267.0,267.0,267.0,267.0,267
fg-6jkI8B6M,,,,,,,,,,,,,,,,,,,,,,,,,,,,,,,,,,,,,,,,,,,,,,,,,,,,,,,9.0,9.0,9.0,9.0,9.0,9.0,9.0,9.0,9.0,9.0,9.0,9.0,9.0,9.0,9.0,9.0,9.0,9.0,9.0,9.0,10.0,10.0,10.0,10.0,10.0,10.0,10.0,10.0,10.0,10.0,10.0,10.0,10.0,10.0,10.0,10.0,10.0,10.0,10.0,10.0,11.0,11.0,11.0,11.0,11.0,11.0,11.0,11.0,11.0,11.0,11.0,11.0,11.0,11.0,11.0,11.0,11.0,11.0,11.0,11.0,11.0,11
CkBdKswwN0s,,,,,,,,,,,,,,,,,,,,,,,,,,,,,,,,,,,,,,,,,,,,,,,,,,,,,,,306.0,308.0,308.0,308.0,308.0,308.0,308.0,309.0,310.0,310.0,311.0,312.0,313.0,315.0,316.0,317.0,317.0,317.0,317.0,318.0,318.0,318.0,318.0,318.0,318.0,318.0,318.0,318.0,318.0,318.0,318.0,318.0,318.0,318.0,318.0,318.0,318.0,318.0,320.0,320.0,320.0,320.0,320.0,320.0,323.0,324.0,324.0,324.0,324.0,324.0,324.0,324.0,324.0,324.0,324.0,324.0,324.0,324.0,324.0,324.0,324.0,325
5dfsW2CBNPs,,,,,,,,,,,,,,,,,,,,,,,,,,,,,,,,,,,,,,,,,,,,,,,,,,,,,,,3309.0,3330.0,3338.0,3352.0,3363.0,3378.0,3399.0,3411.0,3431.0,3458.0,3483.0,3502.0,3520.0,3545.0,3562.0,3575.0,3588.0,3606.0,3620.0,3631.0,3649.0,3658.0,3666.0,3694.0,3715.0,3727.0,3733.0,3742.0,3761.0,3772.0,3778.0,3766.0,3771.0,3774.0,3785.0,3790.0,3798.0,3812.0,3826.0,3827.0,3841.0,3844.0,3854.0,3864.0,3869.0,3884.0,3885.0,3892.0,3901.0,3909.0,3911.0,3920.0,3925.0,3934.0,3937.0,3941.0,3943.0,3952.0,3953.0,3956.0,3953.0,3958
3SiRPF5OOzo,,,,,,,,,,,,,,,,,,,,,,,,,,,,,,,,,,,,,,,,,,,,,,,,,,,,,,,65.0,64.0,64.0,64.0,64.0,64.0,65.0,65.0,65.0,64.0,63.0,61.0,61.0,60.0,59.0,59.0,59.0,58.0,58.0,58.0,58.0,55.0,55.0,55.0,56.0,56.0,56.0,56.0,56.0,56.0,56.0,56.0,56.0,56.0,56.0,56.0,57.0,57.0,57.0,57.0,57.0,57.0,57.0,57.0,57.0,57.0,57.0,57.0,57.0,57.0,57.0,57.0,57.0,57.0,57.0,57.0,57.0,57.0,57.0,57.0,57.0,57
zhHB4dZTChw,,,,,,,,,,,,,,,,,,,,,,,,,,,,,,,,,,,,,,,,,,,,,,,,,,,,,,,11468.0,11605.0,11704.0,11796.0,11885.0,11961.0,12054.0,12112.0,12183.0,12221.0,12308.0,12350.0,12417.0,12462.0,12500.0,12539.0,12577.0,12617.0,12674.0,12738.0,12833.0,12888.0,12929.0,12963.0,13010.0,13061.0,13100.0,13181.0,13218.0,13261.0,13302.0,13332.0,13350.0,13375.0,13407.0,13433.0,13458.0,13487.0,13526.0,13564.0,13586.0,13603.0,13678.0,13700.0,13728.0,13752.0,13775.0,13805.0,13831.0,13847.0,13866.0,13884.0,13899.0,13914.0,13929.0,13939.0,13950.0,13967.0,13978.0,13993.0,14003.0,14019
Vxj8vwMYHP4,,,,,,,,,,,,,,,,,,,,,,,,,,,,,,,,,,,,,,,,,,,,,,,,,,,,,,,9358.0,9359.0,9358.0,9364.0,9364.0,9365.0,9365.0,9364.0,9364.0,9379.0,9386.0,9391.0,9393.0,9396.0,9397.0,9395.0,9397.0,9400.0,9400.0,9400.0,9400.0,9400.0,9400.0,9401.0,9401.0,9401.0,9402.0,9403.0,9403.0,9404.0,9404.0,9403.0,9401.0,9401.0,9401.0,9401.0,9402.0,9402.0,9402.0,9402.0,9403.0,9404.0,9405.0,9405.0,9405.0,9405.0,9405.0,9403.0,9404.0,9404.0,9405.0,9405.0,9405.0,9405.0,9408.0,9408.0,9408.0,9411.0,9411.0,9412.0,9412.0,9412
V6yhQw99NYY,,,,,,,,,,,,,,,,,,,,,,,,,,,,,,,,,,,,,,,,,,,,,,,,,,,,,,,146.0,146.0,146.0,146.0,146.0,146.0,146.0,146.0,146.0,146.0,146.0,146.0,146.0,146.0,146.0,146.0,146.0,146.0,146.0,146.0,146.0,146.0,146.0,146.0,146.0,146.0,146.0,142.0,142.0,142.0,142.0,142.0,142.0,142.0,142.0,142.0,142.0,143.0,143.0,143.0,143.0,143.0,143.0,143.0,143.0,143.0,144.0,144.0,144.0,144.0,144.0,144.0,144.0,145.0,145.0,145.0,145.0,145.0,145.0,145.0,145.0,145
_UQCWEp-8BQ,,,,,,,,,,,,,,,,,,,,,,,,,,,,,,,,,,,,,,,,,,,,,,,,,,,,,,,2518.0,2522.0,2523.0,2525.0,2533.0,2536.0,2541.0,2545.0,2549.0,2553.0,2555.0,2563.0,2566.0,2569.0,2573.0,2577.0,2579.0,2573.0,2579.0,2580.0,2580.0,2581.0,2590.0,2589.0,2593.0,2586.0,2587.0,2591.0,2594.0,2596.0,2597.0,2597.0,2596.0,2597.0,2599.0,2599.0,2599.0,2603.0,2607.0,2610.0,2610.0,2613.0,2620.0,2623.0,2622.0,2623.0,2624.0,2626.0,2630.0,2630.0,2630.0,2631.0,2632.0,2631.0,2632.0,2631.0,2631.0,2633.0,2634.0,2636.0,2635.0,2637
QohU4Ucme3c,,,,,,,,,,,,,,,,,,,,,,,,,,,,,,,,,,,,,,,,,,,,,,,,,,,,,,,12.0,12.0,12.0,12.0,12.0,12.0,12.0,12.0,12.0,12.0,12.0,12.0,12.0,12.0,12.0,12.0,13.0,13.0,13.0,13.0,13.0,13.0,13.0,13.0,13.0,13.0,14.0,14.0,14.0,14.0,14.0,14.0,14.0,14.0,14.0,14.0,14.0,14.0,14.0,14.0,15.0,14.0,14.0,14.0,14.0,14.0,14.0,14.0,14.0,14.0,14.0,14.0,14.0,15.0,15.0,15.0,15.0,15.0,15.0,15.0,15.0,15
0-xKvImq7Ek,,,,,,,,,,,,,,,,,,,,,,,,,,,,,,,,,,,,,,,,,,,,,,,,,,,,,,,1638.0,1643.0,1644.0,1645.0,1648.0,1650.0,1650.0,1654.0,1656.0,1657.0,1659.0,1660.0,1660.0,1661.0,1661.0,1661.0,1663.0,1663.0,1663.0,1667.0,1669.0,1668.0,1669.0,1671.0,1674.0,1678.0,1678.0,1673.0,1677.0,1681.0,1681.0,1680.0,1680.0,1681.0,1683.0,1688.0,1688.0,1690.0,1690.0,1690.0,1691.0,1694.0,1695.0,1695.0,1696.0,1697.0,1697.0,1700.0,1699.0,1699.0,1699.0,1699.0,1700.0,1700.0,1702.0,1702.0,1704.0,1704.0,1704.0,1705.0,1706.0,1706
3IjtP7PRcrE,,,,,,,,,,,,,,,,,,,,,,,,,,,,,,,,,,,,,,,,,,,,,,,,,,,,,,,161.0,161.0,161.0,161.0,158.0,158.0,158.0,158.0,158.0,158.0,158.0,158.0,158.0,158.0,158.0,159.0,159.0,159.0,159.0,159.0,160.0,160.0,160.0,160.0,160.0,160.0,160.0,158.0,158.0,159.0,159.0,159.0,159.0,159.0,159.0,159.0,159.0,159.0,159.0,159.0,159.0,159.0,159.0,159.0,159.0,161.0,161.0,161.0,161.0,161.0,161.0,161.0,161.0,161.0,161.0,161.0,161.0,161.0,161.0,161.0,161.0,161
CgCVZdcKcqY,,,,,,,,,,,,,,,,,,,,,,,,,,,,,,,,,,,,,,,,,,,,,,,,,,,,,,,467280.0,467466.0,467597.0,468594.0,469095.0,469369.0,469534.0,469634.0,469652.0,469769.0,468740.0,468748.0,468793.0,468870.0,468981.0,469059.0,469152.0,469304.0,469369.0,469458.0,469501.0,469505.0,469532.0,469737.0,470116.0,470309.0,470528.0,470799.0,470957.0,471105.0,471310.0,471554.0,471686.0,471722.0,471820.0,471946.0,472099.0,472145.0,472219.0,472347.0,472393.0,472478.0,472588.0,472668.0,472684.0,472696.0,472781.0,472823.0,472761.0,472854.0,472901.0,472665.0,472796.0,472867.0,472869.0,472890.0,472959.0,473000.0,472883.0,472928.0,472970.0,473152
5e_VnIBO32I,,,,,,,,,,,,,,,,,,,,,,,,,,,,,,,,,,,,,,,,,,,,,,,,,,,,,,,0.0,0.0,0.0,0.0,0.0,0.0,0.0,0.0,0.0,0.0,0.0,0.0,0.0,0.0,0.0,0.0,0.0,0.0,0.0,0.0,0.0,0.0,0.0,0.0,0.0,0.0,0.0,0.0,0.0,0.0,0.0,0.0,0.0,0.0,0.0,0.0,0.0,0.0,0.0,0.0,0.0,0.0,0.0,0.0,0.0,0.0,0.0,0.0,0.0,0.0,0.0,0.0,0.0,0.0,0.0,0.0,0.0,0.0,0.0,0.0,0.0,0
liIBNPLp6D8,,,,,,,,,,,,,,,,,,,,,,,,,,,,,,,,,,,,,,,,,,,,,,,,,,,,,,,133.0,135.0,135.0,135.0,135.0,135.0,135.0,135.0,135.0,135.0,135.0,136.0,136.0,138.0,138.0,139.0,139.0,139.0,139.0,138.0,138.0,138.0,138.0,138.0,138.0,138.0,138.0,138.0,138.0,138.0,139.0,139.0,139.0,138.0,138.0,138.0,138.0,138.0,139.0,140.0,140.0,140.0,140.0,141.0,141.0,141.0,141.0,141.0,142.0,142.0,142.0,142.0,142.0,142.0,142.0,142.0,142.0,142.0,142.0,142.0,142.0,143
PqWApYzlfrU,,,,,,,,,,,,,,,,,,,,,,,,,,,,,,,,,,,,,,,,,,,,,,,,,,,,,,,2896.0,2900.0,2904.0,2906.0,2908.0,2908.0,2913.0,2921.0,2922.0,2924.0,2925.0,2926.0,2928.0,2931.0,2934.0,2935.0,2939.0,2942.0,2942.0,2943.0,2949.0,2951.0,2951.0,2952.0,2953.0,2954.0,2955.0,2958.0,2959.0,2963.0,2964.0,2967.0,2967.0,2957.0,2957.0,2957.0,2960.0,2958.0,2965.0,2969.0,2969.0,2971.0,2971.0,2972.0,2970.0,2970.0,2970.0,2970.0,2970.0,2970.0,2970.0,2970.0,2975.0,2976.0,2981.0,3004.0,3011.0,3014.0,3017.0,3021.0,3022.0,3021
uRnl1Lj7GqM,,,,,,,,,,,,,,,,,,,,,,,,,,,,,,,,,,,,,,,,,,,,,,,,,,,,,,,1439.0,1442.0,1444.0,1445.0,1446.0,1449.0,1449.0,1451.0,1451.0,1453.0,1454.0,1454.0,1454.0,1454.0,1454.0,1454.0,1454.0,1455.0,1455.0,1455.0,1456.0,1455.0,1457.0,1457.0,1458.0,1458.0,1458.0,1461.0,1461.0,1463.0,1463.0,1464.0,1464.0,1464.0,1464.0,1464.0,1464.0,1464.0,1462.0,1462.0,1463.0,1462.0,1462.0,1462.0,1462.0,1462.0,1462.0,1462.0,1462.0,1463.0,1463.0,1463.0,1463.0,1464.0,1464.0,1464.0,1464.0,1464.0,1464.0,1464.0,1464.0,1464
4jyZpXEW88E,,,,,,,,,,,,,,,,,,,,,,,,,,,,,,,,,,,,,,,,,,,,,,,,,,,,,,,109.0,111.0,111.0,112.0,112.0,112.0,112.0,112.0,112.0,112.0,112.0,112.0,113.0,114.0,114.0,114.0,115.0,115.0,115.0,116.0,116.0,116.0,116.0,115.0,115.0,115.0,115.0,115.0,115.0,115.0,115.0,116.0,116.0,116.0,116.0,116.0,118.0,118.0,118.0,118.0,118.0,118.0,119.0,122.0,127.0,127.0,127.0,127.0,127.0,127.0,127.0,127.0,127.0,127.0,127.0,127.0,127.0,127.0,127.0,127.0,127.0,128
DYgE3SGPEqk,,,,,,,,,,,,,,,,,,,,,,,,,,,,,,,,,,,,,,,,,,,,,,,,,,,,,,,22188.0,22358.0,22440.0,22544.0,22607.0,22774.0,22891.0,22912.0,22986.0,23090.0,23343.0,23447.0,23502.0,23535.0,23579.0,23642.0,23721.0,23756.0,23828.0,23903.0,23996.0,24091.0,24117.0,24147.0,24237.0,24273.0,24290.0,24349.0,24373.0,24403.0,24428.0,24544.0,24587.0,24640.0,24663.0,24695.0,24717.0,24825.0,24852.0,24876.0,24901.0,24957.0,24995.0,25031.0,25048.0,25087.0,25106.0,25136.0,25157.0,25198.0,25226.0,25237.0,25242.0,25253.0,25273.0,25330.0,25382.0,25420.0,25448.0,25461.0,25519.0,25528
8b4Cf1tlDFk,,,,,,,,,,,,,,,,,,,,,,,,,,,,,,,,,,,,,,,,,,,,,,,,,,,,,,,488.0,488.0,489.0,491.0,491.0,491.0,492.0,493.0,493.0,493.0,493.0,494.0,494.0,495.0,495.0,495.0,495.0,495.0,495.0,495.0,495.0,496.0,496.0,498.0,498.0,500.0,505.0,508.0,509.0,511.0,511.0,512.0,512.0,512.0,512.0,512.0,512.0,512.0,513.0,519.0,520.0,520.0,520.0,521.0,522.0,522.0,523.0,523.0,523.0,524.0,524.0,524.0,523.0,523.0,524.0,525.0,526.0,526.0,526.0,526.0,526.0,528
sD44sjGm1GM,,,,,,,,,,,,,,,,,,,,,,,,,,,,,,,,,,,,,,,,,,,,,,,,,,,,,,,738.0,738.0,738.0,738.0,739.0,739.0,739.0,739.0,739.0,739.0,739.0,739.0,739.0,739.0,739.0,739.0,739.0,739.0,739.0,739.0,739.0,739.0,739.0,739.0,739.0,739.0,739.0,739.0,739.0,739.0,739.0,739.0,739.0,739.0,739.0,739.0,739.0,739.0,739.0,739.0,739.0,739.0,739.0,739.0,739.0,739.0,739.0,739.0,739.0,739.0,739.0,739.0,739.0,739.0,739.0,739.0,739.0,739.0,739.0,739.0,742.0,742
vlmXpQOE75c,,,,,,,,,,,,,,,,,,,,,,,,,,,,,,,,,,,,,,,,,,,,,,,,,,,,,,,3071.0,3076.0,3079.0,3086.0,3092.0,3107.0,3130.0,3141.0,3158.0,3191.0,3214.0,3232.0,3246.0,3247.0,3260.0,3287.0,3323.0,3336.0,3347.0,3374.0,3394.0,3412.0,3428.0,3454.0,3493.0,3495.0,3497.0,3497.0,3499.0,3505.0,3508.0,3509.0,3518.0,3519.0,3519.0,3533.0,3549.0,3560.0,3562.0,3564.0,3568.0,3580.0,3582.0,3594.0,3594.0,3661.0,3663.0,3675.0,3679.0,3680.0,3680.0,3680.0,3680.0,3679.0,3679.0,3678.0,3678.0,3678.0,3678.0,3678.0,3679.0,3679
9bZkp7q19f0,,,,,,,,,,,,,,,,,,,,,,,,,,,,,,,,,,,,,,,,,,,,,,,,,,,,,,,5452481.0,5452479.0,5452523.0,5452617.0,5452704.0,5452845.0,5452902.0,5452928.0,5452931.0,5452926.0,5452996.0,5452132.0,5452306.0,5452410.0,5452454.0,5452544.0,5452625.0,5452753.0,5452818.0,5453034.0,5453192.0,5453268.0,5453418.0,5453421.0,5453452.0,5453759.0,5453879.0,5453965.0,5454074.0,5454194.0,5454279.0,5454522.0,5454692.0,5454874.0,5454977.0,5454993.0,5455122.0,5455078.0,5455065.0,5455235.0,5455339.0,5455276.0,5455353.0,5455458.0,5455457.0,5455582.0,5455655.0,5455682.0,5455759.0,5454799.0,5454804.0,5454852.0,5454959.0,5455050.0,5455118.0,5455153.0,5455195.0,5455267.0,5455323.0,5455449.0,5455636.0,5455763
WxL5cNNelLk,,,,,,,,,,,,,,,,,,,,,,,,,,,,,,,,,,,,,,,,,,,,,,,,,,,,,,,9755.0,9759.0,9768.0,9776.0,9782.0,9789.0,9787.0,9792.0,9792.0,9813.0,9830.0,9833.0,9838.0,9843.0,9849.0,9853.0,9857.0,9862.0,9864.0,9865.0,9902.0,9966.0,9996.0,10016.0,10035.0,10052.0,10063.0,10055.0,10057.0,10059.0,10061.0,10081.0,10087.0,10095.0,10097.0,10097.0,10097.0,10099.0,10100.0,10099.0,10099.0,10099.0,10102.0,10103.0,10103.0,10104.0,10105.0,10107.0,10107.0,10109.0,10110.0,10112.0,10113.0,10114.0,10115.0,10114.0,10114.0,10114.0,10114.0,10112.0,10112.0,10113
Tckezs5z6u0,,,,,,,,,,,,,,,,,,,,,,,,,,,,,,,,,,,,,,,,,,,,,,,,,,,,,,,3404.0,3414.0,3418.0,3426.0,3438.0,3440.0,3448.0,3450.0,3452.0,3452.0,3454.0,3458.0,3462.0,3462.0,3461.0,3464.0,3466.0,3470.0,3481.0,3486.0,3494.0,3497.0,3499.0,3499.0,3500.0,3502.0,3503.0,3504.0,3504.0,3508.0,3508.0,3509.0,3512.0,3517.0,3518.0,3520.0,3520.0,3511.0,3512.0,3513.0,3515.0,3516.0,3516.0,3518.0,3517.0,3517.0,3518.0,3519.0,3523.0,3524.0,3533.0,3528.0,3528.0,3527.0,3529.0,3529.0,3531.0,3532.0,3533.0,3534.0,3535.0,3536
4arlM3zyWyA,,,,,,,,,,,,,,,,,,,,,,,,,,,,,,,,,,,,,,,,,,,,,,,,,,,,,,,457.0,464.0,466.0,468.0,471.0,473.0,474.0,476.0,478.0,480.0,484.0,486.0,490.0,495.0,498.0,505.0,513.0,514.0,517.0,520.0,528.0,530.0,531.0,536.0,538.0,541.0,547.0,548.0,549.0,552.0,553.0,555.0,559.0,561.0,562.0,563.0,564.0,566.0,571.0,575.0,576.0,579.0,581.0,582.0,583.0,584.0,586.0,587.0,589.0,590.0,591.0,592.0,594.0,597.0,601.0,602.0,604.0,608.0,610.0,613.0,616.0,618
6IKDkjlKHS4,,,,,,,,,,,,,,,,,,,,,,,,,,,,,,,,,,,,,,,,,,,,,,,,,,,,,,,94.0,94.0,94.0,94.0,94.0,94.0,94.0,94.0,94.0,94.0,94.0,94.0,95.0,95.0,95.0,95.0,95.0,95.0,96.0,96.0,96.0,96.0,97.0,97.0,97.0,97.0,97.0,97.0,97.0,97.0,97.0,97.0,97.0,97.0,97.0,97.0,97.0,97.0,97.0,97.0,97.0,97.0,97.0,97.0,97.0,97.0,97.0,97.0,97.0,97.0,97.0,97.0,97.0,97.0,97.0,97.0,97.0,97.0,97.0,97.0,98.0,98
q7bcUlP07i4,,,,,,,,,,,,,,,,,,,,,,,,,,,,,,,,,,,,,,,,,,,,,,,,,,,,,,,4.0,4.0,4.0,4.0,4.0,4.0,4.0,4.0,4.0,4.0,4.0,4.0,4.0,4.0,4.0,4.0,4.0,4.0,4.0,4.0,4.0,4.0,4.0,4.0,4.0,4.0,4.0,4.0,4.0,4.0,4.0,4.0,4.0,4.0,4.0,4.0,4.0,4.0,4.0,4.0,4.0,4.0,4.0,4.0,4.0,4.0,4.0,4.0,4.0,4.0,4.0,4.0,4.0,4.0,4.0,4.0,4.0,4.0,4.0,4.0,4.0,4
vShw8Av0dQY,,,,,,,,,,,,,,,,,,,,,,,,,,,,,,,,,,,,,,,,,,,,,,,,,,,,,,,460.0,460.0,460.0,462.0,462.0,463.0,464.0,464.0,463.0,464.0,465.0,465.0,466.0,467.0,467.0,467.0,467.0,466.0,466.0,467.0,468.0,468.0,469.0,470.0,471.0,471.0,471.0,472.0,472.0,472.0,473.0,473.0,473.0,473.0,473.0,474.0,474.0,474.0,473.0,473.0,473.0,474.0,475.0,475.0,476.0,476.0,477.0,477.0,476.0,476.0,476.0,476.0,476.0,476.0,476.0,476.0,476.0,476.0,476.0,476.0,477.0,477
N-zrw5qDkFQ,,,,,,,,,,,,,,,,,,,,,,,,,,,,,,,,,,,,,,,,,,,,,,,,,,,,,,,26.0,26.0,26.0,26.0,26.0,26.0,26.0,26.0,26.0,26.0,26.0,26.0,26.0,26.0,26.0,26.0,26.0,26.0,26.0,26.0,26.0,26.0,26.0,26.0,26.0,26.0,26.0,26.0,26.0,26.0,26.0,26.0,26.0,26.0,26.0,26.0,27.0,27.0,27.0,27.0,27.0,27.0,27.0,27.0,27.0,27.0,27.0,28.0,28.0,28.0,28.0,28.0,28.0,28.0,28.0,28.0,28.0,28.0,28.0,28.0,28.0,28
JTFuuQg5Mhs,,,,,,,,,,,,,,,,,,,,,,,,,,,,,,,,,,,,,,,,,,,,,,,,,,,,,,,868.0,870.0,876.0,875.0,876.0,876.0,881.0,883.0,883.0,884.0,884.0,891.0,896.0,897.0,897.0,900.0,906.0,907.0,911.0,913.0,916.0,916.0,916.0,918.0,919.0,919.0,922.0,922.0,922.0,923.0,932.0,934.0,931.0,931.0,933.0,935.0,936.0,936.0,936.0,936.0,936.0,937.0,939.0,939.0,940.0,941.0,948.0,950.0,950.0,950.0,950.0,950.0,951.0,951.0,951.0,951.0,951.0,952.0,952.0,953.0,954.0,954
9qkpcLK422o,,,,,,,,,,,,,,,,,,,,,,,,,,,,,,,,,,,,,,,,,,,,,,,,,,,,,,,26710.0,26889.0,27103.0,27260.0,27419.0,27711.0,27903.0,28013.0,28123.0,28219.0,28332.0,28460.0,28606.0,28703.0,28787.0,28882.0,28946.0,29041.0,29127.0,29194.0,29289.0,29351.0,29430.0,29472.0,29561.0,29608.0,29662.0,29741.0,29837.0,29918.0,29992.0,30056.0,30102.0,30158.0,30212.0,30263.0,30313.0,30374.0,30443.0,30495.0,30535.0,30584.0,30631.0,30677.0,30720.0,30761.0,30809.0,30830.0,30840.0,30885.0,30923.0,31004.0,31043.0,31070.0,31093.0,31112.0,31132.0,31171.0,31207.0,31234.0,31289.0,31306
9uDVag6HP8g,,,,,,,,,,,,,,,,,,,,,,,,,,,,,,,,,,,,,,,,,,,,,,,,,,,,,,,18958.0,19046.0,19147.0,19238.0,19351.0,19405.0,19453.0,19492.0,19549.0,19591.0,19641.0,19703.0,19856.0,19921.0,20064.0,20259.0,20334.0,20378.0,20419.0,20459.0,20514.0,20562.0,20576.0,20609.0,20633.0,20661.0,20690.0,20709.0,20719.0,20728.0,20732.0,20740.0,20762.0,20772.0,20786.0,20796.0,20810.0,20824.0,20834.0,20859.0,20882.0,20889.0,20898.0,20911.0,20923.0,20934.0,20946.0,20960.0,20974.0,20982.0,21001.0,21021.0,21034.0,21045.0,21049.0,21058.0,21067.0,21071.0,21084.0,21103.0,21121.0,21132
f3OypB-9BQI,,,,,,,,,,,,,,,,,,,,,,,,,,,,,,,,,,,,,,,,,,,,,,,,,,,,,,,1352.0,1354.0,1353.0,1353.0,1353.0,1353.0,1351.0,1354.0,1354.0,1354.0,1354.0,1355.0,1356.0,1356.0,1358.0,1358.0,1358.0,1358.0,1362.0,1362.0,1362.0,1362.0,1362.0,1362.0,1362.0,1362.0,1365.0,1364.0,1364.0,1364.0,1364.0,1364.0,1364.0,1364.0,1363.0,1363.0,1364.0,1364.0,1364.0,1364.0,1364.0,1364.0,1364.0,1365.0,1365.0,1365.0,1365.0,1365.0,1365.0,1365.0,1365.0,1365.0,1365.0,1365.0,1365.0,1365.0,1365.0,1365.0,1365.0,1365.0,1365.0,1365
pys0iujXJjQ,,,,,,,,,,,,,,,,,,,,,,,,,,,,,,,,,,,,,,,,,,,,,,,,,,,,,,,1067.0,1067.0,1066.0,1066.0,1069.0,1070.0,1071.0,1071.0,1071.0,1071.0,1073.0,1073.0,1073.0,1074.0,1075.0,1075.0,1075.0,1075.0,1076.0,1076.0,1076.0,1076.0,1074.0,1075.0,1075.0,1075.0,1075.0,1076.0,1077.0,1077.0,1077.0,1077.0,1077.0,1077.0,1078.0,1079.0,1079.0,1079.0,1079.0,1079.0,1079.0,1079.0,1079.0,1080.0,1081.0,1081.0,1081.0,1082.0,1082.0,1082.0,1079.0,1079.0,1079.0,1078.0,1078.0,1078.0,1078.0,1078.0,1078.0,1078.0,1078.0,1079
OTMan1GcBwk,,,,,,,,,,,,,,,,,,,,,,,,,,,,,,,,,,,,,,,,,,,,,,,,,,,,,,,164.0,164.0,164.0,164.0,164.0,164.0,164.0,164.0,164.0,164.0,165.0,165.0,165.0,165.0,166.0,167.0,167.0,167.0,167.0,167.0,168.0,168.0,168.0,168.0,168.0,168.0,168.0,168.0,168.0,168.0,168.0,168.0,168.0,168.0,168.0,169.0,169.0,169.0,170.0,169.0,169.0,169.0,169.0,169.0,169.0,169.0,169.0,169.0,169.0,169.0,169.0,169.0,169.0,170.0,170.0,170.0,170.0,170.0,171.0,171.0,171.0,172
lBk-A6P6CQA,,,,,,,,,,,,,,,,,,,,,,,,,,,,,,,,,,,,,,,,,,,,,,,,,,,,,,,181.0,181.0,,,,,,,,,,,,,,,,,,,,,,,,,,,,,,,,,,,,,,,,,,,,,,,,,,,,,,,,,,,,
dgRaQ8mZjow,,,,,,,,,,,,,,,,,,,,,,,,,,,,,,,,,,,,,,,,,,,,,,,,,,,,,,,43.0,43.0,43.0,45.0,45.0,45.0,45.0,45.0,45.0,45.0,45.0,45.0,46.0,46.0,46.0,46.0,46.0,46.0,46.0,46.0,46.0,46.0,46.0,46.0,46.0,46.0,46.0,46.0,46.0,46.0,47.0,47.0,47.0,47.0,47.0,47.0,47.0,47.0,47.0,47.0,47.0,47.0,47.0,47.0,47.0,47.0,47.0,47.0,47.0,47.0,47.0,47.0,47.0,47.0,47.0,47.0,47.0,47.0,47.0,47.0,47.0,47
1Pmoxr18YA8,,,,,,,,,,,,,,,,,,,,,,,,,,,,,,,,,,,,,,,,,,,,,,,,,,,,,,,98.0,99.0,100.0,100.0,100.0,100.0,100.0,101.0,101.0,101.0,101.0,101.0,102.0,102.0,102.0,103.0,103.0,103.0,103.0,103.0,103.0,103.0,103.0,103.0,103.0,103.0,103.0,103.0,103.0,104.0,104.0,104.0,104.0,104.0,104.0,104.0,104.0,104.0,104.0,104.0,104.0,104.0,104.0,104.0,104.0,104.0,104.0,104.0,104.0,104.0,104.0,104.0,104.0,104.0,104.0,104.0,104.0,103.0,103.0,103.0,103.0,103
OexKn5lnqfI,,,,,,,,,,,,,,,,,,,,,,,,,,,,,,,,,,,,,,,,,,,,,,,,,,,,,,,1435.0,1441.0,1445.0,1447.0,1449.0,1451.0,1453.0,1456.0,1459.0,1461.0,1465.0,1465.0,1468.0,1468.0,1468.0,1472.0,1473.0,1473.0,1475.0,1475.0,1476.0,1476.0,1477.0,1478.0,1479.0,1479.0,1480.0,1483.0,1483.0,1484.0,1484.0,1484.0,1484.0,1486.0,1487.0,1487.0,1488.0,1490.0,1491.0,1497.0,1498.0,1498.0,1499.0,1499.0,1499.0,1501.0,1501.0,1501.0,1503.0,1503.0,1503.0,1503.0,1503.0,1503.0,1503.0,1503.0,1504.0,1505.0,1505.0,1505.0,1505.0,1507
imvkO-lXwTA,,,,,,,,,,,,,,,,,,,,,,,,,,,,,,,,,,,,,,,,,,,,,,,,,,,,,,,0.0,0.0,0.0,0.0,0.0,0.0,0.0,0.0,0.0,0.0,0.0,0.0,0.0,0.0,0.0,0.0,0.0,0.0,0.0,0.0,0.0,0.0,0.0,0.0,0.0,0.0,0.0,0.0,0.0,0.0,0.0,0.0,0.0,0.0,0.0,0.0,0.0,0.0,0.0,0.0,0.0,0.0,0.0,0.0,0.0,0.0,0.0,0.0,0.0,0.0,0.0,0.0,0.0,0.0,0.0,0.0,0.0,0.0,0.0,0.0,0.0,0
LPL1fozVrIw,,,,,,,,,,,,,,,,,,,,,,,,,,,,,,,,,,,,,,,,,,,,,,,,,,,,,,,1322.0,1334.0,1339.0,1351.0,1357.0,1364.0,1367.0,1371.0,1375.0,1381.0,1387.0,1394.0,1396.0,1400.0,1404.0,1408.0,1411.0,1415.0,1417.0,1420.0,1423.0,1423.0,1426.0,1432.0,1435.0,1438.0,1443.0,1445.0,1448.0,1449.0,1451.0,1453.0,1454.0,1458.0,1460.0,1463.0,1468.0,1479.0,1493.0,1498.0,1503.0,1507.0,1515.0,1521.0,1524.0,1532.0,1532.0,1533.0,1534.0,1535.0,1536.0,1536.0,1534.0,1535.0,1535.0,1536.0,1537.0,1537.0,1538.0,1540.0,1540.0,1540
b60RXXBik1w,,,,,,,,,,,,,,,,,,,,,,,,,,,,,,,,,,,,,,,,,,,,,,,,,,,,,,,1536.0,1546.0,1553.0,1567.0,1570.0,1576.0,1581.0,1590.0,1604.0,1621.0,1629.0,1642.0,1646.0,1650.0,1661.0,1671.0,1674.0,1679.0,1686.0,1689.0,1700.0,1703.0,1711.0,1715.0,1718.0,1724.0,1732.0,1733.0,1736.0,1740.0,1742.0,1746.0,1747.0,1752.0,1753.0,1753.0,1756.0,1757.0,1757.0,1764.0,1764.0,1764.0,1764.0,1764.0,1766.0,1768.0,1769.0,1774.0,1776.0,1777.0,1781.0,1781.0,1781.0,1782.0,1782.0,1783.0,1784.0,1787.0,1789.0,1790.0,1790.0,1789
IxoCRq-v81I,,,,,,,,,,,,,,,,,,,,,,,,,,,,,,,,,,,,,,,,,,,,,,,,,,,,,,,1038.0,1043.0,1051.0,1059.0,1066.0,1071.0,1073.0,1077.0,1080.0,1083.0,1084.0,1077.0,1078.0,1080.0,1081.0,1082.0,1084.0,1088.0,1092.0,1094.0,1103.0,1106.0,1113.0,1117.0,1125.0,1127.0,1130.0,1135.0,1135.0,1136.0,1141.0,1144.0,1145.0,1146.0,1147.0,1149.0,1150.0,1153.0,1153.0,1156.0,1158.0,1161.0,1164.0,1166.0,1169.0,1172.0,1174.0,1177.0,1178.0,1184.0,1187.0,1190.0,1192.0,1194.0,1196.0,1200.0,1202.0,1204.0,1206.0,1207.0,1211.0,1212
ql6cF9gKdjA,,,,,,,,,,,,,,,,,,,,,,,,,,,,,,,,,,,,,,,,,,,,,,,,,,,,,,,862.0,886.0,898.0,908.0,918.0,926.0,933.0,936.0,943.0,952.0,961.0,965.0,968.0,970.0,973.0,978.0,981.0,982.0,986.0,986.0,992.0,993.0,997.0,999.0,1003.0,1002.0,1005.0,1007.0,1009.0,1013.0,1015.0,1013.0,1016.0,1019.0,1022.0,1025.0,1037.0,1155.0,1206.0,1298.0,1395.0,1475.0,1533.0,1587.0,1642.0,1694.0,1732.0,1763.0,1792.0,1812.0,1831.0,1844.0,1863.0,1875.0,1884.0,1889.0,1897.0,1900.0,1906.0,1912.0,1919.0,1920
BXyBr6fIuw4,,,,,,,,,,,,,,,,,,,,,,,,,,,,,,,,,,,,,,,,,,,,,,,,,,,,,,,5.0,5.0,5.0,5.0,5.0,5.0,5.0,5.0,5.0,5.0,5.0,5.0,5.0,5.0,5.0,5.0,5.0,5.0,5.0,5.0,5.0,5.0,5.0,5.0,5.0,5.0,5.0,5.0,5.0,5.0,5.0,5.0,5.0,5.0,5.0,5.0,5.0,5.0,5.0,5.0,5.0,5.0,5.0,5.0,5.0,5.0,5.0,5.0,5.0,5.0,5.0,5.0,5.0,5.0,5.0,5.0,5.0,5.0,5.0,5.0,5.0,5
tHvEKVW0GP8,,,,,,,,,,,,,,,,,,,,,,,,,,,,,,,,,,,,,,,,,,,,,,,,,,,,,,,200.0,202.0,202.0,202.0,203.0,203.0,203.0,203.0,203.0,204.0,204.0,204.0,204.0,204.0,204.0,205.0,205.0,205.0,205.0,206.0,206.0,206.0,206.0,205.0,204.0,204.0,204.0,204.0,204.0,204.0,204.0,204.0,204.0,204.0,204.0,204.0,204.0,204.0,204.0,204.0,205.0,205.0,205.0,205.0,204.0,204.0,204.0,206.0,206.0,206.0,206.0,207.0,207.0,207.0,207.0,207.0,207.0,207.0,207.0,207.0,207.0,207
NW6olUR350I,,,,,,,,,,,,,,,,,,,,,,,,,,,,,,,,,,,,,,,,,,,,,,,,,,,,,,,32.0,32.0,33.0,34.0,34.0,34.0,34.0,34.0,34.0,34.0,34.0,34.0,34.0,34.0,35.0,35.0,35.0,35.0,35.0,35.0,35.0,35.0,36.0,36.0,36.0,36.0,36.0,36.0,36.0,36.0,36.0,36.0,36.0,36.0,36.0,36.0,36.0,36.0,36.0,36.0,36.0,36.0,36.0,36.0,36.0,36.0,36.0,36.0,36.0,36.0,36.0,36.0,36.0,36.0,36.0,36.0,36.0,36.0,36.0,36.0,36.0,36
iGGxMGeJzmw,,,,,,,,,,,,,,,,,,,,,,,,,,,,,,,,,,,,,,,,,,,,,,,,,,,,,,,3352.0,3367.0,3399.0,3417.0,3438.0,3453.0,3466.0,3475.0,3491.0,3501.0,3510.0,3515.0,3527.0,3515.0,3522.0,3525.0,3539.0,3547.0,3554.0,3564.0,3572.0,3577.0,3585.0,3591.0,3595.0,3601.0,3602.0,3604.0,3614.0,3623.0,3627.0,3634.0,3641.0,3644.0,3651.0,3656.0,3659.0,3660.0,3661.0,3665.0,3672.0,3675.0,3676.0,3679.0,3684.0,3686.0,3686.0,3685.0,3692.0,3693.0,3696.0,3698.0,3702.0,3707.0,3716.0,3719.0,3726.0,3728.0,3732.0,3734.0,3741.0,3748
OeI0fQVSQLQ,,,,,,,,,,,,,,,,,,,,,,,,,,,,,,,,,,,,,,,,,,,,,,,,,,,,,,,0.0,0.0,0.0,0.0,0.0,0.0,0.0,0.0,0.0,0.0,0.0,0.0,0.0,0.0,0.0,0.0,0.0,0.0,0.0,0.0,0.0,0.0,0.0,0.0,0.0,0.0,0.0,0.0,0.0,0.0,0.0,0.0,0.0,0.0,0.0,0.0,0.0,0.0,0.0,0.0,0.0,0.0,0.0,0.0,0.0,0.0,0.0,0.0,0.0,0.0,0.0,0.0,0.0,0.0,0.0,0.0,0.0,0.0,0.0,0.0,0.0,0
7mRAVdvlBKI,,,,,,,,,,,,,,,,,,,,,,,,,,,,,,,,,,,,,,,,,,,,,,,,,,,,,,,67.0,67.0,66.0,66.0,66.0,66.0,67.0,67.0,67.0,67.0,67.0,67.0,67.0,68.0,68.0,68.0,68.0,69.0,69.0,69.0,69.0,69.0,69.0,69.0,69.0,69.0,69.0,69.0,69.0,69.0,69.0,69.0,69.0,69.0,69.0,69.0,69.0,69.0,70.0,70.0,70.0,70.0,70.0,70.0,70.0,70.0,70.0,70.0,70.0,70.0,70.0,70.0,70.0,71.0,71.0,71.0,71.0,71.0,71.0,71.0,71.0,71
C_aVIcSuWeM,,,,,,,,,,,,,,,,,,,,,,,,,,,,,,,,,,,,,,,,,,,,,,,,,,,,,,,55.0,55.0,55.0,55.0,55.0,55.0,59.0,59.0,59.0,59.0,59.0,59.0,59.0,59.0,59.0,59.0,59.0,59.0,59.0,59.0,59.0,59.0,59.0,59.0,59.0,59.0,59.0,60.0,61.0,61.0,61.0,62.0,62.0,62.0,62.0,62.0,62.0,62.0,62.0,62.0,62.0,62.0,62.0,62.0,62.0,62.0,62.0,62.0,62.0,62.0,62.0,62.0,62.0,62.0,62.0,62.0,62.0,62.0,62.0,62.0,62.0,62
j5M8mX7qnLU,,,,,,,,,,,,,,,,,,,,,,,,,,,,,,,,,,,,,,,,,,,,,,,,,,,,,,,177.0,182.0,185.0,189.0,194.0,197.0,203.0,211.0,215.0,220.0,226.0,228.0,229.0,232.0,233.0,234.0,234.0,235.0,236.0,236.0,239.0,,,,,,,,,,,,,,,,,,,,,,,,,,,,,,,,,,,,,,,,,
juXsUPN55GY,,,,,,,,,,,,,,,,,,,,,,,,,,,,,,,,,,,,,,,,,,,,,,,,,,,,,,,51.0,53.0,54.0,55.0,57.0,57.0,58.0,59.0,59.0,59.0,59.0,59.0,59.0,59.0,59.0,60.0,62.0,62.0,62.0,62.0,62.0,,,,,,,,,,,,,,,,,,,,,,,,,,,,,,,,,,,,,,,,,
kDFYu3Kg_Xs,,,,,,,,,,,,,,,,,,,,,,,,,,,,,,,,,,,,,,,,,,,,,,,,,,,,,,,16.0,16.0,16.0,16.0,16.0,17.0,17.0,17.0,17.0,17.0,17.0,17.0,17.0,17.0,17.0,17.0,17.0,17.0,17.0,17.0,17.0,17.0,17.0,17.0,17.0,17.0,17.0,17.0,17.0,17.0,17.0,17.0,17.0,17.0,17.0,17.0,17.0,17.0,17.0,17.0,17.0,17.0,17.0,17.0,17.0,17.0,17.0,17.0,17.0,17.0,17.0,17.0,17.0,17.0,17.0,17.0,17.0,17.0,17.0,17.0,17.0,17
zR-t4yv1hOE,,,,,,,,,,,,,,,,,,,,,,,,,,,,,,,,,,,,,,,,,,,,,,,,,,,,,,,15.0,15.0,15.0,15.0,15.0,15.0,15.0,15.0,15.0,15.0,16.0,16.0,16.0,16.0,16.0,16.0,16.0,16.0,16.0,16.0,16.0,16.0,16.0,16.0,16.0,18.0,18.0,18.0,19.0,19.0,20.0,20.0,20.0,20.0,20.0,20.0,20.0,20.0,20.0,20.0,20.0,20.0,20.0,20.0,20.0,20.0,20.0,20.0,20.0,20.0,20.0,20.0,20.0,20.0,20.0,20.0,20.0,20.0,20.0,20.0,20.0,20
zHQTySJrNWw,,,,,,,,,,,,,,,,,,,,,,,,,,,,,,,,,,,,,,,,,,,,,,,,,,,,,,,156.0,157.0,158.0,158.0,158.0,158.0,159.0,159.0,160.0,160.0,160.0,160.0,160.0,160.0,160.0,160.0,160.0,160.0,160.0,160.0,160.0,162.0,162.0,162.0,162.0,162.0,162.0,162.0,162.0,162.0,162.0,162.0,162.0,162.0,162.0,162.0,163.0,163.0,163.0,163.0,163.0,163.0,163.0,163.0,163.0,163.0,163.0,163.0,164.0,164.0,164.0,164.0,164.0,164.0,164.0,164.0,164.0,164.0,164.0,164.0,165.0,165
PoD9YBZR0O4,,,,,,,,,,,,,,,,,,,,,,,,,,,,,,,,,,,,,,,,,,,,,,,,,,,,,,,8951.0,9397.0,9843.0,10268.0,10791.0,11398.0,12296.0,13283.0,13972.0,14654.0,15264.0,15865.0,16305.0,16634.0,16784.0,16935.0,17067.0,17166.0,17277.0,17335.0,17492.0,17536.0,17568.0,17632.0,17697.0,17750.0,17806.0,17865.0,17914.0,17951.0,17813.0,17850.0,17925.0,17979.0,18010.0,18040.0,17972.0,17997.0,18060.0,18083.0,18109.0,18133.0,18154.0,18173.0,18188.0,18215.0,18229.0,18244.0,18261.0,18272.0,18297.0,18322.0,18331.0,18361.0,18387.0,18404.0,18410.0,18426.0,18422.0,18431.0,18462.0,18454
F7sGJVUrkjQ,,,,,,,,,,,,,,,,,,,,,,,,,,,,,,,,,,,,,,,,,,,,,,,,,,,,,,,43750.0,46745.0,49392.0,50925.0,52270.0,53743.0,55532.0,56222.0,57072.0,57804.0,58504.0,59641.0,60180.0,60937.0,61385.0,62132.0,62573.0,63111.0,63929.0,64420.0,65194.0,65616.0,66037.0,66470.0,66835.0,67227.0,67629.0,68056.0,68419.0,68785.0,69382.0,69916.0,70371.0,70915.0,71324.0,71690.0,72098.0,72530.0,73108.0,73588.0,73994.0,74366.0,74747.0,75115.0,75530.0,76122.0,76584.0,77223.0,77671.0,78105.0,78505.0,79086.0,79480.0,79792.0,80111.0,80456.0,80880.0,81333.0,81708.0,82077.0,82373.0,82613
AdOaQpwYx0c,,,,,,,,,,,,,,,,,,,,,,,,,,,,,,,,,,,,,,,,,,,,,,,,,,,,,,,813.0,829.0,835.0,857.0,864.0,869.0,881.0,892.0,898.0,904.0,908.0,912.0,914.0,917.0,921.0,924.0,926.0,928.0,930.0,932.0,936.0,937.0,938.0,938.0,939.0,941.0,941.0,941.0,942.0,942.0,942.0,943.0,945.0,945.0,946.0,948.0,948.0,949.0,949.0,949.0,949.0,950.0,950.0,950.0,950.0,950.0,950.0,950.0,950.0,950.0,950.0,950.0,950.0,950.0,950.0,950.0,950.0,950.0,951.0,951.0,951.0,951
Eyv7VNmNXNI,,,,,,,,,,,,,,,,,,,,,,,,,,,,,,,,,,,,,,,,,,,,,,,,,,,,,,,1063.0,1101.0,1118.0,1130.0,1134.0,1143.0,1151.0,1156.0,1158.0,1159.0,1160.0,1161.0,1160.0,1161.0,1161.0,1161.0,1165.0,1166.0,1169.0,1167.0,1168.0,1168.0,1168.0,1168.0,1168.0,1169.0,1169.0,1171.0,1171.0,1171.0,1171.0,1172.0,1173.0,1173.0,1173.0,1174.0,1174.0,1174.0,1174.0,1174.0,1174.0,1175.0,1175.0,1175.0,1175.0,1176.0,1177.0,1177.0,1177.0,1177.0,1177.0,1177.0,1177.0,1177.0,1178.0,1179.0,1179.0,1180.0,1180.0,1180.0,1180.0,1180
9qkpcLK422o,,,,,,,,,,,,,,,,,,,,,,,,,,,,,,,,,,,,,,,,,,,,,,,,,,,,,,,26710.0,26889.0,27103.0,27260.0,27419.0,27711.0,27903.0,28013.0,28123.0,28219.0,28332.0,28460.0,28606.0,28703.0,28787.0,28882.0,28946.0,29041.0,29127.0,29194.0,29289.0,29351.0,29430.0,29472.0,29561.0,29608.0,29662.0,29741.0,29837.0,29918.0,29992.0,30056.0,30102.0,30158.0,30212.0,30263.0,30313.0,30374.0,30443.0,30495.0,30535.0,30584.0,30631.0,30677.0,30720.0,30761.0,30809.0,30830.0,30840.0,30885.0,30923.0,31004.0,31043.0,31070.0,31093.0,31112.0,31132.0,31171.0,31207.0,31234.0,31289.0,31306
8iWkRdIsT3U,,,,,,,,,,,,,,,,,,,,,,,,,,,,,,,,,,,,,,,,,,,,,,,,,,,,,,,1651.0,1780.0,1839.0,1885.0,1932.0,1960.0,1983.0,1997.0,2014.0,2021.0,2030.0,2035.0,2038.0,2045.0,2049.0,2052.0,2059.0,2063.0,2065.0,2065.0,2069.0,2073.0,2075.0,2078.0,2078.0,2084.0,2088.0,2089.0,2093.0,2100.0,2100.0,2100.0,2102.0,2101.0,2102.0,2102.0,2104.0,2103.0,2105.0,2106.0,2106.0,2105.0,2107.0,2107.0,2108.0,2109.0,2108.0,2110.0,2114.0,2116.0,2118.0,2119.0,2120.0,2120.0,2120.0,2121.0,2122.0,2122.0,2123.0,2121.0,2122.0,2123
g0_qeo00XWs,,,,,,,,,,,,,,,,,,,,,,,,,,,,,,,,,,,,,,,,,,,,,,,,,,,,,,,29.0,37.0,39.0,40.0,41.0,44.0,44.0,44.0,44.0,44.0,45.0,45.0,45.0,45.0,45.0,45.0,45.0,44.0,44.0,44.0,44.0,44.0,44.0,44.0,44.0,44.0,45.0,45.0,45.0,45.0,45.0,45.0,45.0,45.0,45.0,45.0,45.0,45.0,45.0,45.0,45.0,45.0,45.0,45.0,45.0,45.0,45.0,45.0,45.0,45.0,45.0,45.0,45.0,45.0,45.0,45.0,46.0,46.0,46.0,46.0,46.0,46
AdOaQpwYx0c,,,,,,,,,,,,,,,,,,,,,,,,,,,,,,,,,,,,,,,,,,,,,,,,,,,,,,,813.0,829.0,835.0,857.0,864.0,869.0,881.0,892.0,898.0,904.0,908.0,912.0,914.0,917.0,921.0,924.0,926.0,928.0,930.0,932.0,936.0,937.0,938.0,938.0,939.0,941.0,941.0,941.0,942.0,942.0,942.0,943.0,945.0,945.0,946.0,948.0,948.0,949.0,949.0,949.0,949.0,950.0,950.0,950.0,950.0,950.0,950.0,950.0,950.0,950.0,950.0,950.0,950.0,950.0,950.0,950.0,950.0,950.0,951.0,951.0,951.0,951
qFVQukLBlj0,,,,,,,,,,,,,,,,,,,,,,,,,,,,,,,,,,,,,,,,,,,,,,,,,,,,,,,344.0,345.0,347.0,349.0,354.0,354.0,358.0,357.0,359.0,360.0,360.0,360.0,360.0,361.0,359.0,359.0,361.0,363.0,363.0,365.0,366.0,366.0,366.0,366.0,367.0,368.0,368.0,368.0,368.0,368.0,367.0,368.0,368.0,369.0,369.0,369.0,370.0,372.0,372.0,373.0,374.0,374.0,374.0,374.0,375.0,375.0,375.0,375.0,375.0,375.0,375.0,375.0,375.0,375.0,375.0,375.0,375.0,375.0,374.0,374.0,376.0,376
izGJjwhCEaI,,,,,,,,,,,,,,,,,,,,,,,,,,,,,,,,,,,,,,,,,,,,,,,,,,,,,,,1076.0,1077.0,1079.0,1080.0,1080.0,1082.0,1082.0,1084.0,1085.0,1085.0,1088.0,1089.0,1091.0,1091.0,1091.0,1092.0,1094.0,1094.0,1096.0,1098.0,1099.0,1101.0,1103.0,1105.0,1105.0,1107.0,1107.0,1105.0,1105.0,1107.0,1107.0,1107.0,1106.0,1106.0,1108.0,1110.0,1109.0,1109.0,1109.0,1110.0,1111.0,1112.0,1112.0,1112.0,1112.0,1112.0,1113.0,1112.0,1112.0,1115.0,1115.0,1116.0,1116.0,1116.0,1116.0,1116.0,1116.0,1117.0,1117.0,1118.0,1118.0,1119
yfnE6vi6jAk,,,,,,,,,,,,,,,,,,,,,,,,,,,,,,,,,,,,,,,,,,,,,,,,,,,,,,,679.0,679.0,679.0,682.0,682.0,685.0,686.0,686.0,686.0,687.0,688.0,689.0,692.0,694.0,695.0,692.0,692.0,696.0,696.0,696.0,696.0,697.0,699.0,699.0,701.0,702.0,702.0,702.0,702.0,702.0,704.0,707.0,709.0,710.0,711.0,715.0,717.0,720.0,723.0,723.0,723.0,724.0,723.0,725.0,726.0,727.0,727.0,728.0,728.0,729.0,729.0,730.0,730.0,730.0,731.0,731.0,730.0,731.0,731.0,731.0,733.0,733
hE4bqarpTx4,,,,,,,,,,,,,,,,,,,,,,,,,,,,,,,,,,,,,,,,,,,,,,,,,,,,,,,0.0,0.0,0.0,0.0,0.0,0.0,0.0,0.0,0.0,0.0,0.0,0.0,0.0,0.0,0.0,0.0,0.0,0.0,0.0,0.0,0.0,0.0,0.0,0.0,0.0,0.0,0.0,0.0,0.0,0.0,0.0,0.0,0.0,0.0,0.0,0.0,0.0,0.0,0.0,0.0,0.0,0.0,0.0,0.0,0.0,0.0,0.0,0.0,0.0,0.0,0.0,0.0,0.0,0.0,0.0,0.0,0.0,0.0,0.0,0.0,0.0,0
hzNZlhOOh3s,,,,,,,,,,,,,,,,,,,,,,,,,,,,,,,,,,,,,,,,,,,,,,,,,,,,,,,216.0,217.0,217.0,218.0,218.0,219.0,219.0,219.0,218.0,218.0,218.0,218.0,218.0,218.0,218.0,219.0,218.0,218.0,219.0,219.0,220.0,220.0,220.0,220.0,221.0,221.0,221.0,221.0,221.0,221.0,221.0,221.0,221.0,222.0,222.0,222.0,222.0,222.0,222.0,222.0,222.0,222.0,222.0,222.0,222.0,222.0,223.0,223.0,223.0,223.0,223.0,223.0,223.0,223.0,223.0,223.0,223.0,223.0,223.0,223.0,223.0,223
yE6yETkVI3Q,,,,,,,,,,,,,,,,,,,,,,,,,,,,,,,,,,,,,,,,,,,,,,,,,,,,,,,1257.0,1267.0,1274.0,1282.0,1291.0,1302.0,1308.0,1314.0,1320.0,1327.0,1331.0,1332.0,1339.0,1341.0,1343.0,1347.0,1352.0,1354.0,1356.0,1359.0,1365.0,1367.0,1369.0,1370.0,1372.0,1372.0,1373.0,1375.0,1376.0,1379.0,1378.0,1378.0,1378.0,1380.0,1380.0,1379.0,1379.0,1379.0,1378.0,1378.0,1378.0,1379.0,1379.0,1379.0,1379.0,1382.0,1383.0,1384.0,1385.0,1385.0,1385.0,1387.0,1388.0,1388.0,1389.0,1389.0,1384.0,1384.0,1385.0,1386.0,1386.0,1386
ha7i16DoKQY,,,,,,,,,,,,,,,,,,,,,,,,,,,,,,,,,,,,,,,,,,,,,,,,,,,,,,,604.0,702.0,789.0,808.0,826.0,839.0,852.0,852.0,860.0,918.0,992.0,1093.0,1101.0,1140.0,1200.0,1220.0,1154.0,1213.0,1212.0,1233.0,1237.0,1237.0,1239.0,1238.0,1238.0,1242.0,1246.0,1235.0,1242.0,1245.0,1248.0,1250.0,1261.0,1267.0,1273.0,1273.0,1273.0,1273.0,1272.0,1272.0,1273.0,1273.0,1272.0,1272.0,1272.0,1272.0,1273.0,1274.0,1274.0,1273.0,1273.0,1273.0,1273.0,1273.0,1273.0,1272.0,1276.0,1277.0,1277.0,1277.0,1277.0,1278
D9y3xAgp6Qo,,,,,,,,,,,,,,,,,,,,,,,,,,,,,,,,,,,,,,,,,,,,,,,,,,,,,,,0.0,0.0,0.0,0.0,0.0,0.0,0.0,0.0,0.0,0.0,0.0,0.0,0.0,0.0,0.0,0.0,0.0,0.0,0.0,0.0,0.0,0.0,0.0,0.0,0.0,0.0,0.0,0.0,0.0,0.0,0.0,0.0,0.0,0.0,0.0,0.0,0.0,0.0,0.0,0.0,0.0,0.0,0.0,0.0,0.0,0.0,0.0,0.0,0.0,0.0,0.0,1.0,1.0,2.0,2.0,2.0,2.0,2.0,2.0,2.0,2.0,2
XQYO8vicu5I,,,,,,,,,,,,,,,,,,,,,,,,,,,,,,,,,,,,,,,,,,,,,,,,,,,,,,,0.0,0.0,0.0,0.0,0.0,0.0,0.0,0.0,0.0,0.0,0.0,0.0,0.0,0.0,0.0,0.0,0.0,0.0,0.0,0.0,0.0,0.0,0.0,0.0,0.0,0.0,0.0,0.0,0.0,0.0,0.0,0.0,0.0,0.0,0.0,0.0,0.0,0.0,0.0,0.0,0.0,0.0,0.0,0.0,0.0,0.0,0.0,0.0,0.0,0.0,0.0,0.0,0.0,0.0,0.0,0.0,0.0,0.0,0.0,0.0,0.0,0
YsfsxpJaYSw,,,,,,,,,,,,,,,,,,,,,,,,,,,,,,,,,,,,,,,,,,,,,,,,,,,,,,,,21.0,31.0,33.0,34.0,37.0,40.0,40.0,41.0,41.0,41.0,42.0,44.0,44.0,44.0,45.0,47.0,47.0,50.0,51.0,52.0,53.0,53.0,53.0,53.0,53.0,53.0,53.0,53.0,53.0,53.0,53.0,53.0,53.0,53.0,53.0,53.0,53.0,53.0,54.0,54.0,54.0,55.0,55.0,55.0,56.0,56.0,57.0,55.0,55.0,55.0,55.0,55.0,57.0,57.0,57.0,57.0,58.0,58.0,58.0,58.0,58
ItvDjeiqdlE,,,,,,,,,,,,,,,,,,,,,,,,,,,,,,,,,,,,,,,,,,,,,,,,,,,,,,,,2907.0,3955.0,4269.0,4504.0,4567.0,4625.0,4692.0,4736.0,4765.0,4788.0,4800.0,4813.0,4836.0,4846.0,4858.0,4869.0,4879.0,4888.0,4896.0,4918.0,4924.0,4931.0,4944.0,4955.0,4958.0,4966.0,4978.0,4980.0,4976.0,4979.0,4982.0,4987.0,4992.0,4993.0,4995.0,5001.0,5004.0,5006.0,5006.0,5006.0,5008.0,5011.0,5014.0,5019.0,5024.0,5028.0,5029.0,5028.0,5031.0,5032.0,5034.0,5036.0,5036.0,5038.0,5040.0,5040.0,5038.0,5041.0,5043.0,5048.0,5046
x6peEfIQVGE,,,,,,,,,,,,,,,,,,,,,,,,,,,,,,,,,,,,,,,,,,,,,,,,,,,,,,,,706.0,763.0,779.0,785.0,795.0,798.0,802.0,808.0,809.0,814.0,822.0,825.0,825.0,827.0,827.0,829.0,830.0,830.0,832.0,834.0,833.0,833.0,834.0,834.0,826.0,826.0,829.0,830.0,830.0,830.0,830.0,830.0,831.0,831.0,831.0,831.0,831.0,831.0,831.0,831.0,831.0,831.0,831.0,831.0,831.0,831.0,831.0,831.0,831.0,832.0,832.0,832.0,832.0,832.0,832.0,832.0,832.0,832.0,832.0,832.0,832
sj0eG4iaJFw,,,,,,,,,,,,,,,,,,,,,,,,,,,,,,,,,,,,,,,,,,,,,,,,,,,,,,,,85.0,116.0,125.0,138.0,150.0,154.0,157.0,158.0,158.0,160.0,162.0,162.0,162.0,163.0,164.0,164.0,164.0,164.0,164.0,167.0,168.0,168.0,168.0,168.0,168.0,168.0,168.0,168.0,168.0,168.0,170.0,170.0,170.0,170.0,170.0,170.0,171.0,171.0,171.0,171.0,172.0,172.0,172.0,172.0,173.0,173.0,173.0,173.0,173.0,173.0,173.0,173.0,173.0,173.0,173.0,173.0,173.0,173.0,173.0,173.0,173
aCX2F0R5q9w,,,,,,,,,,,,,,,,,,,,,,,,,,,,,,,,,,,,,,,,,,,,,,,,,,,,,,,,0.0,0.0,0.0,0.0,0.0,0.0,8.0,11.0,12.0,15.0,17.0,17.0,18.0,18.0,19.0,19.0,19.0,19.0,20.0,23.0,23.0,23.0,25.0,25.0,27.0,27.0,27.0,27.0,27.0,27.0,27.0,27.0,28.0,28.0,29.0,29.0,29.0,30.0,30.0,30.0,30.0,30.0,30.0,31.0,31.0,31.0,31.0,31.0,32.0,32.0,34.0,34.0,34.0,33.0,34.0,34.0,34.0,35.0,37.0,37.0,37
C6--84TzxZc,,,,,,,,,,,,,,,,,,,,,,,,,,,,,,,,,,,,,,,,,,,,,,,,,,,,,,,,,808.0,1077.0,1186.0,1304.0,1369.0,1398.0,1439.0,1473.0,1491.0,1506.0,1547.0,1573.0,1586.0,1591.0,1597.0,1597.0,1600.0,1600.0,1606.0,1611.0,1614.0,1618.0,1621.0,1621.0,1625.0,1624.0,1625.0,1629.0,1631.0,1631.0,1633.0,1634.0,1635.0,1637.0,1637.0,1637.0,1636.0,1639.0,1640.0,1642.0,1642.0,1643.0,1644.0,1644.0,1647.0,1646.0,1646.0,1646.0,1646.0,1646.0,1645.0,1645.0,1645.0,1645.0,1645.0,1645.0,1646.0,1646.0,1646.0,1648
n7AChRJK7tc,,,,,,,,,,,,,,,,,,,,,,,,,,,,,,,,,,,,,,,,,,,,,,,,,,,,,,,,,122.0,193.0,237.0,314.0,377.0,412.0,445.0,464.0,495.0,517.0,543.0,557.0,578.0,588.0,605.0,608.0,620.0,621.0,629.0,629.0,634.0,639.0,642.0,644.0,646.0,646.0,648.0,652.0,652.0,658.0,661.0,664.0,664.0,664.0,665.0,670.0,671.0,674.0,674.0,674.0,674.0,676.0,676.0,676.0,676.0,676.0,676.0,677.0,679.0,679.0,682.0,683.0,685.0,686.0,687.0,687.0,690.0,693.0,694.0,695
VF5KiYpH-Pg,,,,,,,,,,,,,,,,,,,,,,,,,,,,,,,,,,,,,,,,,,,,,,,,,,,,,,,,,475.0,617.0,700.0,758.0,828.0,861.0,901.0,940.0,978.0,1021.0,1086.0,1123.0,1169.0,1209.0,1216.0,1226.0,1232.0,1246.0,1263.0,1269.0,1272.0,1278.0,1288.0,1300.0,1311.0,1324.0,1330.0,1333.0,1336.0,1349.0,1357.0,1364.0,1368.0,1375.0,1387.0,1396.0,1399.0,1401.0,1403.0,1406.0,1410.0,1413.0,1421.0,1424.0,1426.0,1428.0,1432.0,1438.0,1438.0,1443.0,1446.0,1447.0,1448.0,1449.0,1451.0,1451.0,1452.0,1452.0,1452.0,1451
NBJWOnYONx0,,,,,,,,,,,,,,,,,,,,,,,,,,,,,,,,,,,,,,,,,,,,,,,,,,,,,,,,,76.0,94.0,105.0,108.0,110.0,115.0,117.0,119.0,123.0,125.0,127.0,127.0,127.0,127.0,127.0,127.0,128.0,130.0,130.0,131.0,132.0,134.0,134.0,134.0,137.0,137.0,137.0,137.0,137.0,137.0,137.0,137.0,139.0,139.0,139.0,141.0,141.0,141.0,141.0,142.0,144.0,145.0,145.0,146.0,147.0,147.0,148.0,148.0,149.0,149.0,150.0,150.0,150.0,151.0,151.0,151.0,151.0,151.0,151.0,151
ten6JjjGcH4,,,,,,,,,,,,,,,,,,,,,,,,,,,,,,,,,,,,,,,,,,,,,,,,,,,,,,,,,0.0,0.0,0.0,0.0,0.0,0.0,0.0,0.0,0.0,0.0,0.0,0.0,0.0,0.0,0.0,0.0,0.0,0.0,0.0,0.0,0.0,0.0,0.0,0.0,0.0,0.0,0.0,0.0,0.0,0.0,0.0,0.0,0.0,0.0,0.0,0.0,0.0,0.0,0.0,0.0,0.0,0.0,0.0,0.0,0.0,0.0,0.0,0.0,0.0,0.0,0.0,0.0,0.0,0.0,0.0,0.0,0.0,0.0,0.0,0
kaJjuLHg0JU,,,,,,,,,,,,,,,,,,,,,,,,,,,,,,,,,,,,,,,,,,,,,,,,,,,,,,,,,98.0,98.0,98.0,98.0,99.0,99.0,99.0,100.0,100.0,100.0,100.0,100.0,101.0,101.0,101.0,101.0,101.0,101.0,101.0,101.0,101.0,102.0,102.0,103.0,103.0,103.0,104.0,104.0,105.0,105.0,105.0,105.0,104.0,104.0,104.0,98.0,98.0,98.0,98.0,100.0,100.0,100.0,100.0,100.0,100.0,100.0,100.0,100.0,99.0,99.0,99.0,99.0,99.0,99.0,99.0,100.0,100.0,100.0,100.0,100
XQMg8-Ku3JI,,,,,,,,,,,,,,,,,,,,,,,,,,,,,,,,,,,,,,,,,,,,,,,,,,,,,,,,,10489.0,10489.0,10489.0,10489.0,10488.0,10488.0,10488.0,10488.0,10485.0,10483.0,10485.0,10485.0,10485.0,10485.0,10485.0,10485.0,10485.0,10485.0,10485.0,10484.0,10484.0,10484.0,10484.0,10484.0,10482.0,10482.0,10483.0,10483.0,10483.0,10482.0,10482.0,10482.0,10482.0,10482.0,10482.0,10483.0,10483.0,10483.0,10483.0,10483.0,10483.0,10483.0,10483.0,10483.0,10480.0,10480.0,10480.0,10480.0,10483.0,10483.0,10483.0,10484.0,10484.0,10484.0,10484.0,10484.0,10484.0,10484.0,10482.0,10482
pIfScZGDNsc,,,,,,,,,,,,,,,,,,,,,,,,,,,,,,,,,,,,,,,,,,,,,,,,,,,,,,,,,,1129.0,1181.0,1263.0,1331.0,1357.0,1388.0,1402.0,1406.0,1426.0,1438.0,1451.0,1460.0,1465.0,1469.0,1477.0,1481.0,1486.0,1496.0,1499.0,1502.0,1506.0,1508.0,1528.0,1528.0,1530.0,1530.0,1530.0,1535.0,1536.0,1540.0,1540.0,1536.0,1539.0,1540.0,1540.0,1541.0,1541.0,1541.0,1541.0,1545.0,1544.0,1543.0,1545.0,1546.0,1547.0,1551.0,1551.0,1551.0,1551.0,1554.0,1559.0,1560.0,1560.0,1561.0,1563.0,1562.0,1563.0,1568.0,1568
tWQei-65AGM,,,,,,,,,,,,,,,,,,,,,,,,,,,,,,,,,,,,,,,,,,,,,,,,,,,,,,,,,,109.0,194.0,260.0,273.0,277.0,282.0,283.0,289.0,292.0,295.0,299.0,304.0,306.0,308.0,310.0,316.0,319.0,320.0,320.0,321.0,322.0,323.0,324.0,324.0,327.0,328.0,328.0,328.0,328.0,328.0,328.0,328.0,328.0,328.0,327.0,327.0,327.0,327.0,328.0,328.0,328.0,323.0,323.0,323.0,323.0,324.0,324.0,324.0,324.0,324.0,323.0,323.0,323.0,323.0,323.0,325.0,325.0,325.0,328
U-G3tZXWgiY,,,,,,,,,,,,,,,,,,,,,,,,,,,,,,,,,,,,,,,,,,,,,,,,,,,,,,,,,,14.0,14.0,14.0,14.0,14.0,14.0,14.0,14.0,14.0,14.0,14.0,14.0,14.0,14.0,14.0,14.0,14.0,14.0,14.0,14.0,14.0,14.0,14.0,14.0,14.0,14.0,14.0,14.0,14.0,14.0,14.0,14.0,14.0,14.0,14.0,14.0,14.0,14.0,14.0,14.0,14.0,14.0,14.0,14.0,14.0,14.0,14.0,14.0,14.0,14.0,14.0,14.0,14.0,14.0,14.0,14.0,14.0,14.0,14
4xH9MLD7bn0,,,,,,,,,,,,,,,,,,,,,,,,,,,,,,,,,,,,,,,,,,,,,,,,,,,,,,,,,,1.0,3.0,3.0,5.0,5.0,5.0,5.0,5.0,5.0,5.0,5.0,5.0,6.0,6.0,6.0,6.0,6.0,6.0,6.0,6.0,6.0,6.0,6.0,7.0,7.0,7.0,7.0,7.0,7.0,7.0,7.0,7.0,7.0,7.0,7.0,7.0,7.0,7.0,7.0,7.0,7.0,8.0,8.0,8.0,8.0,8.0,8.0,8.0,8.0,8.0,8.0,8.0,8.0,8.0,8.0,8.0,8.0,8.0,8
ZEbmZ18UHbo,,,,,,,,,,,,,,,,,,,,,,,,,,,,,,,,,,,,,,,,,,,,,,,,,,,,,,,,,,547.0,701.0,742.0,772.0,790.0,805.0,816.0,834.0,848.0,850.0,856.0,859.0,866.0,869.0,872.0,873.0,878.0,884.0,889.0,890.0,891.0,895.0,896.0,901.0,905.0,905.0,905.0,909.0,914.0,918.0,918.0,918.0,918.0,918.0,918.0,920.0,920.0,920.0,925.0,925.0,924.0,924.0,929.0,929.0,929.0,929.0,929.0,932.0,932.0,931.0,932.0,932.0,932.0,933.0,932.0,937.0,937.0,936.0,936
ewubELWBMaE,,,,,,,,,,,,,,,,,,,,,,,,,,,,,,,,,,,,,,,,,,,,,,,,,,,,,,,,,,277.0,634.0,938.0,1218.0,1388.0,1588.0,1772.0,1965.0,2136.0,2299.0,2491.0,2668.0,2877.0,3064.0,3270.0,3279.0,3289.0,3307.0,3316.0,3328.0,3344.0,3362.0,3374.0,3389.0,3391.0,3401.0,3408.0,3417.0,3426.0,3430.0,3432.0,3423.0,3427.0,3432.0,3436.0,3439.0,3444.0,3452.0,3457.0,3460.0,3465.0,3467.0,3470.0,3471.0,3472.0,3472.0,3475.0,3476.0,3479.0,3480.0,3480.0,3482.0,3485.0,3490.0,3489.0,3489.0,3491.0,3495.0,3497
mRjqyekF46Y,,,,,,,,,,,,,,,,,,,,,,,,,,,,,,,,,,,,,,,,,,,,,,,,,,,,,,,,,,19.0,20.0,20.0,20.0,20.0,21.0,21.0,21.0,21.0,21.0,21.0,21.0,21.0,21.0,21.0,21.0,21.0,21.0,21.0,21.0,21.0,21.0,21.0,21.0,21.0,21.0,21.0,21.0,21.0,21.0,21.0,21.0,21.0,21.0,21.0,21.0,21.0,21.0,21.0,21.0,21.0,21.0,21.0,21.0,21.0,21.0,21.0,21.0,21.0,21.0,21.0,21.0,21.0,21.0,21.0,21.0,21.0,21.0,21
xSM4nToXTj4,,,,,,,,,,,,,,,,,,,,,,,,,,,,,,,,,,,,,,,,,,,,,,,,,,,,,,,,,,530.0,603.0,634.0,666.0,690.0,709.0,721.0,727.0,733.0,737.0,746.0,748.0,754.0,756.0,763.0,764.0,765.0,768.0,768.0,771.0,775.0,777.0,778.0,779.0,782.0,787.0,788.0,789.0,791.0,792.0,792.0,793.0,794.0,795.0,794.0,799.0,799.0,798.0,799.0,800.0,799.0,800.0,800.0,800.0,800.0,802.0,803.0,804.0,805.0,805.0,807.0,809.0,812.0,815.0,815.0,815.0,815.0,815.0,821
jBSuAbstfEA,,,,,,,,,,,,,,,,,,,,,,,,,,,,,,,,,,,,,,,,,,,,,,,,,,,,,,,,,,123.0,132.0,145.0,154.0,166.0,170.0,178.0,184.0,190.0,192.0,198.0,199.0,204.0,206.0,208.0,208.0,209.0,210.0,211.0,212.0,215.0,215.0,215.0,218.0,218.0,219.0,220.0,224.0,224.0,225.0,225.0,226.0,226.0,226.0,226.0,226.0,226.0,226.0,226.0,226.0,226.0,226.0,226.0,226.0,226.0,226.0,226.0,226.0,226.0,226.0,221.0,221.0,223.0,223.0,223.0,223.0,223.0,223.0,223
dpwoihsh5o0,,,,,,,,,,,,,,,,,,,,,,,,,,,,,,,,,,,,,,,,,,,,,,,,,,,,,,,,,,70.0,164.0,164.0,180.0,253.0,258.0,255.0,252.0,255.0,253.0,251.0,256.0,255.0,258.0,255.0,276.0,281.0,277.0,263.0,265.0,266.0,268.0,269.0,270.0,270.0,270.0,274.0,274.0,278.0,278.0,280.0,280.0,280.0,280.0,280.0,280.0,280.0,280.0,280.0,280.0,280.0,280.0,280.0,281.0,281.0,281.0,281.0,281.0,281.0,282.0,282.0,282.0,282.0,282.0,282.0,282.0,283.0,283.0,283
v2QsMYk0E-g,,,,,,,,,,,,,,,,,,,,,,,,,,,,,,,,,,,,,,,,,,,,,,,,,,,,,,,,,,17.0,19.0,20.0,21.0,21.0,21.0,21.0,21.0,21.0,21.0,21.0,21.0,21.0,21.0,21.0,21.0,21.0,21.0,21.0,21.0,21.0,21.0,21.0,21.0,21.0,21.0,21.0,21.0,21.0,21.0,21.0,21.0,21.0,21.0,21.0,21.0,21.0,21.0,21.0,21.0,21.0,21.0,21.0,21.0,21.0,21.0,21.0,21.0,21.0,21.0,21.0,21.0,21.0,21.0,21.0,21.0,21.0,21.0,21
yg-L2yCo9-I,,,,,,,,,,,,,,,,,,,,,,,,,,,,,,,,,,,,,,,,,,,,,,,,,,,,,,,,,,,43.0,64.0,81.0,89.0,95.0,101.0,104.0,104.0,107.0,109.0,113.0,115.0,116.0,117.0,121.0,124.0,125.0,124.0,125.0,125.0,126.0,128.0,130.0,130.0,130.0,130.0,130.0,130.0,130.0,130.0,132.0,132.0,132.0,132.0,132.0,132.0,133.0,133.0,134.0,134.0,135.0,136.0,137.0,137.0,137.0,137.0,137.0,137.0,137.0,137.0,138.0,138.0,138.0,139.0,139.0,139.0,139.0,140
v2bg-clO174,,,,,,,,,,,,,,,,,,,,,,,,,,,,,,,,,,,,,,,,,,,,,,,,,,,,,,,,,,,0.0,1.0,1.0,3.0,4.0,4.0,5.0,6.0,6.0,6.0,6.0,51.0,111.0,160.0,206.0,244.0,269.0,278.0,283.0,284.0,289.0,291.0,291.0,291.0,291.0,291.0,291.0,294.0,297.0,297.0,297.0,300.0,301.0,302.0,303.0,305.0,306.0,306.0,307.0,307.0,307.0,307.0,307.0,307.0,307.0,307.0,308.0,308.0,308.0,308.0,308.0,308.0,308.0,308.0,308.0,308.0,308.0,308
HkzNJOpraaY,,,,,,,,,,,,,,,,,,,,,,,,,,,,,,,,,,,,,,,,,,,,,,,,,,,,,,,,,,,2.0,2.0,2.0,3.0,3.0,3.0,3.0,3.0,3.0,4.0,4.0,4.0,4.0,4.0,4.0,4.0,4.0,4.0,4.0,4.0,4.0,4.0,4.0,4.0,4.0,4.0,3.0,3.0,3.0,3.0,3.0,3.0,3.0,3.0,3.0,3.0,3.0,3.0,3.0,3.0,3.0,3.0,3.0,3.0,3.0,3.0,3.0,3.0,3.0,3.0,3.0,3.0,3.0,3.0,3.0,4.0,4.0,4
YawOgI0Ha-c,,,,,,,,,,,,,,,,,,,,,,,,,,,,,,,,,,,,,,,,,,,,,,,,,,,,,,,,,,,0.0,0.0,0.0,0.0,0.0,0.0,0.0,0.0,0.0,0.0,0.0,0.0,0.0,0.0,0.0,0.0,0.0,0.0,0.0,0.0,0.0,0.0,0.0,0.0,0.0,0.0,0.0,0.0,0.0,0.0,0.0,0.0,0.0,0.0,0.0,0.0,0.0,0.0,0.0,0.0,0.0,0.0,0.0,0.0,0.0,0.0,0.0,0.0,0.0,0.0,0.0,0.0,0.0,0.0,0.0,0.0,0.0,0
AEpCP4mHIVM,,,,,,,,,,,,,,,,,,,,,,,,,,,,,,,,,,,,,,,,,,,,,,,,,,,,,,,,,,,0.0,0.0,0.0,0.0,0.0,0.0,0.0,0.0,0.0,0.0,0.0,0.0,0.0,0.0,0.0,0.0,0.0,0.0,0.0,0.0,0.0,0.0,0.0,0.0,0.0,0.0,0.0,0.0,0.0,0.0,0.0,0.0,0.0,0.0,0.0,0.0,0.0,0.0,0.0,0.0,0.0,0.0,0.0,0.0,0.0,0.0,0.0,0.0,0.0,0.0,0.0,0.0,0.0,0.0,0.0,0.0,0.0,0
VtudVe3Evlg,,,,,,,,,,,,,,,,,,,,,,,,,,,,,,,,,,,,,,,,,,,,,,,,,,,,,,,,,,,0.0,0.0,0.0,0.0,0.0,0.0,0.0,3.0,4.0,4.0,4.0,4.0,4.0,4.0,4.0,4.0,4.0,4.0,4.0,4.0,4.0,4.0,5.0,5.0,6.0,6.0,6.0,6.0,6.0,6.0,6.0,6.0,6.0,6.0,6.0,6.0,6.0,6.0,6.0,6.0,6.0,6.0,6.0,6.0,6.0,6.0,6.0,6.0,6.0,6.0,6.0,6.0,6.0,6.0,6.0,6.0,6.0,6
dnL8tAmkZaU,,,,,,,,,,,,,,,,,,,,,,,,,,,,,,,,,,,,,,,,,,,,,,,,,,,,,,,,,,,,2354.0,2680.0,2816.0,2886.0,2945.0,2976.0,3004.0,3021.0,3028.0,3033.0,3049.0,3065.0,3072.0,3077.0,3079.0,3085.0,3087.0,3088.0,3094.0,3098.0,3101.0,3104.0,3111.0,3117.0,3118.0,3120.0,3120.0,3122.0,3123.0,3123.0,3129.0,3132.0,3135.0,3136.0,3138.0,3139.0,3139.0,3142.0,3143.0,3145.0,3145.0,3145.0,3146.0,3154.0,3155.0,3155.0,3155.0,3156.0,3157.0,3160.0,3160.0,3164.0,3162.0,3163.0,3164.0,3165.0,3164
RR7JKnCvKV8,,,,,,,,,,,,,,,,,,,,,,,,,,,,,,,,,,,,,,,,,,,,,,,,,,,,,,,,,,,,,155.0,260.0,333.0,398.0,456.0,574.0,665.0,709.0,725.0,731.0,749.0,762.0,768.0,773.0,779.0,796.0,803.0,810.0,815.0,819.0,821.0,825.0,828.0,830.0,831.0,832.0,833.0,834.0,836.0,836.0,837.0,837.0,837.0,837.0,839.0,839.0,840.0,841.0,841.0,841.0,842.0,843.0,846.0,847.0,849.0,849.0,850.0,852.0,853.0,854.0,855.0,856.0,856.0,860.0,860.0,860
7nXd6qAFHRY,,,,,,,,,,,,,,,,,,,,,,,,,,,,,,,,,,,,,,,,,,,,,,,,,,,,,,,,,,,,,104.0,110.0,112.0,114.0,119.0,121.0,124.0,127.0,128.0,130.0,130.0,132.0,133.0,133.0,133.0,133.0,133.0,133.0,134.0,135.0,135.0,135.0,135.0,135.0,135.0,135.0,135.0,135.0,137.0,138.0,139.0,142.0,143.0,143.0,143.0,143.0,144.0,145.0,147.0,148.0,148.0,148.0,148.0,148.0,148.0,148.0,148.0,148.0,148.0,148.0,148.0,148.0,148.0,148.0,149.0,149
Qw0GfFo_Rxw,,,,,,,,,,,,,,,,,,,,,,,,,,,,,,,,,,,,,,,,,,,,,,,,,,,,,,,,,,,,,67.0,79.0,83.0,83.0,84.0,86.0,88.0,91.0,94.0,94.0,97.0,97.0,99.0,101.0,102.0,103.0,104.0,105.0,105.0,105.0,107.0,107.0,107.0,107.0,107.0,109.0,112.0,112.0,112.0,116.0,117.0,118.0,119.0,119.0,119.0,119.0,119.0,119.0,119.0,120.0,121.0,122.0,122.0,123.0,123.0,123.0,123.0,123.0,123.0,123.0,123.0,123.0,123.0,123.0,123.0,123
OGGGnYS_wZI,,,,,,,,,,,,,,,,,,,,,,,,,,,,,,,,,,,,,,,,,,,,,,,,,,,,,,,,,,,,,225.0,226.0,226.0,226.0,226.0,226.0,227.0,227.0,228.0,228.0,228.0,228.0,229.0,229.0,230.0,233.0,233.0,233.0,233.0,233.0,233.0,233.0,233.0,233.0,234.0,234.0,234.0,234.0,234.0,234.0,234.0,234.0,234.0,237.0,237.0,237.0,237.0,237.0,238.0,238.0,238.0,238.0,238.0,238.0,239.0,241.0,241.0,241.0,241.0,241.0,241.0,241.0,241.0,241.0,241.0,242
wO3A4sgFVKk,,,,,,,,,,,,,,,,,,,,,,,,,,,,,,,,,,,,,,,,,,,,,,,,,,,,,,,,,,,,,204.0,206.0,206.0,207.0,208.0,209.0,210.0,210.0,213.0,215.0,216.0,217.0,217.0,217.0,218.0,219.0,221.0,222.0,223.0,224.0,226.0,226.0,226.0,226.0,229.0,229.0,230.0,231.0,231.0,232.0,232.0,232.0,233.0,233.0,233.0,233.0,233.0,233.0,234.0,235.0,235.0,236.0,236.0,237.0,239.0,239.0,240.0,242.0,242.0,242.0,243.0,244.0,245.0,245.0,245.0,246
xSx4g9c4yZU,,,,,,,,,,,,,,,,,,,,,,,,,,,,,,,,,,,,,,,,,,,,,,,,,,,,,,,,,,,,,,4.0,4.0,4.0,4.0,4.0,4.0,4.0,4.0,4.0,4.0,4.0,4.0,4.0,4.0,4.0,4.0,4.0,4.0,4.0,4.0,4.0,4.0,4.0,4.0,4.0,4.0,4.0,4.0,4.0,4.0,4.0,4.0,4.0,4.0,5.0,5.0,5.0,5.0,5.0,5.0,5.0,5.0,6.0,6.0,6.0,6.0,6.0,6.0,6.0,6.0,6.0,6.0,6.0,6.0,6
VseIEV6xl1c,,,,,,,,,,,,,,,,,,,,,,,,,,,,,,,,,,,,,,,,,,,,,,,,,,,,,,,,,,,,,,2.0,2.0,2.0,2.0,2.0,2.0,2.0,2.0,2.0,2.0,2.0,2.0,2.0,2.0,2.0,2.0,2.0,2.0,2.0,2.0,2.0,2.0,2.0,2.0,2.0,2.0,2.0,2.0,2.0,2.0,2.0,2.0,2.0,2.0,2.0,2.0,2.0,2.0,2.0,2.0,2.0,2.0,2.0,2.0,2.0,2.0,2.0,2.0,2.0,2.0,2.0,2.0,2.0,2.0,2
qDpEcO1hlZE,,,,,,,,,,,,,,,,,,,,,,,,,,,,,,,,,,,,,,,,,,,,,,,,,,,,,,,,,,,,,,906.0,907.0,908.0,908.0,909.0,909.0,911.0,911.0,916.0,917.0,916.0,916.0,917.0,920.0,920.0,920.0,921.0,921.0,921.0,923.0,925.0,927.0,929.0,931.0,932.0,931.0,931.0,932.0,934.0,934.0,940.0,942.0,942.0,942.0,943.0,943.0,942.0,943.0,943.0,946.0,947.0,948.0,950.0,952.0,952.0,952.0,952.0,954.0,954.0,955.0,963.0,965.0,966.0,966.0,966
pAgRuO6h7OE,,,,,,,,,,,,,,,,,,,,,,,,,,,,,,,,,,,,,,,,,,,,,,,,,,,,,,,,,,,,,,12857.0,12859.0,12859.0,12860.0,12869.0,12871.0,12875.0,12879.0,12883.0,12898.0,12907.0,12909.0,12909.0,12912.0,12913.0,12913.0,12914.0,12915.0,12914.0,12915.0,12915.0,12915.0,12916.0,12916.0,12917.0,12917.0,12918.0,12918.0,12919.0,12919.0,12919.0,12919.0,12919.0,12920.0,12920.0,12921.0,12922.0,12925.0,12925.0,12926.0,12926.0,12927.0,12927.0,12927.0,12928.0,12928.0,12929.0,12929.0,12928.0,12929.0,12930.0,12930.0,12928.0,12929.0,12929
4quKTg17A94,,,,,,,,,,,,,,,,,,,,,,,,,,,,,,,,,,,,,,,,,,,,,,,,,,,,,,,,,,,,,,1331.0,1344.0,1349.0,1355.0,1359.0,1364.0,1368.0,1371.0,1377.0,1379.0,1382.0,1388.0,1388.0,1399.0,1403.0,1411.0,1415.0,1428.0,1435.0,1438.0,1451.0,1455.0,1463.0,1473.0,1482.0,1484.0,1488.0,1491.0,1495.0,1497.0,1499.0,1500.0,1502.0,1505.0,1508.0,1510.0,1512.0,1516.0,1518.0,1521.0,1524.0,1525.0,1526.0,1526.0,1526.0,1526.0,1527.0,1527.0,1526.0,1527.0,1528.0,1531.0,1532.0,1532.0,1534
obqsSgY4oU8,,,,,,,,,,,,,,,,,,,,,,,,,,,,,,,,,,,,,,,,,,,,,,,,,,,,,,,,,,,,,,2625.0,2626.0,2647.0,2652.0,2658.0,2661.0,2667.0,2670.0,2676.0,2680.0,2688.0,2690.0,2695.0,2700.0,2701.0,2706.0,2708.0,2709.0,2709.0,2709.0,2711.0,2714.0,2715.0,2716.0,2716.0,2716.0,2717.0,2716.0,2719.0,2720.0,2721.0,2724.0,2724.0,2724.0,2728.0,2730.0,2732.0,2733.0,2736.0,2739.0,2741.0,2742.0,2745.0,2745.0,2746.0,2748.0,2747.0,2747.0,2751.0,2752.0,2755.0,2755.0,2751.0,2752.0,2753
1dhp-wdsyGY,,,,,,,,,,,,,,,,,,,,,,,,,,,,,,,,,,,,,,,,,,,,,,,,,,,,,,,,,,,,,,18.0,18.0,18.0,18.0,18.0,18.0,18.0,18.0,18.0,18.0,18.0,18.0,18.0,18.0,18.0,18.0,18.0,18.0,18.0,18.0,18.0,18.0,18.0,18.0,18.0,18.0,18.0,18.0,18.0,18.0,18.0,19.0,19.0,19.0,19.0,19.0,19.0,19.0,19.0,19.0,19.0,19.0,19.0,19.0,19.0,19.0,19.0,19.0,19.0,19.0,19.0,19.0,19.0,19.0,19
pe3EWBY7SIc,,,,,,,,,,,,,,,,,,,,,,,,,,,,,,,,,,,,,,,,,,,,,,,,,,,,,,,,,,,,,,2690.0,5108.0,6301.0,7001.0,7351.0,7603.0,7894.0,8015.0,8108.0,8189.0,8261.0,8324.0,8385.0,8477.0,8529.0,8589.0,8634.0,8674.0,8705.0,8764.0,8807.0,8842.0,8883.0,8919.0,8954.0,8982.0,9012.0,9036.0,9061.0,9086.0,9098.0,9114.0,9137.0,9158.0,9176.0,9180.0,9194.0,9198.0,9203.0,9211.0,9217.0,9222.0,9231.0,9236.0,9248.0,9262.0,9269.0,9279.0,9287.0,9289.0,9293.0,9295.0,9300.0,9309.0,9313
cQESe4Jc0rE,,,,,,,,,,,,,,,,,,,,,,,,,,,,,,,,,,,,,,,,,,,,,,,,,,,,,,,,,,,,,,823.0,1198.0,1333.0,1422.0,1523.0,1584.0,1647.0,1685.0,1722.0,1746.0,1781.0,1803.0,1823.0,1854.0,1875.0,1899.0,1911.0,1926.0,1936.0,1953.0,1964.0,1978.0,1991.0,2005.0,2012.0,2022.0,2031.0,2035.0,2043.0,2048.0,2052.0,2058.0,2064.0,2072.0,2076.0,2080.0,2084.0,2087.0,2100.0,2105.0,2108.0,2118.0,2121.0,2123.0,2123.0,2126.0,2128.0,2134.0,2136.0,2140.0,2144.0,2145.0,2148.0,2150.0,2157
w7oZ9zoBemM,,,,,,,,,,,,,,,,,,,,,,,,,,,,,,,,,,,,,,,,,,,,,,,,,,,,,,,,,,,,,,2287.0,2294.0,2298.0,2305.0,2309.0,2309.0,2316.0,2319.0,2322.0,2333.0,2337.0,2347.0,2351.0,2355.0,2366.0,2368.0,2372.0,2374.0,2376.0,2375.0,2379.0,2382.0,2386.0,2385.0,2385.0,2390.0,2393.0,2396.0,2398.0,2402.0,2400.0,2402.0,2406.0,2412.0,2417.0,2417.0,2421.0,2421.0,2420.0,2421.0,2422.0,2422.0,2423.0,2423.0,2425.0,2429.0,2428.0,2430.0,2435.0,2429.0,2430.0,2431.0,2434.0,2435.0,2437
VMJZi579yRA,,,,,,,,,,,,,,,,,,,,,,,,,,,,,,,,,,,,,,,,,,,,,,,,,,,,,,,,,,,,,,8103.0,8207.0,8274.0,8313.0,8348.0,8348.0,8349.0,8350.0,8350.0,8350.0,8350.0,8351.0,8351.0,8350.0,8350.0,8350.0,8350.0,8350.0,8351.0,8351.0,8351.0,8351.0,8351.0,8351.0,8351.0,8351.0,8351.0,8351.0,8350.0,8350.0,8350.0,8348.0,8348.0,8348.0,8348.0,8348.0,8346.0,8346.0,8346.0,8344.0,8343.0,8343.0,8343.0,8343.0,8341.0,8341.0,8343.0,8344.0,8344.0,8344.0,8344.0,8344.0,8344.0,8344.0,8344
j-KceXc9xYE,,,,,,,,,,,,,,,,,,,,,,,,,,,,,,,,,,,,,,,,,,,,,,,,,,,,,,,,,,,,,,424.0,423.0,423.0,424.0,424.0,424.0,424.0,424.0,424.0,425.0,425.0,425.0,425.0,425.0,426.0,426.0,427.0,427.0,428.0,428.0,429.0,429.0,429.0,429.0,429.0,430.0,430.0,431.0,431.0,431.0,431.0,432.0,430.0,430.0,430.0,430.0,430.0,430.0,428.0,428.0,428.0,428.0,428.0,428.0,429.0,429.0,429.0,430.0,430.0,430.0,430.0,430.0,430.0,430.0,430
C-6VN7S6QDc,,,,,,,,,,,,,,,,,,,,,,,,,,,,,,,,,,,,,,,,,,,,,,,,,,,,,,,,,,,,,,0.0,0.0,0.0,0.0,0.0,0.0,0.0,0.0,0.0,0.0,0.0,0.0,0.0,0.0,0.0,0.0,0.0,0.0,0.0,0.0,0.0,0.0,0.0,0.0,0.0,0.0,0.0,0.0,0.0,0.0,0.0,0.0,0.0,0.0,0.0,0.0,0.0,0.0,0.0,0.0,0.0,0.0,0.0,0.0,0.0,0.0,0.0,0.0,0.0,0.0,0.0,0.0,0.0,0.0,0
--O5u5ln6-8,,,,,,,,,,,,,,,,,,,,,,,,,,,,,,,,,,,,,,,,,,,,,,,,,,,,,,,,,,,,,,222.0,223.0,223.0,223.0,223.0,223.0,223.0,225.0,226.0,227.0,227.0,227.0,227.0,227.0,227.0,228.0,228.0,230.0,231.0,231.0,231.0,231.0,231.0,231.0,231.0,231.0,231.0,231.0,231.0,232.0,231.0,232.0,232.0,231.0,231.0,232.0,234.0,233.0,233.0,233.0,233.0,233.0,233.0,233.0,233.0,233.0,233.0,233.0,233.0,233.0,235.0,235.0,235.0,235.0,235
oz25mlh1OS0,,,,,,,,,,,,,,,,,,,,,,,,,,,,,,,,,,,,,,,,,,,,,,,,,,,,,,,,,,,,,,85.0,85.0,86.0,86.0,86.0,86.0,86.0,86.0,86.0,86.0,86.0,87.0,89.0,89.0,89.0,89.0,89.0,89.0,89.0,90.0,90.0,90.0,98.0,98.0,102.0,102.0,102.0,102.0,102.0,102.0,102.0,102.0,102.0,102.0,102.0,102.0,102.0,102.0,102.0,102.0,102.0,102.0,102.0,102.0,102.0,102.0,102.0,102.0,102.0,102.0,102.0,102.0,102.0,102.0,102
i_05y4X_yF0,,,,,,,,,,,,,,,,,,,,,,,,,,,,,,,,,,,,,,,,,,,,,,,,,,,,,,,,,,,,,,344.0,344.0,344.0,344.0,344.0,344.0,344.0,344.0,344.0,345.0,345.0,346.0,346.0,350.0,351.0,352.0,353.0,356.0,359.0,364.0,370.0,372.0,376.0,379.0,380.0,380.0,381.0,381.0,381.0,381.0,381.0,381.0,381.0,382.0,384.0,385.0,387.0,387.0,390.0,393.0,394.0,395.0,395.0,396.0,396.0,398.0,399.0,401.0,406.0,411.0,411.0,416.0,419.0,420.0,425
SERjkTtiKe8,,,,,,,,,,,,,,,,,,,,,,,,,,,,,,,,,,,,,,,,,,,,,,,,,,,,,,,,,,,,,,129.0,128.0,128.0,128.0,128.0,128.0,129.0,129.0,129.0,129.0,129.0,129.0,129.0,129.0,129.0,129.0,129.0,129.0,129.0,129.0,129.0,129.0,129.0,129.0,129.0,129.0,129.0,129.0,129.0,129.0,129.0,129.0,129.0,129.0,129.0,129.0,129.0,129.0,129.0,129.0,129.0,129.0,129.0,129.0,129.0,129.0,129.0,129.0,129.0,129.0,129.0,129.0,129.0,129.0,129
bIuQqKZge7c,,,,,,,,,,,,,,,,,,,,,,,,,,,,,,,,,,,,,,,,,,,,,,,,,,,,,,,,,,,,,,19.0,19.0,19.0,19.0,19.0,19.0,19.0,19.0,19.0,19.0,19.0,19.0,19.0,19.0,19.0,19.0,19.0,19.0,19.0,19.0,19.0,19.0,19.0,19.0,19.0,19.0,19.0,19.0,19.0,19.0,19.0,19.0,19.0,19.0,19.0,19.0,19.0,19.0,19.0,19.0,19.0,19.0,19.0,19.0,19.0,19.0,19.0,20.0,20.0,20.0,20.0,20.0,20.0,20.0,20
j-lMql36j8c,,,,,,,,,,,,,,,,,,,,,,,,,,,,,,,,,,,,,,,,,,,,,,,,,,,,,,,,,,,,,,200.0,200.0,200.0,200.0,200.0,200.0,200.0,200.0,200.0,200.0,200.0,200.0,199.0,199.0,199.0,199.0,199.0,199.0,199.0,199.0,199.0,199.0,199.0,199.0,199.0,199.0,199.0,199.0,199.0,199.0,199.0,199.0,199.0,199.0,199.0,199.0,200.0,200.0,200.0,200.0,202.0,202.0,202.0,202.0,202.0,202.0,202.0,202.0,202.0,202.0,202.0,202.0,202.0,202.0,202
_zHsVAmk3kI,,,,,,,,,,,,,,,,,,,,,,,,,,,,,,,,,,,,,,,,,,,,,,,,,,,,,,,,,,,,,,0.0,0.0,0.0,0.0,0.0,0.0,0.0,0.0,0.0,0.0,0.0,0.0,0.0,0.0,0.0,0.0,0.0,0.0,0.0,0.0,0.0,0.0,0.0,0.0,0.0,0.0,0.0,0.0,0.0,0.0,0.0,0.0,0.0,0.0,0.0,0.0,0.0,0.0,0.0,0.0,0.0,0.0,0.0,0.0,0.0,0.0,0.0,0.0,0.0,0.0,0.0,0.0,0.0,0.0,0
zmAs8oS3_bw,,,,,,,,,,,,,,,,,,,,,,,,,,,,,,,,,,,,,,,,,,,,,,,,,,,,,,,,,,,,,,5.0,5.0,5.0,5.0,5.0,5.0,5.0,5.0,5.0,5.0,5.0,6.0,6.0,6.0,6.0,6.0,6.0,6.0,6.0,6.0,6.0,6.0,6.0,6.0,6.0,6.0,6.0,6.0,7.0,7.0,7.0,7.0,7.0,7.0,7.0,7.0,7.0,7.0,7.0,7.0,7.0,7.0,7.0,7.0,7.0,7.0,7.0,7.0,7.0,7.0,7.0,7.0,7.0,7.0,7
QwZz22c7GqE,,,,,,,,,,,,,,,,,,,,,,,,,,,,,,,,,,,,,,,,,,,,,,,,,,,,,,,,,,,,,,21.0,21.0,21.0,22.0,23.0,23.0,23.0,23.0,23.0,23.0,23.0,23.0,23.0,23.0,23.0,23.0,23.0,23.0,23.0,24.0,24.0,24.0,24.0,24.0,24.0,24.0,24.0,24.0,24.0,24.0,24.0,24.0,24.0,24.0,24.0,24.0,24.0,24.0,24.0,24.0,24.0,24.0,24.0,24.0,24.0,24.0,24.0,24.0,24.0,24.0,24.0,24.0,24.0,24.0,24
2tSb1qUnOy0,,,,,,,,,,,,,,,,,,,,,,,,,,,,,,,,,,,,,,,,,,,,,,,,,,,,,,,,,,,,,,1276.0,1272.0,1277.0,1276.0,1090.0,1080.0,1080.0,1080.0,1081.0,1083.0,1083.0,1085.0,1086.0,1087.0,1087.0,1088.0,1088.0,1089.0,1091.0,1093.0,1094.0,1094.0,1094.0,1095.0,1096.0,1096.0,1096.0,1097.0,1119.0,1111.0,1113.0,1114.0,1114.0,1115.0,1116.0,1116.0,1116.0,1131.0,1150.0,1160.0,1181.0,1181.0,1181.0,1182.0,1182.0,1155.0,1155.0,1155.0,1155.0,1156.0,1156.0,1158.0,1159.0,1159.0,1159
LWCQQVqKGbU,,,,,,,,,,,,,,,,,,,,,,,,,,,,,,,,,,,,,,,,,,,,,,,,,,,,,,,,,,,,,,33.0,33.0,33.0,33.0,33.0,33.0,33.0,33.0,34.0,34.0,34.0,34.0,34.0,34.0,34.0,34.0,34.0,34.0,34.0,34.0,34.0,35.0,35.0,35.0,35.0,35.0,35.0,36.0,36.0,36.0,36.0,36.0,36.0,36.0,36.0,36.0,36.0,36.0,36.0,36.0,36.0,36.0,36.0,36.0,37.0,37.0,37.0,37.0,37.0,37.0,37.0,37.0,37.0,36.0,36
zmAedelGSu0,,,,,,,,,,,,,,,,,,,,,,,,,,,,,,,,,,,,,,,,,,,,,,,,,,,,,,,,,,,,,,0.0,0.0,0.0,0.0,0.0,0.0,0.0,0.0,0.0,0.0,0.0,0.0,0.0,0.0,0.0,0.0,0.0,0.0,0.0,0.0,0.0,0.0,0.0,0.0,0.0,0.0,0.0,0.0,0.0,0.0,0.0,0.0,0.0,0.0,0.0,0.0,0.0,0.0,0.0,0.0,0.0,0.0,0.0,0.0,0.0,0.0,0.0,0.0,0.0,0.0,0.0,0.0,0.0,0.0,0
lyQeRW9_D64,,,,,,,,,,,,,,,,,,,,,,,,,,,,,,,,,,,,,,,,,,,,,,,,,,,,,,,,,,,,,,0.0,0.0,0.0,0.0,0.0,0.0,0.0,0.0,0.0,0.0,0.0,0.0,0.0,0.0,0.0,0.0,0.0,0.0,0.0,0.0,0.0,0.0,0.0,0.0,0.0,0.0,0.0,0.0,0.0,0.0,0.0,0.0,0.0,0.0,0.0,0.0,0.0,0.0,0.0,0.0,0.0,0.0,0.0,0.0,0.0,0.0,0.0,0.0,0.0,0.0,0.0,0.0,0.0,0.0,0
M77LOyP41N8,,,,,,,,,,,,,,,,,,,,,,,,,,,,,,,,,,,,,,,,,,,,,,,,,,,,,,,,,,,,,,32.0,32.0,32.0,32.0,32.0,32.0,32.0,32.0,32.0,32.0,32.0,32.0,32.0,32.0,32.0,32.0,32.0,32.0,32.0,32.0,32.0,32.0,32.0,32.0,32.0,32.0,32.0,32.0,32.0,32.0,32.0,32.0,33.0,33.0,33.0,33.0,33.0,33.0,33.0,33.0,33.0,33.0,33.0,33.0,33.0,33.0,33.0,33.0,33.0,33.0,33.0,33.0,33.0,33.0,33
S15aSoTZT2g,,,,,,,,,,,,,,,,,,,,,,,,,,,,,,,,,,,,,,,,,,,,,,,,,,,,,,,,,,,,,,155.0,155.0,152.0,152.0,152.0,152.0,152.0,152.0,152.0,151.0,151.0,151.0,152.0,152.0,152.0,152.0,152.0,152.0,152.0,153.0,153.0,153.0,153.0,153.0,154.0,154.0,154.0,154.0,154.0,154.0,154.0,154.0,154.0,154.0,154.0,154.0,154.0,155.0,155.0,155.0,155.0,155.0,155.0,155.0,155.0,155.0,155.0,155.0,155.0,155.0,155.0,155.0,155.0,155.0,155
lp8Y7q9yr74,,,,,,,,,,,,,,,,,,,,,,,,,,,,,,,,,,,,,,,,,,,,,,,,,,,,,,,,,,,,,,4.0,4.0,4.0,4.0,4.0,4.0,4.0,4.0,4.0,4.0,4.0,4.0,4.0,4.0,4.0,4.0,4.0,4.0,4.0,4.0,4.0,4.0,4.0,5.0,5.0,5.0,5.0,5.0,5.0,5.0,5.0,5.0,5.0,5.0,5.0,5.0,6.0,6.0,6.0,6.0,6.0,6.0,6.0,6.0,6.0,6.0,6.0,6.0,6.0,6.0,6.0,6.0,6.0,6.0,6
gfXAQnuIW_M,,,,,,,,,,,,,,,,,,,,,,,,,,,,,,,,,,,,,,,,,,,,,,,,,,,,,,,,,,,,,,0.0,0.0,0.0,0.0,0.0,0.0,0.0,0.0,0.0,0.0,0.0,0.0,0.0,0.0,0.0,0.0,0.0,0.0,0.0,0.0,0.0,0.0,0.0,0.0,0.0,0.0,0.0,0.0,0.0,0.0,0.0,0.0,0.0,0.0,0.0,0.0,0.0,0.0,0.0,0.0,0.0,0.0,0.0,0.0,0.0,0.0,0.0,0.0,0.0,0.0,0.0,0.0,0.0,0.0,0
7Nm3ZFOlKik,,,,,,,,,,,,,,,,,,,,,,,,,,,,,,,,,,,,,,,,,,,,,,,,,,,,,,,,,,,,,,0.0,0.0,0.0,0.0,0.0,0.0,0.0,0.0,0.0,0.0,0.0,0.0,0.0,0.0,0.0,0.0,0.0,0.0,0.0,0.0,0.0,0.0,0.0,0.0,0.0,0.0,0.0,0.0,0.0,0.0,0.0,0.0,0.0,0.0,0.0,0.0,0.0,0.0,0.0,0.0,0.0,0.0,0.0,0.0,0.0,0.0,0.0,0.0,0.0,0.0,0.0,0.0,0.0,0.0,0
CTrgQ1U0EKA,,,,,,,,,,,,,,,,,,,,,,,,,,,,,,,,,,,,,,,,,,,,,,,,,,,,,,,,,,,,,,99.0,99.0,99.0,99.0,99.0,100.0,100.0,100.0,100.0,102.0,102.0,102.0,102.0,102.0,102.0,102.0,102.0,102.0,103.0,103.0,103.0,103.0,103.0,103.0,103.0,103.0,102.0,102.0,102.0,102.0,102.0,102.0,102.0,102.0,103.0,103.0,103.0,103.0,103.0,103.0,103.0,103.0,103.0,103.0,103.0,103.0,103.0,103.0,103.0,103.0,103.0,103.0,104.0,104.0,104
npOGe6j5V9E,,,,,,,,,,,,,,,,,,,,,,,,,,,,,,,,,,,,,,,,,,,,,,,,,,,,,,,,,,,,,,0.0,0.0,0.0,0.0,0.0,0.0,0.0,0.0,0.0,0.0,0.0,0.0,0.0,0.0,0.0,0.0,0.0,0.0,0.0,0.0,0.0,0.0,0.0,0.0,0.0,0.0,0.0,0.0,0.0,0.0,0.0,0.0,0.0,0.0,0.0,0.0,0.0,0.0,0.0,0.0,0.0,0.0,0.0,0.0,0.0,0.0,0.0,0.0,0.0,0.0,0.0,0.0,0.0,0.0,0
WLcuwy8wx80,,,,,,,,,,,,,,,,,,,,,,,,,,,,,,,,,,,,,,,,,,,,,,,,,,,,,,,,,,,,,,5.0,5.0,5.0,5.0,5.0,5.0,5.0,5.0,5.0,5.0,5.0,5.0,5.0,5.0,5.0,5.0,5.0,5.0,5.0,5.0,5.0,5.0,5.0,5.0,5.0,5.0,5.0,5.0,5.0,5.0,5.0,5.0,5.0,5.0,5.0,5.0,5.0,6.0,6.0,6.0,6.0,6.0,6.0,6.0,6.0,6.0,6.0,6.0,6.0,6.0,6.0,6.0,6.0,6.0,6
0JKI59x_fZo,,,,,,,,,,,,,,,,,,,,,,,,,,,,,,,,,,,,,,,,,,,,,,,,,,,,,,,,,,,,,,22.0,22.0,22.0,22.0,21.0,20.0,20.0,20.0,20.0,20.0,20.0,20.0,20.0,19.0,16.0,16.0,16.0,16.0,16.0,16.0,16.0,16.0,16.0,16.0,16.0,16.0,16.0,16.0,16.0,16.0,16.0,16.0,16.0,16.0,16.0,16.0,16.0,16.0,16.0,16.0,16.0,16.0,16.0,16.0,16.0,16.0,17.0,17.0,17.0,17.0,17.0,17.0,17.0,17.0,17
JC4UOrmdNZY,,,,,,,,,,,,,,,,,,,,,,,,,,,,,,,,,,,,,,,,,,,,,,,,,,,,,,,,,,,,,,50.0,50.0,50.0,50.0,50.0,50.0,50.0,50.0,50.0,50.0,50.0,50.0,50.0,50.0,50.0,50.0,50.0,50.0,50.0,50.0,50.0,51.0,52.0,52.0,52.0,52.0,52.0,52.0,52.0,52.0,52.0,52.0,52.0,52.0,52.0,52.0,52.0,52.0,52.0,52.0,52.0,52.0,52.0,52.0,52.0,52.0,52.0,52.0,52.0,52.0,52.0,52.0,52.0,52.0,52
tUHmmMqV7pI,,,,,,,,,,,,,,,,,,,,,,,,,,,,,,,,,,,,,,,,,,,,,,,,,,,,,,,,,,,,,,2178.0,2179.0,2183.0,2186.0,2187.0,2190.0,2191.0,2193.0,2193.0,2195.0,2198.0,2204.0,2204.0,2208.0,2211.0,2213.0,2215.0,2216.0,2221.0,2221.0,2223.0,2227.0,2228.0,2231.0,2233.0,2234.0,2235.0,2236.0,2243.0,2245.0,2253.0,2269.0,2272.0,2275.0,2280.0,2284.0,2290.0,2299.0,2300.0,2303.0,2307.0,2309.0,2309.0,2310.0,2311.0,2311.0,2311.0,2312.0,2312.0,2313.0,2313.0,2316.0,2318.0,2319.0,2319
aZF-sSghjmw,,,,,,,,,,,,,,,,,,,,,,,,,,,,,,,,,,,,,,,,,,,,,,,,,,,,,,,,,,,,,,203.0,204.0,206.0,209.0,210.0,212.0,216.0,217.0,219.0,221.0,223.0,225.0,228.0,238.0,242.0,243.0,246.0,248.0,251.0,256.0,259.0,262.0,265.0,267.0,271.0,273.0,273.0,273.0,273.0,273.0,273.0,273.0,274.0,274.0,275.0,275.0,275.0,275.0,275.0,275.0,276.0,276.0,276.0,276.0,276.0,276.0,276.0,276.0,277.0,277.0,277.0,277.0,277.0,277.0,277
HM7UMkgHPC4,,,,,,,,,,,,,,,,,,,,,,,,,,,,,,,,,,,,,,,,,,,,,,,,,,,,,,,,,,,,,,511.0,1028.0,1282.0,1494.0,1672.0,1828.0,1928.0,1973.0,2004.0,2042.0,2148.0,2153.0,2159.0,2171.0,2169.0,2173.0,2182.0,2196.0,2209.0,2219.0,2235.0,2241.0,2255.0,2283.0,2308.0,2319.0,2326.0,2324.0,2333.0,2340.0,2343.0,2349.0,2359.0,2366.0,2373.0,2382.0,2391.0,2393.0,2399.0,2404.0,2409.0,2414.0,2417.0,2421.0,2424.0,2427.0,2428.0,2430.0,2433.0,2434.0,2438.0,2441.0,2446.0,2451.0,2457
cz3nrT-wxO4,,,,,,,,,,,,,,,,,,,,,,,,,,,,,,,,,,,,,,,,,,,,,,,,,,,,,,,,,,,,,,1.0,2.0,2.0,2.0,2.0,2.0,2.0,2.0,3.0,3.0,3.0,3.0,3.0,3.0,3.0,3.0,3.0,3.0,3.0,3.0,3.0,3.0,3.0,3.0,3.0,3.0,3.0,3.0,3.0,3.0,3.0,3.0,3.0,3.0,3.0,3.0,3.0,3.0,3.0,3.0,3.0,3.0,3.0,3.0,3.0,3.0,3.0,3.0,3.0,3.0,3.0,3.0,3.0,3.0,3
AyQ2g0t8y1A,,,,,,,,,,,,,,,,,,,,,,,,,,,,,,,,,,,,,,,,,,,,,,,,,,,,,,,,,,,,,,588.0,730.0,834.0,964.0,993.0,1022.0,1042.0,1059.0,1068.0,1082.0,1102.0,1105.0,1115.0,1120.0,1122.0,1124.0,1126.0,1128.0,1127.0,1132.0,1134.0,1145.0,1153.0,1160.0,1162.0,1159.0,1158.0,1157.0,1159.0,1160.0,1161.0,1161.0,1162.0,1164.0,1165.0,1165.0,1167.0,1167.0,1169.0,1170.0,1171.0,1176.0,1177.0,1179.0,1181.0,1182.0,1178.0,1178.0,1178.0,1179.0,1179.0,1179.0,1179.0,1179.0,1179
_8PYDtiaVmk,,,,,,,,,,,,,,,,,,,,,,,,,,,,,,,,,,,,,,,,,,,,,,,,,,,,,,,,,,,,,,292.0,321.0,328.0,331.0,339.0,345.0,347.0,351.0,351.0,351.0,354.0,357.0,357.0,361.0,361.0,362.0,362.0,363.0,363.0,363.0,363.0,363.0,363.0,363.0,364.0,364.0,364.0,364.0,365.0,366.0,366.0,366.0,366.0,367.0,367.0,367.0,367.0,367.0,367.0,367.0,367.0,367.0,367.0,368.0,368.0,368.0,368.0,368.0,368.0,368.0,368.0,368.0,368.0,368.0,369
9FEfUCWI5Jw,,,,,,,,,,,,,,,,,,,,,,,,,,,,,,,,,,,,,,,,,,,,,,,,,,,,,,,,,,,,,,,0.0,0.0,2.0,4.0,4.0,4.0,4.0,4.0,4.0,4.0,4.0,4.0,4.0,4.0,4.0,4.0,4.0,4.0,5.0,5.0,5.0,5.0,5.0,5.0,5.0,5.0,5.0,6.0,6.0,6.0,6.0,6.0,6.0,6.0,6.0,6.0,6.0,6.0,7.0,7.0,7.0,7.0,7.0,7.0,7.0,7.0,7.0,7.0,7.0,7.0,7.0,7.0,7.0,7
_o7mLf4oVkY,,,,,,,,,,,,,,,,,,,,,,,,,,,,,,,,,,,,,,,,,,,,,,,,,,,,,,,,,,,,,,,0.0,0.0,0.0,0.0,0.0,0.0,0.0,0.0,0.0,0.0,0.0,0.0,0.0,0.0,0.0,0.0,0.0,0.0,0.0,0.0,0.0,0.0,0.0,0.0,0.0,0.0,0.0,0.0,0.0,0.0,0.0,0.0,0.0,0.0,0.0,0.0,0.0,0.0,0.0,0.0,0.0,0.0,0.0,0.0,0.0,0.0,0.0,0.0,0.0,0.0,0.0,0.0,0.0,0
RiWbMezuiCs,,,,,,,,,,,,,,,,,,,,,,,,,,,,,,,,,,,,,,,,,,,,,,,,,,,,,,,,,,,,,,,18.0,25.0,28.0,28.0,29.0,30.0,30.0,31.0,31.0,31.0,32.0,33.0,34.0,34.0,34.0,34.0,34.0,33.0,33.0,33.0,33.0,33.0,33.0,33.0,33.0,33.0,33.0,33.0,33.0,33.0,33.0,33.0,33.0,33.0,33.0,33.0,33.0,33.0,33.0,33.0,33.0,33.0,33.0,33.0,33.0,33.0,33.0,33.0,33.0,33.0,33.0,33.0,33.0,33
toz3MmGkypg,,,,,,,,,,,,,,,,,,,,,,,,,,,,,,,,,,,,,,,,,,,,,,,,,,,,,,,,,,,,,,,7.0,14.0,18.0,20.0,20.0,20.0,26.0,34.0,38.0,46.0,51.0,59.0,73.0,85.0,94.0,104.0,117.0,131.0,142.0,147.0,154.0,162.0,168.0,171.0,180.0,186.0,193.0,202.0,209.0,213.0,214.0,218.0,223.0,227.0,229.0,233.0,236.0,239.0,242.0,245.0,245.0,246.0,247.0,250.0,251.0,252.0,253.0,255.0,256.0,258.0,261.0,262.0,265.0,271
4W7qezZKB6g,,,,,,,,,,,,,,,,,,,,,,,,,,,,,,,,,,,,,,,,,,,,,,,,,,,,,,,,,,,,,,,202.0,224.0,229.0,235.0,238.0,243.0,246.0,329.0,496.0,603.0,701.0,874.0,940.0,948.0,951.0,972.0,986.0,997.0,1014.0,1026.0,1034.0,1039.0,1042.0,1042.0,1049.0,1059.0,1069.0,1069.0,1069.0,1069.0,1069.0,1071.0,1072.0,1072.0,1072.0,1073.0,1073.0,1073.0,1077.0,1079.0,1079.0,1080.0,1080.0,1081.0,1081.0,1081.0,1081.0,1081.0,1081.0,1082.0,1082.0,1084.0,1085.0,1085
FucT66Sb6Zc,,,,,,,,,,,,,,,,,,,,,,,,,,,,,,,,,,,,,,,,,,,,,,,,,,,,,,,,,,,,,,,,19.0,19.0,20.0,20.0,20.0,20.0,20.0,19.0,21.0,21.0,21.0,21.0,23.0,23.0,23.0,23.0,23.0,23.0,23.0,23.0,23.0,23.0,23.0,23.0,23.0,23.0,23.0,23.0,23.0,23.0,24.0,26.0,26.0,28.0,28.0,30.0,32.0,32.0,32.0,32.0,32.0,32.0,34.0,34.0,35.0,36.0,37.0,37.0,37.0,37.0,37.0,37.0,38
H81NsniDjTk,,,,,,,,,,,,,,,,,,,,,,,,,,,,,,,,,,,,,,,,,,,,,,,,,,,,,,,,,,,,,,,,833.0,841.0,852.0,874.0,882.0,889.0,894.0,906.0,914.0,918.0,925.0,935.0,934.0,935.0,940.0,942.0,946.0,950.0,952.0,955.0,959.0,962.0,966.0,972.0,973.0,974.0,979.0,979.0,981.0,982.0,982.0,981.0,981.0,983.0,984.0,983.0,983.0,983.0,979.0,978.0,978.0,978.0,980.0,980.0,980.0,980.0,980.0,980.0,980.0,978.0,978.0,979.0,979
4TRS7y4qdWs,,,,,,,,,,,,,,,,,,,,,,,,,,,,,,,,,,,,,,,,,,,,,,,,,,,,,,,,,,,,,,,,,598.0,687.0,754.0,808.0,836.0,860.0,868.0,879.0,886.0,893.0,905.0,905.0,911.0,917.0,917.0,919.0,921.0,927.0,931.0,933.0,935.0,937.0,939.0,940.0,941.0,942.0,942.0,943.0,945.0,946.0,948.0,948.0,948.0,951.0,951.0,952.0,952.0,953.0,953.0,955.0,955.0,955.0,956.0,956.0,957.0,957.0,958.0,958.0,958.0,958.0,957.0,957
xLNmyB1iCig,,,,,,,,,,,,,,,,,,,,,,,,,,,,,,,,,,,,,,,,,,,,,,,,,,,,,,,,,,,,,,,,,7526.0,10530.0,11425.0,11984.0,12342.0,12660.0,12961.0,13134.0,13240.0,13352.0,13474.0,13539.0,13591.0,13654.0,13698.0,13755.0,13801.0,13859.0,13904.0,13927.0,13956.0,13985.0,13999.0,14011.0,14016.0,14020.0,14041.0,14050.0,14061.0,14085.0,14101.0,14122.0,14134.0,14147.0,14257.0,14331.0,14388.0,14436.0,14494.0,14513.0,14532.0,14549.0,14561.0,14593.0,14627.0,14638.0,14656.0,14675.0,14719.0,14747.0,14764.0,14774
9x1JkpHbHRk,,,,,,,,,,,,,,,,,,,,,,,,,,,,,,,,,,,,,,,,,,,,,,,,,,,,,,,,,,,,,,,,,315.0,316.0,316.0,316.0,316.0,316.0,317.0,317.0,317.0,317.0,317.0,317.0,317.0,317.0,317.0,317.0,317.0,317.0,317.0,317.0,317.0,317.0,317.0,317.0,317.0,317.0,317.0,317.0,317.0,317.0,317.0,317.0,318.0,318.0,318.0,318.0,318.0,318.0,318.0,318.0,318.0,318.0,318.0,318.0,318.0,318.0,318.0,318.0,318.0,318.0,318.0,318
ISOI-3n4_ac,,,,,,,,,,,,,,,,,,,,,,,,,,,,,,,,,,,,,,,,,,,,,,,,,,,,,,,,,,,,,,,,,0.0,0.0,0.0,0.0,0.0,0.0,0.0,0.0,0.0,0.0,0.0,0.0,0.0,0.0,0.0,0.0,0.0,0.0,0.0,0.0,0.0,0.0,0.0,0.0,0.0,0.0,0.0,0.0,0.0,0.0,0.0,0.0,0.0,0.0,0.0,0.0,0.0,0.0,0.0,0.0,0.0,0.0,0.0,0.0,0.0,0.0,0.0,0.0,0.0,0.0,0.0,0
flC0Ajafv8Q,,,,,,,,,,,,,,,,,,,,,,,,,,,,,,,,,,,,,,,,,,,,,,,,,,,,,,,,,,,,,,,,,33.0,41.0,42.0,48.0,51.0,58.0,60.0,63.0,65.0,66.0,66.0,66.0,66.0,69.0,70.0,70.0,70.0,70.0,71.0,71.0,71.0,71.0,71.0,71.0,71.0,74.0,74.0,74.0,75.0,75.0,75.0,75.0,76.0,76.0,76.0,76.0,76.0,76.0,76.0,76.0,77.0,76.0,76.0,76.0,76.0,76.0,77.0,77.0,77.0,77.0,77.0,77
Kh0IYZS9nXU,,,,,,,,,,,,,,,,,,,,,,,,,,,,,,,,,,,,,,,,,,,,,,,,,,,,,,,,,,,,,,,,,895.0,1194.0,1290.0,1333.0,1351.0,1380.0,1411.0,1447.0,1465.0,1480.0,1504.0,1511.0,1529.0,1541.0,1547.0,1555.0,1570.0,1587.0,1588.0,1591.0,1607.0,1609.0,1615.0,1623.0,1627.0,1635.0,1638.0,1643.0,1648.0,1650.0,1652.0,1655.0,1666.0,1671.0,1675.0,1685.0,1684.0,1689.0,1689.0,1693.0,1695.0,1701.0,1700.0,1709.0,1711.0,1714.0,1718.0,1723.0,1726.0,1729.0,1729.0,1733
iAhWq2jVRH4,,,,,,,,,,,,,,,,,,,,,,,,,,,,,,,,,,,,,,,,,,,,,,,,,,,,,,,,,,,,,,,,,0.0,0.0,0.0,0.0,0.0,0.0,0.0,0.0,0.0,0.0,0.0,0.0,0.0,0.0,0.0,0.0,0.0,0.0,0.0,0.0,0.0,0.0,0.0,0.0,0.0,0.0,0.0,0.0,0.0,0.0,0.0,0.0,0.0,0.0,0.0,0.0,0.0,0.0,0.0,0.0,0.0,0.0,0.0,0.0,0.0,0.0,0.0,0.0,0.0,0.0,0.0,0
nMwSsHkjmfk,,,,,,,,,,,,,,,,,,,,,,,,,,,,,,,,,,,,,,,,,,,,,,,,,,,,,,,,,,,,,,,,,1415.0,1606.0,1711.0,1784.0,1831.0,1868.0,1889.0,1912.0,1930.0,1958.0,1993.0,2005.0,2016.0,2027.0,2034.0,2045.0,2052.0,2059.0,2061.0,2063.0,2074.0,2081.0,2091.0,2107.0,2106.0,2113.0,2119.0,2124.0,2134.0,2142.0,2144.0,2152.0,2157.0,2166.0,2172.0,2184.0,2217.0,2239.0,2249.0,2265.0,2272.0,2278.0,2284.0,2305.0,2328.0,2340.0,2351.0,2365.0,2375.0,2382.0,2395.0,2406
wPvQXbgxJqk,,,,,,,,,,,,,,,,,,,,,,,,,,,,,,,,,,,,,,,,,,,,,,,,,,,,,,,,,,,,,,,,,20.0,28.0,34.0,35.0,35.0,38.0,38.0,40.0,41.0,43.0,47.0,47.0,49.0,49.0,49.0,50.0,50.0,50.0,51.0,51.0,51.0,52.0,52.0,52.0,52.0,52.0,52.0,52.0,52.0,52.0,52.0,52.0,52.0,52.0,52.0,52.0,52.0,52.0,52.0,52.0,52.0,52.0,52.0,52.0,52.0,52.0,52.0,52.0,52.0,52.0,52.0,52
0K6tjifZzU4,,,,,,,,,,,,,,,,,,,,,,,,,,,,,,,,,,,,,,,,,,,,,,,,,,,,,,,,,,,,,,,,,16.0,17.0,19.0,21.0,21.0,21.0,21.0,21.0,21.0,21.0,22.0,22.0,22.0,22.0,22.0,22.0,22.0,22.0,23.0,23.0,23.0,23.0,24.0,24.0,25.0,25.0,25.0,25.0,25.0,25.0,25.0,25.0,25.0,25.0,26.0,26.0,26.0,26.0,26.0,26.0,26.0,26.0,26.0,26.0,26.0,26.0,26.0,26.0,26.0,26.0,26.0,26
R57IaRgtQ_g,,,,,,,,,,,,,,,,,,,,,,,,,,,,,,,,,,,,,,,,,,,,,,,,,,,,,,,,,,,,,,,,,,0.0,0.0,0.0,0.0,0.0,0.0,0.0,0.0,0.0,0.0,0.0,0.0,0.0,0.0,0.0,0.0,0.0,0.0,0.0,0.0,0.0,0.0,0.0,0.0,0.0,0.0,12.0,17.0,17.0,17.0,20.0,20.0,20.0,20.0,20.0,20.0,20.0,20.0,20.0,21.0,21.0,22.0,22.0,22.0,24.0,24.0,24.0,24.0,24.0,24.0,24
RIjrFfKehis,,,,,,,,,,,,,,,,,,,,,,,,,,,,,,,,,,,,,,,,,,,,,,,,,,,,,,,,,,,,,,,,,,,945.0,949.0,950.0,950.0,949.0,954.0,953.0,961.0,966.0,966.0,969.0,973.0,974.0,978.0,977.0,978.0,982.0,983.0,987.0,991.0,996.0,997.0,997.0,999.0,999.0,1000.0,1001.0,1003.0,1004.0,1006.0,1006.0,1006.0,1006.0,1007.0,1008.0,1009.0,1009.0,1010.0,1010.0,1009.0,1010.0,1011.0,1011.0,1010.0,1009.0,1011.0,1011.0,1014.0,1015.0,1015
FeU8m9YEVSY,,,,,,,,,,,,,,,,,,,,,,,,,,,,,,,,,,,,,,,,,,,,,,,,,,,,,,,,,,,,,,,,,,,,472.0,816.0,973.0,1096.0,1198.0,1257.0,1333.0,1396.0,1416.0,1442.0,1484.0,1554.0,1584.0,1638.0,1680.0,1716.0,1772.0,1814.0,1837.0,1855.0,1871.0,1884.0,1897.0,1906.0,1917.0,1928.0,1936.0,1950.0,1953.0,1964.0,1971.0,1974.0,1979.0,1987.0,1988.0,1989.0,1995.0,1996.0,1999.0,1998.0,2002.0,2006.0,2009.0,2008.0,2013.0,2020.0,2021.0,2021.0,2024
RcU8cCdhNp4,,,,,,,,,,,,,,,,,,,,,,,,,,,,,,,,,,,,,,,,,,,,,,,,,,,,,,,,,,,,,,,,,,,,386.0,605.0,684.0,740.0,768.0,785.0,798.0,817.0,824.0,827.0,839.0,848.0,854.0,860.0,864.0,882.0,891.0,899.0,902.0,912.0,920.0,923.0,928.0,930.0,932.0,932.0,934.0,934.0,936.0,938.0,939.0,940.0,943.0,945.0,947.0,949.0,953.0,956.0,960.0,960.0,964.0,967.0,969.0,972.0,973.0,974.0,975.0,975.0,976
Gt0wRAFpwvg,,,,,,,,,,,,,,,,,,,,,,,,,,,,,,,,,,,,,,,,,,,,,,,,,,,,,,,,,,,,,,,,,,,,2447.0,3069.0,3320.0,3436.0,3531.0,3611.0,3669.0,3757.0,3776.0,3796.0,3805.0,3824.0,3836.0,3860.0,3879.0,3891.0,3893.0,3906.0,3917.0,3928.0,3943.0,3949.0,3963.0,3973.0,3983.0,3990.0,4004.0,4027.0,4048.0,4057.0,4067.0,4079.0,4087.0,4100.0,4104.0,4106.0,4110.0,4116.0,4125.0,4133.0,4140.0,4148.0,4151.0,4157.0,4162.0,4167.0,4172.0,4175.0,4179
Gt0wRAFpwvg,,,,,,,,,,,,,,,,,,,,,,,,,,,,,,,,,,,,,,,,,,,,,,,,,,,,,,,,,,,,,,,,,,,,2447.0,3069.0,3320.0,3436.0,3531.0,3611.0,3669.0,3757.0,3776.0,3796.0,3805.0,3824.0,3836.0,3860.0,3879.0,3891.0,3893.0,3906.0,3917.0,3928.0,3943.0,3949.0,3963.0,3973.0,3983.0,3990.0,4004.0,4027.0,4048.0,4057.0,4067.0,4079.0,4087.0,4100.0,4104.0,4106.0,4110.0,4116.0,4125.0,4133.0,4140.0,4148.0,4151.0,4157.0,4162.0,4167.0,4172.0,4175.0,4179
nXrQR-Tc_H4,,,,,,,,,,,,,,,,,,,,,,,,,,,,,,,,,,,,,,,,,,,,,,,,,,,,,,,,,,,,,,,,,,,,155.0,159.0,160.0,163.0,168.0,169.0,174.0,176.0,182.0,183.0,184.0,184.0,185.0,185.0,187.0,190.0,193.0,193.0,193.0,193.0,193.0,191.0,191.0,192.0,192.0,194.0,195.0,195.0,195.0,195.0,195.0,195.0,195.0,190.0,190.0,190.0,191.0,191.0,191.0,191.0,191.0,191.0,191.0,191.0,191.0,192.0,194.0,194.0,194
qwmNcmuXMVA,,,,,,,,,,,,,,,,,,,,,,,,,,,,,,,,,,,,,,,,,,,,,,,,,,,,,,,,,,,,,,,,,,,,187.0,191.0,194.0,199.0,202.0,205.0,207.0,210.0,213.0,215.0,216.0,218.0,220.0,222.0,223.0,225.0,225.0,225.0,227.0,227.0,227.0,227.0,229.0,231.0,231.0,231.0,231.0,231.0,231.0,231.0,231.0,231.0,231.0,233.0,233.0,233.0,233.0,233.0,233.0,233.0,233.0,233.0,233.0,233.0,234.0,234.0,234.0,234.0,234
LHUMzyMq084,,,,,,,,,,,,,,,,,,,,,,,,,,,,,,,,,,,,,,,,,,,,,,,,,,,,,,,,,,,,,,,,,,,,1264.0,1884.0,2197.0,2433.0,2562.0,2634.0,2714.0,2825.0,2859.0,2894.0,2943.0,2964.0,2984.0,3000.0,3022.0,3034.0,3045.0,3069.0,3086.0,3098.0,3107.0,3121.0,3129.0,3138.0,3142.0,3151.0,3152.0,3156.0,3163.0,3170.0,3177.0,3182.0,3184.0,3187.0,3193.0,3195.0,3198.0,3203.0,3207.0,3213.0,3214.0,3218.0,3217.0,3219.0,3222.0,3223.0,3226.0,3228.0,3230
DzV97MXTZx8,,,,,,,,,,,,,,,,,,,,,,,,,,,,,,,,,,,,,,,,,,,,,,,,,,,,,,,,,,,,,,,,,,,,,944.0,1511.0,1915.0,2169.0,2280.0,2301.0,2354.0,2344.0,2359.0,2382.0,2408.0,2416.0,2430.0,2448.0,2454.0,2469.0,2478.0,2485.0,2491.0,2500.0,2518.0,2530.0,2540.0,2547.0,2556.0,2573.0,2577.0,2591.0,2606.0,2625.0,2638.0,2642.0,2649.0,2657.0,2657.0,2660.0,2663.0,2660.0,2660.0,2664.0,2665.0,2665.0,2665.0,2667.0,2668.0,2671.0,2674.0,2673
KzxOtaHsQEQ,,,,,,,,,,,,,,,,,,,,,,,,,,,,,,,,,,,,,,,,,,,,,,,,,,,,,,,,,,,,,,,,,,,,,102.0,146.0,162.0,174.0,182.0,187.0,196.0,200.0,202.0,203.0,205.0,207.0,211.0,217.0,218.0,219.0,219.0,219.0,219.0,219.0,219.0,219.0,219.0,219.0,220.0,220.0,220.0,220.0,220.0,220.0,221.0,221.0,221.0,221.0,222.0,223.0,223.0,223.0,223.0,223.0,223.0,223.0,222.0,222.0,222.0,222.0,222.0,222
Wy4DRb1KfJ0,,,,,,,,,,,,,,,,,,,,,,,,,,,,,,,,,,,,,,,,,,,,,,,,,,,,,,,,,,,,,,,,,,,,,90.0,225.0,285.0,310.0,322.0,333.0,339.0,341.0,344.0,345.0,345.0,345.0,345.0,345.0,346.0,346.0,347.0,348.0,348.0,349.0,349.0,349.0,349.0,349.0,349.0,349.0,349.0,349.0,349.0,349.0,351.0,351.0,351.0,351.0,351.0,352.0,352.0,355.0,355.0,356.0,356.0,356.0,356.0,356.0,356.0,357.0,357.0,357
pJ9voGp361g,,,,,,,,,,,,,,,,,,,,,,,,,,,,,,,,,,,,,,,,,,,,,,,,,,,,,,,,,,,,,,,,,,,,,36.0,51.0,54.0,69.0,72.0,74.0,77.0,84.0,84.0,86.0,86.0,86.0,87.0,90.0,95.0,100.0,104.0,104.0,105.0,106.0,106.0,108.0,108.0,108.0,108.0,108.0,108.0,108.0,108.0,108.0,108.0,109.0,109.0,109.0,110.0,110.0,110.0,111.0,112.0,112.0,112.0,112.0,112.0,110.0,110.0,110.0,110.0,110
DzV97MXTZx8,,,,,,,,,,,,,,,,,,,,,,,,,,,,,,,,,,,,,,,,,,,,,,,,,,,,,,,,,,,,,,,,,,,,,944.0,1511.0,1915.0,2169.0,2280.0,2301.0,2354.0,2344.0,2359.0,2382.0,2408.0,2416.0,2430.0,2448.0,2454.0,2469.0,2478.0,2485.0,2491.0,2500.0,2518.0,2530.0,2540.0,2547.0,2556.0,2573.0,2577.0,2591.0,2606.0,2625.0,2638.0,2642.0,2649.0,2657.0,2657.0,2660.0,2663.0,2660.0,2660.0,2664.0,2665.0,2665.0,2665.0,2667.0,2668.0,2671.0,2674.0,2673
iiHXtBLfMcw,,,,,,,,,,,,,,,,,,,,,,,,,,,,,,,,,,,,,,,,,,,,,,,,,,,,,,,,,,,,,,,,,,,,,,190.0,203.0,210.0,215.0,217.0,227.0,228.0,228.0,228.0,228.0,230.0,232.0,235.0,240.0,241.0,241.0,241.0,241.0,244.0,244.0,244.0,246.0,248.0,249.0,251.0,251.0,254.0,254.0,255.0,255.0,255.0,255.0,255.0,255.0,255.0,255.0,255.0,255.0,255.0,255.0,255.0,255.0,255.0,255.0,256.0,256.0,256
ioK78YucIjc,,,,,,,,,,,,,,,,,,,,,,,,,,,,,,,,,,,,,,,,,,,,,,,,,,,,,,,,,,,,,,,,,,,,,,633.0,1046.0,1146.0,1219.0,1281.0,1366.0,1422.0,1449.0,1472.0,1492.0,1516.0,1537.0,1557.0,1597.0,1621.0,1640.0,1657.0,1682.0,1706.0,1729.0,1748.0,1759.0,1785.0,1801.0,1810.0,1816.0,1832.0,1845.0,1857.0,1860.0,1868.0,1870.0,1872.0,1878.0,1879.0,1882.0,1884.0,1889.0,1899.0,1900.0,1907.0,1907.0,1911.0,1913.0,1916.0,1916.0,1915
ItSKahBISg0,,,,,,,,,,,,,,,,,,,,,,,,,,,,,,,,,,,,,,,,,,,,,,,,,,,,,,,,,,,,,,,,,,,,,,2028.0,3825.0,4510.0,4968.0,5266.0,5631.0,5761.0,5912.0,6020.0,6156.0,6267.0,6405.0,6524.0,6642.0,6748.0,6836.0,6925.0,7016.0,7114.0,7219.0,7348.0,7459.0,7605.0,7719.0,7844.0,7944.0,8080.0,8208.0,8312.0,8457.0,8625.0,8763.0,8865.0,8957.0,9040.0,9135.0,9222.0,9327.0,9455.0,9515.0,9611.0,9685.0,9751.0,9837.0,9985.0,10160.0,10272
8_6UqnEjSU0,,,,,,,,,,,,,,,,,,,,,,,,,,,,,,,,,,,,,,,,,,,,,,,,,,,,,,,,,,,,,,,,,,,,,,116.0,141.0,153.0,161.0,175.0,190.0,194.0,197.0,197.0,199.0,201.0,203.0,203.0,205.0,225.0,243.0,251.0,266.0,277.0,285.0,291.0,299.0,305.0,311.0,315.0,321.0,326.0,328.0,330.0,335.0,338.0,345.0,347.0,347.0,349.0,349.0,350.0,351.0,352.0,354.0,357.0,359.0,360.0,361.0,365.0,367.0,371
ejbFkYmX7kg,,,,,,,,,,,,,,,,,,,,,,,,,,,,,,,,,,,,,,,,,,,,,,,,,,,,,,,,,,,,,,,,,,,,,,845.0,1252.0,1367.0,1433.0,1476.0,1544.0,1573.0,1606.0,1617.0,1625.0,1639.0,1647.0,1665.0,1680.0,1693.0,1714.0,1736.0,1747.0,1749.0,1756.0,1763.0,1769.0,1772.0,1775.0,1778.0,1779.0,1784.0,1778.0,1785.0,1786.0,1792.0,1795.0,1798.0,1800.0,1800.0,1801.0,1801.0,1805.0,1809.0,1809.0,1810.0,1813.0,1814.0,1814.0,1812.0,1814.0,1814
h9roFEJv1sI,,,,,,,,,,,,,,,,,,,,,,,,,,,,,,,,,,,,,,,,,,,,,,,,,,,,,,,,,,,,,,,,,,,,,,11.0,11.0,11.0,11.0,11.0,12.0,12.0,12.0,12.0,13.0,13.0,13.0,13.0,13.0,13.0,13.0,13.0,13.0,13.0,13.0,13.0,13.0,13.0,13.0,13.0,13.0,13.0,13.0,13.0,13.0,13.0,13.0,13.0,13.0,13.0,13.0,13.0,13.0,13.0,13.0,13.0,14.0,14.0,14.0,14.0,14.0,14
8y3QgANqDz8,,,,,,,,,,,,,,,,,,,,,,,,,,,,,,,,,,,,,,,,,,,,,,,,,,,,,,,,,,,,,,,,,,,,,,126.0,149.0,153.0,163.0,169.0,175.0,176.0,181.0,183.0,185.0,187.0,190.0,191.0,195.0,196.0,196.0,197.0,198.0,199.0,199.0,199.0,199.0,200.0,200.0,201.0,202.0,202.0,202.0,203.0,203.0,203.0,203.0,204.0,204.0,205.0,207.0,207.0,209.0,209.0,209.0,209.0,209.0,209.0,209.0,210.0,210.0,211
0cLcsKaoXew,,,,,,,,,,,,,,,,,,,,,,,,,,,,,,,,,,,,,,,,,,,,,,,,,,,,,,,,,,,,,,,,,,,,,,164.0,187.0,198.0,206.0,210.0,213.0,213.0,215.0,215.0,213.0,215.0,219.0,219.0,219.0,219.0,219.0,217.0,217.0,218.0,217.0,217.0,216.0,209.0,210.0,209.0,210.0,210.0,210.0,210.0,210.0,210.0,210.0,210.0,210.0,210.0,211.0,211.0,212.0,212.0,212.0,212.0,212.0,212.0,214.0,214.0,214.0,214
NKh7ABN6iiM,,,,,,,,,,,,,,,,,,,,,,,,,,,,,,,,,,,,,,,,,,,,,,,,,,,,,,,,,,,,,,,,,,,,,,,41.0,50.0,53.0,55.0,59.0,61.0,62.0,64.0,64.0,65.0,67.0,67.0,68.0,68.0,70.0,70.0,71.0,71.0,72.0,72.0,72.0,72.0,74.0,76.0,78.0,79.0,79.0,80.0,81.0,81.0,81.0,81.0,81.0,81.0,82.0,82.0,82.0,82.0,82.0,82.0,82.0,82.0,82.0,82.0,82.0,82
_BzRriQWPwc,,,,,,,,,,,,,,,,,,,,,,,,,,,,,,,,,,,,,,,,,,,,,,,,,,,,,,,,,,,,,,,,,,,,,,,20.0,26.0,29.0,32.0,38.0,41.0,41.0,42.0,42.0,45.0,47.0,47.0,47.0,47.0,50.0,51.0,53.0,54.0,55.0,55.0,55.0,56.0,56.0,56.0,57.0,58.0,58.0,58.0,58.0,59.0,59.0,60.0,60.0,60.0,60.0,60.0,60.0,61.0,62.0,62.0,64.0,64.0,64.0,65.0,65.0,65
m18dRRu9-V4,,,,,,,,,,,,,,,,,,,,,,,,,,,,,,,,,,,,,,,,,,,,,,,,,,,,,,,,,,,,,,,,,,,,,,,4901.0,6944.0,7687.0,8187.0,8611.0,8736.0,8876.0,8969.0,9051.0,9097.0,9184.0,9245.0,9291.0,9320.0,9354.0,9393.0,9423.0,9444.0,9454.0,9466.0,9498.0,9507.0,9527.0,9545.0,9563.0,9578.0,9592.0,9617.0,9627.0,9640.0,9663.0,9672.0,9685.0,9697.0,9699.0,9706.0,9708.0,9721.0,9724.0,9730.0,9738.0,9738.0,9744.0,9745.0,9754.0,9758
uCfhl1g-Ndw,,,,,,,,,,,,,,,,,,,,,,,,,,,,,,,,,,,,,,,,,,,,,,,,,,,,,,,,,,,,,,,,,,,,,,,52.0,109.0,114.0,120.0,130.0,130.0,131.0,133.0,134.0,136.0,136.0,137.0,138.0,140.0,141.0,141.0,141.0,142.0,142.0,142.0,143.0,143.0,143.0,143.0,143.0,143.0,143.0,144.0,144.0,146.0,146.0,146.0,148.0,151.0,154.0,154.0,154.0,154.0,154.0,154.0,154.0,154.0,154.0,154.0,154.0,155
cNVN9zUZTFU,,,,,,,,,,,,,,,,,,,,,,,,,,,,,,,,,,,,,,,,,,,,,,,,,,,,,,,,,,,,,,,,,,,,,,,0.0,0.0,0.0,0.0,0.0,0.0,0.0,0.0,0.0,0.0,0.0,0.0,0.0,0.0,0.0,0.0,0.0,0.0,0.0,0.0,0.0,0.0,0.0,0.0,0.0,0.0,0.0,0.0,0.0,0.0,0.0,0.0,0.0,0.0,0.0,0.0,0.0,0.0,0.0,0.0,0.0,0.0,0.0,0.0,0.0,0
yMzkPaFuXAc,,,,,,,,,,,,,,,,,,,,,,,,,,,,,,,,,,,,,,,,,,,,,,,,,,,,,,,,,,,,,,,,,,,,,,,15.0,17.0,18.0,18.0,19.0,19.0,19.0,19.0,19.0,19.0,19.0,19.0,19.0,19.0,19.0,19.0,19.0,19.0,19.0,19.0,19.0,19.0,19.0,19.0,19.0,19.0,19.0,19.0,19.0,19.0,19.0,19.0,19.0,19.0,19.0,19.0,19.0,19.0,19.0,19.0,19.0,19.0,19.0,19.0,19.0,19
6j5dWsWh88s,,,,,,,,,,,,,,,,,,,,,,,,,,,,,,,,,,,,,,,,,,,,,,,,,,,,,,,,,,,,,,,,,,,,,,,110.0,132.0,140.0,147.0,156.0,158.0,161.0,166.0,169.0,172.0,174.0,178.0,180.0,181.0,182.0,183.0,182.0,184.0,185.0,186.0,187.0,188.0,189.0,189.0,191.0,191.0,191.0,191.0,191.0,191.0,191.0,191.0,191.0,191.0,191.0,191.0,193.0,193.0,193.0,193.0,194.0,194.0,194.0,194.0,194.0,194
tSCde4Aa2lg,,,,,,,,,,,,,,,,,,,,,,,,,,,,,,,,,,,,,,,,,,,,,,,,,,,,,,,,,,,,,,,,,,,,,,,4.0,9.0,11.0,13.0,23.0,26.0,30.0,31.0,31.0,32.0,33.0,35.0,34.0,34.0,35.0,35.0,35.0,35.0,35.0,35.0,35.0,35.0,35.0,35.0,35.0,35.0,37.0,37.0,37.0,37.0,37.0,37.0,38.0,38.0,38.0,38.0,39.0,40.0,40.0,40.0,41.0,41.0,41.0,41.0,41.0,41
ROsltpV-JIE,,,,,,,,,,,,,,,,,,,,,,,,,,,,,,,,,,,,,,,,,,,,,,,,,,,,,,,,,,,,,,,,,,,,,,,,32.0,61.0,77.0,88.0,90.0,90.0,90.0,93.0,94.0,95.0,95.0,95.0,95.0,96.0,98.0,99.0,100.0,100.0,100.0,100.0,102.0,102.0,102.0,102.0,102.0,102.0,102.0,102.0,103.0,104.0,104.0,104.0,106.0,106.0,107.0,107.0,107.0,110.0,110.0,110.0,110.0,111.0,111.0,111.0,111
tk-63EQaVLI,,,,,,,,,,,,,,,,,,,,,,,,,,,,,,,,,,,,,,,,,,,,,,,,,,,,,,,,,,,,,,,,,,,,,,,,2.0,4.0,4.0,4.0,4.0,5.0,5.0,5.0,6.0,8.0,8.0,8.0,8.0,8.0,8.0,8.0,8.0,8.0,8.0,8.0,8.0,8.0,8.0,8.0,8.0,8.0,8.0,8.0,9.0,9.0,9.0,9.0,9.0,9.0,9.0,9.0,9.0,9.0,9.0,9.0,9.0,9.0,9.0,9.0,9
pWhZYfgc0IM,,,,,,,,,,,,,,,,,,,,,,,,,,,,,,,,,,,,,,,,,,,,,,,,,,,,,,,,,,,,,,,,,,,,,,,,2.0,6.0,9.0,10.0,10.0,10.0,11.0,11.0,13.0,13.0,15.0,15.0,15.0,15.0,15.0,17.0,17.0,18.0,18.0,19.0,19.0,20.0,21.0,22.0,23.0,24.0,24.0,24.0,24.0,24.0,24.0,24.0,24.0,24.0,24.0,26.0,25.0,25.0,25.0,25.0,25.0,25.0,25.0,25.0,25
nQGFMWcSgQg,,,,,,,,,,,,,,,,,,,,,,,,,,,,,,,,,,,,,,,,,,,,,,,,,,,,,,,,,,,,,,,,,,,,,,,,16.0,23.0,24.0,24.0,24.0,25.0,25.0,25.0,25.0,25.0,25.0,25.0,25.0,25.0,25.0,25.0,25.0,26.0,26.0,26.0,26.0,26.0,26.0,26.0,26.0,26.0,26.0,27.0,27.0,27.0,27.0,27.0,27.0,27.0,27.0,27.0,27.0,27.0,27.0,27.0,27.0,27.0,27.0,27.0,27
F-QSLxAyFes,,,,,,,,,,,,,,,,,,,,,,,,,,,,,,,,,,,,,,,,,,,,,,,,,,,,,,,,,,,,,,,,,,,,,,,,4933.0,8050.0,9018.0,9710.0,9967.0,10188.0,10393.0,10519.0,10648.0,10754.0,10819.0,10906.0,10955.0,10998.0,11030.0,11046.0,11057.0,11068.0,11087.0,11095.0,11095.0,11107.0,11111.0,11130.0,11151.0,11157.0,11166.0,11158.0,11166.0,11192.0,11195.0,11199.0,11203.0,11200.0,11184.0,11183.0,11191.0,11195.0,11198.0,11202.0,11205.0,11206.0,11210.0,11215.0,11220
ud3ZuQQ1Zlo,,,,,,,,,,,,,,,,,,,,,,,,,,,,,,,,,,,,,,,,,,,,,,,,,,,,,,,,,,,,,,,,,,,,,,,,,43.0,64.0,96.0,108.0,117.0,129.0,140.0,148.0,158.0,160.0,161.0,161.0,161.0,161.0,161.0,162.0,162.0,161.0,161.0,162.0,162.0,162.0,162.0,162.0,162.0,162.0,162.0,162.0,161.0,161.0,161.0,161.0,161.0,162.0,162.0,162.0,162.0,162.0,162.0,162.0,162.0,162.0,162.0,162
_P7jeSQP1fY,,,,,,,,,,,,,,,,,,,,,,,,,,,,,,,,,,,,,,,,,,,,,,,,,,,,,,,,,,,,,,,,,,,,,,,,,478.0,479.0,480.0,480.0,480.0,481.0,481.0,481.0,481.0,482.0,482.0,482.0,482.0,485.0,485.0,485.0,487.0,488.0,489.0,489.0,490.0,490.0,489.0,489.0,489.0,489.0,489.0,489.0,489.0,489.0,489.0,489.0,491.0,491.0,491.0,492.0,492.0,492.0,492.0,492.0,492.0,492.0,492.0,492
61MUBevD2KM,,,,,,,,,,,,,,,,,,,,,,,,,,,,,,,,,,,,,,,,,,,,,,,,,,,,,,,,,,,,,,,,,,,,,,,,,199.0,318.0,429.0,468.0,489.0,509.0,517.0,537.0,545.0,556.0,567.0,575.0,581.0,589.0,605.0,612.0,620.0,624.0,630.0,636.0,644.0,651.0,657.0,663.0,664.0,666.0,668.0,670.0,675.0,680.0,687.0,688.0,687.0,688.0,690.0,690.0,690.0,695.0,697.0,697.0,697.0,699.0,701.0,701
ScdULYbnjOs,,,,,,,,,,,,,,,,,,,,,,,,,,,,,,,,,,,,,,,,,,,,,,,,,,,,,,,,,,,,,,,,,,,,,,,,,,4287.0,4764.0,4899.0,4965.0,5053.0,5120.0,5155.0,5201.0,5232.0,5261.0,5280.0,5292.0,5309.0,5327.0,5346.0,5370.0,5385.0,5398.0,5405.0,5417.0,5429.0,5437.0,5448.0,5460.0,5468.0,5475.0,5491.0,5504.0,5514.0,5523.0,5528.0,5532.0,5539.0,5541.0,5529.0,5519.0,5522.0,5524.0,5526.0,5527.0,5534.0,5539.0,5543
zwOCGLpKC_M,,,,,,,,,,,,,,,,,,,,,,,,,,,,,,,,,,,,,,,,,,,,,,,,,,,,,,,,,,,,,,,,,,,,,,,,,,4.0,5.0,6.0,6.0,6.0,6.0,6.0,6.0,6.0,6.0,6.0,6.0,6.0,6.0,6.0,6.0,6.0,6.0,6.0,6.0,6.0,6.0,6.0,6.0,6.0,6.0,6.0,6.0,6.0,6.0,6.0,6.0,6.0,6.0,6.0,6.0,6.0,6.0,6.0,6.0,6.0,6.0,6
4-ba6z64nlQ,,,,,,,,,,,,,,,,,,,,,,,,,,,,,,,,,,,,,,,,,,,,,,,,,,,,,,,,,,,,,,,,,,,,,,,,,,,876.0,996.0,1084.0,1160.0,1214.0,1250.0,1282.0,1309.0,1326.0,1347.0,1359.0,1371.0,1381.0,1391.0,1408.0,1417.0,1423.0,1435.0,1446.0,1452.0,1456.0,1461.0,1466.0,1466.0,1468.0,1471.0,1481.0,1485.0,1493.0,1498.0,1499.0,1500.0,1504.0,1510.0,1515.0,1516.0,1516.0,1519.0,1520.0,1521.0,1523.0,1525
9MSkAK58J7I,,,,,,,,,,,,,,,,,,,,,,,,,,,,,,,,,,,,,,,,,,,,,,,,,,,,,,,,,,,,,,,,,,,,,,,,,,,447.0,450.0,457.0,463.0,474.0,478.0,484.0,488.0,491.0,493.0,495.0,504.0,509.0,514.0,519.0,522.0,532.0,537.0,544.0,548.0,553.0,556.0,557.0,560.0,566.0,571.0,574.0,576.0,582.0,584.0,590.0,592.0,596.0,600.0,606.0,609.0,615.0,621.0,626.0,630.0,633.0,637
RyDxz9qlhA8,,,,,,,,,,,,,,,,,,,,,,,,,,,,,,,,,,,,,,,,,,,,,,,,,,,,,,,,,,,,,,,,,,,,,,,,,,,463.0,486.0,504.0,524.0,533.0,543.0,548.0,551.0,555.0,558.0,563.0,568.0,571.0,572.0,572.0,573.0,575.0,575.0,574.0,574.0,574.0,575.0,577.0,578.0,580.0,583.0,583.0,584.0,584.0,584.0,585.0,585.0,585.0,591.0,591.0,594.0,597.0,597.0,597.0,597.0,597.0,597
JnNeRXpzf6A,,,,,,,,,,,,,,,,,,,,,,,,,,,,,,,,,,,,,,,,,,,,,,,,,,,,,,,,,,,,,,,,,,,,,,,,,,,84.0,86.0,86.0,86.0,87.0,87.0,88.0,88.0,88.0,88.0,88.0,87.0,87.0,88.0,89.0,90.0,92.0,95.0,94.0,94.0,94.0,95.0,95.0,95.0,95.0,95.0,95.0,95.0,95.0,96.0,96.0,96.0,96.0,96.0,96.0,96.0,96.0,96.0,96.0,96.0,96.0,96
zjENKAVRrcs,,,,,,,,,,,,,,,,,,,,,,,,,,,,,,,,,,,,,,,,,,,,,,,,,,,,,,,,,,,,,,,,,,,,,,,,,,,3.0,3.0,4.0,4.0,4.0,4.0,4.0,4.0,4.0,5.0,5.0,6.0,6.0,6.0,6.0,6.0,6.0,6.0,6.0,6.0,6.0,6.0,6.0,6.0,6.0,7.0,7.0,7.0,7.0,7.0,7.0,7.0,7.0,7.0,7.0,7.0,7.0,7.0,7.0,7.0,7.0,7
sAGD0C8nuOk,,,,,,,,,,,,,,,,,,,,,,,,,,,,,,,,,,,,,,,,,,,,,,,,,,,,,,,,,,,,,,,,,,,,,,,,,,,6.0,7.0,9.0,11.0,12.0,13.0,13.0,13.0,13.0,13.0,13.0,14.0,14.0,14.0,14.0,14.0,14.0,14.0,14.0,14.0,14.0,14.0,14.0,15.0,15.0,14.0,14.0,14.0,14.0,14.0,14.0,14.0,14.0,14.0,14.0,14.0,14.0,14.0,14.0,14.0,14.0,14
-RUZUakN4nI,,,,,,,,,,,,,,,,,,,,,,,,,,,,,,,,,,,,,,,,,,,,,,,,,,,,,,,,,,,,,,,,,,,,,,,,,,,36.0,38.0,43.0,44.0,46.0,48.0,52.0,53.0,53.0,58.0,59.0,59.0,59.0,60.0,61.0,63.0,63.0,64.0,67.0,67.0,67.0,67.0,68.0,68.0,68.0,68.0,68.0,68.0,67.0,68.0,68.0,68.0,68.0,68.0,68.0,68.0,68.0,68.0,68.0,68.0,69.0,69
YIjvuYeaiZQ,,,,,,,,,,,,,,,,,,,,,,,,,,,,,,,,,,,,,,,,,,,,,,,,,,,,,,,,,,,,,,,,,,,,,,,,,,,42.0,43.0,43.0,44.0,46.0,47.0,47.0,47.0,47.0,47.0,51.0,51.0,51.0,51.0,51.0,51.0,51.0,51.0,51.0,51.0,51.0,51.0,53.0,53.0,53.0,53.0,53.0,54.0,54.0,54.0,54.0,54.0,54.0,54.0,54.0,54.0,53.0,53.0,53.0,53.0,53.0,53
DwhQzQigrw0,,,,,,,,,,,,,,,,,,,,,,,,,,,,,,,,,,,,,,,,,,,,,,,,,,,,,,,,,,,,,,,,,,,,,,,,,,,11.0,12.0,12.0,12.0,12.0,12.0,12.0,12.0,12.0,13.0,14.0,14.0,14.0,14.0,14.0,15.0,15.0,15.0,15.0,15.0,15.0,15.0,15.0,15.0,15.0,15.0,15.0,15.0,15.0,15.0,15.0,15.0,15.0,15.0,15.0,15.0,15.0,15.0,15.0,15.0,15.0,15
dLGfgnA7f68,,,,,,,,,,,,,,,,,,,,,,,,,,,,,,,,,,,,,,,,,,,,,,,,,,,,,,,,,,,,,,,,,,,,,,,,,,,68.0,79.0,86.0,89.0,90.0,90.0,92.0,92.0,93.0,93.0,93.0,93.0,93.0,93.0,93.0,94.0,94.0,94.0,94.0,94.0,94.0,94.0,95.0,96.0,96.0,96.0,96.0,96.0,96.0,96.0,96.0,96.0,96.0,96.0,96.0,96.0,96.0,96.0,96.0,96.0,96.0,96
pZxrtHizb98,,,,,,,,,,,,,,,,,,,,,,,,,,,,,,,,,,,,,,,,,,,,,,,,,,,,,,,,,,,,,,,,,,,,,,,,,,,262.0,329.0,355.0,373.0,390.0,396.0,402.0,407.0,410.0,415.0,420.0,420.0,421.0,426.0,427.0,428.0,429.0,431.0,432.0,432.0,435.0,436.0,435.0,435.0,437.0,440.0,442.0,443.0,443.0,443.0,445.0,447.0,447.0,448.0,448.0,449.0,449.0,449.0,451.0,455.0,455.0,456
8nBgDvhZdTU,,,,,,,,,,,,,,,,,,,,,,,,,,,,,,,,,,,,,,,,,,,,,,,,,,,,,,,,,,,,,,,,,,,,,,,,,,,0.0,0.0,0.0,0.0,0.0,0.0,0.0,0.0,0.0,0.0,0.0,0.0,0.0,0.0,0.0,0.0,0.0,0.0,0.0,0.0,0.0,0.0,0.0,0.0,0.0,0.0,0.0,0.0,0.0,0.0,0.0,0.0,0.0,0.0,0.0,0.0,0.0,0.0,0.0,0.0,0.0,0
971SdN1aojk,,,,,,,,,,,,,,,,,,,,,,,,,,,,,,,,,,,,,,,,,,,,,,,,,,,,,,,,,,,,,,,,,,,,,,,,,,,133.0,154.0,166.0,171.0,176.0,187.0,193.0,196.0,202.0,208.0,213.0,215.0,227.0,243.0,263.0,265.0,274.0,276.0,279.0,284.0,282.0,283.0,284.0,283.0,284.0,284.0,284.0,284.0,284.0,284.0,284.0,285.0,285.0,285.0,285.0,285.0,285.0,285.0,285.0,285.0,285.0,285
qPWlHgx_Oc0,,,,,,,,,,,,,,,,,,,,,,,,,,,,,,,,,,,,,,,,,,,,,,,,,,,,,,,,,,,,,,,,,,,,,,,,,,,,613.0,938.0,1051.0,1095.0,1131.0,1166.0,1193.0,1205.0,1211.0,1219.0,1230.0,1240.0,1265.0,1280.0,1290.0,1292.0,1301.0,1308.0,1310.0,1313.0,1315.0,1319.0,1320.0,1320.0,1322.0,1324.0,1325.0,1327.0,1328.0,1331.0,1336.0,1338.0,1339.0,1342.0,1342.0,1341.0,1340.0,1341.0,1341.0,1341.0,1340
3yjLE7Z_lDs,,,,,,,,,,,,,,,,,,,,,,,,,,,,,,,,,,,,,,,,,,,,,,,,,,,,,,,,,,,,,,,,,,,,,,,,,,,,0.0,1.0,1.0,1.0,1.0,1.0,1.0,2.0,2.0,2.0,3.0,3.0,3.0,3.0,3.0,3.0,3.0,3.0,3.0,3.0,3.0,3.0,3.0,3.0,3.0,3.0,3.0,3.0,3.0,3.0,3.0,3.0,3.0,3.0,3.0,3.0,3.0,3.0,3.0,3.0,3
r13VjeHj8z0,,,,,,,,,,,,,,,,,,,,,,,,,,,,,,,,,,,,,,,,,,,,,,,,,,,,,,,,,,,,,,,,,,,,,,,,,,,,1927.0,2461.0,2522.0,2560.0,2578.0,2569.0,2599.0,2616.0,2626.0,2632.0,2638.0,2646.0,2653.0,2657.0,2661.0,2666.0,2673.0,2673.0,2681.0,2688.0,2695.0,2699.0,2703.0,2705.0,2710.0,2714.0,2718.0,2720.0,2724.0,2723.0,2729.0,2732.0,2735.0,2734.0,2735.0,2736.0,2739.0,2741.0,2743.0,2748.0,2748
YgcyK6x1ZvU,,,,,,,,,,,,,,,,,,,,,,,,,,,,,,,,,,,,,,,,,,,,,,,,,,,,,,,,,,,,,,,,,,,,,,,,,,,,29.0,31.0,31.0,32.0,34.0,35.0,35.0,35.0,36.0,36.0,36.0,37.0,37.0,37.0,38.0,38.0,38.0,38.0,38.0,38.0,38.0,41.0,42.0,42.0,42.0,42.0,42.0,42.0,43.0,43.0,43.0,43.0,43.0,43.0,43.0,43.0,43.0,43.0,43.0,43.0,43
8uV7o3STxhc,,,,,,,,,,,,,,,,,,,,,,,,,,,,,,,,,,,,,,,,,,,,,,,,,,,,,,,,,,,,,,,,,,,,,,,,,,,,0.0,0.0,0.0,0.0,0.0,0.0,0.0,0.0,0.0,0.0,0.0,0.0,0.0,0.0,0.0,0.0,0.0,0.0,0.0,0.0,0.0,0.0,0.0,0.0,0.0,0.0,0.0,0.0,0.0,0.0,0.0,0.0,0.0,0.0,0.0,0.0,0.0,0.0,0.0,0.0,0
CGketww5RLk,,,,,,,,,,,,,,,,,,,,,,,,,,,,,,,,,,,,,,,,,,,,,,,,,,,,,,,,,,,,,,,,,,,,,,,,,,,,,67.0,67.0,67.0,67.0,67.0,67.0,67.0,67.0,67.0,67.0,67.0,67.0,67.0,67.0,67.0,67.0,67.0,67.0,67.0,67.0,67.0,67.0,67.0,67.0,67.0,67.0,67.0,67.0,67.0,67.0,67.0,67.0,67.0,67.0,67.0,67.0,67.0,67.0,67.0,67
ZgeH3GkD_U0,,,,,,,,,,,,,,,,,,,,,,,,,,,,,,,,,,,,,,,,,,,,,,,,,,,,,,,,,,,,,,,,,,,,,,,,,,,,,0.0,0.0,0.0,0.0,0.0,0.0,0.0,0.0,0.0,0.0,0.0,0.0,0.0,0.0,0.0,0.0,0.0,0.0,0.0,0.0,0.0,0.0,0.0,0.0,0.0,0.0,0.0,0.0,0.0,0.0,0.0,0.0,0.0,0.0,0.0,0.0,0.0,0.0,0.0,0
icW0nFygkrM,,,,,,,,,,,,,,,,,,,,,,,,,,,,,,,,,,,,,,,,,,,,,,,,,,,,,,,,,,,,,,,,,,,,,,,,,,,,,1275.0,1278.0,1281.0,1285.0,1290.0,1293.0,1294.0,1299.0,1301.0,1303.0,1309.0,1310.0,1316.0,1316.0,1320.0,1320.0,1319.0,1321.0,1324.0,1326.0,1326.0,1327.0,1327.0,1328.0,1327.0,1327.0,1327.0,1332.0,1332.0,1332.0,1330.0,1330.0,1331.0,1331.0,1331.0,1330.0,1338.0,1339.0,1338.0,1337
icW0nFygkrM,,,,,,,,,,,,,,,,,,,,,,,,,,,,,,,,,,,,,,,,,,,,,,,,,,,,,,,,,,,,,,,,,,,,,,,,,,,,,1275.0,1278.0,1281.0,1285.0,1290.0,1293.0,1294.0,1299.0,1301.0,1303.0,1309.0,1310.0,1316.0,1316.0,1320.0,1320.0,1319.0,1321.0,1324.0,1326.0,1326.0,1327.0,1327.0,1328.0,1327.0,1327.0,1327.0,1332.0,1332.0,1332.0,1330.0,1330.0,1331.0,1331.0,1331.0,1330.0,1338.0,1339.0,1338.0,1337
IMQBEabuciY,,,,,,,,,,,,,,,,,,,,,,,,,,,,,,,,,,,,,,,,,,,,,,,,,,,,,,,,,,,,,,,,,,,,,,,,,,,,,34.0,34.0,35.0,35.0,35.0,35.0,36.0,36.0,36.0,36.0,36.0,36.0,36.0,36.0,36.0,36.0,36.0,35.0,35.0,35.0,35.0,35.0,35.0,35.0,35.0,36.0,36.0,36.0,36.0,36.0,36.0,36.0,36.0,36.0,36.0,36.0,36.0,36.0,36.0,36
5zW4P_WpJ-U,,,,,,,,,,,,,,,,,,,,,,,,,,,,,,,,,,,,,,,,,,,,,,,,,,,,,,,,,,,,,,,,,,,,,,,,,,,,,1929.0,1932.0,1940.0,1943.0,1948.0,1952.0,1957.0,1959.0,1963.0,1969.0,1970.0,1976.0,1979.0,1981.0,1980.0,1984.0,1986.0,1996.0,1998.0,2003.0,2009.0,2011.0,2014.0,2016.0,2019.0,2019.0,2020.0,2026.0,2028.0,2033.0,2037.0,2038.0,2041.0,2048.0,2050.0,2052.0,2052.0,2052.0,2055.0,2056
HQsLcakiWXo,,,,,,,,,,,,,,,,,,,,,,,,,,,,,,,,,,,,,,,,,,,,,,,,,,,,,,,,,,,,,,,,,,,,,,,,,,,,,26.0,27.0,27.0,27.0,28.0,28.0,28.0,28.0,28.0,28.0,28.0,28.0,28.0,28.0,28.0,28.0,28.0,28.0,28.0,28.0,28.0,28.0,28.0,28.0,29.0,29.0,29.0,29.0,29.0,29.0,29.0,30.0,30.0,30.0,30.0,30.0,30.0,30.0,30.0,30
6J7K9Wi8uJ4,,,,,,,,,,,,,,,,,,,,,,,,,,,,,,,,,,,,,,,,,,,,,,,,,,,,,,,,,,,,,,,,,,,,,,,,,,,,,613.0,615.0,618.0,619.0,620.0,621.0,624.0,630.0,631.0,633.0,633.0,635.0,638.0,643.0,644.0,645.0,646.0,648.0,650.0,650.0,650.0,650.0,650.0,652.0,652.0,653.0,654.0,655.0,655.0,655.0,655.0,655.0,656.0,656.0,656.0,657.0,658.0,659.0,659.0,660
MW-oLdhz8aI,,,,,,,,,,,,,,,,,,,,,,,,,,,,,,,,,,,,,,,,,,,,,,,,,,,,,,,,,,,,,,,,,,,,,,,,,,,,,70.0,70.0,70.0,70.0,70.0,70.0,70.0,71.0,72.0,72.0,72.0,72.0,72.0,72.0,72.0,73.0,73.0,73.0,73.0,74.0,74.0,75.0,75.0,75.0,77.0,77.0,79.0,79.0,80.0,80.0,80.0,80.0,80.0,81.0,81.0,81.0,81.0,81.0,81.0,81
FF5oFEcF-xY,,,,,,,,,,,,,,,,,,,,,,,,,,,,,,,,,,,,,,,,,,,,,,,,,,,,,,,,,,,,,,,,,,,,,,,,,,,,,22.0,22.0,22.0,22.0,22.0,22.0,22.0,22.0,22.0,22.0,22.0,22.0,22.0,22.0,22.0,22.0,22.0,22.0,22.0,22.0,22.0,22.0,22.0,22.0,22.0,22.0,22.0,22.0,22.0,22.0,22.0,22.0,22.0,22.0,22.0,22.0,22.0,22.0,22.0,22
KbD9w7oMXLw,,,,,,,,,,,,,,,,,,,,,,,,,,,,,,,,,,,,,,,,,,,,,,,,,,,,,,,,,,,,,,,,,,,,,,,,,,,,,2.0,2.0,2.0,2.0,2.0,2.0,3.0,3.0,3.0,3.0,3.0,3.0,3.0,3.0,3.0,3.0,3.0,3.0,3.0,3.0,3.0,3.0,3.0,3.0,3.0,3.0,3.0,3.0,3.0,3.0,3.0,3.0,3.0,3.0,3.0,3.0,3.0,3.0,3.0,3
2v_b0rBgr1s,,,,,,,,,,,,,,,,,,,,,,,,,,,,,,,,,,,,,,,,,,,,,,,,,,,,,,,,,,,,,,,,,,,,,,,,,,,,,0.0,0.0,0.0,0.0,0.0,0.0,0.0,0.0,0.0,0.0,0.0,0.0,0.0,0.0,0.0,0.0,0.0,0.0,0.0,0.0,0.0,0.0,0.0,0.0,0.0,0.0,0.0,0.0,0.0,0.0,0.0,0.0,0.0,0.0,0.0,0.0,0.0,0.0,0.0,0
mI88XaC5DiU,,,,,,,,,,,,,,,,,,,,,,,,,,,,,,,,,,,,,,,,,,,,,,,,,,,,,,,,,,,,,,,,,,,,,,,,,,,,,0.0,0.0,0.0,0.0,0.0,0.0,0.0,0.0,0.0,0.0,0.0,0.0,0.0,0.0,0.0,0.0,0.0,0.0,0.0,0.0,0.0,0.0,0.0,0.0,0.0,0.0,0.0,0.0,0.0,0.0,0.0,0.0,0.0,0.0,0.0,0.0,0.0,0.0,0.0,0
qd-CuEYh6lw,,,,,,,,,,,,,,,,,,,,,,,,,,,,,,,,,,,,,,,,,,,,,,,,,,,,,,,,,,,,,,,,,,,,,,,,,,,,,1.0,1.0,2.0,2.0,2.0,2.0,3.0,3.0,3.0,3.0,3.0,3.0,3.0,3.0,3.0,3.0,4.0,4.0,4.0,4.0,4.0,4.0,4.0,4.0,4.0,4.0,4.0,4.0,4.0,4.0,4.0,4.0,4.0,4.0,4.0,4.0,4.0,4.0,4.0,4
Y8aqyy0kpHA,,,,,,,,,,,,,,,,,,,,,,,,,,,,,,,,,,,,,,,,,,,,,,,,,,,,,,,,,,,,,,,,,,,,,,,,,,,,,64.0,70.0,73.0,74.0,76.0,78.0,78.0,79.0,81.0,81.0,81.0,81.0,81.0,81.0,83.0,83.0,84.0,85.0,85.0,85.0,86.0,86.0,86.0,87.0,87.0,88.0,88.0,88.0,88.0,88.0,88.0,88.0,88.0,88.0,88.0,88.0,88.0,89.0,89.0,90
2SHkpzwi_-o,,,,,,,,,,,,,,,,,,,,,,,,,,,,,,,,,,,,,,,,,,,,,,,,,,,,,,,,,,,,,,,,,,,,,,,,,,,,,127.0,162.0,174.0,184.0,192.0,198.0,204.0,207.0,211.0,213.0,215.0,215.0,216.0,216.0,216.0,218.0,218.0,219.0,219.0,219.0,220.0,220.0,220.0,220.0,220.0,223.0,223.0,223.0,223.0,223.0,223.0,224.0,224.0,224.0,224.0,224.0,224.0,223.0,223.0,223
E9PARNJYNM0,,,,,,,,,,,,,,,,,,,,,,,,,,,,,,,,,,,,,,,,,,,,,,,,,,,,,,,,,,,,,,,,,,,,,,,,,,,,,8.0,10.0,10.0,11.0,12.0,12.0,12.0,13.0,13.0,13.0,13.0,13.0,13.0,13.0,13.0,13.0,13.0,13.0,13.0,13.0,13.0,13.0,13.0,13.0,13.0,13.0,13.0,13.0,13.0,14.0,14.0,15.0,15.0,15.0,15.0,17.0,17.0,17.0,18.0,18
pFKNeC5-MiM,,,,,,,,,,,,,,,,,,,,,,,,,,,,,,,,,,,,,,,,,,,,,,,,,,,,,,,,,,,,,,,,,,,,,,,,,,,,,,,459.0,460.0,460.0,461.0,463.0,466.0,467.0,468.0,470.0,471.0,472.0,472.0,472.0,475.0,475.0,475.0,475.0,476.0,476.0,476.0,476.0,476.0,478.0,478.0,478.0,478.0,478.0,478.0,479.0,479.0,479.0,479.0,480.0,481.0,481.0,482.0,483.0,483
FG5cO26pzb4,,,,,,,,,,,,,,,,,,,,,,,,,,,,,,,,,,,,,,,,,,,,,,,,,,,,,,,,,,,,,,,,,,,,,,,,,,,,,,,0.0,0.0,0.0,0.0,0.0,0.0,0.0,0.0,0.0,0.0,0.0,0.0,0.0,0.0,0.0,0.0,0.0,0.0,0.0,0.0,0.0,0.0,0.0,0.0,0.0,0.0,0.0,0.0,0.0,0.0,0.0,0.0,0.0,0.0,0.0,0.0,0.0,0
JFhVuvzWEVI,,,,,,,,,,,,,,,,,,,,,,,,,,,,,,,,,,,,,,,,,,,,,,,,,,,,,,,,,,,,,,,,,,,,,,,,,,,,,,,20.0,37.0,50.0,62.0,72.0,77.0,91.0,98.0,109.0,118.0,124.0,124.0,124.0,125.0,125.0,126.0,127.0,127.0,127.0,128.0,128.0,128.0,129.0,129.0,130.0,130.0,130.0,130.0,131.0,131.0,131.0,131.0,131.0,131.0,131.0,131.0,131.0,131
lUJ3JEAp-II,,,,,,,,,,,,,,,,,,,,,,,,,,,,,,,,,,,,,,,,,,,,,,,,,,,,,,,,,,,,,,,,,,,,,,,,,,,,,,,2423.0,3059.0,3290.0,3417.0,3492.0,3541.0,3563.0,3585.0,3604.0,3623.0,3637.0,3647.0,3654.0,3656.0,3662.0,3664.0,3663.0,3667.0,3674.0,3681.0,3683.0,3686.0,3689.0,3689.0,3690.0,3690.0,3693.0,3695.0,3696.0,3695.0,3695.0,3697.0,3699.0,3699.0,3699.0,3698.0,3698.0,3698
Wo4cQlVHPFc,,,,,,,,,,,,,,,,,,,,,,,,,,,,,,,,,,,,,,,,,,,,,,,,,,,,,,,,,,,,,,,,,,,,,,,,,,,,,,,10.0,10.0,10.0,10.0,10.0,10.0,10.0,10.0,10.0,10.0,10.0,10.0,10.0,10.0,10.0,10.0,10.0,10.0,10.0,10.0,10.0,10.0,10.0,10.0,10.0,10.0,10.0,10.0,10.0,10.0,10.0,10.0,10.0,10.0,10.0,10.0,10.0,10
DiS9MZV2ZuI,,,,,,,,,,,,,,,,,,,,,,,,,,,,,,,,,,,,,,,,,,,,,,,,,,,,,,,,,,,,,,,,,,,,,,,,,,,,,,,157.0,168.0,187.0,194.0,199.0,201.0,202.0,202.0,203.0,203.0,204.0,204.0,204.0,204.0,204.0,204.0,204.0,204.0,205.0,205.0,205.0,205.0,205.0,205.0,206.0,206.0,206.0,206.0,207.0,208.0,207.0,207.0,207.0,207.0,208.0,208.0,208.0,208
NlQlHpSq9Tk,,,,,,,,,,,,,,,,,,,,,,,,,,,,,,,,,,,,,,,,,,,,,,,,,,,,,,,,,,,,,,,,,,,,,,,,,,,,,,,0.0,0.0,0.0,0.0,0.0,0.0,0.0,0.0,0.0,0.0,0.0,0.0,0.0,0.0,0.0,0.0,0.0,0.0,0.0,0.0,0.0,0.0,0.0,0.0,0.0,0.0,0.0,0.0,0.0,0.0,0.0,0.0,0.0,0.0,0.0,0.0,0.0,0
ACPODVhhACY,,,,,,,,,,,,,,,,,,,,,,,,,,,,,,,,,,,,,,,,,,,,,,,,,,,,,,,,,,,,,,,,,,,,,,,,,,,,,,,,968.0,968.0,974.0,974.0,975.0,977.0,980.0,980.0,980.0,981.0,981.0,981.0,981.0,981.0,983.0,983.0,984.0,985.0,985.0,985.0,985.0,985.0,985.0,986.0,986.0,986.0,986.0,986.0,987.0,987.0,987.0,987.0,987.0,987.0,987.0,988.0,988
8a90HBQs3FU,,,,,,,,,,,,,,,,,,,,,,,,,,,,,,,,,,,,,,,,,,,,,,,,,,,,,,,,,,,,,,,,,,,,,,,,,,,,,,,,,127.0,241.0,285.0,324.0,339.0,349.0,361.0,370.0,377.0,383.0,386.0,392.0,396.0,402.0,402.0,405.0,406.0,409.0,410.0,412.0,413.0,416.0,417.0,419.0,422.0,423.0,425.0,425.0,425.0,425.0,428.0,430.0,431.0,432.0,432.0,432
x0FwbTiD3iA,,,,,,,,,,,,,,,,,,,,,,,,,,,,,,,,,,,,,,,,,,,,,,,,,,,,,,,,,,,,,,,,,,,,,,,,,,,,,,,,,10704.0,16377.0,18604.0,20187.0,21142.0,21957.0,22907.0,23517.0,23848.0,24129.0,24323.0,24515.0,24619.0,24742.0,24875.0,24974.0,25059.0,25128.0,25181.0,25227.0,25273.0,25321.0,25344.0,25398.0,25438.0,25475.0,25506.0,25541.0,25569.0,25605.0,25641.0,25679.0,25707.0,25714.0,25749.0,25757
y8omlVISMfU,,,,,,,,,,,,,,,,,,,,,,,,,,,,,,,,,,,,,,,,,,,,,,,,,,,,,,,,,,,,,,,,,,,,,,,,,,,,,,,,,70.0,74.0,74.0,75.0,75.0,76.0,76.0,76.0,77.0,77.0,77.0,77.0,77.0,78.0,78.0,78.0,78.0,78.0,78.0,78.0,78.0,78.0,78.0,78.0,78.0,78.0,78.0,78.0,78.0,78.0,78.0,78.0,78.0,78.0,78.0,78
JrXdLoA8L7Y,,,,,,,,,,,,,,,,,,,,,,,,,,,,,,,,,,,,,,,,,,,,,,,,,,,,,,,,,,,,,,,,,,,,,,,,,,,,,,,,,0.0,0.0,0.0,0.0,0.0,0.0,0.0,0.0,0.0,1.0,3.0,3.0,5.0,6.0,7.0,7.0,8.0,8.0,9.0,9.0,9.0,9.0,9.0,9.0,9.0,9.0,9.0,9.0,9.0,9.0,9.0,9.0,9.0,9.0,10.0,10
MH04dQ-1wY8,,,,,,,,,,,,,,,,,,,,,,,,,,,,,,,,,,,,,,,,,,,,,,,,,,,,,,,,,,,,,,,,,,,,,,,,,,,,,,,,,45.0,59.0,62.0,65.0,77.0,78.0,78.0,78.0,78.0,79.0,79.0,79.0,79.0,79.0,79.0,80.0,80.0,80.0,80.0,80.0,80.0,80.0,81.0,81.0,81.0,81.0,81.0,81.0,81.0,82.0,82.0,82.0,82.0,82.0,82.0,82
J7OhGsGbaM4,,,,,,,,,,,,,,,,,,,,,,,,,,,,,,,,,,,,,,,,,,,,,,,,,,,,,,,,,,,,,,,,,,,,,,,,,,,,,,,,,498.0,780.0,897.0,918.0,1005.0,1064.0,1108.0,1155.0,1193.0,1233.0,1269.0,1289.0,1311.0,1324.0,1330.0,1330.0,1342.0,1353.0,1362.0,1364.0,1367.0,1370.0,1374.0,1379.0,1384.0,1389.0,1390.0,1393.0,1395.0,1396.0,1402.0,1404.0,1408.0,1410.0,1412.0,1414
SVtiAnU7JnM,,,,,,,,,,,,,,,,,,,,,,,,,,,,,,,,,,,,,,,,,,,,,,,,,,,,,,,,,,,,,,,,,,,,,,,,,,,,,,,,,558.0,883.0,1097.0,1265.0,1441.0,1539.0,1629.0,1710.0,1744.0,1776.0,1800.0,1825.0,1865.0,1904.0,1934.0,1950.0,1973.0,1996.0,2015.0,2043.0,2080.0,2110.0,2133.0,2144.0,2157.0,2170.0,2186.0,2202.0,2222.0,2234.0,2253.0,2265.0,2276.0,2291.0,2304.0,2319
P2llSm9tZvA,,,,,,,,,,,,,,,,,,,,,,,,,,,,,,,,,,,,,,,,,,,,,,,,,,,,,,,,,,,,,,,,,,,,,,,,,,,,,,,,,,2613.0,2765.0,2856.0,2903.0,2933.0,2958.0,2982.0,3003.0,3033.0,3048.0,3055.0,3068.0,3081.0,3090.0,3103.0,3110.0,3119.0,3126.0,3128.0,3134.0,3139.0,3140.0,3145.0,3156.0,3158.0,3161.0,3164.0,3172.0,3174.0,3182.0,3190.0,3194.0,3195.0,3200.0,3201
DdGXfZaSpwY,,,,,,,,,,,,,,,,,,,,,,,,,,,,,,,,,,,,,,,,,,,,,,,,,,,,,,,,,,,,,,,,,,,,,,,,,,,,,,,,,,632.0,633.0,633.0,634.0,635.0,637.0,638.0,643.0,643.0,645.0,645.0,646.0,647.0,648.0,648.0,649.0,649.0,651.0,651.0,651.0,652.0,654.0,654.0,654.0,655.0,656.0,657.0,657.0,658.0,658.0,658.0,658.0,658.0,658.0,658
ZTXWmB--TUA,,,,,,,,,,,,,,,,,,,,,,,,,,,,,,,,,,,,,,,,,,,,,,,,,,,,,,,,,,,,,,,,,,,,,,,,,,,,,,,,,,58.0,62.0,65.0,66.0,69.0,73.0,73.0,73.0,74.0,74.0,80.0,81.0,82.0,85.0,86.0,91.0,95.0,101.0,105.0,107.0,110.0,111.0,115.0,115.0,118.0,120.0,121.0,121.0,122.0,124.0,127.0,127.0,130.0,134.0,137
TUHZKn78E5I,,,,,,,,,,,,,,,,,,,,,,,,,,,,,,,,,,,,,,,,,,,,,,,,,,,,,,,,,,,,,,,,,,,,,,,,,,,,,,,,,,,577.0,938.0,1106.0,1228.0,1310.0,1406.0,1478.0,1523.0,1569.0,1627.0,1652.0,1678.0,1700.0,1715.0,1729.0,1740.0,1753.0,1779.0,1801.0,1810.0,1819.0,1834.0,1850.0,1868.0,1886.0,1915.0,1932.0,1946.0,1960.0,1970.0,1976.0,2000.0,2015.0,2031
swuhhziz3dM,,,,,,,,,,,,,,,,,,,,,,,,,,,,,,,,,,,,,,,,,,,,,,,,,,,,,,,,,,,,,,,,,,,,,,,,,,,,,,,,,,,21476.0,26430.0,27337.0,27792.0,28064.0,28268.0,28407.0,28523.0,28652.0,28724.0,28827.0,28881.0,28971.0,29043.0,29079.0,29104.0,29124.0,29159.0,29197.0,29229.0,29259.0,29278.0,29288.0,29299.0,29315.0,29330.0,29344.0,29354.0,29373.0,29387.0,29403.0,29409.0,29424.0,29430
pLKOEfMc09E,,,,,,,,,,,,,,,,,,,,,,,,,,,,,,,,,,,,,,,,,,,,,,,,,,,,,,,,,,,,,,,,,,,,,,,,,,,,,,,,,,,885.0,1512.0,1790.0,1976.0,2156.0,2316.0,2413.0,2500.0,2546.0,2574.0,2592.0,2608.0,2613.0,2624.0,2626.0,2636.0,2645.0,2648.0,2654.0,2658.0,2662.0,2664.0,2669.0,2672.0,2676.0,2682.0,2686.0,2693.0,2695.0,2697.0,2700.0,2703.0,2707.0,2706
x4ofq8se8B0,,,,,,,,,,,,,,,,,,,,,,,,,,,,,,,,,,,,,,,,,,,,,,,,,,,,,,,,,,,,,,,,,,,,,,,,,,,,,,,,,,,0.0,0.0,0.0,0.0,0.0,0.0,0.0,0.0,0.0,0.0,0.0,0.0,0.0,0.0,0.0,0.0,0.0,0.0,0.0,0.0,0.0,0.0,0.0,0.0,0.0,0.0,0.0,0.0,0.0,0.0,0.0,0.0,0.0,0
qN0QYe1lMnk,,,,,,,,,,,,,,,,,,,,,,,,,,,,,,,,,,,,,,,,,,,,,,,,,,,,,,,,,,,,,,,,,,,,,,,,,,,,,,,,,,,26.0,37.0,40.0,40.0,40.0,40.0,44.0,45.0,45.0,45.0,45.0,45.0,45.0,46.0,46.0,46.0,46.0,46.0,46.0,46.0,46.0,46.0,46.0,46.0,46.0,47.0,47.0,47.0,48.0,48.0,48.0,48.0,48.0,48
kG68WXnzSbQ,,,,,,,,,,,,,,,,,,,,,,,,,,,,,,,,,,,,,,,,,,,,,,,,,,,,,,,,,,,,,,,,,,,,,,,,,,,,,,,,,,,1574.0,2102.0,2251.0,2336.0,2363.0,2395.0,2421.0,2446.0,2463.0,2472.0,2476.0,2488.0,2495.0,2506.0,2514.0,2518.0,2528.0,2531.0,2541.0,2552.0,2554.0,2561.0,2566.0,2585.0,2592.0,2594.0,2595.0,2596.0,2603.0,2606.0,2607.0,2610.0,2611.0,2612
tExRQj5h5H0,,,,,,,,,,,,,,,,,,,,,,,,,,,,,,,,,,,,,,,,,,,,,,,,,,,,,,,,,,,,,,,,,,,,,,,,,,,,,,,,,,,174.0,180.0,186.0,217.0,228.0,230.0,232.0,234.0,234.0,234.0,236.0,237.0,236.0,236.0,236.0,236.0,237.0,238.0,237.0,237.0,237.0,237.0,237.0,237.0,237.0,237.0,237.0,238.0,238.0,238.0,238.0,238.0,238.0,238
A8VJqH1emaw,,,,,,,,,,,,,,,,,,,,,,,,,,,,,,,,,,,,,,,,,,,,,,,,,,,,,,,,,,,,,,,,,,,,,,,,,,,,,,,,,,,,,,,,,,,,,,,,,,,,,,,,,,,,,,,,,,,,
5IpijccabU4,,,,,,,,,,,,,,,,,,,,,,,,,,,,,,,,,,,,,,,,,,,,,,,,,,,,,,,,,,,,,,,,,,,,,,,,,,,,,,,,,,,426.0,473.0,502.0,518.0,525.0,526.0,530.0,535.0,538.0,538.0,538.0,540.0,543.0,545.0,552.0,553.0,554.0,554.0,558.0,558.0,559.0,559.0,559.0,560.0,560.0,560.0,561.0,562.0,564.0,564.0,562.0,562.0,563.0,563
kG68WXnzSbQ,,,,,,,,,,,,,,,,,,,,,,,,,,,,,,,,,,,,,,,,,,,,,,,,,,,,,,,,,,,,,,,,,,,,,,,,,,,,,,,,,,,1574.0,2102.0,2251.0,2336.0,2363.0,2395.0,2421.0,2446.0,2463.0,2472.0,2476.0,2488.0,2495.0,2506.0,2514.0,2518.0,2528.0,2531.0,2541.0,2552.0,2554.0,2561.0,2566.0,2585.0,2592.0,2594.0,2595.0,2596.0,2603.0,2606.0,2607.0,2610.0,2611.0,2612
wLjzdSye6Rg,,,,,,,,,,,,,,,,,,,,,,,,,,,,,,,,,,,,,,,,,,,,,,,,,,,,,,,,,,,,,,,,,,,,,,,,,,,,,,,,,,,,0.0,0.0,0.0,0.0,0.0,0.0,0.0,0.0,0.0,0.0,0.0,0.0,0.0,0.0,0.0,0.0,0.0,0.0,0.0,0.0,0.0,0.0,0.0,0.0,0.0,0.0,0.0,0.0,0.0,0.0,0.0,0.0,0
VS5tx9LrLo0,,,,,,,,,,,,,,,,,,,,,,,,,,,,,,,,,,,,,,,,,,,,,,,,,,,,,,,,,,,,,,,,,,,,,,,,,,,,,,,,,,,,566.0,773.0,840.0,878.0,925.0,951.0,977.0,989.0,1001.0,1015.0,1021.0,1027.0,1032.0,1035.0,1037.0,1037.0,1040.0,1040.0,1042.0,1042.0,1043.0,1043.0,1043.0,1044.0,1044.0,1045.0,1047.0,1050.0,1051.0,1055.0,1054.0,1056.0,1056
C9OxiWmYSyM,,,,,,,,,,,,,,,,,,,,,,,,,,,,,,,,,,,,,,,,,,,,,,,,,,,,,,,,,,,,,,,,,,,,,,,,,,,,,,,,,,,,0.0,0.0,0.0,0.0,0.0,0.0,0.0,0.0,0.0,0.0,0.0,0.0,0.0,0.0,0.0,0.0,0.0,0.0,0.0,1.0,3.0,6.0,6.0,6.0,7.0,8.0,8.0,8.0,9.0,10.0,10.0,12.0,12
QPp3WTt0ivM,,,,,,,,,,,,,,,,,,,,,,,,,,,,,,,,,,,,,,,,,,,,,,,,,,,,,,,,,,,,,,,,,,,,,,,,,,,,,,,,,,,,34.0,35.0,36.0,35.0,35.0,35.0,35.0,35.0,35.0,35.0,35.0,35.0,35.0,35.0,35.0,35.0,35.0,35.0,35.0,35.0,35.0,35.0,35.0,35.0,35.0,35.0,35.0,35.0,35.0,35.0,35.0,35.0,35
qg4KF1DQuuk,,,,,,,,,,,,,,,,,,,,,,,,,,,,,,,,,,,,,,,,,,,,,,,,,,,,,,,,,,,,,,,,,,,,,,,,,,,,,,,,,,,,0.0,0.0,0.0,0.0,0.0,0.0,0.0,0.0,0.0,0.0,0.0,0.0,0.0,0.0,0.0,0.0,0.0,0.0,0.0,0.0,5.0,12.0,15.0,18.0,21.0,26.0,26.0,28.0,32.0,35.0,35.0,36.0,36
wu7b0oYIMG4,,,,,,,,,,,,,,,,,,,,,,,,,,,,,,,,,,,,,,,,,,,,,,,,,,,,,,,,,,,,,,,,,,,,,,,,,,,,,,,,,,,,59.0,93.0,98.0,106.0,113.0,113.0,114.0,123.0,125.0,130.0,131.0,132.0,132.0,133.0,134.0,138.0,138.0,138.0,138.0,138.0,139.0,139.0,139.0,139.0,139.0,139.0,139.0,139.0,139.0,139.0,139.0,139.0,139
msOGCJC-EgI,,,,,,,,,,,,,,,,,,,,,,,,,,,,,,,,,,,,,,,,,,,,,,,,,,,,,,,,,,,,,,,,,,,,,,,,,,,,,,,,,,,,38.0,80.0,97.0,102.0,105.0,107.0,110.0,112.0,113.0,114.0,114.0,114.0,115.0,116.0,121.0,123.0,123.0,123.0,124.0,125.0,125.0,127.0,127.0,127.0,127.0,127.0,127.0,127.0,127.0,127.0,127.0,127.0,127
b4iVv91Z6lY,,,,,,,,,,,,,,,,,,,,,,,,,,,,,,,,,,,,,,,,,,,,,,,,,,,,,,,,,,,,,,,,,,,,,,,,,,,,,,,,,,,,968956.0,982034.0,993786.0,1004751.0,1016736.0,1026305.0,1034032.0,1041709.0,1045959.0,1050754.0,1054814.0,1058788.0,1063261.0,1067960.0,1070939.0,1073204.0,1076467.0,1079572.0,1082840.0,1087594.0,1093962.0,1097090.0,1099246.0,1100624.0,1102370.0,1101144.0,1102537.0,1104077.0,1099034.0,1100263.0,1101230.0,1102708.0,1103925
KYAsgMDTu6c,,,,,,,,,,,,,,,,,,,,,,,,,,,,,,,,,,,,,,,,,,,,,,,,,,,,,,,,,,,,,,,,,,,,,,,,,,,,,,,,,,,,10.0,11.0,11.0,11.0,12.0,12.0,12.0,12.0,12.0,12.0,12.0,12.0,12.0,12.0,12.0,12.0,12.0,12.0,12.0,13.0,13.0,13.0,13.0,13.0,13.0,13.0,13.0,13.0,13.0,13.0,14.0,14.0,14
6At0eXB8PTQ,,,,,,,,,,,,,,,,,,,,,,,,,,,,,,,,,,,,,,,,,,,,,,,,,,,,,,,,,,,,,,,,,,,,,,,,,,,,,,,,,,,,32.0,60.0,72.0,75.0,78.0,80.0,82.0,86.0,88.0,90.0,92.0,93.0,97.0,98.0,98.0,104.0,105.0,107.0,107.0,108.0,108.0,108.0,108.0,108.0,108.0,110.0,110.0,110.0,111.0,111.0,113.0,114.0,113
RHKpIJbwIa8,,,,,,,,,,,,,,,,,,,,,,,,,,,,,,,,,,,,,,,,,,,,,,,,,,,,,,,,,,,,,,,,,,,,,,,,,,,,,,,,,,,,0.0,0.0,0.0,0.0,0.0,0.0,0.0,0.0,0.0,0.0,0.0,0.0,0.0,0.0,0.0,0.0,0.0,0.0,0.0,0.0,0.0,0.0,0.0,0.0,0.0,0.0,0.0,0.0,0.0,0.0,0.0,0.0,0
kS0lwh7obpA,,,,,,,,,,,,,,,,,,,,,,,,,,,,,,,,,,,,,,,,,,,,,,,,,,,,,,,,,,,,,,,,,,,,,,,,,,,,,,,,,,,,5.0,6.0,9.0,9.0,9.0,9.0,10.0,11.0,11.0,11.0,11.0,11.0,11.0,11.0,12.0,12.0,12.0,12.0,12.0,12.0,12.0,12.0,12.0,12.0,12.0,12.0,12.0,12.0,13.0,13.0,13.0,13.0,13
jvOFx6wOkg0,,,,,,,,,,,,,,,,,,,,,,,,,,,,,,,,,,,,,,,,,,,,,,,,,,,,,,,,,,,,,,,,,,,,,,,,,,,,,,,,,,,,0.0,0.0,0.0,0.0,0.0,0.0,0.0,0.0,0.0,0.0,0.0,0.0,0.0,0.0,0.0,0.0,0.0,0.0,0.0,0.0,0.0,0.0,0.0,0.0,0.0,0.0,0.0,0.0,0.0,0.0,0.0,0.0,0
1Ni-fIXHqE8,,,,,,,,,,,,,,,,,,,,,,,,,,,,,,,,,,,,,,,,,,,,,,,,,,,,,,,,,,,,,,,,,,,,,,,,,,,,,,,,,,,,39.0,56.0,60.0,67.0,72.0,74.0,75.0,75.0,77.0,79.0,82.0,86.0,87.0,88.0,88.0,88.0,89.0,90.0,90.0,90.0,90.0,89.0,90.0,90.0,90.0,90.0,91.0,93.0,97.0,97.0,97.0,98.0,99
2_tA7-GQH1A,,,,,,,,,,,,,,,,,,,,,,,,,,,,,,,,,,,,,,,,,,,,,,,,,,,,,,,,,,,,,,,,,,,,,,,,,,,,,,,,,,,,,172.0,197.0,202.0,208.0,211.0,214.0,216.0,216.0,218.0,220.0,220.0,221.0,217.0,217.0,217.0,218.0,218.0,218.0,218.0,218.0,219.0,219.0,219.0,220.0,221.0,222.0,222.0,223.0,223.0,223.0,224.0,224
MaCtXQwta_E,,,,,,,,,,,,,,,,,,,,,,,,,,,,,,,,,,,,,,,,,,,,,,,,,,,,,,,,,,,,,,,,,,,,,,,,,,,,,,,,,,,,,0.0,0.0,0.0,0.0,0.0,0.0,0.0,0.0,0.0,0.0,0.0,0.0,0.0,0.0,0.0,0.0,0.0,0.0,0.0,0.0,0.0,0.0,0.0,0.0,0.0,0.0,0.0,0.0,0.0,0.0,0.0,0
SZlfyoPC_c8,,,,,,,,,,,,,,,,,,,,,,,,,,,,,,,,,,,,,,,,,,,,,,,,,,,,,,,,,,,,,,,,,,,,,,,,,,,,,,,,,,,,,44.0,74.0,90.0,92.0,97.0,102.0,105.0,105.0,109.0,110.0,110.0,111.0,112.0,113.0,114.0,115.0,115.0,116.0,118.0,118.0,120.0,122.0,122.0,122.0,124.0,126.0,127.0,128.0,133.0,133.0,133.0,134
bQtykP25A-g,,,,,,,,,,,,,,,,,,,,,,,,,,,,,,,,,,,,,,,,,,,,,,,,,,,,,,,,,,,,,,,,,,,,,,,,,,,,,,,,,,,,,60.0,320.0,451.0,551.0,614.0,664.0,716.0,743.0,758.0,765.0,781.0,793.0,816.0,830.0,842.0,860.0,872.0,877.0,881.0,885.0,888.0,893.0,895.0,897.0,898.0,900.0,902.0,905.0,909.0,912.0,915.0,917
8j5WQOjY34Q,,,,,,,,,,,,,,,,,,,,,,,,,,,,,,,,,,,,,,,,,,,,,,,,,,,,,,,,,,,,,,,,,,,,,,,,,,,,,,,,,,,,,30.0,42.0,52.0,60.0,64.0,71.0,77.0,88.0,90.0,96.0,103.0,106.0,111.0,112.0,116.0,119.0,121.0,123.0,122.0,125.0,126.0,126.0,131.0,135.0,137.0,143.0,144.0,145.0,148.0,148.0,149.0,149
XmXy-4oN5Lc,,,,,,,,,,,,,,,,,,,,,,,,,,,,,,,,,,,,,,,,,,,,,,,,,,,,,,,,,,,,,,,,,,,,,,,,,,,,,,,,,,,,,0.0,0.0,0.0,0.0,0.0,0.0,0.0,0.0,0.0,0.0,0.0,0.0,0.0,0.0,0.0,0.0,0.0,0.0,0.0,0.0,0.0,0.0,0.0,0.0,0.0,0.0,0.0,0.0,0.0,0.0,0.0,0
1mlDoj5ZsDY,,,,,,,,,,,,,,,,,,,,,,,,,,,,,,,,,,,,,,,,,,,,,,,,,,,,,,,,,,,,,,,,,,,,,,,,,,,,,,,,,,,,,34.0,44.0,50.0,50.0,50.0,53.0,53.0,53.0,55.0,56.0,57.0,58.0,58.0,59.0,59.0,60.0,60.0,60.0,60.0,61.0,61.0,61.0,61.0,61.0,61.0,61.0,61.0,61.0,61.0,61.0,61.0,61
EU8zYwRc9js,,,,,,,,,,,,,,,,,,,,,,,,,,,,,,,,,,,,,,,,,,,,,,,,,,,,,,,,,,,,,,,,,,,,,,,,,,,,,,,,,,,,,691.0,872.0,907.0,931.0,938.0,948.0,952.0,954.0,958.0,961.0,965.0,968.0,974.0,975.0,975.0,978.0,978.0,978.0,979.0,981.0,982.0,982.0,983.0,985.0,985.0,985.0,985.0,984.0,985.0,985.0,986.0,987
SGpWyUFdG2w,,,,,,,,,,,,,,,,,,,,,,,,,,,,,,,,,,,,,,,,,,,,,,,,,,,,,,,,,,,,,,,,,,,,,,,,,,,,,,,,,,,,,0.0,0.0,0.0,0.0,0.0,0.0,0.0,0.0,0.0,0.0,0.0,0.0,0.0,0.0,0.0,0.0,0.0,0.0,0.0,0.0,0.0,0.0,0.0,0.0,0.0,0.0,0.0,2.0,5.0,6.0,6.0,6
ZoI7nREAwPw,,,,,,,,,,,,,,,,,,,,,,,,,,,,,,,,,,,,,,,,,,,,,,,,,,,,,,,,,,,,,,,,,,,,,,,,,,,,,,,,,,,,,,0.0,0.0,0.0,0.0,0.0,0.0,0.0,0.0,0.0,0.0,0.0,0.0,0.0,2.0,3.0,6.0,8.0,8.0,8.0,8.0,14.0,15.0,15.0,15.0,15.0,17.0,17.0,17.0,17.0,17.0,17
gZt_jJh1vUI,,,,,,,,,,,,,,,,,,,,,,,,,,,,,,,,,,,,,,,,,,,,,,,,,,,,,,,,,,,,,,,,,,,,,,,,,,,,,,,,,,,,,,,31.0,32.0,32.0,32.0,32.0,33.0,33.0,33.0,33.0,33.0,33.0,33.0,33.0,34.0,35.0,36.0,36.0,37.0,37.0,37.0,37.0,37.0,37.0,38.0,38.0,38.0,38.0,38.0,38.0,38
bMihQ2wLKMI,,,,,,,,,,,,,,,,,,,,,,,,,,,,,,,,,,,,,,,,,,,,,,,,,,,,,,,,,,,,,,,,,,,,,,,,,,,,,,,,,,,,,,,,,93.0,96.0,101.0,103.0,107.0,111.0,112.0,112.0,112.0,112.0,114.0,114.0,115.0,115.0,116.0,115.0,115.0,116.0,117.0,117.0,117.0,117.0,118.0,118.0,118.0,118.0,118.0,118
pN0Po0OdF44,,,,,,,,,,,,,,,,,,,,,,,,,,,,,,,,,,,,,,,,,,,,,,,,,,,,,,,,,,,,,,,,,,,,,,,,,,,,,,,,,,,,,,,0.0,0.0,0.0,0.0,0.0,0.0,0.0,0.0,0.0,0.0,0.0,0.0,0.0,0.0,0.0,0.0,0.0,0.0,0.0,0.0,0.0,0.0,0.0,0.0,0.0,0.0,0.0,0.0,0.0,0
vYCZ4xYvsac,,,,,,,,,,,,,,,,,,,,,,,,,,,,,,,,,,,,,,,,,,,,,,,,,,,,,,,,,,,,,,,,,,,,,,,,,,,,,,,,,,,,,,,211.0,237.0,242.0,251.0,255.0,257.0,262.0,265.0,267.0,267.0,266.0,269.0,269.0,269.0,269.0,269.0,269.0,271.0,271.0,270.0,271.0,271.0,271.0,271.0,271.0,271.0,271.0,271.0,271.0,270
7NlrzMwoU0U,,,,,,,,,,,,,,,,,,,,,,,,,,,,,,,,,,,,,,,,,,,,,,,,,,,,,,,,,,,,,,,,,,,,,,,,,,,,,,,,,,,,,,,1.0,1.0,1.0,1.0,1.0,1.0,1.0,1.0,1.0,1.0,1.0,1.0,1.0,1.0,1.0,1.0,1.0,1.0,1.0,1.0,1.0,2.0,2.0,2.0,2.0,2.0,2.0,2.0,2.0,2
yiPTOpGWaeM,,,,,,,,,,,,,,,,,,,,,,,,,,,,,,,,,,,,,,,,,,,,,,,,,,,,,,,,,,,,,,,,,,,,,,,,,,,,,,,,,,,,,,,,1725.0,2254.0,2428.0,2505.0,2565.0,2606.0,2650.0,2682.0,2696.0,2712.0,2723.0,2737.0,2747.0,2759.0,2768.0,2780.0,2785.0,2789.0,2793.0,2794.0,2796.0,2798.0,2801.0,2805.0,2806.0,2809.0,2811.0,2812.0,2812
x7wLlK9MMN4,,,,,,,,,,,,,,,,,,,,,,,,,,,,,,,,,,,,,,,,,,,,,,,,,,,,,,,,,,,,,,,,,,,,,,,,,,,,,,,,,,,,,,,,3943.0,6325.0,6988.0,7333.0,7568.0,7745.0,7876.0,7991.0,8065.0,8134.0,8204.0,8298.0,8394.0,8440.0,8491.0,8514.0,8541.0,8583.0,8605.0,8630.0,8657.0,8683.0,8695.0,8704.0,8726.0,8742.0,8761.0,8771.0,8782
jyUGIDbK12I,,,,,,,,,,,,,,,,,,,,,,,,,,,,,,,,,,,,,,,,,,,,,,,,,,,,,,,,,,,,,,,,,,,,,,,,,,,,,,,,,,,,,,,,575.0,675.0,732.0,757.0,768.0,779.0,789.0,795.0,806.0,812.0,816.0,821.0,823.0,826.0,828.0,829.0,833.0,836.0,840.0,842.0,847.0,849.0,849.0,852.0,856.0,856.0,856.0,858.0,857
CAS-rXb-cZs,,,,,,,,,,,,,,,,,,,,,,,,,,,,,,,,,,,,,,,,,,,,,,,,,,,,,,,,,,,,,,,,,,,,,,,,,,,,,,,,,,,,,,,,42.0,42.0,42.0,42.0,42.0,42.0,42.0,42.0,42.0,42.0,42.0,42.0,42.0,42.0,42.0,42.0,42.0,42.0,42.0,42.0,42.0,42.0,42.0,42.0,42.0,42.0,42.0,42.0,42
S2qaSh1_sg8,,,,,,,,,,,,,,,,,,,,,,,,,,,,,,,,,,,,,,,,,,,,,,,,,,,,,,,,,,,,,,,,,,,,,,,,,,,,,,,,,,,,,,,,226.0,226.0,226.0,226.0,226.0,226.0,226.0,226.0,226.0,226.0,226.0,226.0,226.0,226.0,226.0,226.0,226.0,226.0,227.0,227.0,227.0,227.0,227.0,227.0,227.0,227.0,227.0,227.0,227
-Wa0StGAjqY,,,,,,,,,,,,,,,,,,,,,,,,,,,,,,,,,,,,,,,,,,,,,,,,,,,,,,,,,,,,,,,,,,,,,,,,,,,,,,,,,,,,,,,,0.0,0.0,0.0,0.0,0.0,0.0,0.0,0.0,0.0,0.0,0.0,0.0,0.0,0.0,0.0,0.0,0.0,0.0,0.0,0.0,0.0,0.0,0.0,0.0,0.0,0.0,0.0,0.0,0
P_iyAH59kCs,,,,,,,,,,,,,,,,,,,,,,,,,,,,,,,,,,,,,,,,,,,,,,,,,,,,,,,,,,,,,,,,,,,,,,,,,,,,,,,,,,,,,,,,5.0,6.0,7.0,8.0,8.0,8.0,8.0,8.0,8.0,9.0,9.0,9.0,10.0,10.0,10.0,10.0,10.0,10.0,10.0,10.0,10.0,10.0,10.0,10.0,10.0,10.0,10.0,10.0,10
BjIIlpUmhOQ,,,,,,,,,,,,,,,,,,,,,,,,,,,,,,,,,,,,,,,,,,,,,,,,,,,,,,,,,,,,,,,,,,,,,,,,,,,,,,,,,,,,,,,,98.0,143.0,156.0,178.0,190.0,206.0,225.0,244.0,253.0,270.0,280.0,297.0,310.0,322.0,340.0,349.0,352.0,353.0,354.0,356.0,357.0,360.0,365.0,366.0,368.0,369.0,369.0,369.0,371
dmsw-tEenZ0,,,,,,,,,,,,,,,,,,,,,,,,,,,,,,,,,,,,,,,,,,,,,,,,,,,,,,,,,,,,,,,,,,,,,,,,,,,,,,,,,,,,,,,,866.0,1537.0,1712.0,1905.0,1999.0,2077.0,2151.0,2205.0,2238.0,2270.0,2305.0,2333.0,2358.0,2391.0,2409.0,2425.0,2443.0,2454.0,2456.0,2462.0,2470.0,2469.0,2474.0,2477.0,2483.0,2494.0,2499.0,2505.0,2510
Gk3sKhxTN74,,,,,,,,,,,,,,,,,,,,,,,,,,,,,,,,,,,,,,,,,,,,,,,,,,,,,,,,,,,,,,,,,,,,,,,,,,,,,,,,,,,,,,,,,562.0,594.0,610.0,621.0,633.0,687.0,746.0,819.0,832.0,827.0,826.0,826.0,830.0,828.0,831.0,832.0,835.0,835.0,835.0,835.0,835.0,837.0,838.0,833.0,834.0,835.0,836.0,836
AMwK8YGZGnU,,,,,,,,,,,,,,,,,,,,,,,,,,,,,,,,,,,,,,,,,,,,,,,,,,,,,,,,,,,,,,,,,,,,,,,,,,,,,,,,,,,,,,,,,3170.0,5594.0,7086.0,8054.0,8856.0,9427.0,9917.0,10238.0,10444.0,10810.0,11086.0,11348.0,11540.0,11687.0,11685.0,11772.0,11835.0,11896.0,11970.0,12031.0,12080.0,12150.0,12201.0,12250.0,12304.0,12316.0,12339.0,12366
bafIMw8apHs,,,,,,,,,,,,,,,,,,,,,,,,,,,,,,,,,,,,,,,,,,,,,,,,,,,,,,,,,,,,,,,,,,,,,,,,,,,,,,,,,,,,,,,,,265.0,514.0,610.0,710.0,757.0,798.0,824.0,844.0,857.0,876.0,886.0,902.0,917.0,929.0,934.0,942.0,950.0,955.0,960.0,965.0,970.0,973.0,979.0,984.0,990.0,992.0,995.0,1000
aKulGTx2hzY,,,,,,,,,,,,,,,,,,,,,,,,,,,,,,,,,,,,,,,,,,,,,,,,,,,,,,,,,,,,,,,,,,,,,,,,,,,,,,,,,,,,,,,,,108.0,133.0,135.0,139.0,144.0,146.0,148.0,151.0,152.0,153.0,153.0,154.0,155.0,155.0,154.0,155.0,155.0,155.0,155.0,155.0,155.0,155.0,155.0,155.0,155.0,155.0,155.0,155
wTeVeqqz1kI,,,,,,,,,,,,,,,,,,,,,,,,,,,,,,,,,,,,,,,,,,,,,,,,,,,,,,,,,,,,,,,,,,,,,,,,,,,,,,,,,,,,,,,,,104.0,104.0,104.0,104.0,104.0,104.0,104.0,104.0,104.0,104.0,104.0,104.0,104.0,104.0,104.0,104.0,104.0,104.0,104.0,104.0,104.0,104.0,104.0,104.0,104.0,104.0,104.0,104
mD_zpce3fr8,,,,,,,,,,,,,,,,,,,,,,,,,,,,,,,,,,,,,,,,,,,,,,,,,,,,,,,,,,,,,,,,,,,,,,,,,,,,,,,,,,,,,,,,,0.0,0.0,0.0,0.0,0.0,0.0,0.0,0.0,0.0,0.0,0.0,0.0,0.0,0.0,0.0,0.0,0.0,0.0,0.0,0.0,0.0,0.0,0.0,0.0,0.0,0.0,0.0,0
mfX0Zhm9PUA,,,,,,,,,,,,,,,,,,,,,,,,,,,,,,,,,,,,,,,,,,,,,,,,,,,,,,,,,,,,,,,,,,,,,,,,,,,,,,,,,,,,,,,,,,16.0,30.0,40.0,52.0,53.0,53.0,54.0,57.0,59.0,59.0,59.0,62.0,62.0,65.0,66.0,66.0,66.0,66.0,66.0,67.0,67.0,67.0,67.0,67.0,67.0,67.0,67
472MqaZF3kg,,,,,,,,,,,,,,,,,,,,,,,,,,,,,,,,,,,,,,,,,,,,,,,,,,,,,,,,,,,,,,,,,,,,,,,,,,,,,,,,,,,,,,,,,,89.0,150.0,168.0,176.0,182.0,185.0,188.0,192.0,196.0,201.0,207.0,208.0,208.0,215.0,216.0,219.0,220.0,221.0,223.0,223.0,223.0,224.0,221.0,222.0,223.0,223.0,223
lvpNFKmAN3w,,,,,,,,,,,,,,,,,,,,,,,,,,,,,,,,,,,,,,,,,,,,,,,,,,,,,,,,,,,,,,,,,,,,,,,,,,,,,,,,,,,,,,,,,,261.0,296.0,311.0,342.0,374.0,398.0,418.0,432.0,445.0,457.0,463.0,471.0,478.0,483.0,489.0,490.0,493.0,493.0,495.0,498.0,498.0,500.0,501.0,501.0,502.0,502.0,504
-pJUkl65xy4,,,,,,,,,,,,,,,,,,,,,,,,,,,,,,,,,,,,,,,,,,,,,,,,,,,,,,,,,,,,,,,,,,,,,,,,,,,,,,,,,,,,,,,,,,28.0,35.0,36.0,38.0,39.0,39.0,39.0,39.0,39.0,40.0,40.0,41.0,41.0,41.0,46.0,42.0,42.0,42.0,42.0,42.0,42.0,42.0,42.0,42.0,42.0,42.0,42
stvqgbukKPg,,,,,,,,,,,,,,,,,,,,,,,,,,,,,,,,,,,,,,,,,,,,,,,,,,,,,,,,,,,,,,,,,,,,,,,,,,,,,,,,,,,,,,,,,,0.0,0.0,0.0,0.0,0.0,0.0,0.0,0.0,0.0,0.0,0.0,0.0,0.0,0.0,0.0,0.0,0.0,0.0,0.0,0.0,0.0,0.0,9.0,15.0,13.0,17.0,18
K-F7906Jq9U,,,,,,,,,,,,,,,,,,,,,,,,,,,,,,,,,,,,,,,,,,,,,,,,,,,,,,,,,,,,,,,,,,,,,,,,,,,,,,,,,,,,,,,,,,,6684.0,7662.0,8011.0,8250.0,8665.0,8904.0,9000.0,9076.0,9127.0,9168.0,9197.0,9247.0,9288.0,9304.0,9326.0,9340.0,9354.0,9373.0,9382.0,9388.0,9390.0,9400.0,9405.0,9409.0,9415.0,9415
y2_dysO89B0,,,,,,,,,,,,,,,,,,,,,,,,,,,,,,,,,,,,,,,,,,,,,,,,,,,,,,,,,,,,,,,,,,,,,,,,,,,,,,,,,,,,,,,,,,,103.0,112.0,115.0,120.0,125.0,128.0,128.0,128.0,128.0,129.0,129.0,130.0,132.0,133.0,133.0,134.0,135.0,137.0,137.0,138.0,138.0,138.0,138.0,139.0,139.0,139
xP_nrIzsH-8,,,,,,,,,,,,,,,,,,,,,,,,,,,,,,,,,,,,,,,,,,,,,,,,,,,,,,,,,,,,,,,,,,,,,,,,,,,,,,,,,,,,,,,,,,,555.0,1112.0,1276.0,1404.0,1487.0,1550.0,1607.0,1656.0,1704.0,1755.0,1790.0,1808.0,1834.0,1854.0,1862.0,1878.0,1891.0,1906.0,1920.0,1947.0,1974.0,1991.0,2003.0,2013.0,2033.0,2058
5NuJlWcuITs,,,,,,,,,,,,,,,,,,,,,,,,,,,,,,,,,,,,,,,,,,,,,,,,,,,,,,,,,,,,,,,,,,,,,,,,,,,,,,,,,,,,,,,,,,,117.0,151.0,164.0,171.0,171.0,176.0,176.0,178.0,179.0,180.0,181.0,181.0,181.0,181.0,182.0,182.0,182.0,182.0,182.0,182.0,182.0,182.0,182.0,182.0,182.0,183
5NuJlWcuITs,,,,,,,,,,,,,,,,,,,,,,,,,,,,,,,,,,,,,,,,,,,,,,,,,,,,,,,,,,,,,,,,,,,,,,,,,,,,,,,,,,,,,,,,,,,117.0,151.0,164.0,171.0,171.0,176.0,176.0,178.0,179.0,180.0,181.0,181.0,181.0,181.0,182.0,182.0,182.0,182.0,182.0,182.0,182.0,182.0,182.0,182.0,182.0,183
qotGIY7DZTc,,,,,,,,,,,,,,,,,,,,,,,,,,,,,,,,,,,,,,,,,,,,,,,,,,,,,,,,,,,,,,,,,,,,,,,,,,,,,,,,,,,,,,,,,,,18.0,21.0,23.0,26.0,26.0,26.0,28.0,29.0,29.0,29.0,29.0,29.0,30.0,31.0,32.0,32.0,32.0,33.0,33.0,33.0,33.0,33.0,33.0,33.0,33.0,33
n5k0_F9iJJo,,,,,,,,,,,,,,,,,,,,,,,,,,,,,,,,,,,,,,,,,,,,,,,,,,,,,,,,,,,,,,,,,,,,,,,,,,,,,,,,,,,,,,,,,,,897.0,941.0,962.0,971.0,981.0,991.0,1003.0,1010.0,1014.0,1015.0,1022.0,1024.0,1028.0,1029.0,1029.0,1031.0,1032.0,1034.0,1038.0,1039.0,1040.0,1041.0,1043.0,1043.0,1044.0,1042
giRRt-26SYI,,,,,,,,,,,,,,,,,,,,,,,,,,,,,,,,,,,,,,,,,,,,,,,,,,,,,,,,,,,,,,,,,,,,,,,,,,,,,,,,,,,,,,,,,,,90.0,95.0,98.0,98.0,99.0,99.0,102.0,103.0,103.0,105.0,105.0,105.0,105.0,105.0,105.0,105.0,105.0,105.0,105.0,105.0,105.0,105.0,105.0,105.0,105.0,105
2EFwncas9Z4,,,,,,,,,,,,,,,,,,,,,,,,,,,,,,,,,,,,,,,,,,,,,,,,,,,,,,,,,,,,,,,,,,,,,,,,,,,,,,,,,,,,,,,,,,,,1542.0,2623.0,3109.0,3383.0,3624.0,3890.0,4095.0,4261.0,4350.0,4419.0,4484.0,4538.0,4586.0,4637.0,4689.0,4737.0,4781.0,4802.0,4823.0,4848.0,4862.0,4880.0,4893.0,4904.0,4910
V_GcryUV3Io,,,,,,,,,,,,,,,,,,,,,,,,,,,,,,,,,,,,,,,,,,,,,,,,,,,,,,,,,,,,,,,,,,,,,,,,,,,,,,,,,,,,,,,,,,,,250.0,328.0,356.0,382.0,404.0,419.0,442.0,459.0,481.0,503.0,510.0,518.0,534.0,550.0,562.0,567.0,576.0,584.0,595.0,606.0,608.0,611.0,623.0,631.0,636
QJwZyyQwIpU,,,,,,,,,,,,,,,,,,,,,,,,,,,,,,,,,,,,,,,,,,,,,,,,,,,,,,,,,,,,,,,,,,,,,,,,,,,,,,,,,,,,,,,,,,,,0.0,0.0,0.0,0.0,0.0,0.0,0.0,0.0,0.0,0.0,0.0,0.0,0.0,0.0,0.0,0.0,0.0,0.0,0.0,0.0,0.0,0.0,0.0,0.0,0
uwJWPrqe5EM,,,,,,,,,,,,,,,,,,,,,,,,,,,,,,,,,,,,,,,,,,,,,,,,,,,,,,,,,,,,,,,,,,,,,,,,,,,,,,,,,,,,,,,,,,,,251.0,336.0,368.0,385.0,411.0,437.0,453.0,464.0,470.0,476.0,482.0,484.0,486.0,492.0,494.0,495.0,500.0,503.0,503.0,504.0,503.0,503.0,502.0,503.0,499
z6qyEfH2D-o,,,,,,,,,,,,,,,,,,,,,,,,,,,,,,,,,,,,,,,,,,,,,,,,,,,,,,,,,,,,,,,,,,,,,,,,,,,,,,,,,,,,,,,,,,,,0.0,0.0,0.0,0.0,0.0,0.0,0.0,0.0,0.0,0.0,0.0,0.0,15.0,25.0,30.0,33.0,46.0,50.0,55.0,60.0,63.0,63.0,68.0,69.0,71
S1bfg8s4OV8,,,,,,,,,,,,,,,,,,,,,,,,,,,,,,,,,,,,,,,,,,,,,,,,,,,,,,,,,,,,,,,,,,,,,,,,,,,,,,,,,,,,,,,,,,,,924.0,1082.0,1135.0,1157.0,1176.0,1194.0,1207.0,1211.0,1218.0,1227.0,1231.0,1230.0,1226.0,1232.0,1232.0,1236.0,1248.0,1252.0,1254.0,1255.0,1256.0,1256.0,1257.0,1262.0,1263
kcpmKTnAHFM,,,,,,,,,,,,,,,,,,,,,,,,,,,,,,,,,,,,,,,,,,,,,,,,,,,,,,,,,,,,,,,,,,,,,,,,,,,,,,,,,,,,,,,,,,,,135.0,138.0,140.0,143.0,143.0,144.0,144.0,144.0,146.0,146.0,151.0,152.0,154.0,155.0,155.0,155.0,155.0,157.0,157.0,158.0,158.0,160.0,161.0,161.0,162
pDL_MH2DsEY,,,,,,,,,,,,,,,,,,,,,,,,,,,,,,,,,,,,,,,,,,,,,,,,,,,,,,,,,,,,,,,,,,,,,,,,,,,,,,,,,,,,,,,,,,,,0.0,0.0,0.0,0.0,0.0,0.0,0.0,0.0,0.0,0.0,0.0,0.0,0.0,0.0,0.0,0.0,0.0,0.0,0.0,0.0,0.0,0.0,0.0,0.0,0
bIlVqNb8mYs,,,,,,,,,,,,,,,,,,,,,,,,,,,,,,,,,,,,,,,,,,,,,,,,,,,,,,,,,,,,,,,,,,,,,,,,,,,,,,,,,,,,,,,,,,,,147.0,147.0,148.0,150.0,150.0,151.0,152.0,152.0,153.0,153.0,156.0,156.0,156.0,156.0,156.0,156.0,155.0,155.0,155.0,155.0,155.0,158.0,158.0,158.0,158
iSXjamHaMH8,,,,,,,,,,,,,,,,,,,,,,,,,,,,,,,,,,,,,,,,,,,,,,,,,,,,,,,,,,,,,,,,,,,,,,,,,,,,,,,,,,,,,,,,,,,,111.0,111.0,111.0,110.0,110.0,110.0,110.0,111.0,112.0,113.0,115.0,115.0,117.0,117.0,117.0,117.0,117.0,118.0,118.0,119.0,119.0,120.0,121.0,121.0,121
2qU19-8hk0g,,,,,,,,,,,,,,,,,,,,,,,,,,,,,,,,,,,,,,,,,,,,,,,,,,,,,,,,,,,,,,,,,,,,,,,,,,,,,,,,,,,,,,,,,,,,242.0,256.0,281.0,288.0,297.0,301.0,305.0,308.0,325.0,333.0,337.0,339.0,341.0,343.0,351.0,363.0,369.0,376.0,376.0,378.0,382.0,393.0,398.0,404.0,408
HRtza6h12yU,,,,,,,,,,,,,,,,,,,,,,,,,,,,,,,,,,,,,,,,,,,,,,,,,,,,,,,,,,,,,,,,,,,,,,,,,,,,,,,,,,,,,,,,,,,,52.0,52.0,52.0,53.0,53.0,54.0,55.0,55.0,55.0,55.0,55.0,55.0,55.0,55.0,55.0,57.0,57.0,55.0,55.0,55.0,56.0,56.0,56.0,56.0,56
qrzKsS-4lZo,,,,,,,,,,,,,,,,,,,,,,,,,,,,,,,,,,,,,,,,,,,,,,,,,,,,,,,,,,,,,,,,,,,,,,,,,,,,,,,,,,,,,,,,,,,,806.0,837.0,905.0,970.0,1009.0,1028.0,1050.0,1069.0,1082.0,1094.0,1105.0,1108.0,1110.0,1112.0,1120.0,1140.0,1145.0,1152.0,1153.0,1157.0,1217.0,1240.0,1245.0,1247.0,1249
npuDCtzhF1k,,,,,,,,,,,,,,,,,,,,,,,,,,,,,,,,,,,,,,,,,,,,,,,,,,,,,,,,,,,,,,,,,,,,,,,,,,,,,,,,,,,,,,,,,,,,0.0,0.0,0.0,0.0,0.0,0.0,0.0,0.0,0.0,0.0,0.0,0.0,0.0,0.0,0.0,0.0,0.0,0.0,0.0,0.0,0.0,0.0,0.0,0.0,0
vBifhZtfELE,,,,,,,,,,,,,,,,,,,,,,,,,,,,,,,,,,,,,,,,,,,,,,,,,,,,,,,,,,,,,,,,,,,,,,,,,,,,,,,,,,,,,,,,,,,,3.0,4.0,4.0,4.0,4.0,4.0,4.0,4.0,4.0,4.0,4.0,4.0,4.0,4.0,4.0,4.0,4.0,4.0,4.0,4.0,4.0,4.0,4.0,4.0,4
ZB-tSt_8M7M,,,,,,,,,,,,,,,,,,,,,,,,,,,,,,,,,,,,,,,,,,,,,,,,,,,,,,,,,,,,,,,,,,,,,,,,,,,,,,,,,,,,,,,,,,,,210.0,235.0,250.0,257.0,266.0,271.0,278.0,283.0,286.0,289.0,289.0,290.0,291.0,290.0,291.0,294.0,294.0,294.0,294.0,296.0,296.0,297.0,299.0,298.0,298
fxCe-dQZtIc,,,,,,,,,,,,,,,,,,,,,,,,,,,,,,,,,,,,,,,,,,,,,,,,,,,,,,,,,,,,,,,,,,,,,,,,,,,,,,,,,,,,,,,,,,,,22.0,32.0,36.0,37.0,39.0,39.0,41.0,41.0,41.0,42.0,42.0,43.0,43.0,44.0,44.0,44.0,44.0,44.0,44.0,44.0,44.0,44.0,44.0,44.0,44
HJYm0RlFnXE,,,,,,,,,,,,,,,,,,,,,,,,,,,,,,,,,,,,,,,,,,,,,,,,,,,,,,,,,,,,,,,,,,,,,,,,,,,,,,,,,,,,,,,,,,,,23.0,95.0,138.0,169.0,216.0,237.0,251.0,260.0,267.0,280.0,281.0,283.0,285.0,286.0,287.0,287.0,287.0,289.0,289.0,290.0,291.0,293.0,294.0,296.0,296
P8lUsa619bc,,,,,,,,,,,,,,,,,,,,,,,,,,,,,,,,,,,,,,,,,,,,,,,,,,,,,,,,,,,,,,,,,,,,,,,,,,,,,,,,,,,,,,,,,,,,0.0,0.0,0.0,0.0,0.0,0.0,0.0,0.0,0.0,0.0,0.0,0.0,0.0,0.0,0.0,0.0,0.0,0.0,0.0,0.0,0.0,0.0,0.0,0.0,0
Cp3ejSQk7tg,,,,,,,,,,,,,,,,,,,,,,,,,,,,,,,,,,,,,,,,,,,,,,,,,,,,,,,,,,,,,,,,,,,,,,,,,,,,,,,,,,,,,,,,,,,,,391.0,689.0,854.0,963.0,1067.0,1159.0,1219.0,1260.0,1299.0,1331.0,1375.0,1404.0,1420.0,1439.0,1457.0,1463.0,1476.0,1479.0,1487.0,1490.0,1494.0,1497.0,1501.0,1504
UOfJCZDqQb0,,,,,,,,,,,,,,,,,,,,,,,,,,,,,,,,,,,,,,,,,,,,,,,,,,,,,,,,,,,,,,,,,,,,,,,,,,,,,,,,,,,,,,,,,,,,,521.0,541.0,552.0,575.0,599.0,616.0,652.0,682.0,690.0,700.0,708.0,713.0,718.0,719.0,724.0,725.0,726.0,731.0,732.0,732.0,737.0,738.0,739.0,740
Kx6-6lLEc6U,,,,,,,,,,,,,,,,,,,,,,,,,,,,,,,,,,,,,,,,,,,,,,,,,,,,,,,,,,,,,,,,,,,,,,,,,,,,,,,,,,,,,,,,,,,,,322.0,330.0,336.0,347.0,358.0,372.0,386.0,397.0,408.0,415.0,420.0,423.0,451.0,476.0,502.0,510.0,520.0,524.0,530.0,532.0,535.0,531.0,533.0,535
ygYPwsjyCzQ,,,,,,,,,,,,,,,,,,,,,,,,,,,,,,,,,,,,,,,,,,,,,,,,,,,,,,,,,,,,,,,,,,,,,,,,,,,,,,,,,,,,,,,,,,,,,,,6538.0,11139.0,13441.0,14866.0,16236.0,17053.0,17940.0,18646.0,19168.0,19500.0,19896.0,20083.0,20321.0,20551.0,20705.0,20823.0,20922.0,21010.0,21064.0,21158.0,21269.0,21369
uflGpiktsHU,,,,,,,,,,,,,,,,,,,,,,,,,,,,,,,,,,,,,,,,,,,,,,,,,,,,,,,,,,,,,,,,,,,,,,,,,,,,,,,,,,,,,,,,,,,,,,,88.0,97.0,102.0,106.0,107.0,110.0,110.0,110.0,110.0,110.0,109.0,109.0,109.0,109.0,109.0,109.0,109.0,109.0,109.0,109.0,109.0,109
OZ44P4JU87E,,,,,,,,,,,,,,,,,,,,,,,,,,,,,,,,,,,,,,,,,,,,,,,,,,,,,,,,,,,,,,,,,,,,,,,,,,,,,,,,,,,,,,,,,,,,,,,192.0,934.0,1136.0,1251.0,1322.0,1387.0,1435.0,1479.0,1511.0,1540.0,1558.0,1570.0,1579.0,1584.0,1596.0,1608.0,1617.0,1622.0,1625.0,1625.0,1631.0,1635
b9M9-BtreL4,,,,,,,,,,,,,,,,,,,,,,,,,,,,,,,,,,,,,,,,,,,,,,,,,,,,,,,,,,,,,,,,,,,,,,,,,,,,,,,,,,,,,,,,,,,,,,,1015.0,1031.0,1051.0,1064.0,1070.0,1081.0,1088.0,1097.0,1102.0,1116.0,1120.0,1121.0,1128.0,1130.0,1132.0,1132.0,1138.0,1141.0,1144.0,1145.0,1145.0,1146
Wtifc7TTHEQ,,,,,,,,,,,,,,,,,,,,,,,,,,,,,,,,,,,,,,,,,,,,,,,,,,,,,,,,,,,,,,,,,,,,,,,,,,,,,,,,,,,,,,,,,,,,,,,146.0,198.0,227.0,241.0,249.0,264.0,272.0,278.0,284.0,292.0,295.0,300.0,307.0,310.0,313.0,314.0,317.0,321.0,322.0,326.0,326.0,326
KuigNsDB8zw,,,,,,,,,,,,,,,,,,,,,,,,,,,,,,,,,,,,,,,,,,,,,,,,,,,,,,,,,,,,,,,,,,,,,,,,,,,,,,,,,,,,,,,,,,,,,,,240.0,287.0,305.0,322.0,326.0,332.0,338.0,340.0,340.0,341.0,340.0,339.0,340.0,340.0,340.0,342.0,342.0,342.0,343.0,343.0,345.0,345
vopGeyv646g,,,,,,,,,,,,,,,,,,,,,,,,,,,,,,,,,,,,,,,,,,,,,,,,,,,,,,,,,,,,,,,,,,,,,,,,,,,,,,,,,,,,,,,,,,,,,,,,31.0,44.0,46.0,47.0,46.0,46.0,47.0,48.0,48.0,48.0,48.0,48.0,48.0,48.0,48.0,48.0,48.0,48.0,48.0,48.0,48
SNn_H_Q2moo,,,,,,,,,,,,,,,,,,,,,,,,,,,,,,,,,,,,,,,,,,,,,,,,,,,,,,,,,,,,,,,,,,,,,,,,,,,,,,,,,,,,,,,,,,,,,,,,2981.0,4454.0,5145.0,5780.0,6270.0,6651.0,6994.0,7184.0,7406.0,7586.0,7830.0,8090.0,8262.0,8401.0,8525.0,8648.0,8855.0,8952.0,9041.0,9093.0,9154
MfipEXSvtjg,,,,,,,,,,,,,,,,,,,,,,,,,,,,,,,,,,,,,,,,,,,,,,,,,,,,,,,,,,,,,,,,,,,,,,,,,,,,,,,,,,,,,,,,,,,,,,,,1058.0,2071.0,2575.0,2886.0,3081.0,3210.0,3286.0,3354.0,3393.0,3437.0,3492.0,3515.0,3541.0,3565.0,3587.0,3608.0,3627.0,3647.0,3668.0,3680.0,3685
23m3sKBgf7E,,,,,,,,,,,,,,,,,,,,,,,,,,,,,,,,,,,,,,,,,,,,,,,,,,,,,,,,,,,,,,,,,,,,,,,,,,,,,,,,,,,,,,,,,,,,,,,,14.0,14.0,14.0,14.0,14.0,14.0,14.0,14.0,14.0,14.0,14.0,14.0,14.0,14.0,14.0,14.0,14.0,14.0,14.0,14.0,14
-QBw5I4kn3g,,,,,,,,,,,,,,,,,,,,,,,,,,,,,,,,,,,,,,,,,,,,,,,,,,,,,,,,,,,,,,,,,,,,,,,,,,,,,,,,,,,,,,,,,,,,,,,,45.0,45.0,45.0,45.0,45.0,46.0,46.0,46.0,46.0,46.0,47.0,48.0,48.0,48.0,48.0,48.0,48.0,48.0,49.0,50.0,50
rWzLBz2O4L8,,,,,,,,,,,,,,,,,,,,,,,,,,,,,,,,,,,,,,,,,,,,,,,,,,,,,,,,,,,,,,,,,,,,,,,,,,,,,,,,,,,,,,,,,,,,,,,,18.0,17.0,17.0,17.0,17.0,17.0,17.0,17.0,18.0,19.0,19.0,19.0,19.0,19.0,19.0,19.0,19.0,19.0,19.0,19.0,19
6S-_nPxtTnY,,,,,,,,,,,,,,,,,,,,,,,,,,,,,,,,,,,,,,,,,,,,,,,,,,,,,,,,,,,,,,,,,,,,,,,,,,,,,,,,,,,,,,,,,,,,,,,,226.0,249.0,257.0,263.0,271.0,275.0,279.0,282.0,283.0,283.0,284.0,284.0,286.0,288.0,289.0,291.0,293.0,293.0,295.0,295.0,295
7IGZhI_1E6g,,,,,,,,,,,,,,,,,,,,,,,,,,,,,,,,,,,,,,,,,,,,,,,,,,,,,,,,,,,,,,,,,,,,,,,,,,,,,,,,,,,,,,,,,,,,,,,,23.0,24.0,26.0,28.0,28.0,28.0,28.0,28.0,28.0,28.0,28.0,28.0,28.0,28.0,28.0,28.0,28.0,28.0,28.0,29.0,30
yHsJpkQtaus,,,,,,,,,,,,,,,,,,,,,,,,,,,,,,,,,,,,,,,,,,,,,,,,,,,,,,,,,,,,,,,,,,,,,,,,,,,,,,,,,,,,,,,,,,,,,,,,70.0,71.0,68.0,68.0,72.0,76.0,76.0,76.0,76.0,77.0,77.0,77.0,76.0,77.0,77.0,77.0,77.0,77.0,77.0,77.0,78
7abcAxCg2LA,,,,,,,,,,,,,,,,,,,,,,,,,,,,,,,,,,,,,,,,,,,,,,,,,,,,,,,,,,,,,,,,,,,,,,,,,,,,,,,,,,,,,,,,,,,,,,,,3.0,4.0,4.0,4.0,4.0,4.0,4.0,4.0,4.0,4.0,4.0,4.0,4.0,4.0,4.0,4.0,4.0,4.0,4.0,4.0,4
2yj0FlkF6VE,,,,,,,,,,,,,,,,,,,,,,,,,,,,,,,,,,,,,,,,,,,,,,,,,,,,,,,,,,,,,,,,,,,,,,,,,,,,,,,,,,,,,,,,,,,,,,,,1803.0,2731.0,3085.0,3225.0,3333.0,3426.0,3484.0,3539.0,3568.0,3608.0,3646.0,3666.0,3695.0,3727.0,3772.0,3793.0,3817.0,3838.0,3852.0,3862.0,3888
oEcfOzYWLSY,,,,,,,,,,,,,,,,,,,,,,,,,,,,,,,,,,,,,,,,,,,,,,,,,,,,,,,,,,,,,,,,,,,,,,,,,,,,,,,,,,,,,,,,,,,,,,,,940.0,974.0,990.0,999.0,1007.0,1016.0,1022.0,1025.0,1026.0,1020.0,1020.0,1023.0,1024.0,1025.0,1026.0,1027.0,1027.0,1028.0,1028.0,1032.0,1033
OIGPIiPplTc,,,,,,,,,,,,,,,,,,,,,,,,,,,,,,,,,,,,,,,,,,,,,,,,,,,,,,,,,,,,,,,,,,,,,,,,,,,,,,,,,,,,,,,,,,,,,,,,,687.0,1014.0,1120.0,1154.0,1178.0,1201.0,1221.0,1228.0,1237.0,1241.0,1244.0,1248.0,1249.0,1256.0,1259.0,1260.0,1268.0,1273.0,1279.0,1281
wRZ1MdBoUq0,,,,,,,,,,,,,,,,,,,,,,,,,,,,,,,,,,,,,,,,,,,,,,,,,,,,,,,,,,,,,,,,,,,,,,,,,,,,,,,,,,,,,,,,,,,,,,,,,633.0,966.0,1096.0,1158.0,1212.0,1250.0,1286.0,1306.0,1325.0,1346.0,1373.0,1400.0,1423.0,1452.0,1466.0,1477.0,1492.0,1497.0,1509.0,1521
1vcwOOfbr7g,,,,,,,,,,,,,,,,,,,,,,,,,,,,,,,,,,,,,,,,,,,,,,,,,,,,,,,,,,,,,,,,,,,,,,,,,,,,,,,,,,,,,,,,,,,,,,,,,35.0,42.0,42.0,43.0,44.0,44.0,44.0,44.0,44.0,45.0,45.0,45.0,45.0,45.0,45.0,45.0,45.0,45.0,45.0,45
rsZwrTNklos,,,,,,,,,,,,,,,,,,,,,,,,,,,,,,,,,,,,,,,,,,,,,,,,,,,,,,,,,,,,,,,,,,,,,,,,,,,,,,,,,,,,,,,,,,,,,,,,,1044.0,1669.0,1950.0,2116.0,2272.0,2378.0,2460.0,2519.0,2556.0,2590.0,2613.0,2636.0,2656.0,2680.0,2698.0,2710.0,2720.0,2729.0,2742.0,2753
62BGFV9A2Ig,,,,,,,,,,,,,,,,,,,,,,,,,,,,,,,,,,,,,,,,,,,,,,,,,,,,,,,,,,,,,,,,,,,,,,,,,,,,,,,,,,,,,,,,,,,,,,,,,86.0,146.0,181.0,201.0,209.0,213.0,220.0,224.0,227.0,228.0,231.0,232.0,232.0,232.0,232.0,232.0,232.0,233.0,233.0,234
ZJm1CtGefsk,,,,,,,,,,,,,,,,,,,,,,,,,,,,,,,,,,,,,,,,,,,,,,,,,,,,,,,,,,,,,,,,,,,,,,,,,,,,,,,,,,,,,,,,,,,,,,,,,0.0,0.0,0.0,0.0,0.0,0.0,0.0,0.0,0.0,0.0,0.0,0.0,0.0,0.0,0.0,0.0,0.0,0.0,0.0,0
_F8i7y5D_aM,,,,,,,,,,,,,,,,,,,,,,,,,,,,,,,,,,,,,,,,,,,,,,,,,,,,,,,,,,,,,,,,,,,,,,,,,,,,,,,,,,,,,,,,,,,,,,,,,17.0,18.0,19.0,19.0,20.0,20.0,21.0,21.0,21.0,21.0,21.0,21.0,21.0,21.0,22.0,23.0,25.0,26.0,27.0,28
knsvd1s25hQ,,,,,,,,,,,,,,,,,,,,,,,,,,,,,,,,,,,,,,,,,,,,,,,,,,,,,,,,,,,,,,,,,,,,,,,,,,,,,,,,,,,,,,,,,,,,,,,,,193.0,456.0,582.0,673.0,725.0,759.0,786.0,793.0,809.0,819.0,818.0,822.0,827.0,831.0,836.0,841.0,844.0,847.0,848.0,849
aylyn0E-PbA,,,,,,,,,,,,,,,,,,,,,,,,,,,,,,,,,,,,,,,,,,,,,,,,,,,,,,,,,,,,,,,,,,,,,,,,,,,,,,,,,,,,,,,,,,,,,,,,,,,,,,,,,,,,,,,,,,,,
YEMBk076jGM,,,,,,,,,,,,,,,,,,,,,,,,,,,,,,,,,,,,,,,,,,,,,,,,,,,,,,,,,,,,,,,,,,,,,,,,,,,,,,,,,,,,,,,,,,,,,,,,,,1718.0,2920.0,3229.0,3434.0,3595.0,3729.0,3854.0,3932.0,3995.0,4080.0,4139.0,4199.0,4233.0,4290.0,4345.0,4371.0,4402.0,4438.0,4464
7F1ET2XHQfk,,,,,,,,,,,,,,,,,,,,,,,,,,,,,,,,,,,,,,,,,,,,,,,,,,,,,,,,,,,,,,,,,,,,,,,,,,,,,,,,,,,,,,,,,,,,,,,,,,17494.0,113381.0,125268.0,131293.0,134838.0,136938.0,138222.0,139301.0,139857.0,140655.0,141314.0,141861.0,142369.0,142800.0,143196.0,143579.0,143942.0,144398.0,144705
dKmPEhJ4wjY,,,,,,,,,,,,,,,,,,,,,,,,,,,,,,,,,,,,,,,,,,,,,,,,,,,,,,,,,,,,,,,,,,,,,,,,,,,,,,,,,,,,,,,,,,,,,,,,,,33878.0,37528.0,39822.0,41198.0,42242.0,42968.0,43578.0,44232.0,44598.0,45246.0,45789.0,46152.0,46420.0,46672.0,46867.0,47013.0,47281.0,47487.0,47679
tCnVbA-f7qA,,,,,,,,,,,,,,,,,,,,,,,,,,,,,,,,,,,,,,,,,,,,,,,,,,,,,,,,,,,,,,,,,,,,,,,,,,,,,,,,,,,,,,,,,,,,,,,,,,15.0,15.0,15.0,15.0,15.0,15.0,15.0,15.0,15.0,15.0,15.0,15.0,15.0,15.0,15.0,15.0,15.0,15.0,15
tzGw9LOZhDA,,,,,,,,,,,,,,,,,,,,,,,,,,,,,,,,,,,,,,,,,,,,,,,,,,,,,,,,,,,,,,,,,,,,,,,,,,,,,,,,,,,,,,,,,,,,,,,,,,1178.0,1286.0,1428.0,1662.0,1825.0,1919.0,2005.0,2110.0,2221.0,2332.0,2523.0,2726.0,2925.0,3109.0,3326.0,3496.0,3627.0,3791.0,3918
MTjaH8Nk4m8,,,,,,,,,,,,,,,,,,,,,,,,,,,,,,,,,,,,,,,,,,,,,,,,,,,,,,,,,,,,,,,,,,,,,,,,,,,,,,,,,,,,,,,,,,,,,,,,,,0.0,0.0,0.0,0.0,0.0,0.0,0.0,0.0,0.0,0.0,0.0,0.0,0.0,0.0,0.0,0.0,0.0,0.0,0
bMqP5bv1emI,,,,,,,,,,,,,,,,,,,,,,,,,,,,,,,,,,,,,,,,,,,,,,,,,,,,,,,,,,,,,,,,,,,,,,,,,,,,,,,,,,,,,,,,,,,,,,,,,,28.0,66.0,166.0,185.0,202.0,218.0,232.0,242.0,248.0,248.0,250.0,252.0,255.0,256.0,257.0,257.0,258.0,260.0,261
Jaew7AqWaJQ,,,,,,,,,,,,,,,,,,,,,,,,,,,,,,,,,,,,,,,,,,,,,,,,,,,,,,,,,,,,,,,,,,,,,,,,,,,,,,,,,,,,,,,,,,,,,,,,,,,13.0,15.0,15.0,15.0,15.0,16.0,16.0,17.0,17.0,17.0,17.0,17.0,17.0,17.0,17.0,17.0,18.0,18
hHAQcVqbJ6g,,,,,,,,,,,,,,,,,,,,,,,,,,,,,,,,,,,,,,,,,,,,,,,,,,,,,,,,,,,,,,,,,,,,,,,,,,,,,,,,,,,,,,,,,,,,,,,,,,,1.0,1.0,1.0,1.0,1.0,1.0,1.0,1.0,1.0,1.0,1.0,1.0,1.0,1.0,2.0,2.0,2.0,2
QWhHYopwlaE,,,,,,,,,,,,,,,,,,,,,,,,,,,,,,,,,,,,,,,,,,,,,,,,,,,,,,,,,,,,,,,,,,,,,,,,,,,,,,,,,,,,,,,,,,,,,,,,,,,413.0,722.0,775.0,812.0,827.0,837.0,850.0,856.0,862.0,867.0,866.0,867.0,868.0,872.0,875.0,877.0,877.0,877
kiCi4-plFUA,,,,,,,,,,,,,,,,,,,,,,,,,,,,,,,,,,,,,,,,,,,,,,,,,,,,,,,,,,,,,,,,,,,,,,,,,,,,,,,,,,,,,,,,,,,,,,,,,,,69.0,94.0,102.0,105.0,109.0,113.0,114.0,116.0,125.0,128.0,129.0,131.0,133.0,135.0,137.0,141.0,142.0,144
GVaA2Avsb4k,,,,,,,,,,,,,,,,,,,,,,,,,,,,,,,,,,,,,,,,,,,,,,,,,,,,,,,,,,,,,,,,,,,,,,,,,,,,,,,,,,,,,,,,,,,,,,,,,,,307.0,457.0,534.0,607.0,739.0,801.0,868.0,924.0,960.0,1001.0,1033.0,1060.0,1085.0,1101.0,1116.0,1134.0,1148.0,1160
cB068G7jseg,,,,,,,,,,,,,,,,,,,,,,,,,,,,,,,,,,,,,,,,,,,,,,,,,,,,,,,,,,,,,,,,,,,,,,,,,,,,,,,,,,,,,,,,,,,,,,,,,,,184.0,274.0,308.0,342.0,369.0,385.0,401.0,414.0,419.0,428.0,432.0,434.0,435.0,438.0,439.0,442.0,448.0,451
Uhfzm92uZ_I,,,,,,,,,,,,,,,,,,,,,,,,,,,,,,,,,,,,,,,,,,,,,,,,,,,,,,,,,,,,,,,,,,,,,,,,,,,,,,,,,,,,,,,,,,,,,,,,,,,0.0,3.0,3.0,3.0,3.0,4.0,5.0,5.0,6.0,6.0,6.0,6.0,6.0,7.0,7.0,7.0,7.0,8
K1Pq_LETafQ,,,,,,,,,,,,,,,,,,,,,,,,,,,,,,,,,,,,,,,,,,,,,,,,,,,,,,,,,,,,,,,,,,,,,,,,,,,,,,,,,,,,,,,,,,,,,,,,,,,,7.0,10.0,12.0,14.0,15.0,15.0,15.0,15.0,15.0,15.0,15.0,15.0,15.0,16.0,16.0,17.0,17
0PZ4fElBkS8,,,,,,,,,,,,,,,,,,,,,,,,,,,,,,,,,,,,,,,,,,,,,,,,,,,,,,,,,,,,,,,,,,,,,,,,,,,,,,,,,,,,,,,,,,,,,,,,,,,,77.0,100.0,105.0,110.0,112.0,114.0,115.0,117.0,118.0,119.0,119.0,120.0,122.0,125.0,126.0,126.0,127
9tCLAEcRW5M,,,,,,,,,,,,,,,,,,,,,,,,,,,,,,,,,,,,,,,,,,,,,,,,,,,,,,,,,,,,,,,,,,,,,,,,,,,,,,,,,,,,,,,,,,,,,,,,,,,,,347.0,349.0,352.0,353.0,355.0,355.0,357.0,359.0,359.0,359.0,360.0,360.0,360.0,361.0,361.0,360
kK4kGeB5mQs,,,,,,,,,,,,,,,,,,,,,,,,,,,,,,,,,,,,,,,,,,,,,,,,,,,,,,,,,,,,,,,,,,,,,,,,,,,,,,,,,,,,,,,,,,,,,,,,,,,,,,2774.0,4468.0,5038.0,5404.0,5626.0,5761.0,5863.0,5945.0,6005.0,6081.0,6143.0,6178.0,6213.0,6245.0,6278
8hU6P7MmRyk,,,,,,,,,,,,,,,,,,,,,,,,,,,,,,,,,,,,,,,,,,,,,,,,,,,,,,,,,,,,,,,,,,,,,,,,,,,,,,,,,,,,,,,,,,,,,,,,,,,,,,9944.0,11775.0,12976.0,13747.0,14445.0,15217.0,16168.0,17246.0,18044.0,18576.0,18808.0,19058.0,19308.0,19486.0,19689
Q120WlxVxdk,,,,,,,,,,,,,,,,,,,,,,,,,,,,,,,,,,,,,,,,,,,,,,,,,,,,,,,,,,,,,,,,,,,,,,,,,,,,,,,,,,,,,,,,,,,,,,,,,,,,,,7490.0,8345.0,8728.0,8996.0,9212.0,9365.0,9474.0,9623.0,9701.0,9750.0,9787.0,9817.0,9843.0,9896.0,9923
cX0TF4A7ulQ,,,,,,,,,,,,,,,,,,,,,,,,,,,,,,,,,,,,,,,,,,,,,,,,,,,,,,,,,,,,,,,,,,,,,,,,,,,,,,,,,,,,,,,,,,,,,,,,,,,,,,51.0,51.0,52.0,55.0,55.0,55.0,57.0,58.0,66.0,67.0,67.0,67.0,67.0,67.0,67
rp-AiX_r6gU,,,,,,,,,,,,,,,,,,,,,,,,,,,,,,,,,,,,,,,,,,,,,,,,,,,,,,,,,,,,,,,,,,,,,,,,,,,,,,,,,,,,,,,,,,,,,,,,,,,,,,68.0,133.0,146.0,157.0,160.0,164.0,169.0,172.0,173.0,174.0,174.0,175.0,177.0,180.0,181
Xk0dFAkAhgo,,,,,,,,,,,,,,,,,,,,,,,,,,,,,,,,,,,,,,,,,,,,,,,,,,,,,,,,,,,,,,,,,,,,,,,,,,,,,,,,,,,,,,,,,,,,,,,,,,,,,,5.0,5.0,5.0,5.0,5.0,5.0,5.0,5.0,5.0,5.0,5.0,5.0,5.0,5.0,5
_WDhLMNAukc,,,,,,,,,,,,,,,,,,,,,,,,,,,,,,,,,,,,,,,,,,,,,,,,,,,,,,,,,,,,,,,,,,,,,,,,,,,,,,,,,,,,,,,,,,,,,,,,,,,,,,42.0,42.0,42.0,42.0,42.0,43.0,43.0,43.0,43.0,43.0,43.0,44.0,44.0,44.0,44
9eDb53_yTyM,,,,,,,,,,,,,,,,,,,,,,,,,,,,,,,,,,,,,,,,,,,,,,,,,,,,,,,,,,,,,,,,,,,,,,,,,,,,,,,,,,,,,,,,,,,,,,,,,,,,,,42.0,42.0,43.0,43.0,43.0,43.0,43.0,43.0,43.0,43.0,43.0,43.0,43.0,43.0,43
ukcanytrH3s,,,,,,,,,,,,,,,,,,,,,,,,,,,,,,,,,,,,,,,,,,,,,,,,,,,,,,,,,,,,,,,,,,,,,,,,,,,,,,,,,,,,,,,,,,,,,,,,,,,,,,10.0,10.0,10.0,10.0,10.0,10.0,10.0,11.0,11.0,11.0,11.0,11.0,11.0,11.0,11
sJRDdnkomhw,,,,,,,,,,,,,,,,,,,,,,,,,,,,,,,,,,,,,,,,,,,,,,,,,,,,,,,,,,,,,,,,,,,,,,,,,,,,,,,,,,,,,,,,,,,,,,,,,,,,,,0.0,0.0,0.0,0.0,0.0,0.0,0.0,0.0,0.0,0.0,0.0,0.0,0.0,0.0,0
s4wPrKom3cw,,,,,,,,,,,,,,,,,,,,,,,,,,,,,,,,,,,,,,,,,,,,,,,,,,,,,,,,,,,,,,,,,,,,,,,,,,,,,,,,,,,,,,,,,,,,,,,,,,,,,,789.0,807.0,818.0,825.0,829.0,833.0,836.0,837.0,840.0,842.0,843.0,843.0,843.0,843.0,843
qw5SpCyQNLQ,,,,,,,,,,,,,,,,,,,,,,,,,,,,,,,,,,,,,,,,,,,,,,,,,,,,,,,,,,,,,,,,,,,,,,,,,,,,,,,,,,,,,,,,,,,,,,,,,,,,,,0.0,0.0,0.0,0.0,0.0,0.0,0.0,0.0,0.0,0.0,0.0,0.0,0.0,0.0,0
w6vKt3MsnPE,,,,,,,,,,,,,,,,,,,,,,,,,,,,,,,,,,,,,,,,,,,,,,,,,,,,,,,,,,,,,,,,,,,,,,,,,,,,,,,,,,,,,,,,,,,,,,,,,,,,,,182.0,208.0,219.0,225.0,228.0,234.0,241.0,248.0,251.0,253.0,253.0,254.0,256.0,257.0,258
teGrm3A3b6g,,,,,,,,,,,,,,,,,,,,,,,,,,,,,,,,,,,,,,,,,,,,,,,,,,,,,,,,,,,,,,,,,,,,,,,,,,,,,,,,,,,,,,,,,,,,,,,,,,,,,,0.0,0.0,0.0,3.0,3.0,3.0,3.0,3.0,4.0,4.0,4.0,4.0,4.0,4.0,4
0JW2A0GqB5U,,,,,,,,,,,,,,,,,,,,,,,,,,,,,,,,,,,,,,,,,,,,,,,,,,,,,,,,,,,,,,,,,,,,,,,,,,,,,,,,,,,,,,,,,,,,,,,,,,,,,,33.0,36.0,37.0,38.0,39.0,44.0,44.0,44.0,44.0,44.0,44.0,44.0,44.0,45.0,45
vnAH7q-N_-Q,,,,,,,,,,,,,,,,,,,,,,,,,,,,,,,,,,,,,,,,,,,,,,,,,,,,,,,,,,,,,,,,,,,,,,,,,,,,,,,,,,,,,,,,,,,,,,,,,,,,,,253.0,328.0,350.0,361.0,375.0,382.0,388.0,392.0,400.0,403.0,406.0,411.0,412.0,415.0,416
KaOumNboHz4,,,,,,,,,,,,,,,,,,,,,,,,,,,,,,,,,,,,,,,,,,,,,,,,,,,,,,,,,,,,,,,,,,,,,,,,,,,,,,,,,,,,,,,,,,,,,,,,,,,,,,0.0,0.0,0.0,0.0,0.0,0.0,0.0,0.0,0.0,0.0,0.0,0.0,0.0,0.0,0
dLkfa-X_H9E,,,,,,,,,,,,,,,,,,,,,,,,,,,,,,,,,,,,,,,,,,,,,,,,,,,,,,,,,,,,,,,,,,,,,,,,,,,,,,,,,,,,,,,,,,,,,,,,,,,,,,261.0,375.0,409.0,423.0,429.0,434.0,442.0,450.0,454.0,459.0,467.0,467.0,474.0,477.0,479
iYkraEzsQ1g,,,,,,,,,,,,,,,,,,,,,,,,,,,,,,,,,,,,,,,,,,,,,,,,,,,,,,,,,,,,,,,,,,,,,,,,,,,,,,,,,,,,,,,,,,,,,,,,,,,,,,458.0,676.0,732.0,800.0,872.0,927.0,972.0,1008.0,1034.0,1061.0,1090.0,1119.0,1154.0,1177.0,1208
FLw8FIdBunI,,,,,,,,,,,,,,,,,,,,,,,,,,,,,,,,,,,,,,,,,,,,,,,,,,,,,,,,,,,,,,,,,,,,,,,,,,,,,,,,,,,,,,,,,,,,,,,,,,,,,,14.0,22.0,25.0,28.0,43.0,53.0,64.0,74.0,90.0,95.0,101.0,106.0,107.0,109.0,110
nNR74qU3VXA,,,,,,,,,,,,,,,,,,,,,,,,,,,,,,,,,,,,,,,,,,,,,,,,,,,,,,,,,,,,,,,,,,,,,,,,,,,,,,,,,,,,,,,,,,,,,,,,,,,,,,,138.0,335.0,421.0,449.0,490.0,570.0,674.0,768.0,828.0,870.0,897.0,908.0,941.0,957
Q79ML1vOCcU,,,,,,,,,,,,,,,,,,,,,,,,,,,,,,,,,,,,,,,,,,,,,,,,,,,,,,,,,,,,,,,,,,,,,,,,,,,,,,,,,,,,,,,,,,,,,,,,,,,,,,,27.0,41.0,51.0,53.0,55.0,55.0,55.0,56.0,57.0,61.0,62.0,63.0,63.0,63
WoPlpIz2P0I,,,,,,,,,,,,,,,,,,,,,,,,,,,,,,,,,,,,,,,,,,,,,,,,,,,,,,,,,,,,,,,,,,,,,,,,,,,,,,,,,,,,,,,,,,,,,,,,,,,,,,,0.0,1.0,3.0,4.0,4.0,4.0,4.0,5.0,5.0,5.0,5.0,5.0,5.0,5
cjmUDgmzUWw,,,,,,,,,,,,,,,,,,,,,,,,,,,,,,,,,,,,,,,,,,,,,,,,,,,,,,,,,,,,,,,,,,,,,,,,,,,,,,,,,,,,,,,,,,,,,,,,,,,,,,,193.0,296.0,342.0,365.0,375.0,384.0,397.0,404.0,399.0,400.0,401.0,405.0,406.0,412
e-bwzm8-xnU,,,,,,,,,,,,,,,,,,,,,,,,,,,,,,,,,,,,,,,,,,,,,,,,,,,,,,,,,,,,,,,,,,,,,,,,,,,,,,,,,,,,,,,,,,,,,,,,,,,,,,,,649.0,1656.0,2734.0,3556.0,4259.0,4876.0,5464.0,5810.0,5892.0,5996.0,6049.0,6132.0,6187
8_HPIJfRbpI,,,,,,,,,,,,,,,,,,,,,,,,,,,,,,,,,,,,,,,,,,,,,,,,,,,,,,,,,,,,,,,,,,,,,,,,,,,,,,,,,,,,,,,,,,,,,,,,,,,,,,,,90.0,117.0,125.0,132.0,139.0,144.0,154.0,160.0,161.0,164.0,166.0,170.0,173
BJfKLlFySQs,,,,,,,,,,,,,,,,,,,,,,,,,,,,,,,,,,,,,,,,,,,,,,,,,,,,,,,,,,,,,,,,,,,,,,,,,,,,,,,,,,,,,,,,,,,,,,,,,,,,,,,,0.0,0.0,0.0,0.0,4.0,7.0,7.0,8.0,11.0,11.0,11.0,13.0,14
tqnRgZIWORI,,,,,,,,,,,,,,,,,,,,,,,,,,,,,,,,,,,,,,,,,,,,,,,,,,,,,,,,,,,,,,,,,,,,,,,,,,,,,,,,,,,,,,,,,,,,,,,,,,,,,,,,7.0,9.0,10.0,11.0,11.0,11.0,14.0,15.0,17.0,18.0,19.0,19.0,20
2GOl_ku6-Hs,,,,,,,,,,,,,,,,,,,,,,,,,,,,,,,,,,,,,,,,,,,,,,,,,,,,,,,,,,,,,,,,,,,,,,,,,,,,,,,,,,,,,,,,,,,,,,,,,,,,,,,,490.0,786.0,902.0,953.0,1008.0,1078.0,1136.0,1174.0,1192.0,1201.0,1216.0,1225.0,1234
6GUKqEfiX1I,,,,,,,,,,,,,,,,,,,,,,,,,,,,,,,,,,,,,,,,,,,,,,,,,,,,,,,,,,,,,,,,,,,,,,,,,,,,,,,,,,,,,,,,,,,,,,,,,,,,,,,,284.0,429.0,469.0,483.0,504.0,514.0,522.0,529.0,532.0,534.0,536.0,540.0,541
AEjI1n2Tgv0,,,,,,,,,,,,,,,,,,,,,,,,,,,,,,,,,,,,,,,,,,,,,,,,,,,,,,,,,,,,,,,,,,,,,,,,,,,,,,,,,,,,,,,,,,,,,,,,,,,,,,,,11.0,11.0,11.0,11.0,11.0,11.0,11.0,11.0,11.0,11.0,11.0,11.0,11
GKu20OT657k,,,,,,,,,,,,,,,,,,,,,,,,,,,,,,,,,,,,,,,,,,,,,,,,,,,,,,,,,,,,,,,,,,,,,,,,,,,,,,,,,,,,,,,,,,,,,,,,,,,,,,,,55.0,64.0,68.0,72.0,76.0,80.0,85.0,90.0,91.0,93.0,95.0,97.0,99
PfsK2VFci5Q,,,,,,,,,,,,,,,,,,,,,,,,,,,,,,,,,,,,,,,,,,,,,,,,,,,,,,,,,,,,,,,,,,,,,,,,,,,,,,,,,,,,,,,,,,,,,,,,,,,,,,,,46.0,99.0,102.0,104.0,109.0,111.0,114.0,115.0,117.0,122.0,122.0,122.0,123
XgplTOjZatA,,,,,,,,,,,,,,,,,,,,,,,,,,,,,,,,,,,,,,,,,,,,,,,,,,,,,,,,,,,,,,,,,,,,,,,,,,,,,,,,,,,,,,,,,,,,,,,,,,,,,,,,0.0,0.0,0.0,0.0,0.0,0.0,0.0,0.0,0.0,0.0,0.0,0.0,0
t2gJ2szo-60,,,,,,,,,,,,,,,,,,,,,,,,,,,,,,,,,,,,,,,,,,,,,,,,,,,,,,,,,,,,,,,,,,,,,,,,,,,,,,,,,,,,,,,,,,,,,,,,,,,,,,,,,6.0,,,,,,,,,,,
xnwOfIiZ-zQ,,,,,,,,,,,,,,,,,,,,,,,,,,,,,,,,,,,,,,,,,,,,,,,,,,,,,,,,,,,,,,,,,,,,,,,,,,,,,,,,,,,,,,,,,,,,,,,,,,,,,,,,,488.0,838.0,1016.0,1125.0,1212.0,1255.0,1301.0,1326.0,1342.0,1358.0,1371.0,1382
Jv0vqhWRbe8,,,,,,,,,,,,,,,,,,,,,,,,,,,,,,,,,,,,,,,,,,,,,,,,,,,,,,,,,,,,,,,,,,,,,,,,,,,,,,,,,,,,,,,,,,,,,,,,,,,,,,,,,1755.0,1771.0,1781.0,1785.0,1791.0,1802.0,1815.0,1820.0,1830.0,1835.0,1843.0,1847
ZNdMrUCOLqQ,,,,,,,,,,,,,,,,,,,,,,,,,,,,,,,,,,,,,,,,,,,,,,,,,,,,,,,,,,,,,,,,,,,,,,,,,,,,,,,,,,,,,,,,,,,,,,,,,,,,,,,,,1955.0,1960.0,1965.0,1978.0,1980.0,1980.0,1981.0,1985.0,1989.0,1988.0,1989.0,1992
kPHG7TbAVXQ,,,,,,,,,,,,,,,,,,,,,,,,,,,,,,,,,,,,,,,,,,,,,,,,,,,,,,,,,,,,,,,,,,,,,,,,,,,,,,,,,,,,,,,,,,,,,,,,,,,,,,,,,80.0,85.0,86.0,87.0,88.0,89.0,89.0,91.0,91.0,91.0,91.0,93
9OXa07b_Uac,,,,,,,,,,,,,,,,,,,,,,,,,,,,,,,,,,,,,,,,,,,,,,,,,,,,,,,,,,,,,,,,,,,,,,,,,,,,,,,,,,,,,,,,,,,,,,,,,,,,,,,,,21.0,22.0,22.0,22.0,22.0,23.0,23.0,23.0,25.0,25.0,25.0,25
n4eYZv1QlSM,,,,,,,,,,,,,,,,,,,,,,,,,,,,,,,,,,,,,,,,,,,,,,,,,,,,,,,,,,,,,,,,,,,,,,,,,,,,,,,,,,,,,,,,,,,,,,,,,,,,,,,,,42.0,51.0,51.0,56.0,56.0,57.0,59.0,63.0,65.0,65.0,66.0,67
V0wcIPdbm_A,,,,,,,,,,,,,,,,,,,,,,,,,,,,,,,,,,,,,,,,,,,,,,,,,,,,,,,,,,,,,,,,,,,,,,,,,,,,,,,,,,,,,,,,,,,,,,,,,,,,,,,,,12.0,17.0,19.0,20.0,20.0,20.0,20.0,20.0,20.0,20.0,20.0,21
tP7djdhTUUE,,,,,,,,,,,,,,,,,,,,,,,,,,,,,,,,,,,,,,,,,,,,,,,,,,,,,,,,,,,,,,,,,,,,,,,,,,,,,,,,,,,,,,,,,,,,,,,,,,,,,,,,,28.0,41.0,43.0,45.0,46.0,46.0,47.0,47.0,48.0,48.0,48.0,48
_wd-uFI3Njc,,,,,,,,,,,,,,,,,,,,,,,,,,,,,,,,,,,,,,,,,,,,,,,,,,,,,,,,,,,,,,,,,,,,,,,,,,,,,,,,,,,,,,,,,,,,,,,,,,,,,,,,,0.0,0.0,0.0,0.0,0.0,0.0,0.0,0.0,0.0,0.0,0.0,0
fcFlHmkY-ZI,,,,,,,,,,,,,,,,,,,,,,,,,,,,,,,,,,,,,,,,,,,,,,,,,,,,,,,,,,,,,,,,,,,,,,,,,,,,,,,,,,,,,,,,,,,,,,,,,,,,,,,,,54.0,102.0,140.0,160.0,159.0,162.0,171.0,174.0,174.0,176.0,181.0,184
04l_GY_v5Wk,,,,,,,,,,,,,,,,,,,,,,,,,,,,,,,,,,,,,,,,,,,,,,,,,,,,,,,,,,,,,,,,,,,,,,,,,,,,,,,,,,,,,,,,,,,,,,,,,,,,,,,,,,1900.0,2439.0,2607.0,2699.0,2795.0,2844.0,2891.0,2927.0,2948.0,2983.0,3008
X1O6JR4BXU0,,,,,,,,,,,,,,,,,,,,,,,,,,,,,,,,,,,,,,,,,,,,,,,,,,,,,,,,,,,,,,,,,,,,,,,,,,,,,,,,,,,,,,,,,,,,,,,,,,,,,,,,,,0.0,0.0,0.0,0.0,0.0,0.0,0.0,0.0,0.0,0.0,0
FX5YsDRRwiw,,,,,,,,,,,,,,,,,,,,,,,,,,,,,,,,,,,,,,,,,,,,,,,,,,,,,,,,,,,,,,,,,,,,,,,,,,,,,,,,,,,,,,,,,,,,,,,,,,,,,,,,,,1758.0,2242.0,2448.0,2772.0,2868.0,2968.0,3033.0,3059.0,3087.0,3106.0,3133
qSewOUTWues,,,,,,,,,,,,,,,,,,,,,,,,,,,,,,,,,,,,,,,,,,,,,,,,,,,,,,,,,,,,,,,,,,,,,,,,,,,,,,,,,,,,,,,,,,,,,,,,,,,,,,,,,,49.0,53.0,58.0,63.0,64.0,64.0,65.0,65.0,67.0,67.0,67
zxs0N9_94Zs,,,,,,,,,,,,,,,,,,,,,,,,,,,,,,,,,,,,,,,,,,,,,,,,,,,,,,,,,,,,,,,,,,,,,,,,,,,,,,,,,,,,,,,,,,,,,,,,,,,,,,,,,,2895.0,4074.0,4569.0,4884.0,5101.0,5375.0,5597.0,5737.0,5860.0,5942.0,5990
2mUjLyyZOW0,,,,,,,,,,,,,,,,,,,,,,,,,,,,,,,,,,,,,,,,,,,,,,,,,,,,,,,,,,,,,,,,,,,,,,,,,,,,,,,,,,,,,,,,,,,,,,,,,,,,,,,,,,232.0,241.0,250.0,254.0,263.0,268.0,272.0,279.0,281.0,283.0,283
E-DoiGgwze4,,,,,,,,,,,,,,,,,,,,,,,,,,,,,,,,,,,,,,,,,,,,,,,,,,,,,,,,,,,,,,,,,,,,,,,,,,,,,,,,,,,,,,,,,,,,,,,,,,,,,,,,,,92.0,94.0,96.0,97.0,101.0,102.0,103.0,104.0,104.0,105.0,106
Uw15hkEiTjw,,,,,,,,,,,,,,,,,,,,,,,,,,,,,,,,,,,,,,,,,,,,,,,,,,,,,,,,,,,,,,,,,,,,,,,,,,,,,,,,,,,,,,,,,,,,,,,,,,,,,,,,,,94.0,94.0,94.0,94.0,94.0,94.0,94.0,95.0,95.0,95.0,95
bwANnNaPGgk,,,,,,,,,,,,,,,,,,,,,,,,,,,,,,,,,,,,,,,,,,,,,,,,,,,,,,,,,,,,,,,,,,,,,,,,,,,,,,,,,,,,,,,,,,,,,,,,,,,,,,,,,,0.0,0.0,0.0,0.0,0.0,0.0,0.0,0.0,0.0,0.0,0
RJmuGJKSYK8,,,,,,,,,,,,,,,,,,,,,,,,,,,,,,,,,,,,,,,,,,,,,,,,,,,,,,,,,,,,,,,,,,,,,,,,,,,,,,,,,,,,,,,,,,,,,,,,,,,,,,,,,,409.0,445.0,445.0,445.0,445.0,445.0,459.0,477.0,480.0,489.0,492
cJ-h5gxPmHs,,,,,,,,,,,,,,,,,,,,,,,,,,,,,,,,,,,,,,,,,,,,,,,,,,,,,,,,,,,,,,,,,,,,,,,,,,,,,,,,,,,,,,,,,,,,,,,,,,,,,,,,,,,16.0,22.0,24.0,25.0,27.0,27.0,27.0,28.0,29.0,30
GWgJFJJVyl0,,,,,,,,,,,,,,,,,,,,,,,,,,,,,,,,,,,,,,,,,,,,,,,,,,,,,,,,,,,,,,,,,,,,,,,,,,,,,,,,,,,,,,,,,,,,,,,,,,,,,,,,,,,24.0,31.0,34.0,35.0,36.0,36.0,36.0,36.0,36.0,37
P5TKt6l1Tz8,,,,,,,,,,,,,,,,,,,,,,,,,,,,,,,,,,,,,,,,,,,,,,,,,,,,,,,,,,,,,,,,,,,,,,,,,,,,,,,,,,,,,,,,,,,,,,,,,,,,,,,,,,,0.0,0.0,0.0,0.0,0.0,0.0,0.0,0.0,0.0,0
CzpCZPD8Xmc,,,,,,,,,,,,,,,,,,,,,,,,,,,,,,,,,,,,,,,,,,,,,,,,,,,,,,,,,,,,,,,,,,,,,,,,,,,,,,,,,,,,,,,,,,,,,,,,,,,,,,,,,,,0.0,0.0,0.0,0.0,0.0,0.0,0.0,0.0,0.0,0
YZ8hlzxVwb8,,,,,,,,,,,,,,,,,,,,,,,,,,,,,,,,,,,,,,,,,,,,,,,,,,,,,,,,,,,,,,,,,,,,,,,,,,,,,,,,,,,,,,,,,,,,,,,,,,,,,,,,,,,0.0,0.0,0.0,0.0,0.0,0.0,0.0,0.0,0.0,0
puY8TlKCenU,,,,,,,,,,,,,,,,,,,,,,,,,,,,,,,,,,,,,,,,,,,,,,,,,,,,,,,,,,,,,,,,,,,,,,,,,,,,,,,,,,,,,,,,,,,,,,,,,,,,,,,,,,,605.0,671.0,708.0,731.0,749.0,760.0,779.0,792.0,802.0,814
ceJ0qvgaxmI,,,,,,,,,,,,,,,,,,,,,,,,,,,,,,,,,,,,,,,,,,,,,,,,,,,,,,,,,,,,,,,,,,,,,,,,,,,,,,,,,,,,,,,,,,,,,,,,,,,,,,,,,,,0.0,0.0,0.0,0.0,0.0,0.0,0.0,0.0,0.0,0
UGYR8AhDDEg,,,,,,,,,,,,,,,,,,,,,,,,,,,,,,,,,,,,,,,,,,,,,,,,,,,,,,,,,,,,,,,,,,,,,,,,,,,,,,,,,,,,,,,,,,,,,,,,,,,,,,,,,,,,150.0,194.0,210.0,227.0,234.0,245.0,259.0,269.0,275
fnfaeIWp5lI,,,,,,,,,,,,,,,,,,,,,,,,,,,,,,,,,,,,,,,,,,,,,,,,,,,,,,,,,,,,,,,,,,,,,,,,,,,,,,,,,,,,,,,,,,,,,,,,,,,,,,,,,,,,0.0,0.0,0.0,0.0,0.0,0.0,0.0,0.0,0
3sKKVJ_jfAs,,,,,,,,,,,,,,,,,,,,,,,,,,,,,,,,,,,,,,,,,,,,,,,,,,,,,,,,,,,,,,,,,,,,,,,,,,,,,,,,,,,,,,,,,,,,,,,,,,,,,,,,,,,,557.0,592.0,609.0,636.0,647.0,662.0,673.0,680.0,690
qMm0gWRpWFU,,,,,,,,,,,,,,,,,,,,,,,,,,,,,,,,,,,,,,,,,,,,,,,,,,,,,,,,,,,,,,,,,,,,,,,,,,,,,,,,,,,,,,,,,,,,,,,,,,,,,,,,,,,,5.0,6.0,6.0,8.0,9.0,9.0,9.0,9.0,9
uHRRrnhTDiQ,,,,,,,,,,,,,,,,,,,,,,,,,,,,,,,,,,,,,,,,,,,,,,,,,,,,,,,,,,,,,,,,,,,,,,,,,,,,,,,,,,,,,,,,,,,,,,,,,,,,,,,,,,,,53.0,71.0,73.0,77.0,85.0,85.0,88.0,90.0,92
7oxaTPvKP6g,,,,,,,,,,,,,,,,,,,,,,,,,,,,,,,,,,,,,,,,,,,,,,,,,,,,,,,,,,,,,,,,,,,,,,,,,,,,,,,,,,,,,,,,,,,,,,,,,,,,,,,,,,,,5.0,5.0,5.0,5.0,5.0,5.0,5.0,5.0,5
U6BDbXIah-Y,,,,,,,,,,,,,,,,,,,,,,,,,,,,,,,,,,,,,,,,,,,,,,,,,,,,,,,,,,,,,,,,,,,,,,,,,,,,,,,,,,,,,,,,,,,,,,,,,,,,,,,,,,,,,43185.0,50165.0,52001.0,53285.0,54448.0,55115.0,56079.0,56693
sadl9Ujgnms,,,,,,,,,,,,,,,,,,,,,,,,,,,,,,,,,,,,,,,,,,,,,,,,,,,,,,,,,,,,,,,,,,,,,,,,,,,,,,,,,,,,,,,,,,,,,,,,,,,,,,,,,,,,,828.0,1436.0,1711.0,1950.0,2102.0,2247.0,2604.0,2694
8wKz7rN2pAk,,,,,,,,,,,,,,,,,,,,,,,,,,,,,,,,,,,,,,,,,,,,,,,,,,,,,,,,,,,,,,,,,,,,,,,,,,,,,,,,,,,,,,,,,,,,,,,,,,,,,,,,,,,,,950.0,978.0,1006.0,1019.0,1040.0,1056.0,1066.0,1064
VxzIGplyFNc,,,,,,,,,,,,,,,,,,,,,,,,,,,,,,,,,,,,,,,,,,,,,,,,,,,,,,,,,,,,,,,,,,,,,,,,,,,,,,,,,,,,,,,,,,,,,,,,,,,,,,,,,,,,,279.0,299.0,304.0,311.0,313.0,316.0,317.0,319
YJ9s1dCYqV4,,,,,,,,,,,,,,,,,,,,,,,,,,,,,,,,,,,,,,,,,,,,,,,,,,,,,,,,,,,,,,,,,,,,,,,,,,,,,,,,,,,,,,,,,,,,,,,,,,,,,,,,,,,,,151.0,151.0,151.0,151.0,151.0,151.0,151.0,151
v6QDpTMB23w,,,,,,,,,,,,,,,,,,,,,,,,,,,,,,,,,,,,,,,,,,,,,,,,,,,,,,,,,,,,,,,,,,,,,,,,,,,,,,,,,,,,,,,,,,,,,,,,,,,,,,,,,,,,,49.0,55.0,57.0,56.0,57.0,58.0,59.0,60
QETyA3sR60Y,,,,,,,,,,,,,,,,,,,,,,,,,,,,,,,,,,,,,,,,,,,,,,,,,,,,,,,,,,,,,,,,,,,,,,,,,,,,,,,,,,,,,,,,,,,,,,,,,,,,,,,,,,,,,50.0,65.0,68.0,68.0,69.0,69.0,69.0,69
UKxqiUMesc8,,,,,,,,,,,,,,,,,,,,,,,,,,,,,,,,,,,,,,,,,,,,,,,,,,,,,,,,,,,,,,,,,,,,,,,,,,,,,,,,,,,,,,,,,,,,,,,,,,,,,,,,,,,,,3.0,3.0,4.0,4.0,4.0,6.0,6.0,6
YaD9tfBeFfs,,,,,,,,,,,,,,,,,,,,,,,,,,,,,,,,,,,,,,,,,,,,,,,,,,,,,,,,,,,,,,,,,,,,,,,,,,,,,,,,,,,,,,,,,,,,,,,,,,,,,,,,,,,,,0.0,0.0,0.0,0.0,0.0,0.0,0.0,0
pkea5SglAHg,,,,,,,,,,,,,,,,,,,,,,,,,,,,,,,,,,,,,,,,,,,,,,,,,,,,,,,,,,,,,,,,,,,,,,,,,,,,,,,,,,,,,,,,,,,,,,,,,,,,,,,,,,,,,,196.0,196.0,196.0,195.0,195.0,195.0,195
wWvu34x2INc,,,,,,,,,,,,,,,,,,,,,,,,,,,,,,,,,,,,,,,,,,,,,,,,,,,,,,,,,,,,,,,,,,,,,,,,,,,,,,,,,,,,,,,,,,,,,,,,,,,,,,,,,,,,,,14833.0,22344.0,24607.0,25854.0,26914.0,27727.0,28226
O8dR2eWKq8A,,,,,,,,,,,,,,,,,,,,,,,,,,,,,,,,,,,,,,,,,,,,,,,,,,,,,,,,,,,,,,,,,,,,,,,,,,,,,,,,,,,,,,,,,,,,,,,,,,,,,,,,,,,,,,1181.0,1783.0,1933.0,2031.0,2073.0,2108.0,2141
aJMpcmUobD0,,,,,,,,,,,,,,,,,,,,,,,,,,,,,,,,,,,,,,,,,,,,,,,,,,,,,,,,,,,,,,,,,,,,,,,,,,,,,,,,,,,,,,,,,,,,,,,,,,,,,,,,,,,,,,0.0,0.0,0.0,0.0,0.0,0.0,0
m7tmgK3RR3g,,,,,,,,,,,,,,,,,,,,,,,,,,,,,,,,,,,,,,,,,,,,,,,,,,,,,,,,,,,,,,,,,,,,,,,,,,,,,,,,,,,,,,,,,,,,,,,,,,,,,,,,,,,,,,0.0,0.0,0.0,0.0,0.0,0.0,0
JUZQS-LhQY0,,,,,,,,,,,,,,,,,,,,,,,,,,,,,,,,,,,,,,,,,,,,,,,,,,,,,,,,,,,,,,,,,,,,,,,,,,,,,,,,,,,,,,,,,,,,,,,,,,,,,,,,,,,,,,1.0,1.0,1.0,1.0,1.0,1.0,1
om5Px6IVyEI,,,,,,,,,,,,,,,,,,,,,,,,,,,,,,,,,,,,,,,,,,,,,,,,,,,,,,,,,,,,,,,,,,,,,,,,,,,,,,,,,,,,,,,,,,,,,,,,,,,,,,,,,,,,,,1.0,1.0,1.0,1.0,1.0,1.0,1
5qGHUPfF3tM,,,,,,,,,,,,,,,,,,,,,,,,,,,,,,,,,,,,,,,,,,,,,,,,,,,,,,,,,,,,,,,,,,,,,,,,,,,,,,,,,,,,,,,,,,,,,,,,,,,,,,,,,,,,,,627.0,1003.0,1194.0,1268.0,1320.0,1352.0,1363
Dj5SOqo92OU,,,,,,,,,,,,,,,,,,,,,,,,,,,,,,,,,,,,,,,,,,,,,,,,,,,,,,,,,,,,,,,,,,,,,,,,,,,,,,,,,,,,,,,,,,,,,,,,,,,,,,,,,,,,,,1953.0,3144.0,3532.0,3686.0,3759.0,3815.0,3860
nBBYmYvsbP0,,,,,,,,,,,,,,,,,,,,,,,,,,,,,,,,,,,,,,,,,,,,,,,,,,,,,,,,,,,,,,,,,,,,,,,,,,,,,,,,,,,,,,,,,,,,,,,,,,,,,,,,,,,,,,,13432.0,13842.0,14170.0,14349.0,14781.0,14941
HnBSiikXMjU,,,,,,,,,,,,,,,,,,,,,,,,,,,,,,,,,,,,,,,,,,,,,,,,,,,,,,,,,,,,,,,,,,,,,,,,,,,,,,,,,,,,,,,,,,,,,,,,,,,,,,,,,,,,,,,21.0,32.0,37.0,39.0,39.0,39
GWoKVMMLkuA,,,,,,,,,,,,,,,,,,,,,,,,,,,,,,,,,,,,,,,,,,,,,,,,,,,,,,,,,,,,,,,,,,,,,,,,,,,,,,,,,,,,,,,,,,,,,,,,,,,,,,,,,,,,,,,131.0,192.0,200.0,212.0,213.0,217
5TG_4h29VIg,,,,,,,,,,,,,,,,,,,,,,,,,,,,,,,,,,,,,,,,,,,,,,,,,,,,,,,,,,,,,,,,,,,,,,,,,,,,,,,,,,,,,,,,,,,,,,,,,,,,,,,,,,,,,,,319.0,449.0,510.0,542.0,560.0,575
dGkVTpg2ojY,,,,,,,,,,,,,,,,,,,,,,,,,,,,,,,,,,,,,,,,,,,,,,,,,,,,,,,,,,,,,,,,,,,,,,,,,,,,,,,,,,,,,,,,,,,,,,,,,,,,,,,,,,,,,,,742.0,742.0,743.0,743.0,742.0,742
-aY63527pYo,,,,,,,,,,,,,,,,,,,,,,,,,,,,,,,,,,,,,,,,,,,,,,,,,,,,,,,,,,,,,,,,,,,,,,,,,,,,,,,,,,,,,,,,,,,,,,,,,,,,,,,,,,,,,,,1618.0,1618.0,1621.0,1621.0,1622.0,1621
yoOJHtj2egE,,,,,,,,,,,,,,,,,,,,,,,,,,,,,,,,,,,,,,,,,,,,,,,,,,,,,,,,,,,,,,,,,,,,,,,,,,,,,,,,,,,,,,,,,,,,,,,,,,,,,,,,,,,,,,,271.0,339.0,373.0,405.0,421.0,435
Ys3CILVbK2c,,,,,,,,,,,,,,,,,,,,,,,,,,,,,,,,,,,,,,,,,,,,,,,,,,,,,,,,,,,,,,,,,,,,,,,,,,,,,,,,,,,,,,,,,,,,,,,,,,,,,,,,,,,,,,,2.0,2.0,2.0,2.0,2.0,2
qQEDjLd5ETw,,,,,,,,,,,,,,,,,,,,,,,,,,,,,,,,,,,,,,,,,,,,,,,,,,,,,,,,,,,,,,,,,,,,,,,,,,,,,,,,,,,,,,,,,,,,,,,,,,,,,,,,,,,,,,,15.0,15.0,15.0,15.0,15.0,16
vHDuZUfrnT4,,,,,,,,,,,,,,,,,,,,,,,,,,,,,,,,,,,,,,,,,,,,,,,,,,,,,,,,,,,,,,,,,,,,,,,,,,,,,,,,,,,,,,,,,,,,,,,,,,,,,,,,,,,,,,,243.0,337.0,366.0,383.0,399.0,420
nD08BQ-T80k,,,,,,,,,,,,,,,,,,,,,,,,,,,,,,,,,,,,,,,,,,,,,,,,,,,,,,,,,,,,,,,,,,,,,,,,,,,,,,,,,,,,,,,,,,,,,,,,,,,,,,,,,,,,,,,,0.0,0.0,0.0,0.0,0
wUugTlPlSNw,,,,,,,,,,,,,,,,,,,,,,,,,,,,,,,,,,,,,,,,,,,,,,,,,,,,,,,,,,,,,,,,,,,,,,,,,,,,,,,,,,,,,,,,,,,,,,,,,,,,,,,,,,,,,,,,24.0,44.0,50.0,55.0,58
oTh3icTtJ64,,,,,,,,,,,,,,,,,,,,,,,,,,,,,,,,,,,,,,,,,,,,,,,,,,,,,,,,,,,,,,,,,,,,,,,,,,,,,,,,,,,,,,,,,,,,,,,,,,,,,,,,,,,,,,,,216.0,307.0,321.0,328.0,330
a2grcJdfXmY,,,,,,,,,,,,,,,,,,,,,,,,,,,,,,,,,,,,,,,,,,,,,,,,,,,,,,,,,,,,,,,,,,,,,,,,,,,,,,,,,,,,,,,,,,,,,,,,,,,,,,,,,,,,,,,,,9617.0,12368.0,13607.0,14234
a2grcJdfXmY,,,,,,,,,,,,,,,,,,,,,,,,,,,,,,,,,,,,,,,,,,,,,,,,,,,,,,,,,,,,,,,,,,,,,,,,,,,,,,,,,,,,,,,,,,,,,,,,,,,,,,,,,,,,,,,,,9617.0,12368.0,13607.0,14234
7jr4H6M1hUU,,,,,,,,,,,,,,,,,,,,,,,,,,,,,,,,,,,,,,,,,,,,,,,,,,,,,,,,,,,,,,,,,,,,,,,,,,,,,,,,,,,,,,,,,,,,,,,,,,,,,,,,,,,,,,,,,17.0,19.0,20.0,23
FmX81RnQNIM,,,,,,,,,,,,,,,,,,,,,,,,,,,,,,,,,,,,,,,,,,,,,,,,,,,,,,,,,,,,,,,,,,,,,,,,,,,,,,,,,,,,,,,,,,,,,,,,,,,,,,,,,,,,,,,,,2.0,2.0,2.0,2
d0rNr_rDAzc,,,,,,,,,,,,,,,,,,,,,,,,,,,,,,,,,,,,,,,,,,,,,,,,,,,,,,,,,,,,,,,,,,,,,,,,,,,,,,,,,,,,,,,,,,,,,,,,,,,,,,,,,,,,,,,,,81.0,86.0,89.0,92
43WPof6Scmw,,,,,,,,,,,,,,,,,,,,,,,,,,,,,,,,,,,,,,,,,,,,,,,,,,,,,,,,,,,,,,,,,,,,,,,,,,,,,,,,,,,,,,,,,,,,,,,,,,,,,,,,,,,,,,,,,527.0,582.0,621.0,638
S-gqL53ys6c,,,,,,,,,,,,,,,,,,,,,,,,,,,,,,,,,,,,,,,,,,,,,,,,,,,,,,,,,,,,,,,,,,,,,,,,,,,,,,,,,,,,,,,,,,,,,,,,,,,,,,,,,,,,,,,,,331.0,332.0,334.0,336
T9OeXyLzZlw,,,,,,,,,,,,,,,,,,,,,,,,,,,,,,,,,,,,,,,,,,,,,,,,,,,,,,,,,,,,,,,,,,,,,,,,,,,,,,,,,,,,,,,,,,,,,,,,,,,,,,,,,,,,,,,,,145.0,145.0,145.0,145
20X2OC0OkbU,,,,,,,,,,,,,,,,,,,,,,,,,,,,,,,,,,,,,,,,,,,,,,,,,,,,,,,,,,,,,,,,,,,,,,,,,,,,,,,,,,,,,,,,,,,,,,,,,,,,,,,,,,,,,,,,,6.0,6.0,6.0,6
-XCN1YYLXss,,,,,,,,,,,,,,,,,,,,,,,,,,,,,,,,,,,,,,,,,,,,,,,,,,,,,,,,,,,,,,,,,,,,,,,,,,,,,,,,,,,,,,,,,,,,,,,,,,,,,,,,,,,,,,,,,556.0,576.0,583.0,591
KyK5hMq97tY,,,,,,,,,,,,,,,,,,,,,,,,,,,,,,,,,,,,,,,,,,,,,,,,,,,,,,,,,,,,,,,,,,,,,,,,,,,,,,,,,,,,,,,,,,,,,,,,,,,,,,,,,,,,,,,,,3.0,3.0,3.0,3
Y7ttKwp76Dg,,,,,,,,,,,,,,,,,,,,,,,,,,,,,,,,,,,,,,,,,,,,,,,,,,,,,,,,,,,,,,,,,,,,,,,,,,,,,,,,,,,,,,,,,,,,,,,,,,,,,,,,,,,,,,,,,27.0,34.0,37.0,38
zkYeq7V30Pg,,,,,,,,,,,,,,,,,,,,,,,,,,,,,,,,,,,,,,,,,,,,,,,,,,,,,,,,,,,,,,,,,,,,,,,,,,,,,,,,,,,,,,,,,,,,,,,,,,,,,,,,,,,,,,,,,116.0,135.0,140.0,141
DaI8s1s3phM,,,,,,,,,,,,,,,,,,,,,,,,,,,,,,,,,,,,,,,,,,,,,,,,,,,,,,,,,,,,,,,,,,,,,,,,,,,,,,,,,,,,,,,,,,,,,,,,,,,,,,,,,,,,,,,,,10.0,10.0,10.0,10
AJjVSg4Y7r4,,,,,,,,,,,,,,,,,,,,,,,,,,,,,,,,,,,,,,,,,,,,,,,,,,,,,,,,,,,,,,,,,,,,,,,,,,,,,,,,,,,,,,,,,,,,,,,,,,,,,,,,,,,,,,,,,2.0,8.0,10.0,11
mOH1A0zZI2Y,,,,,,,,,,,,,,,,,,,,,,,,,,,,,,,,,,,,,,,,,,,,,,,,,,,,,,,,,,,,,,,,,,,,,,,,,,,,,,,,,,,,,,,,,,,,,,,,,,,,,,,,,,,,,,,,,332.0,445.0,516.0,559
HosGMY8IcGk,,,,,,,,,,,,,,,,,,,,,,,,,,,,,,,,,,,,,,,,,,,,,,,,,,,,,,,,,,,,,,,,,,,,,,,,,,,,,,,,,,,,,,,,,,,,,,,,,,,,,,,,,,,,,,,,,,14.0,30.0,31
zpEcTuch36g,,,,,,,,,,,,,,,,,,,,,,,,,,,,,,,,,,,,,,,,,,,,,,,,,,,,,,,,,,,,,,,,,,,,,,,,,,,,,,,,,,,,,,,,,,,,,,,,,,,,,,,,,,,,,,,,,,110.0,153.0,167
j1ppbHUneEk,,,,,,,,,,,,,,,,,,,,,,,,,,,,,,,,,,,,,,,,,,,,,,,,,,,,,,,,,,,,,,,,,,,,,,,,,,,,,,,,,,,,,,,,,,,,,,,,,,,,,,,,,,,,,,,,,,64.0,125.0,142
TUlXhDrkb0M,,,,,,,,,,,,,,,,,,,,,,,,,,,,,,,,,,,,,,,,,,,,,,,,,,,,,,,,,,,,,,,,,,,,,,,,,,,,,,,,,,,,,,,,,,,,,,,,,,,,,,,,,,,,,,,,,,,0.0,0
fDiGKBjGT1c,,,,,,,,,,,,,,,,,,,,,,,,,,,,,,,,,,,,,,,,,,,,,,,,,,,,,,,,,,,,,,,,,,,,,,,,,,,,,,,,,,,,,,,,,,,,,,,,,,,,,,,,,,,,,,,,,,,4.0,6
DaXX_2Eg08Q,,,,,,,,,,,,,,,,,,,,,,,,,,,,,,,,,,,,,,,,,,,,,,,,,,,,,,,,,,,,,,,,,,,,,,,,,,,,,,,,,,,,,,,,,,,,,,,,,,,,,,,,,,,,,,,,,,,23.0,26
JysxamgACVo,,,,,,,,,,,,,,,,,,,,,,,,,,,,,,,,,,,,,,,,,,,,,,,,,,,,,,,,,,,,,,,,,,,,,,,,,,,,,,,,,,,,,,,,,,,,,,,,,,,,,,,,,,,,,,,,,,,0.0,0
z0Mgn0b5VfM,,,,,,,,,,,,,,,,,,,,,,,,,,,,,,,,,,,,,,,,,,,,,,,,,,,,,,,,,,,,,,,,,,,,,,,,,,,,,,,,,,,,,,,,,,,,,,,,,,,,,,,,,,,,,,,,,,,0.0,0
eQtMa9xjCo8,,,,,,,,,,,,,,,,,,,,,,,,,,,,,,,,,,,,,,,,,,,,,,,,,,,,,,,,,,,,,,,,,,,,,,,,,,,,,,,,,,,,,,,,,,,,,,,,,,,,,,,,,,,,,,,,,,,45.0,54
dUbylctYQXg,,,,,,,,,,,,,,,,,,,,,,,,,,,,,,,,,,,,,,,,,,,,,,,,,,,,,,,,,,,,,,,,,,,,,,,,,,,,,,,,,,,,,,,,,,,,,,,,,,,,,,,,,,,,,,,,,,,0.0,0
pG3gGw8qmhY,,,,,,,,,,,,,,,,,,,,,,,,,,,,,,,,,,,,,,,,,,,,,,,,,,,,,,,,,,,,,,,,,,,,,,,,,,,,,,,,,,,,,,,,,,,,,,,,,,,,,,,,,,,,,,,,,,,37.0,46
vWENZpk7dno,,,,,,,,,,,,,,,,,,,,,,,,,,,,,,,,,,,,,,,,,,,,,,,,,,,,,,,,,,,,,,,,,,,,,,,,,,,,,,,,,,,,,,,,,,,,,,,,,,,,,,,,,,,,,,,,,,,0.0,1
smdAFbNOh4Q,,,,,,,,,,,,,,,,,,,,,,,,,,,,,,,,,,,,,,,,,,,,,,,,,,,,,,,,,,,,,,,,,,,,,,,,,,,,,,,,,,,,,,,,,,,,,,,,,,,,,,,,,,,,,,,,,,,10.0,12
MiO16KlMPaU,,,,,,,,,,,,,,,,,,,,,,,,,,,,,,,,,,,,,,,,,,,,,,,,,,,,,,,,,,,,,,,,,,,,,,,,,,,,,,,,,,,,,,,,,,,,,,,,,,,,,,,,,,,,,,,,,,,,3878
9VH0hLImWjY,,,,,,,,,,,,,,,,,,,,,,,,,,,,,,,,,,,,,,,,,,,,,,,,,,,,,,,,,,,,,,,,,,,,,,,,,,,,,,,,,,,,,,,,,,,,,,,,,,,,,,,,,,,,,,,,,,,,1803
A8d2Gx91zwk,,,,,,,,,,,,,,,,,,,,,,,,,,,,,,,,,,,,,,,,,,,,,,,,,,,,,,,,,,,,,,,,,,,,,,,,,,,,,,,,,,,,,,,,,,,,,,,,,,,,,,,,,,,,,,,,,,,,1932
PIgmxjozeCU,,,,,,,,,,,,,,,,,,,,,,,,,,,,,,,,,,,,,,,,,,,,,,,,,,,,,,,,,,,,,,,,,,,,,,,,,,,,,,,,,,,,,,,,,,,,,,,,,,,,,,,,,,,,,,,,,,,,4836
NsYJjBCPe0A,,,,,,,,,,,,,,,,,,,,,,,,,,,,,,,,,,,,,,,,,,,,,,,,,,,,,,,,,,,,,,,,,,,,,,,,,,,,,,,,,,,,,,,,,,,,,,,,,,,,,,,,,,,,,,,,,,,,126
ZSJamnmheuQ,,,,,,,,,,,,,,,,,,,,,,,,,,,,,,,,,,,,,,,,,,,,,,,,,,,,,,,,,,,,,,,,,,,,,,,,,,,,,,,,,,,,,,,,,,,,,,,,,,,,,,,,,,,,,,,,,,,,164
hG7CgHP6NdI,,,,,,,,,,,,,,,,,,,,,,,,,,,,,,,,,,,,,,,,,,,,,,,,,,,,,,,,,,,,,,,,,,,,,,,,,,,,,,,,,,,,,,,,,,,,,,,,,,,,,,,,,,,,,,,,,,,,9
k3TODjcAKyU,,,,,,,,,,,,,,,,,,,,,,,,,,,,,,,,,,,,,,,,,,,,,,,,,,,,,,,,,,,,,,,,,,,,,,,,,,,,,,,,,,,,,,,,,,,,,,,,,,,,,,,,,,,,,,,,,,,,0
5Qiv8xGkxP8,,,,,,,,,,,,,,,,,,,,,,,,,,,,,,,,,,,,,,,,,,,,,,,,,,,,,,,,,,,,,,,,,,,,,,,,,,,,,,,,,,,,,,,,,,,,,,,,,,,,,,,,,,,,,,,,,,,,253
