Video link,260101,260102,260103,260104,260105,260106,260107,260108,260109,260110,260111,260112,260113,260114,260115,260116,260117,260118,260119,260120,260121,260122,260123,260124,260125,260126,260127,260128,260129,260130,260131,260201,260202,260203,260204,260205,260206,260207,260208,260209,260210,260211,260212,260213,260214,260215,260216,260217,260218,260219,260220,260221,260222,260223,260224,260225,260226,260227,260228,260301,260302,260303,260304,260305,260306,260307,260308,260309,260310,260311,260312,260313,260314,260315,260317,260318,260319,260320,260321,260322,260323,260324,260325,260326,260327,260328,260329,260330,260331,260401,260402,260403,260404,260405,260406,260407,260408,260409,260410,260411,260412,260413,260414,260415,260416,260417,260418,260419,260420,260421,260422,260423,260424,260425,260426,260427,260428,260429,260430,260501,260502,260503,260504,260505,260506,260507,260508,260509,260510,260511,260512,260513,260514,260515,260516,260517,260518
ZZIKS6NIMHo,61630.0,62393.0,63101.0,63737.0,64538.0,65393.0,66406.0,67434.0,69643.0,72291.0,73426.0,74038.0,74457.0,74763.0,75219.0,75893.0,76766.0,77259.0,77816.0,78212.0,78607.0,78960.0,79161.0,79395.0,79580.0,79746.0,79932.0,80209.0,80429.0,80676.0,80891.0,81044.0,81188.0,81344.0,81510.0,81676.0,81785.0,81881.0,82008.0,82080.0,82149.0,82220.0,82282.0,82344.0,82428.0,82475.0,82536.0,82585.0,82633.0,82690.0,82736.0,82817.0,82871.0,,83001.0,83070.0,83138.0,83190.0,83242.0,83314.0,83368.0,83416.0,83449.0,83482.0,83512.0,83546.0,83569.0,83585.0,83618.0,83635.0,83650.0,83677.0,83727.0,83774.0,83855.0,83891.0,83934.0,83969.0,84016.0,84040.0,84066.0,84079.0,84098.0,84116.0,84143.0,84169.0,84200.0,84215.0,84244.0,84270.0,84295.0,84318.0,84337.0,84380.0,84408.0,84422.0,84440.0,84456.0,84472.0,84512.0,84543.0,84557.0,84568.0,84587.0,84610.0,84630.0,84660.0,84704.0,84725.0,84739.0,84750.0,84768.0,84793.0,84813.0,84836.0,84856.0,84866.0,84889.0,84892.0,84909.0,84920.0,84932.0,84947.0,84958.0,84973.0,84982.0,84985.0,84998.0,85025.0,85055.0,85071.0,85084.0,85106.0,85117.0,85140.0,85153.0,85167
No2UhSOp8aM,233668.0,235125.0,236323.0,237351.0,238505.0,239525.0,240361.0,241050.0,241708.0,242421.0,242903.0,243604.0,244238.0,244768.0,245380.0,245915.0,246355.0,246803.0,247212.0,247695.0,248120.0,248431.0,248805.0,249241.0,249615.0,250053.0,250479.0,250840.0,251224.0,251563.0,251801.0,252080.0,252391.0,252779.0,253103.0,253375.0,253732.0,254027.0,254287.0,254534.0,254784.0,255053.0,255302.0,255529.0,255801.0,256050.0,256287.0,256570.0,256835.0,257099.0,257362.0,257601.0,257819.0,,258244.0,258434.0,258730.0,258967.0,259146.0,259396.0,259593.0,259769.0,260011.0,260202.0,260373.0,260554.0,260733.0,260897.0,261070.0,261262.0,261422.0,261572.0,261788.0,261984.0,262384.0,262550.0,262752.0,262968.0,263187.0,263515.0,263728.0,263957.0,264181.0,264460.0,264714.0,264924.0,265158.0,265385.0,265656.0,265884.0,266104.0,266328.0,266593.0,266833.0,267049.0,267230.0,267400.0,267614.0,267886.0,268160.0,268387.0,268591.0,268830.0,269058.0,269297.0,269527.0,269778.0,269973.0,270216.0,270413.0,270625.0,270808.0,270970.0,271108.0,271242.0,271367.0,271459.0,271546.0,271624.0,271715.0,271762.0,271810.0,271870.0,271930.0,271978.0,272039.0,272079.0,272123.0,272176.0,272215.0,272252.0,272298.0,272339.0,272385.0,272437.0,272488.0,272519
eDSb9J1DJKc,1074235.0,1080870.0,1088454.0,1095703.0,1102763.0,1110633.0,1117428.0,1123387.0,1128944.0,1134736.0,1140148.0,1145304.0,1150441.0,1154395.0,1158441.0,1162559.0,1165818.0,1168909.0,1171823.0,1174629.0,1177232.0,1179803.0,1182409.0,1184752.0,1187043.0,1189394.0,1191652.0,1193664.0,1195728.0,1197666.0,1199452.0,1201096.0,1202709.0,1204244.0,1205888.0,1207423.0,1209206.0,1210858.0,1212202.0,1213607.0,1215259.0,1216756.0,1218210.0,1219374.0,1220492.0,1221555.0,1222532.0,1223594.0,1224529.0,1225439.0,1226406.0,1227392.0,1228236.0,,1230213.0,1231109.0,1232039.0,1232915.0,1233771.0,1234495.0,1235240.0,1236061.0,1236823.0,1237526.0,1238236.0,1238909.0,1239642.0,1240274.0,1240973.0,1241645.0,1242398.0,1243063.0,1243768.0,1244350.0,1245597.0,1246324.0,1246923.0,1247622.0,1248263.0,1248839.0,1249469.0,1250014.0,1250552.0,1251077.0,1251650.0,1252198.0,1252684.0,1253169.0,1253751.0,1254294.0,1254721.0,1255222.0,1255802.0,1256352.0,1256801.0,1257333.0,1257847.0,1258372.0,1258847.0,1259401.0,1259860.0,1260302.0,1260827.0,1261285.0,1261756.0,1262205.0,1262674.0,1263108.0,1263518.0,1263970.0,1264313.0,1264704.0,1265051.0,1265374.0,1265681.0,1265994.0,1266341.0,1266677.0,1267066.0,1267505.0,1267941.0,1268312.0,1268649.0,1269067.0,1269415.0,1269766.0,1270138.0,1270481.0,1270849.0,1271195.0,1271572.0,1271903.0,1272212.0,1272522.0,1272882.0,1273195.0,1273525
_LGkbAg-4oo,1219.0,1388.0,1579.0,1763.0,1852.0,1912.0,2004.0,2060.0,2094.0,2107.0,2127.0,2138.0,2146.0,2151.0,2161.0,2167.0,2168.0,2173.0,2176.0,2178.0,2181.0,2185.0,2187.0,2189.0,2192.0,2193.0,2196.0,2197.0,2198.0,2198.0,2200.0,2200.0,2205.0,2207.0,2219.0,2225.0,2230.0,2236.0,2239.0,2240.0,2242.0,2248.0,2248.0,2251.0,2253.0,2256.0,2257.0,2256.0,2258.0,2258.0,2260.0,2262.0,2267.0,,2270.0,2270.0,2272.0,2272.0,2275.0,2275.0,2276.0,2276.0,2281.0,2281.0,2282.0,2282.0,2284.0,2284.0,2285.0,2286.0,2291.0,2291.0,2292.0,2292.0,2294.0,2294.0,2294.0,2296.0,2316.0,2319.0,2320.0,2320.0,2324.0,2331.0,2333.0,2336.0,2337.0,2338.0,2338.0,2338.0,2339.0,2339.0,2341.0,2342.0,2345.0,2350.0,2350.0,2352.0,2353.0,2354.0,2354.0,2355.0,2356.0,2356.0,2356.0,2358.0,2358.0,2359.0,2359.0,2359.0,2361.0,2363.0,2367.0,2368.0,2369.0,2369.0,2369.0,2369.0,2371.0,2372.0,2372.0,2373.0,2374.0,2374.0,2374.0,2374.0,2375.0,2376.0,2376.0,2376.0,2378.0,2378.0,2378.0,2379.0,2383.0,2383.0,2383
aLBo0oJqBXI,9929208.0,9962372.0,10014580.0,10049586.0,10083184.0,10116366.0,10148871.0,10180238.0,10210625.0,10241199.0,10269640.0,10318413.0,10364926.0,10396445.0,10424352.0,10454658.0,10481881.0,10506681.0,10527301.0,10547744.0,10565993.0,10583764.0,10602767.0,10623614.0,10644578.0,10663435.0,10681394.0,10697052.0,10712447.0,10727748.0,10743071.0,10757530.0,10771659.0,10785404.0,10799176.0,10812190.0,10824885.0,10837595.0,10849909.0,10861210.0,10872503.0,10883715.0,10894637.0,10905752.0,10917631.0,10928981.0,10939290.0,10948874.0,10958219.0,10967713.0,10977381.0,10987343.0,10997128.0,,11016447.0,11025613.0,11034394.0,11042698.0,11051393.0,11059800.0,11067584.0,11074805.0,11081931.0,11089374.0,11096498.0,11103997.0,11111361.0,11118292.0,11125298.0,11132413.0,11139471.0,11146861.0,11155111.0,11163100.0,11180112.0,11188422.0,11196917.0,11205402.0,11213725.0,11221719.0,11229643.0,11237472.0,11245115.0,11252668.0,11260152.0,11267714.0,11274549.0,11281858.0,11288990.0,11295784.0,11302491.0,11308770.0,11315146.0,11321812.0,11328295.0,11334411.0,11340285.0,11346332.0,11351978.0,11358018.0,11364316.0,11369851.0,11375010.0,11380169.0,11385247.0,11390225.0,11395803.0,11401166.0,11405907.0,11410511.0,11414974.0,11419590.0,11424185.0,11428981.0,11433719.0,11438174.0,11442651.0,11447380.0,11451793.0,11456465.0,11461407.0,11466363.0,11471184.0,11475868.0,11480316.0,11484647.0,11489012.0,11494103.0,11499616.0,11504868.0,11509772.0,11514703.0,11519480.0,11524464.0,11529968.0,11535217.0,11540333
VW7jSCsuWCI,151972.0,153262.0,154283.0,155163.0,156617.0,157454.0,157948.0,158361.0,158679.0,158919.0,159123.0,159312.0,159476.0,159627.0,159756.0,159882.0,159975.0,160057.0,160137.0,160280.0,160433.0,160498.0,160600.0,160677.0,160739.0,160802.0,160830.0,160891.0,160935.0,160973.0,161010.0,161051.0,161092.0,161139.0,161163.0,161187.0,161217.0,161238.0,161267.0,161289.0,161319.0,161339.0,161363.0,161394.0,161413.0,161429.0,161437.0,161461.0,161476.0,161493.0,161517.0,161593.0,161614.0,,161680.0,161711.0,161739.0,161765.0,161793.0,161807.0,161830.0,161864.0,161884.0,161900.0,161924.0,161936.0,161954.0,161979.0,161992.0,162002.0,162013.0,162032.0,162051.0,162070.0,162146.0,162168.0,162179.0,162195.0,162218.0,162234.0,162241.0,162258.0,162271.0,162285.0,162305.0,162317.0,162325.0,162344.0,162355.0,162363.0,162414.0,162437.0,162463.0,162472.0,162481.0,162494.0,162507.0,162514.0,162524.0,162538.0,162551.0,162574.0,162597.0,162613.0,162624.0,162647.0,162665.0,162694.0,162708.0,162727.0,162742.0,162757.0,162772.0,162784.0,162799.0,162809.0,162831.0,162839.0,162850.0,162871.0,162879.0,162891.0,162908.0,162921.0,162929.0,162946.0,162961.0,162980.0,162984.0,162993.0,163008.0,163018.0,163039.0,163069.0,163091.0,163122.0,163146
AoC7BBs_l6g,5714.0,5854.0,5989.0,6097.0,6198.0,6318.0,6438.0,6581.0,6690.0,6857.0,6994.0,7171.0,7430.0,7824.0,8514.0,8844.0,8970.0,9070.0,9117.0,9153.0,9179.0,9197.0,9207.0,9218.0,9225.0,9235.0,9245.0,9257.0,9267.0,9274.0,9284.0,9288.0,9292.0,9295.0,9297.0,9302.0,9307.0,9316.0,9323.0,9327.0,9332.0,9336.0,9341.0,9347.0,9353.0,9355.0,9359.0,9361.0,9364.0,9367.0,9371.0,9388.0,9396.0,,9410.0,9410.0,9418.0,9424.0,9425.0,9428.0,9429.0,9430.0,9433.0,9436.0,9436.0,9439.0,9444.0,9447.0,9451.0,9457.0,9460.0,9463.0,9468.0,9473.0,9489.0,9491.0,9496.0,9499.0,9505.0,9507.0,9509.0,9513.0,9519.0,9522.0,9523.0,9527.0,9529.0,9533.0,9536.0,9537.0,9545.0,9551.0,9557.0,9562.0,9566.0,9567.0,9577.0,9578.0,9582.0,9583.0,9585.0,9587.0,9589.0,9590.0,9591.0,9598.0,9598.0,9602.0,9604.0,9604.0,9609.0,9613.0,9619.0,9621.0,9626.0,9632.0,9639.0,9643.0,9645.0,9647.0,9653.0,9659.0,9667.0,9669.0,9672.0,9672.0,9674.0,9677.0,9677.0,9678.0,9680.0,9681.0,9682.0,9684.0,9685.0,9688.0,9691
YgwGBgZEKaM,53755.0,260043.0,428179.0,598000.0,620260.0,630240.0,641207.0,652108.0,661471.0,668368.0,673044.0,678098.0,682477.0,686296.0,689634.0,693146.0,695600.0,697683.0,700009.0,702161.0,704235.0,706336.0,708288.0,709945.0,711484.0,713369.0,715021.0,716706.0,718337.0,720081.0,721536.0,722919.0,724461.0,725980.0,727603.0,729141.0,730743.0,731993.0,733141.0,734365.0,735641.0,736977.0,738314.0,739731.0,740901.0,742012.0,742936.0,744079.0,745036.0,745947.0,746920.0,747681.0,748540.0,,750425.0,751620.0,752732.0,753703.0,754548.0,755389.0,756451.0,757553.0,758494.0,759676.0,760928.0,762137.0,763137.0,764269.0,765437.0,766517.0,767579.0,768704.0,769657.0,770469.0,772504.0,773488.0,774493.0,775411.0,776277.0,777068.0,778056.0,779156.0,780093.0,781080.0,781987.0,782775.0,783488.0,784326.0,785328.0,786210.0,787087.0,787919.0,788587.0,789221.0,789994.0,790821.0,791737.0,792763.0,793647.0,794501.0,795292.0,796185.0,796945.0,797809.0,798611.0,799332.0,800081.0,800751.0,801580.0,802411.0,803253.0,804159.0,804879.0,805539.0,806163.0,806917.0,807666.0,808461.0,809181.0,809787.0,810427.0,811125.0,811873.0,812693.0,813389.0,814075.0,814828.0,815581.0,816258.0,816936.0,817570.0,818215.0,818859.0,819548.0,820132.0,820695.0,821386
YgwGBgZEKaM,53755.0,260043.0,428179.0,598000.0,620260.0,630240.0,641207.0,652108.0,661471.0,668368.0,673044.0,678098.0,682477.0,686296.0,689634.0,693146.0,695600.0,697683.0,700009.0,702161.0,704235.0,706336.0,708288.0,709945.0,711484.0,713369.0,715021.0,716706.0,718337.0,720081.0,721536.0,722919.0,724461.0,725980.0,727603.0,729141.0,730743.0,731993.0,733141.0,734365.0,735629.0,736977.0,738314.0,739731.0,740901.0,742012.0,742936.0,744079.0,745036.0,745947.0,746920.0,747702.0,748540.0,,750425.0,751620.0,752732.0,753703.0,754548.0,755389.0,756531.0,757553.0,758494.0,759676.0,760928.0,762137.0,763137.0,764269.0,765437.0,766517.0,767579.0,768704.0,769657.0,770469.0,772504.0,773488.0,774493.0,775411.0,776277.0,777068.0,778056.0,779156.0,780093.0,781080.0,781987.0,782775.0,783488.0,784326.0,785328.0,786210.0,787087.0,787919.0,788587.0,789221.0,789994.0,790821.0,791737.0,792763.0,793647.0,794501.0,795292.0,796185.0,796945.0,797809.0,798611.0,799332.0,800081.0,800751.0,801580.0,802411.0,803253.0,804159.0,804879.0,805539.0,806163.0,806917.0,807666.0,808461.0,809181.0,809777.0,810427.0,811125.0,811873.0,812693.0,813389.0,814075.0,814828.0,815581.0,816234.0,816936.0,817570.0,818215.0,818859.0,819548.0,820132.0,820722.0,821386
blYK_tKXn9E,527156.0,530850.0,534368.0,537543.0,540497.0,544130.0,548342.0,552666.0,555033.0,556820.0,558800.0,564467.0,568120.0,569809.0,571513.0,573118.0,574124.0,574993.0,575839.0,576388.0,576774.0,577217.0,577889.0,578462.0,578893.0,579248.0,579578.0,579886.0,580189.0,580510.0,580850.0,581203.0,581491.0,581747.0,581998.0,582198.0,582424.0,582661.0,582867.0,583061.0,583260.0,583450.0,583617.0,583738.0,583915.0,584114.0,584310.0,584477.0,584666.0,584835.0,584983.0,585152.0,585291.0,,585593.0,585737.0,585867.0,585963.0,586121.0,586264.0,586399.0,586540.0,586688.0,586841.0,586975.0,587133.0,587302.0,587458.0,587600.0,587702.0,587821.0,587939.0,588106.0,588264.0,588544.0,588701.0,588856.0,589013.0,589197.0,589396.0,589553.0,589698.0,589862.0,589976.0,590096.0,590232.0,590375.0,590513.0,590627.0,590742.0,590870.0,591020.0,591155.0,591265.0,591359.0,591471.0,591575.0,591670.0,591772.0,591878.0,592013.0,592123.0,592226.0,592344.0,592443.0,592702.0,595460.0,596662.0,597197.0,597521.0,597820.0,598078.0,598241.0,598384.0,598543.0,598679.0,598775.0,598911.0,599052.0,599193.0,599298.0,599441.0,599577.0,599685.0,599778.0,599855.0,599928.0,600053.0,600146.0,600228.0,600315.0,600414.0,600480.0,600571.0,600665.0,600743.0,600827
OCfFVUySdYw,1520620.0,1552330.0,1605803.0,1640140.0,1666562.0,1690276.0,1711962.0,1733801.0,1768569.0,1796519.0,1819098.0,1835901.0,1851716.0,1868502.0,1889738.0,1943965.0,1980307.0,2003477.0,2019422.0,2031610.0,2041671.0,2050856.0,2058889.0,2066694.0,2074426.0,2080462.0,2085839.0,2090905.0,2095775.0,2100612.0,2105686.0,2110268.0,2114170.0,2117590.0,2120869.0,2124235.0,2127789.0,2131887.0,2136165.0,2139475.0,2142445.0,2145310.0,2148376.0,2151450.0,2154676.0,2157859.0,2159627.0,2161348.0,2162883.0,2164411.0,2165879.0,2167385.0,2168859.0,,2171433.0,2172641.0,2173862.0,2174986.0,2176304.0,2177651.0,2178947.0,2180139.0,2181255.0,2182338.0,2183444.0,2184696.0,2186053.0,2187161.0,2188429.0,2190270.0,2191920.0,2193410.0,2195038.0,2196989.0,2200068.0,2201551.0,2203025.0,2204606.0,2205972.0,2207265.0,2208497.0,2209622.0,2210677.0,2211732.0,2212814.0,2213985.0,2215143.0,2216249.0,2217304.0,2218469.0,2219535.0,2220610.0,2221569.0,2222643.0,2223652.0,2224578.0,2225496.0,2226395.0,2227337.0,2228370.0,2229335.0,2230148.0,2231022.0,2231817.0,2232657.0,2233461.0,2234342.0,2235257.0,2236075.0,2236822.0,2237522.0,2238250.0,2238942.0,2239713.0,2240593.0,2241302.0,2242021.0,2242559.0,2243254.0,2243932.0,2244794.0,2245629.0,2246430.0,2247091.0,2247745.0,2248384.0,2249120.0,2249759.0,2250350.0,2250964.0,2251589.0,2252220.0,2252888.0,2253572.0,2254278.0,2255072.0,2255855
7hTbNeHqGD8,12418490.0,12451822.0,12485028.0,12516646.0,12552039.0,12586076.0,12619337.0,12650749.0,12682619.0,12711039.0,12739274.0,12773398.0,12804780.0,12833455.0,12865084.0,12893515.0,12919547.0,12956884.0,13039458.0,13164215.0,13241393.0,13305494.0,13357584.0,13400860.0,13439868.0,13477319.0,13509345.0,13539495.0,13568939.0,13594959.0,13618261.0,13640413.0,13664643.0,13687521.0,13709002.0,13730173.0,13750574.0,13768809.0,13785775.0,13803396.0,13821014.0,13837693.0,13853837.0,13868989.0,13883453.0,13896832.0,13910937.0,13924401.0,13937998.0,13951037.0,13964233.0,13976780.0,13987931.0,,14013915.0,14026991.0,14039367.0,14054226.0,14067851.0,14080137.0,14093950.0,14106551.0,14118737.0,14131280.0,14143377.0,14153915.0,14163639.0,14174148.0,14184700.0,14194970.0,14205818.0,14216878.0,14226718.0,14235994.0,14256710.0,14266433.0,14275917.0,14285567.0,14293813.0,14302855.0,14312573.0,14322509.0,14332634.0,14342631.0,14352085.0,14361298.0,14369631.0,14379723.0,14390472.0,14400816.0,14410490.0,14419565.0,14429731.0,14439700.0,14450118.0,14460650.0,14471509.0,14481737.0,14491910.0,14501198.0,14510092.0,14520695.0,14529885.0,14539548.0,14548719.0,14557622.0,14565304.0,14572392.0,14580319.0,14588328.0,14596065.0,14604282.0,14612163.0,14619311.0,14625866.0,14633940.0,14642276.0,14650575.0,14658504.0,14665487.0,14672289.0,14678883.0,14686143.0,14693651.0,14700990.0,14708742.0,14716156.0,14723120.0,14729471.0,14737678.0,14746057.0,14754382.0,14761803.0,14769491.0,14776438.0,14783106.0,14791283
QjMGurFjvT4,6780.0,7113.0,7453.0,7717.0,7916.0,8019.0,8084.0,8149.0,8206.0,8247.0,8280.0,8320.0,8343.0,8354.0,8371.0,8386.0,8400.0,8424.0,8437.0,8446.0,8458.0,8466.0,8471.0,8479.0,8487.0,8495.0,8507.0,8515.0,8524.0,8531.0,8539.0,8551.0,8562.0,8568.0,8574.0,8580.0,8598.0,8607.0,8617.0,8627.0,8636.0,8645.0,8656.0,8661.0,8669.0,8678.0,8688.0,8692.0,8703.0,8710.0,8720.0,8731.0,8741.0,,8749.0,8751.0,8758.0,8761.0,8764.0,8772.0,8780.0,8786.0,8795.0,8801.0,8817.0,8823.0,8837.0,8846.0,8851.0,8856.0,8861.0,8871.0,8874.0,8882.0,8890.0,8894.0,8899.0,8911.0,8926.0,8933.0,8936.0,8946.0,8956.0,8963.0,8971.0,8974.0,8979.0,8986.0,8991.0,8999.0,9003.0,9009.0,9014.0,9021.0,9025.0,9030.0,9037.0,9044.0,9047.0,9052.0,9057.0,9066.0,9072.0,9078.0,9080.0,9084.0,9090.0,9093.0,9096.0,9104.0,9110.0,9114.0,9116.0,9121.0,9123.0,9129.0,9136.0,9140.0,9143.0,9147.0,9150.0,9152.0,9152.0,9157.0,9157.0,9161.0,9164.0,9168.0,9173.0,9179.0,9183.0,9190.0,9192.0,9198.0,9205.0,9207.0,9215
cC-6G5daQBo,92475.0,93533.0,94630.0,95702.0,97372.0,98866.0,100094.0,101402.0,102599.0,103900.0,105270.0,107698.0,111661.0,113603.0,115517.0,116817.0,118120.0,119327.0,120111.0,121243.0,122206.0,122720.0,123412.0,124055.0,124640.0,125176.0,125827.0,126340.0,126810.0,127188.0,127678.0,128109.0,128522.0,129071.0,129492.0,129917.0,130251.0,130700.0,131124.0,131486.0,131906.0,132290.0,132627.0,132872.0,133178.0,133460.0,133719.0,134113.0,134605.0,134848.0,135079.0,135490.0,135787.0,,136407.0,136696.0,136944.0,137090.0,137347.0,137546.0,137751.0,138078.0,138322.0,138575.0,138755.0,138935.0,139152.0,139297.0,139537.0,139703.0,139854.0,140058.0,140243.0,140424.0,140826.0,141015.0,141175.0,141340.0,141516.0,141643.0,141810.0,142033.0,142253.0,142417.0,142582.0,142764.0,142906.0,143069.0,143284.0,143465.0,143577.0,143741.0,143911.0,144089.0,144224.0,144370.0,144479.0,144590.0,144668.0,144783.0,144900.0,144958.0,145035.0,145098.0,145168.0,145224.0,145305.0,145386.0,145475.0,145539.0,145591.0,145678.0,145722.0,145792.0,145878.0,145941.0,145983.0,146057.0,146121.0,146161.0,146213.0,146270.0,146321.0,146379.0,146439.0,146487.0,146528.0,146579.0,146640.0,146692.0,146731.0,146777.0,146847.0,146899.0,146966.0,147020.0,147078
Mxp_q_RBCXE,3196.0,476150.0,1067341.0,1441047.0,1773183.0,2102169.0,2417094.0,2735471.0,3073632.0,3436303.0,3805585.0,4137604.0,4467256.0,4775472.0,5114652.0,5444183.0,5780592.0,6113866.0,6397856.0,6684883.0,6968129.0,7238268.0,7510929.0,7805494.0,8094419.0,8356429.0,8617850.0,8890882.0,9175356.0,9462776.0,9785571.0,10091378.0,10376391.0,10655866.0,10943485.0,11235503.0,11544611.0,11878137.0,12203751.0,12477228.0,12731423.0,12982058.0,13234910.0,13495018.0,13795198.0,14085655.0,14341287.0,14594082.0,14831624.0,15069050.0,15315464.0,15580057.0,15839209.0,,16288805.0,16507418.0,16732410.0,16957116.0,17203901.0,17448689.0,17657226.0,17847117.0,18044468.0,18238328.0,18430980.0,18644502.0,18852619.0,19025121.0,19175476.0,19330372.0,19486031.0,19649578.0,19843982.0,20034565.0,20364350.0,20525460.0,20694443.0,20865857.0,21058192.0,21254523.0,21431856.0,21602360.0,21768474.0,21936764.0,22106839.0,22298279.0,22472882.0,22634755.0,22791229.0,22954765.0,23124989.0,23303457.0,23488616.0,23670844.0,23834222.0,23996333.0,24156951.0,24325022.0,24502454.0,24684867.0,24876066.0,25063661.0,25230901.0,25396794.0,25565794.0,25740621.0,25928477.0,26113698.0,26274699.0,26424600.0,26572957.0,26721496.0,26871502.0,27037078.0,27206787.0,27355518.0,27485572.0,27620873.0,27755070.0,27909531.0,28069674.0,28226460.0,28362979.0,28486450.0,28611942.0,28741238.0,28876027.0,29039228.0,29206705.0,29353447.0,29483533.0,29617371.0,29756976.0,29893447.0,30039486.0,30186878.0,30312789
lRZXbdupH7I,43984.0,45525.0,46999.0,48698.0,49926.0,51090.0,52453.0,54054.0,55485.0,56844.0,58248.0,59564.0,62704.0,65340.0,67698.0,69622.0,71207.0,72931.0,74577.0,75969.0,77357.0,78801.0,80230.0,81523.0,82829.0,83965.0,85155.0,86414.0,87412.0,88250.0,89118.0,89905.0,90624.0,91362.0,91964.0,92557.0,93160.0,93656.0,94175.0,94666.0,95122.0,95624.0,96053.0,96434.0,96857.0,97310.0,97761.0,98216.0,98662.0,99127.0,99692.0,100198.0,100699.0,,101541.0,101933.0,102285.0,102634.0,103014.0,103381.0,103684.0,103969.0,104219.0,104461.0,104697.0,104975.0,105216.0,105461.0,105667.0,105881.0,106100.0,106352.0,106648.0,106928.0,107410.0,107652.0,107894.0,108133.0,108339.0,108591.0,108837.0,109113.0,109402.0,109654.0,109901.0,110193.0,110493.0,110729.0,110939.0,111191.0,111431.0,111774.0,112025.0,112288.0,112544.0,112776.0,113004.0,113193.0,113404.0,113606.0,113840.0,114058.0,114242.0,114450.0,114636.0,114854.0,115117.0,115383.0,115640.0,115902.0,116122.0,116364.0,116552.0,116732.0,116965.0,117151.0,117314.0,117528.0,117741.0,117978.0,118220.0,118403.0,118586.0,118779.0,118960.0,119179.0,119388.0,119580.0,119814.0,120046.0,120261.0,120468.0,120641.0,120792.0,120972.0,121157.0,121352
J1kMnHO8xSk,89722.0,91835.0,94335.0,96414.0,98232.0,100320.0,102812.0,104999.0,105993.0,106209.0,106377.0,106572.0,106699.0,106784.0,106912.0,107066.0,107149.0,107227.0,107309.0,107367.0,107423.0,107470.0,107516.0,107565.0,107610.0,107632.0,107667.0,107695.0,107744.0,107771.0,107801.0,107823.0,107859.0,107910.0,107952.0,108004.0,108062.0,108150.0,108211.0,108260.0,108346.0,108427.0,108474.0,108574.0,108641.0,108727.0,108781.0,108836.0,108871.0,108914.0,108945.0,109001.0,109054.0,,109149.0,109195.0,109251.0,109332.0,109407.0,109464.0,109511.0,109565.0,109624.0,109673.0,109717.0,109759.0,109805.0,109855.0,109888.0,109944.0,109970.0,110007.0,110034.0,110087.0,110184.0,110232.0,110276.0,110316.0,110361.0,110398.0,110422.0,110451.0,110469.0,110494.0,110525.0,110558.0,110576.0,110596.0,110625.0,110648.0,110662.0,110692.0,110712.0,110737.0,110769.0,110795.0,110823.0,110844.0,110867.0,110900.0,110951.0,111028.0,111098.0,111183.0,111267.0,111338.0,111452.0,111560.0,111717.0,111855.0,112087.0,112242.0,112401.0,112632.0,112831.0,113042.0,113382.0,113896.0,114306.0,114548.0,114846.0,114992.0,115260.0,115563.0,115783.0,116128.0,116424.0,116687.0,116984.0,117343.0,117385.0,117389.0,117400.0,117406.0,117418.0,117422.0,117429
ELaFmC2UFzk,370908.0,371304.0,371865.0,372408.0,372910.0,373419.0,373933.0,375413.0,378117.0,381118.0,383945.0,386680.0,389750.0,392515.0,397542.0,404601.0,409428.0,413542.0,417036.0,420369.0,423426.0,426602.0,429420.0,432055.0,434517.0,438601.0,441743.0,444649.0,447402.0,450155.0,452752.0,454853.0,456861.0,459243.0,462710.0,464356.0,465015.0,465656.0,466267.0,466765.0,467203.0,467648.0,467977.0,468429.0,468828.0,469135.0,469355.0,469647.0,469859.0,470075.0,470286.0,470500.0,470734.0,,471117.0,471335.0,471561.0,472015.0,471920.0,472094.0,472270.0,472413.0,472625.0,472771.0,472902.0,473090.0,473250.0,473359.0,473480.0,473607.0,473712.0,473840.0,473980.0,474117.0,474356.0,474483.0,474596.0,474724.0,474857.0,474986.0,475128.0,475287.0,475421.0,475564.0,475697.0,475801.0,475952.0,476082.0,476203.0,476332.0,476442.0,476616.0,476733.0,476851.0,476952.0,477092.0,477215.0,477331.0,477512.0,477648.0,477791.0,477910.0,478030.0,478184.0,478281.0,478386.0,478512.0,478648.0,478756.0,478849.0,479013.0,479191.0,479375.0,479622.0,479826.0,479968.0,480116.0,480284.0,480426.0,480595.0,480760.0,480916.0,481098.0,481222.0,481320.0,481436.0,481550.0,481652.0,481749.0,481875.0,481980.0,482079.0,482178.0,482270.0,482375.0,482502.0,482607
UulR1x4tvZE,529251.0,532290.0,535457.0,539279.0,543360.0,547215.0,551715.0,556852.0,561225.0,565251.0,569571.0,573867.0,578770.0,587511.0,602597.0,610299.0,616686.0,622712.0,628622.0,634426.0,639429.0,644214.0,648562.0,652792.0,656969.0,660909.0,664975.0,668887.0,672705.0,676364.0,680238.0,684134.0,688068.0,691767.0,695364.0,699215.0,702970.0,706379.0,709941.0,713451.0,716820.0,720040.0,723494.0,726676.0,729983.0,733301.0,736817.0,739872.0,743274.0,746684.0,750099.0,753673.0,756785.0,,763191.0,766173.0,768977.0,771691.0,774263.0,776808.0,779289.0,781556.0,783820.0,786282.0,788803.0,791596.0,794127.0,796463.0,798771.0,801262.0,803513.0,805845.0,808238.0,810527.0,814884.0,817042.0,819251.0,821444.0,823528.0,825650.0,827937.0,830237.0,832485.0,834699.0,836970.0,839224.0,841342.0,844257.0,846845.0,849341.0,851918.0,854125.0,856292.0,858451.0,860441.0,862565.0,864611.0,866648.0,868616.0,870838.0,872985.0,876517.0,879098.0,881484.0,883740.0,886123.0,888626.0,890913.0,893384.0,895706.0,897622.0,899345.0,901161.0,902821.0,904692.0,906337.0,907797.0,909503.0,910994.0,912318.0,913695.0,915015.0,916340.0,917676.0,918962.0,920187.0,921513.0,922875.0,924247.0,925579.0,926771.0,927969.0,929092.0,930314.0,931557.0,932779.0,934061
8cEdndsuzSE,21144971.0,21186470.0,21229979.0,21273684.0,21316833.0,21360358.0,21404480.0,21449135.0,21494519.0,21540030.0,21585104.0,21627215.0,21669477.0,21710318.0,21756791.0,21806357.0,21857093.0,21905433.0,21948760.0,21992299.0,22034437.0,22080015.0,22145650.0,22231317.0,22303258.0,22381301.0,22453360.0,22526759.0,22599867.0,22672104.0,22748727.0,22819082.0,22884153.0,22947860.0,23012004.0,23076112.0,23140603.0,23206573.0,23270766.0,23331005.0,23390104.0,23447742.0,23504335.0,23558513.0,23615724.0,23669485.0,23720326.0,23770370.0,23817862.0,23865997.0,23915011.0,23969667.0,24024107.0,,24144230.0,24198887.0,24253387.0,24309029.0,24365654.0,24417685.0,24465516.0,24509154.0,24551776.0,24594167.0,24635619.0,24679789.0,24721642.0,24758422.0,24793407.0,24828500.0,24864498.0,24900704.0,24940369.0,24976894.0,25045189.0,25079429.0,25116730.0,25153991.0,25191124.0,25226714.0,25260066.0,25293575.0,25326952.0,25359464.0,25391745.0,25426093.0,25458550.0,25489320.0,25520315.0,25551590.0,25583274.0,25615499.0,25648499.0,25681530.0,25710423.0,25739983.0,25768628.0,25797492.0,25827377.0,25857595.0,25887236.0,25914672.0,25941106.0,25968264.0,25995951.0,26023890.0,26053739.0,26082358.0,26106232.0,26130337.0,26153232.0,26176288.0,26199485.0,26224201.0,26248438.0,26271363.0,26296038.0,26324519.0,26351926.0,26380959.0,26411241.0,26439364.0,26465083.0,26497004.0,26527138.0,26553997.0,26581317.0,26610222.0,26639232.0,26665193.0,26691239.0,26717390.0,26743576.0,26770868.0,26799152.0,26826868.0,26851755
n71tJihpPHA,11309.0,11677.0,11974.0,12236.0,12806.0,13213.0,13440.0,13583.0,13664.0,13758.0,13808.0,13860.0,13900.0,13947.0,13994.0,14030.0,14076.0,14119.0,14144.0,14177.0,14203.0,14229.0,14252.0,14277.0,14295.0,14318.0,14345.0,14355.0,14365.0,14381.0,14406.0,14427.0,14448.0,14463.0,14481.0,14489.0,14500.0,14509.0,14521.0,14540.0,14550.0,14560.0,14567.0,14572.0,14588.0,14605.0,14617.0,14631.0,14643.0,14648.0,14665.0,14671.0,14683.0,,14698.0,14712.0,14725.0,14727.0,14730.0,14740.0,14751.0,14759.0,14765.0,14772.0,14778.0,14787.0,14795.0,14808.0,14817.0,14824.0,14830.0,14832.0,14835.0,14843.0,14855.0,14860.0,14865.0,14873.0,14878.0,14888.0,14896.0,14898.0,14903.0,14903.0,14908.0,14919.0,14935.0,14940.0,14947.0,14953.0,14958.0,14962.0,14971.0,14973.0,14982.0,14987.0,14992.0,15004.0,15009.0,15014.0,15018.0,15025.0,15029.0,15038.0,15041.0,15046.0,15049.0,15060.0,15069.0,15073.0,15079.0,15085.0,15090.0,15108.0,15119.0,15123.0,15132.0,15141.0,15145.0,15151.0,15160.0,15166.0,15175.0,15177.0,15182.0,15187.0,15196.0,15201.0,15209.0,15213.0,15215.0,15219.0,15226.0,15233.0,15237.0,15240.0,15245
_onCG9RhAIo,,,2251.0,5809.0,7927.0,9451.0,10513.0,11603.0,12892.0,14407.0,15722.0,16443.0,17043.0,17574.0,18081.0,18646.0,19171.0,19828.0,20440.0,21111.0,23626.0,24355.0,24852.0,25171.0,25362.0,25555.0,25705.0,25877.0,26101.0,26212.0,26357.0,26474.0,26585.0,26724.0,26841.0,26951.0,27048.0,27151.0,27265.0,27342.0,27451.0,27546.0,27618.0,27700.0,27782.0,27880.0,27957.0,28043.0,28105.0,28175.0,28246.0,28299.0,28372.0,,28671.0,28771.0,28843.0,28917.0,29002.0,29058.0,29139.0,29200.0,29282.0,29350.0,29411.0,29476.0,29538.0,29607.0,29664.0,29709.0,29749.0,29843.0,29906.0,29950.0,30062.0,30112.0,30183.0,30223.0,30256.0,30304.0,30328.0,30412.0,30480.0,30584.0,30634.0,30689.0,30737.0,30786.0,30837.0,30888.0,30923.0,30973.0,31025.0,31068.0,31132.0,31190.0,31232.0,31268.0,31303.0,31338.0,31370.0,31416.0,31451.0,31495.0,31518.0,31552.0,31583.0,31610.0,31647.0,31678.0,31704.0,31760.0,31804.0,31830.0,31864.0,31893.0,31932.0,31956.0,31983.0,32011.0,32040.0,32077.0,32098.0,32127.0,32156.0,32188.0,32219.0,32247.0,32276.0,32310.0,32350.0,32385.0,32429.0,32465.0,32487.0,32522.0,32560
QFI8C6_STTc,,,841.0,1807.0,2249.0,2565.0,2784.0,3125.0,3748.0,4966.0,5739.0,6115.0,6404.0,6651.0,6930.0,7163.0,7363.0,7566.0,7764.0,7997.0,8203.0,8335.0,8498.0,8782.0,8997.0,9225.0,9432.0,9626.0,9794.0,9968.0,10124.0,10303.0,10457.0,10623.0,10789.0,10922.0,11069.0,11216.0,11367.0,11481.0,11614.0,11725.0,11813.0,11909.0,11979.0,12040.0,12095.0,12160.0,12240.0,12306.0,12398.0,12471.0,12538.0,,12719.0,12796.0,12861.0,12918.0,12991.0,13041.0,13086.0,13146.0,13201.0,13265.0,13341.0,13386.0,13440.0,13497.0,13540.0,13601.0,13637.0,13695.0,13733.0,13764.0,13862.0,13891.0,13922.0,13948.0,14000.0,14051.0,14083.0,14118.0,14171.0,14221.0,14279.0,14331.0,14360.0,14411.0,14457.0,14528.0,14569.0,14619.0,14656.0,14692.0,14732.0,14788.0,14824.0,14868.0,14915.0,14948.0,14981.0,15016.0,15056.0,15115.0,15160.0,15203.0,15254.0,15279.0,15313.0,15350.0,15379.0,15419.0,15458.0,15494.0,15518.0,15554.0,15588.0,15625.0,15647.0,15689.0,15717.0,15751.0,15777.0,15806.0,15845.0,15881.0,15920.0,15958.0,15995.0,16022.0,16087.0,16145.0,16208.0,16260.0,16298.0,16343.0,16381
3Lj1CoLVQbU,,,2549.0,6446.0,8433.0,9498.0,10472.0,11155.0,11772.0,12522.0,13181.0,13662.0,14139.0,14540.0,14980.0,15355.0,15774.0,16274.0,16853.0,17230.0,17518.0,17894.0,18293.0,18817.0,19566.0,20165.0,20743.0,21337.0,21784.0,22288.0,22760.0,23237.0,23756.0,24277.0,24754.0,25192.0,25640.0,26165.0,26700.0,27165.0,27563.0,27968.0,28334.0,28703.0,29205.0,29909.0,30492.0,30873.0,31269.0,31608.0,31981.0,32326.0,32686.0,,33262.0,33558.0,33932.0,34238.0,34505.0,34733.0,34987.0,35195.0,35430.0,35642.0,35865.0,36082.0,36308.0,36464.0,36656.0,36883.0,37049.0,37214.0,37366.0,37545.0,37921.0,38137.0,38349.0,38559.0,38723.0,38902.0,39063.0,39208.0,39359.0,39508.0,39636.0,39771.0,39921.0,40071.0,40222.0,40386.0,40512.0,40650.0,40764.0,40871.0,40972.0,41059.0,41175.0,41272.0,41390.0,41504.0,41597.0,41700.0,41805.0,41900.0,41996.0,42086.0,42171.0,42242.0,42326.0,42411.0,42485.0,42563.0,42642.0,42741.0,42810.0,42909.0,42982.0,43055.0,43160.0,43261.0,43340.0,43414.0,43491.0,43571.0,43644.0,43722.0,43799.0,43886.0,43948.0,44033.0,44102.0,44174.0,44235.0,44315.0,44378.0,44447.0,44506
N_P7j2JG7ws,,,,69.0,136.0,153.0,171.0,177.0,185.0,191.0,198.0,205.0,205.0,211.0,216.0,223.0,221.0,222.0,224.0,226.0,227.0,228.0,231.0,231.0,233.0,234.0,236.0,238.0,239.0,240.0,240.0,241.0,243.0,244.0,246.0,247.0,247.0,248.0,250.0,253.0,253.0,253.0,253.0,253.0,253.0,253.0,253.0,255.0,255.0,255.0,258.0,258.0,259.0,,259.0,260.0,260.0,260.0,262.0,264.0,265.0,266.0,266.0,267.0,268.0,272.0,273.0,274.0,276.0,278.0,279.0,280.0,280.0,281.0,282.0,284.0,285.0,285.0,285.0,286.0,288.0,289.0,290.0,290.0,290.0,290.0,292.0,293.0,293.0,294.0,294.0,294.0,297.0,299.0,299.0,300.0,303.0,303.0,303.0,303.0,304.0,304.0,306.0,307.0,307.0,308.0,309.0,309.0,309.0,310.0,310.0,313.0,314.0,314.0,314.0,315.0,317.0,318.0,322.0,328.0,331.0,331.0,331.0,332.0,334.0,335.0,335.0,335.0,335.0,336.0,336.0,336.0,336.0,336.0,336.0,336.0,336
oB5ZwlgICvg,,,,,3916.0,11833.0,16307.0,19591.0,22420.0,48725.0,82043.0,109131.0,122895.0,132081.0,140458.0,149691.0,155703.0,159394.0,163246.0,166548.0,169880.0,172734.0,175072.0,176992.0,178417.0,180214.0,182037.0,183629.0,185054.0,186544.0,187621.0,188509.0,189463.0,190522.0,191505.0,192534.0,193648.0,194444.0,195173.0,195909.0,196671.0,197421.0,198030.0,198691.0,199300.0,199796.0,200342.0,200821.0,201263.0,201771.0,202249.0,202756.0,203156.0,,204180.0,204713.0,205224.0,205607.0,206000.0,206486.0,206821.0,207207.0,207598.0,207973.0,208394.0,208754.0,209069.0,209561.0,210020.0,210484.0,210935.0,211451.0,211960.0,212355.0,213246.0,213737.0,214216.0,214695.0,215065.0,215513.0,215981.0,216355.0,216761.0,217173.0,217592.0,217964.0,218316.0,218719.0,219089.0,219509.0,219986.0,220338.0,220679.0,220965.0,221231.0,221564.0,221862.0,222179.0,222469.0,222839.0,223161.0,223472.0,223869.0,224216.0,224581.0,224881.0,225262.0,225512.0,225790.0,226112.0,226385.0,226696.0,227020.0,227343.0,227581.0,227822.0,228101.0,228422.0,228757.0,229109.0,229461.0,229789.0,230186.0,230538.0,231007.0,231526.0,232015.0,232533.0,232962.0,233451.0,234052.0,234611.0,235177.0,235695.0,236122.0,236513.0,236942
-XJi9qCv_1s,,,,,2990.0,9945.0,11259.0,12106.0,12739.0,13217.0,13682.0,14059.0,14338.0,14522.0,14724.0,14852.0,14986.0,15215.0,15481.0,15667.0,15761.0,15819.0,15868.0,15894.0,15939.0,15964.0,15983.0,16003.0,16013.0,16027.0,16043.0,16059.0,16072.0,16081.0,16097.0,16108.0,16112.0,16127.0,16135.0,16140.0,16143.0,16146.0,16155.0,16160.0,16163.0,16165.0,16169.0,16173.0,16181.0,16186.0,16194.0,16198.0,16199.0,,16207.0,16211.0,16215.0,16222.0,16227.0,16229.0,16238.0,16242.0,16245.0,16247.0,16252.0,16258.0,16259.0,16262.0,16265.0,16265.0,16265.0,16267.0,16270.0,16273.0,16280.0,16282.0,16286.0,16288.0,16290.0,16298.0,16301.0,16302.0,16304.0,16312.0,16316.0,16318.0,16323.0,16324.0,16328.0,16334.0,16335.0,16337.0,16338.0,16339.0,16341.0,16342.0,16350.0,16351.0,16352.0,16353.0,16355.0,16358.0,16362.0,16363.0,16364.0,16368.0,16371.0,16375.0,16375.0,16376.0,16379.0,16381.0,16383.0,16383.0,16390.0,16391.0,16393.0,16400.0,16407.0,16409.0,16411.0,16414.0,16416.0,16417.0,16418.0,16418.0,16420.0,16422.0,16425.0,16427.0,16427.0,16431.0,16429.0,16434.0,16436.0,16438.0,16438
5XCdT42R1Yg,,,,,,35067.0,35082.0,35090.0,35099.0,35103.0,35112.0,35120.0,35128.0,35134.0,35140.0,35148.0,35154.0,35158.0,35162.0,35168.0,35171.0,35175.0,35181.0,35184.0,35185.0,35187.0,35188.0,35195.0,35196.0,35199.0,35206.0,35212.0,35219.0,35228.0,35236.0,35241.0,35244.0,35249.0,35257.0,35261.0,35275.0,35292.0,35302.0,35312.0,35319.0,35325.0,35329.0,35331.0,35345.0,35352.0,35363.0,35373.0,35376.0,,35388.0,35404.0,35412.0,35421.0,35428.0,35431.0,35433.0,35437.0,35444.0,35446.0,35452.0,35454.0,35460.0,35464.0,35466.0,35467.0,35468.0,35474.0,35482.0,35486.0,35493.0,35498.0,35505.0,35510.0,35514.0,35517.0,35518.0,35522.0,35524.0,35529.0,35535.0,35537.0,35538.0,35540.0,35542.0,35543.0,35545.0,35550.0,35552.0,35555.0,35560.0,35566.0,35570.0,35575.0,35580.0,35584.0,35586.0,35589.0,35593.0,35595.0,35600.0,35605.0,35612.0,35615.0,35621.0,35621.0,35625.0,35632.0,35636.0,35641.0,35644.0,35648.0,35650.0,35654.0,35661.0,35663.0,35665.0,35666.0,35666.0,35668.0,35671.0,35671.0,35679.0,35680.0,35682.0,35684.0,35686.0,35693.0,35694.0,35698.0,35701.0,35701.0,35705
t_HEiqWHg44,,,,,,6716.0,7796.0,8566.0,8987.0,9316.0,9638.0,9977.0,10251.0,10399.0,10463.0,10564.0,10646.0,10738.0,10797.0,10852.0,10895.0,10918.0,10950.0,10974.0,10988.0,11018.0,11038.0,11056.0,11078.0,11092.0,11116.0,11126.0,11134.0,11149.0,11161.0,11176.0,11188.0,11205.0,11217.0,11241.0,11255.0,11272.0,11286.0,11297.0,11312.0,11322.0,11340.0,11351.0,11361.0,11368.0,11378.0,11393.0,11403.0,,11412.0,11418.0,11421.0,11426.0,11435.0,11447.0,11456.0,11465.0,11476.0,11481.0,11489.0,11494.0,11500.0,11507.0,11510.0,11513.0,11518.0,11525.0,11533.0,11536.0,11551.0,11551.0,11556.0,11559.0,11565.0,11567.0,11571.0,11574.0,11579.0,11582.0,11585.0,11587.0,11590.0,11591.0,11594.0,11595.0,11601.0,11607.0,11608.0,11609.0,11611.0,11616.0,11617.0,11619.0,11619.0,11622.0,11623.0,11626.0,11627.0,11627.0,11630.0,11631.0,11634.0,11637.0,11638.0,11640.0,11642.0,11645.0,11649.0,11650.0,11652.0,11654.0,11655.0,11663.0,11669.0,11671.0,11675.0,11677.0,11679.0,11679.0,11680.0,11684.0,11685.0,11686.0,11689.0,11693.0,11694.0,11697.0,11698.0,11700.0,11701.0,11703.0,11707
n17xAjgbHO0,,,,,,239.0,288.0,418.0,1131.0,459.0,469.0,605.0,609.0,663.0,692.0,705.0,720.0,732.0,738.0,741.0,747.0,750.0,753.0,766.0,780.0,785.0,797.0,803.0,813.0,817.0,825.0,833.0,838.0,843.0,848.0,855.0,864.0,874.0,881.0,883.0,885.0,894.0,906.0,911.0,921.0,935.0,940.0,946.0,951.0,959.0,968.0,970.0,974.0,,976.0,980.0,985.0,1004.0,1006.0,1005.0,998.0,1001.0,1002.0,1002.0,1003.0,1008.0,1009.0,1010.0,1010.0,1010.0,1011.0,1012.0,1013.0,1014.0,1014.0,1014.0,1014.0,1014.0,1014.0,1016.0,1016.0,1017.0,1017.0,1017.0,1017.0,1018.0,1019.0,1020.0,1020.0,1020.0,1020.0,1020.0,1020.0,1020.0,1020.0,1020.0,1020.0,1020.0,1023.0,1023.0,1024.0,1026.0,1027.0,1028.0,1028.0,1028.0,1028.0,1028.0,1028.0,1028.0,1029.0,1029.0,1029.0,1030.0,1030.0,1030.0,1030.0,1031.0,1031.0,1031.0,1032.0,1035.0,1036.0,1036.0,1036.0,1036.0,1036.0,1036.0,1036.0,1036.0,1039.0,1039.0,1039.0,1039.0,1040.0,1040.0,1040
VQucfbsmlyc,,,,,,791.0,1037.0,1098.0,1190.0,1226.0,1257.0,1275.0,1296.0,1310.0,1332.0,1343.0,1350.0,1369.0,1385.0,1401.0,1408.0,1415.0,1420.0,1426.0,1429.0,1432.0,1434.0,1435.0,1438.0,1441.0,1444.0,1448.0,1448.0,1448.0,1450.0,1452.0,1455.0,1456.0,1456.0,1457.0,1457.0,1459.0,1459.0,1461.0,1466.0,1468.0,1470.0,1474.0,1476.0,1477.0,1477.0,1477.0,1477.0,,1514.0,1546.0,1575.0,1586.0,1595.0,1596.0,1601.0,1605.0,1611.0,1617.0,1617.0,1619.0,1620.0,1620.0,1623.0,1627.0,1630.0,1631.0,1634.0,1635.0,1640.0,1640.0,1641.0,1642.0,1644.0,1645.0,1648.0,1650.0,1650.0,1653.0,1655.0,1659.0,1664.0,1667.0,1670.0,1673.0,1676.0,1680.0,1681.0,1689.0,1693.0,1707.0,1720.0,1739.0,1760.0,1767.0,1772.0,1776.0,1776.0,1780.0,1783.0,1783.0,1785.0,1788.0,1792.0,1792.0,1792.0,1792.0,1792.0,1792.0,1793.0,1797.0,1797.0,1797.0,1800.0,1805.0,1808.0,1810.0,1810.0,1811.0,1813.0,1814.0,1815.0,1816.0,1817.0,1819.0,1821.0,1825.0,1827.0,1827.0,1830.0,1832.0,1835
U4avKonYpIk,,,,,,1268.0,4301.0,5048.0,5303.0,5432.0,5515.0,5606.0,5681.0,5725.0,5774.0,5819.0,5842.0,5868.0,5881.0,5899.0,5904.0,5914.0,5927.0,5933.0,5941.0,5951.0,5956.0,5959.0,5962.0,5965.0,5969.0,5972.0,5975.0,5979.0,5981.0,5984.0,5985.0,5986.0,5990.0,5990.0,5992.0,5992.0,5995.0,5995.0,5999.0,6001.0,6003.0,6004.0,6005.0,6006.0,6007.0,6007.0,6007.0,,6010.0,6012.0,6014.0,6018.0,6021.0,6026.0,6031.0,6036.0,6043.0,6048.0,6055.0,6056.0,6060.0,6060.0,6063.0,6064.0,6066.0,6071.0,6077.0,6082.0,6088.0,6093.0,6096.0,6098.0,6098.0,6098.0,6099.0,6102.0,6103.0,6107.0,6110.0,6110.0,6111.0,6111.0,6111.0,6111.0,6111.0,6112.0,6113.0,6114.0,6114.0,6114.0,6114.0,6115.0,6115.0,6115.0,6116.0,6118.0,6119.0,6119.0,6120.0,6120.0,6120.0,6121.0,6122.0,6122.0,6122.0,6123.0,6123.0,6123.0,6124.0,6124.0,6125.0,6125.0,6125.0,6125.0,6125.0,6126.0,6126.0,6127.0,6128.0,6129.0,6131.0,6131.0,6131.0,6131.0,6132.0,6132.0,6133.0,6133.0,6134.0,6134.0,6134
1UyzVpQDkW8,,,,,,3718.0,11008.0,15053.0,18553.0,20588.0,22106.0,23514.0,25575.0,27155.0,28384.0,29183.0,30097.0,30753.0,31372.0,32168.0,32907.0,33589.0,34314.0,35076.0,35821.0,36543.0,37387.0,38474.0,39525.0,40542.0,41359.0,42175.0,42998.0,43663.0,44498.0,45068.0,45731.0,46284.0,46852.0,47400.0,47976.0,48445.0,48993.0,49523.0,49972.0,50444.0,50809.0,51323.0,51679.0,52072.0,52507.0,52919.0,53193.0,,54001.0,54394.0,54811.0,55154.0,55480.0,55801.0,56155.0,56444.0,56773.0,57059.0,57315.0,57597.0,57870.0,58128.0,58435.0,58708.0,59058.0,59358.0,59488.0,59610.0,59940.0,60018.0,60219.0,60386.0,60502.0,60620.0,60726.0,60828.0,60935.0,61049.0,61164.0,61272.0,61368.0,61460.0,61573.0,61674.0,61766.0,61874.0,61947.0,62037.0,62113.0,62233.0,62358.0,62476.0,62602.0,62729.0,62825.0,62940.0,63034.0,63123.0,63197.0,63294.0,63433.0,63568.0,63697.0,63857.0,64014.0,64173.0,64364.0,64526.0,64687.0,64851.0,65046.0,65254.0,65412.0,65600.0,65754.0,65904.0,66065.0,66215.0,66360.0,66482.0,66661.0,66814.0,66992.0,67152.0,67307.0,67507.0,67650.0,67801.0,67972.0,68115.0,68259
L_IrTG4E-CY,,,,,,3483.0,4675.0,5498.0,6161.0,7005.0,7875.0,8652.0,9396.0,9879.0,10363.0,10897.0,11345.0,11750.0,12069.0,12385.0,12636.0,12960.0,13196.0,13424.0,13611.0,13829.0,14043.0,14219.0,14439.0,14635.0,14821.0,14979.0,15154.0,15307.0,15484.0,15615.0,15765.0,15885.0,15992.0,16132.0,16259.0,16409.0,16553.0,16708.0,16831.0,16919.0,17028.0,17120.0,17244.0,17352.0,17447.0,17548.0,17669.0,,17889.0,18003.0,18108.0,18204.0,18280.0,18381.0,18483.0,18564.0,18665.0,18743.0,18870.0,19006.0,19076.0,19201.0,19306.0,19409.0,19489.0,19572.0,19625.0,19717.0,19868.0,19946.0,20055.0,20161.0,20248.0,20321.0,20399.0,20452.0,20536.0,20612.0,20692.0,20780.0,20854.0,20932.0,20999.0,21085.0,21164.0,21228.0,21306.0,21379.0,21448.0,21542.0,21622.0,21708.0,21773.0,21850.0,21927.0,21992.0,22055.0,22164.0,22276.0,22333.0,22406.0,22461.0,22552.0,22626.0,22702.0,22795.0,22852.0,22919.0,23000.0,23076.0,23171.0,23243.0,23324.0,23382.0,23454.0,23514.0,23578.0,23639.0,23706.0,23762.0,23807.0,23887.0,23971.0,24025.0,24077.0,24128.0,24171.0,24232.0,24274.0,24343.0,24384
OrlkRhaVnhk,,,,,,,8980.0,40285.0,59183.0,72595.0,96674.0,105157.0,111489.0,118448.0,124021.0,128117.0,131900.0,134632.0,137110.0,139396.0,141542.0,143678.0,145778.0,147987.0,149810.0,151465.0,153288.0,155136.0,157135.0,158750.0,160486.0,162027.0,163679.0,165248.0,166933.0,168684.0,170552.0,172436.0,174125.0,175801.0,177236.0,178467.0,179756.0,180942.0,182157.0,183291.0,184256.0,185116.0,185923.0,186693.0,187433.0,188203.0,188851.0,,190044.0,190713.0,191365.0,191983.0,192615.0,193112.0,193575.0,194066.0,194718.0,195326.0,196010.0,196766.0,197240.0,197757.0,198311.0,198961.0,199583.0,200393.0,201005.0,201504.0,202743.0,203291.0,203829.0,204388.0,204892.0,205299.0,205704.0,206016.0,206388.0,206632.0,206946.0,207291.0,207532.0,207853.0,208174.0,208492.0,208772.0,209178.0,209496.0,209801.0,210080.0,210393.0,210685.0,210918.0,211189.0,211482.0,211740.0,212027.0,212347.0,212718.0,213011.0,213346.0,213600.0,213909.0,214177.0,214466.0,214765.0,215020.0,215280.0,215529.0,215769.0,216080.0,216392.0,216718.0,217093.0,217492.0,217821.0,218158.0,218509.0,218731.0,218961.0,219193.0,219423.0,219626.0,219876.0,220185.0,220565.0,220984.0,221441.0,221862.0,222469.0,222823.0,223100
zSFmsS5ufDs,,,,,,,1147.0,3335.0,4241.0,4917.0,12124.0,25082.0,36192.0,42429.0,45811.0,49506.0,53329.0,56988.0,57771.0,58642.0,59359.0,60188.0,61147.0,62962.0,64788.0,67259.0,70313.0,74005.0,78177.0,82581.0,86240.0,89411.0,94003.0,99337.0,104821.0,109827.0,115143.0,119446.0,122497.0,126798.0,131576.0,136332.0,141392.0,146003.0,149735.0,152700.0,155492.0,157554.0,160415.0,164278.0,168024.0,171189.0,173922.0,,183782.0,188775.0,192950.0,197415.0,201301.0,204503.0,208018.0,212616.0,216826.0,221308.0,225576.0,229185.0,231947.0,235291.0,239665.0,244292.0,248322.0,252513.0,255906.0,258587.0,265608.0,269158.0,272983.0,276496.0,279236.0,281844.0,284847.0,288577.0,292579.0,296608.0,300448.0,303667.0,306145.0,309490.0,313056.0,316635.0,320384.0,324568.0,327970.0,330471.0,333810.0,337423.0,340880.0,344355.0,347886.0,350085.0,352435.0,356404.0,359855.0,363014.0,365963.0,369236.0,371351.0,374137.0,377861.0,381109.0,384342.0,387857.0,391853.0,395096.0,398116.0,402171.0,406846.0,411193.0,415604.0,419540.0,423034.0,425786.0,429611.0,433283.0,437988.0,442812.0,447451.0,451493.0,455574.0,460993.0,465607.0,470511.0,475692.0,480923.0,484666.0,487887.0,492456
22CcsqxQdW0,,,,,,,5695.0,10225.0,12685.0,14214.0,15450.0,16605.0,17648.0,18378.0,18934.0,19539.0,20080.0,20533.0,21056.0,21483.0,21925.0,22347.0,22740.0,23111.0,23422.0,23839.0,24174.0,24544.0,24852.0,25181.0,25437.0,25682.0,25955.0,26194.0,26443.0,26719.0,26916.0,27096.0,27314.0,27558.0,27771.0,28017.0,28236.0,28433.0,28632.0,28771.0,28965.0,29116.0,29255.0,29422.0,29577.0,29757.0,29895.0,,30186.0,30319.0,30442.0,30540.0,30638.0,30716.0,30795.0,30875.0,30951.0,31035.0,31109.0,31167.0,31228.0,31302.0,31368.0,31431.0,31522.0,31592.0,31657.0,31728.0,31884.0,31953.0,32058.0,32176.0,32256.0,32303.0,32362.0,32436.0,32484.0,32532.0,32593.0,32652.0,32691.0,32750.0,32811.0,32859.0,32913.0,32957.0,32988.0,33030.0,33095.0,33147.0,33196.0,33239.0,33279.0,33323.0,33358.0,33403.0,33432.0,33488.0,33520.0,33581.0,33611.0,33661.0,33700.0,33737.0,33765.0,33802.0,33838.0,33879.0,33902.0,33931.0,33955.0,33985.0,34000.0,34040.0,34088.0,34125.0,34163.0,34197.0,34221.0,34248.0,34288.0,34320.0,34347.0,34381.0,34413.0,34449.0,34483.0,34511.0,34534.0,34555.0,34589
nhDcqoetCy8,,,,,,,,29199.0,78245.0,114991.0,192547.0,304828.0,372855.0,448812.0,553503.0,622010.0,713997.0,844203.0,964046.0,1055390.0,1082680.0,1086263.0,1088487.0,1090765.0,1093999.0,1096909.0,1099549.0,1102176.0,1104822.0,1107074.0,1109049.0,1110653.0,1112268.0,1114028.0,1115649.0,1117129.0,1118599.0,1119973.0,1121376.0,1122948.0,1124296.0,1125620.0,1126881.0,1128057.0,1129208.0,1130335.0,1131388.0,1132518.0,1133636.0,1134688.0,1135714.0,1136729.0,1137623.0,,1139519.0,1140508.0,1141485.0,1142329.0,1143185.0,1144303.0,1145204.0,1146033.0,1146908.0,1147753.0,1148553.0,1149348.0,1150111.0,1150896.0,1151723.0,1152629.0,1153652.0,1154688.0,1155667.0,1156644.0,1158575.0,1159758.0,1161377.0,1162695.0,1163856.0,1164925.0,1165926.0,1167037.0,1168047.0,1168942.0,1169764.0,1170659.0,1171403.0,1172169.0,1172936.0,1173583.0,1174240.0,1174874.0,1175520.0,1176157.0,1176771.0,1177364.0,1177950.0,1178527.0,1179125.0,1179720.0,1180210.0,1180706.0,1181158.0,1181640.0,1182042.0,1182512.0,1182922.0,1183349.0,1183680.0,1184078.0,1184453.0,1184789.0,1185193.0,1185581.0,1185989.0,1186351.0,1186705.0,1187131.0,1187447.0,1187855.0,1188325.0,1188735.0,1189169.0,1189593.0,1189946.0,1190276.0,1190584.0,1190955.0,1191371.0,1191752.0,1192073.0,1192458.0,1192844.0,1193285.0,1193626.0,1193930.0,1194210
v5_GoNFr5wc,,,,,,,,,171882.0,332548.0,406707.0,457350.0,499980.0,533145.0,565463.0,598093.0,618674.0,635493.0,649665.0,663920.0,676347.0,687208.0,699150.0,709742.0,719355.0,728461.0,737263.0,745565.0,753293.0,760108.0,766777.0,773694.0,785634.0,800838.0,812125.0,821520.0,831976.0,841560.0,850479.0,858454.0,865102.0,870737.0,876994.0,882920.0,887920.0,892682.0,897495.0,902489.0,907748.0,913866.0,919799.0,925127.0,929797.0,,938911.0,943149.0,947290.0,951015.0,954701.0,958405.0,961968.0,964950.0,968180.0,971493.0,974500.0,977692.0,980945.0,984245.0,987394.0,990836.0,994505.0,998532.0,1003606.0,1010883.0,1025933.0,1031284.0,1035875.0,1040180.0,1044137.0,1047782.0,1051232.0,1054727.0,1058004.0,1060995.0,1063937.0,1066825.0,1069685.0,1072573.0,1075474.0,1078254.0,1080812.0,1083484.0,1086082.0,1088694.0,1091331.0,1093824.0,1096153.0,1098475.0,1100572.0,1102797.0,1105037.0,1107132.0,1109063.0,1111021.0,1112858.0,1114682.0,1116578.0,1118469.0,1120300.0,1122182.0,1123961.0,1125830.0,1127577.0,1129286.0,1130986.0,1132659.0,1134352.0,1136093.0,1137819.0,1139597.0,1141343.0,1143222.0,1144949.0,1146636.0,1148261.0,1149822.0,1151437.0,1153150.0,1154893.0,1156823.0,1158698.0,1160488.0,1162298.0,1164268.0,1166154.0,1168136.0,1172496
fAVrqc-IphQ,,,,,,,,,1640.0,2555.0,2639.0,2680.0,2709.0,2726.0,2738.0,2750.0,2757.0,2768.0,2777.0,2785.0,2791.0,2800.0,2807.0,2813.0,2814.0,2823.0,2827.0,2832.0,2835.0,2840.0,2843.0,2848.0,2849.0,2853.0,2853.0,2855.0,2856.0,2858.0,2860.0,2865.0,2870.0,2873.0,2875.0,2878.0,2884.0,2886.0,2892.0,2893.0,2897.0,2898.0,2901.0,2906.0,2910.0,,2920.0,2923.0,2932.0,2935.0,2937.0,2944.0,2949.0,2952.0,2958.0,2959.0,2967.0,2969.0,2974.0,2980.0,2985.0,2988.0,2995.0,2996.0,2997.0,3000.0,3007.0,3009.0,3011.0,3015.0,3017.0,3018.0,3023.0,3028.0,3031.0,3038.0,3040.0,3046.0,3048.0,3051.0,3053.0,3054.0,3055.0,3055.0,3058.0,3064.0,3067.0,3068.0,3071.0,3073.0,3080.0,3082.0,3085.0,3089.0,3092.0,3095.0,3098.0,3100.0,3105.0,3110.0,3112.0,3116.0,3120.0,3123.0,3124.0,3126.0,3128.0,3134.0,3138.0,3143.0,3157.0,3166.0,3171.0,3179.0,3184.0,3189.0,3195.0,3196.0,3206.0,3212.0,3215.0,3217.0,3220.0,3226.0,3228.0,3232.0,3237.0,3238.0,3240
v5_GoNFr5wc,,,,,,,,,171882.0,332548.0,406707.0,457350.0,499980.0,533145.0,565463.0,598093.0,618674.0,635493.0,649665.0,663920.0,676347.0,687208.0,699150.0,709742.0,719355.0,728461.0,737263.0,745565.0,753293.0,760108.0,766777.0,773694.0,785634.0,800838.0,812125.0,821520.0,831976.0,841560.0,850479.0,858454.0,865102.0,870737.0,876994.0,882920.0,887920.0,892682.0,897495.0,902489.0,907748.0,913866.0,919799.0,925127.0,929797.0,,938911.0,943149.0,947290.0,951015.0,954701.0,958405.0,961968.0,964950.0,968180.0,971493.0,974500.0,977692.0,980945.0,984245.0,987394.0,990836.0,994505.0,998532.0,1003606.0,1010883.0,1025933.0,1031284.0,1035875.0,1040180.0,1044137.0,1047782.0,1051232.0,1054727.0,1058004.0,1060995.0,1063937.0,1066825.0,1069685.0,1072573.0,1075434.0,1078254.0,1080812.0,1083484.0,1086082.0,1088694.0,1091331.0,1093824.0,1096153.0,1098475.0,1100572.0,1102797.0,1105037.0,1107132.0,1109063.0,1111021.0,1112858.0,1114682.0,1116578.0,1118469.0,1120300.0,1122182.0,1123961.0,1125830.0,1127577.0,1129286.0,1130986.0,1132659.0,1134352.0,1136093.0,1137819.0,1139597.0,1141343.0,1143222.0,1144949.0,1146636.0,1148261.0,1149822.0,1151437.0,1153150.0,1154893.0,1156823.0,1158698.0,1160488.0,1162298.0,1164268.0,1166154.0,1168136.0,1172496
hRlt2L-MJKU,,,,,,,,,34677.0,64895.0,80672.0,98303.0,111488.0,122931.0,132510.0,141078.0,146905.0,152442.0,157958.0,163267.0,168067.0,175741.0,181866.0,187242.0,191154.0,195289.0,199312.0,203567.0,207268.0,211003.0,214588.0,217298.0,220447.0,224098.0,227439.0,230716.0,234064.0,237414.0,240314.0,243572.0,246761.0,249828.0,252684.0,255516.0,258413.0,261265.0,263787.0,266134.0,268635.0,271351.0,273950.0,276230.0,278351.0,,283098.0,285370.0,287746.0,289937.0,291555.0,293438.0,295197.0,296930.0,298716.0,300583.0,302720.0,304882.0,306522.0,308206.0,309848.0,311464.0,312981.0,314609.0,316231.0,318033.0,321488.0,323131.0,324869.0,326688.0,328459.0,330083.0,331705.0,333386.0,334908.0,336551.0,338186.0,339773.0,341070.0,342383.0,343803.0,345261.0,346758.0,348495.0,350028.0,351801.0,353209.0,354750.0,356355.0,357783.0,359456.0,361020.0,362498.0,364066.0,365557.0,367068.0,368604.0,370052.0,371446.0,372715.0,374107.0,375815.0,377433.0,378870.0,380484.0,381923.0,383201.0,384601.0,385959.0,387239.0,388660.0,389968.0,391312.0,392478.0,393627.0,394887.0,396146.0,397449.0,398654.0,399844.0,401044.0,402258.0,403400.0,404617.0,405767.0,406885.0,408221.0,409496.0,411312
Sf5ErqLw33M,,,,,,,,,12405.0,14715.0,15662.0,16082.0,16401.0,16644.0,16862.0,17050.0,17186.0,17306.0,17443.0,17545.0,17627.0,17718.0,17815.0,17933.0,18033.0,18173.0,18336.0,18476.0,18548.0,18607.0,18667.0,18712.0,18763.0,18785.0,18823.0,18850.0,18878.0,18909.0,18938.0,18959.0,18982.0,19001.0,19018.0,19039.0,19062.0,19086.0,19105.0,19124.0,19140.0,19156.0,19180.0,19196.0,19221.0,,19258.0,19284.0,19295.0,19307.0,19325.0,19337.0,19352.0,19369.0,19381.0,19399.0,19413.0,19433.0,19445.0,19461.0,19467.0,19478.0,19485.0,19494.0,19510.0,19520.0,19541.0,19547.0,19555.0,19563.0,19570.0,19573.0,19582.0,19589.0,19599.0,19610.0,19627.0,19638.0,19646.0,19663.0,19669.0,19675.0,19687.0,19696.0,19704.0,19722.0,19735.0,19750.0,19774.0,19793.0,19807.0,19818.0,19831.0,19842.0,19853.0,19858.0,19865.0,19871.0,19876.0,19883.0,19886.0,19899.0,19903.0,19910.0,19920.0,19930.0,19940.0,19947.0,19960.0,19973.0,19982.0,19993.0,20004.0,20011.0,20016.0,20021.0,20024.0,20030.0,20034.0,20037.0,20041.0,20044.0,20049.0,20053.0,20057.0,20066.0,20075.0,20077.0,20081
WZgam7x_ymU,,,,,,,,,,11370.0,19419.0,29870.0,39925.0,46855.0,54047.0,61593.0,64636.0,67146.0,70200.0,72864.0,74706.0,76488.0,77737.0,78717.0,79409.0,80321.0,81157.0,82077.0,82995.0,84553.0,86029.0,87664.0,89714.0,91593.0,93666.0,96078.0,98096.0,99143.0,99958.0,100757.0,101736.0,102640.0,103474.0,104283.0,104999.0,105572.0,106076.0,106563.0,106969.0,107561.0,108236.0,108784.0,109148.0,,110108.0,110624.0,111191.0,111850.0,112322.0,112723.0,113123.0,113627.0,114180.0,114787.0,115400.0,116034.0,116417.0,116969.0,117606.0,118180.0,118693.0,119199.0,119629.0,120037.0,121002.0,121536.0,121961.0,122493.0,123016.0,123498.0,123956.0,124421.0,124836.0,125188.0,125611.0,126009.0,126379.0,126710.0,126908.0,127187.0,127424.0,127646.0,127983.0,128318.0,128608.0,128972.0,129251.0,129533.0,129929.0,130309.0,130624.0,131028.0,131394.0,131827.0,132105.0,132518.0,132852.0,133124.0,133426.0,133765.0,134073.0,134380.0,134668.0,134974.0,135201.0,135444.0,135706.0,136047.0,136399.0,136707.0,137019.0,137266.0,137717.0,138025.0,138344.0,138664.0,139031.0,139324.0,139540.0,139832.0,140146.0,140445.0,140732.0,141107.0,141354.0,141640.0,141894
i3hQxcVNXx0,,,,,,,,,,1295.0,5449.0,14769.0,33785.0,49316.0,68675.0,87626.0,100601.0,108908.0,114451.0,119255.0,123466.0,127075.0,130063.0,132039.0,133709.0,135583.0,137455.0,138922.0,140237.0,141657.0,142795.0,143680.0,144671.0,145660.0,146493.0,147339.0,148358.0,149099.0,149687.0,150455.0,151154.0,151832.0,152437.0,153110.0,153583.0,154046.0,154469.0,154879.0,155218.0,155595.0,156002.0,156332.0,156647.0,,157535.0,157912.0,158319.0,158686.0,159068.0,159445.0,159742.0,160083.0,160449.0,160760.0,161070.0,161355.0,161545.0,161839.0,162245.0,162600.0,162881.0,163195.0,163462.0,163655.0,164189.0,164477.0,164757.0,165029.0,165254.0,165445.0,165711.0,166024.0,166253.0,166511.0,166801.0,167061.0,167295.0,167486.0,167727.0,167964.0,168206.0,168482.0,168667.0,168839.0,169062.0,169324.0,169509.0,169730.0,170021.0,170245.0,170536.0,170834.0,171116.0,171405.0,171649.0,171919.0,172171.0,172360.0,172563.0,172866.0,173103.0,173336.0,173594.0,173773.0,173955.0,174115.0,174357.0,174618.0,174835.0,175067.0,175306.0,175488.0,175771.0,176010.0,176304.0,176573.0,176847.0,177095.0,177317.0,177614.0,177898.0,178184.0,178471.0,178721.0,178972.0,179209.0,179398
JGvx-7IkUCA,,,,,,,,,,32.0,63.0,79.0,95.0,111.0,131.0,134.0,137.0,147.0,151.0,152.0,159.0,161.0,163.0,166.0,167.0,169.0,171.0,172.0,172.0,173.0,174.0,175.0,177.0,181.0,182.0,182.0,182.0,182.0,184.0,185.0,186.0,186.0,186.0,187.0,188.0,188.0,190.0,191.0,191.0,193.0,195.0,197.0,199.0,,202.0,202.0,206.0,207.0,214.0,215.0,215.0,215.0,215.0,215.0,217.0,217.0,218.0,221.0,224.0,224.0,224.0,225.0,226.0,226.0,228.0,228.0,228.0,228.0,231.0,234.0,234.0,236.0,236.0,237.0,239.0,240.0,240.0,241.0,242.0,242.0,242.0,242.0,242.0,242.0,242.0,242.0,243.0,243.0,243.0,244.0,245.0,246.0,246.0,246.0,246.0,247.0,248.0,248.0,248.0,248.0,248.0,248.0,248.0,248.0,248.0,248.0,248.0,249.0,249.0,250.0,250.0,252.0,253.0,254.0,254.0,254.0,257.0,257.0,262.0,263.0,264.0,264.0,267.0,268.0,269.0,270.0,270
2gbVYUcPRwY,,,,,,,,,,696.0,1497.0,4942.0,7929.0,10541.0,13842.0,18856.0,20777.0,21420.0,22115.0,22545.0,22893.0,23163.0,23435.0,23669.0,23828.0,23979.0,24132.0,24276.0,24405.0,24567.0,24691.0,24779.0,24895.0,24996.0,25140.0,25263.0,25385.0,25499.0,25575.0,25668.0,25797.0,25899.0,25966.0,26058.0,26122.0,26165.0,26219.0,26276.0,26301.0,26352.0,26403.0,26442.0,26474.0,,26543.0,26596.0,26637.0,26684.0,26718.0,26754.0,26784.0,26817.0,26845.0,26872.0,26913.0,26936.0,26954.0,26981.0,27015.0,27043.0,27088.0,27123.0,27146.0,27171.0,27234.0,27252.0,27275.0,27300.0,27329.0,27355.0,27376.0,27387.0,27416.0,27435.0,27454.0,27477.0,27492.0,27500.0,27522.0,27550.0,27574.0,27592.0,27608.0,27631.0,27649.0,27665.0,27684.0,27710.0,27739.0,27771.0,27795.0,27828.0,27877.0,27926.0,27959.0,27998.0,28031.0,28067.0,28091.0,28137.0,28168.0,28203.0,28243.0,28276.0,28304.0,28348.0,28385.0,28441.0,28484.0,28517.0,28610.0,28703.0,28811.0,28876.0,28942.0,29028.0,29096.0,29148.0,29193.0,29264.0,29356.0,29445.0,29544.0,29643.0,29712.0,29780.0,29827
v94Q1nzU4Vc,,,,,,,,,,,10978.0,13359.0,16652.0,18975.0,20605.0,21517.0,22379.0,23278.0,24102.0,25157.0,25955.0,26793.0,27460.0,28137.0,28779.0,29354.0,30169.0,31044.0,31752.0,32438.0,33035.0,33500.0,34065.0,34943.0,35842.0,36494.0,37201.0,37798.0,38200.0,38701.0,39454.0,40480.0,41296.0,41971.0,42744.0,43412.0,43991.0,44648.0,45237.0,45845.0,46405.0,46922.0,47472.0,,48669.0,49278.0,49784.0,50288.0,50741.0,51160.0,51663.0,52168.0,52605.0,53055.0,53453.0,53851.0,54195.0,54550.0,54902.0,55235.0,55596.0,55920.0,56235.0,56531.0,57238.0,57535.0,57837.0,58143.0,58409.0,58651.0,58908.0,59153.0,59460.0,59749.0,60081.0,60366.0,60630.0,60933.0,61272.0,61627.0,62025.0,62344.0,62660.0,62954.0,63227.0,63572.0,63895.0,64168.0,64469.0,64743.0,64947.0,65200.0,65448.0,65756.0,66035.0,66322.0,66603.0,66898.0,67164.0,67416.0,67674.0,67925.0,68265.0,68528.0,68853.0,69160.0,69442.0,69752.0,70006.0,70309.0,70629.0,70938.0,71210.0,71443.0,71684.0,71962.0,72230.0,72461.0,72692.0,72975.0,73224.0,73476.0,73739.0,74021.0,74292.0,74533.0,74854
kacuL0bgsdI,,,,,,,,,,,,1457657.0,1462159.0,1465975.0,1470190.0,1474808.0,1478778.0,1482424.0,1485500.0,1488522.0,1491985.0,1495186.0,1497844.0,1500921.0,1503473.0,1505676.0,1507685.0,1509455.0,1511392.0,1513966.0,1516586.0,1518823.0,1521186.0,1524341.0,1526778.0,1529217.0,1531666.0,1533653.0,1537443.0,1540447.0,1543039.0,1545429.0,1548135.0,1550844.0,1553131.0,1555379.0,1557743.0,1559822.0,1561814.0,1563699.0,1565379.0,1567067.0,1568593.0,,1571191.0,1572435.0,1573713.0,1574810.0,1575907.0,1576954.0,1578074.0,1579096.0,1580119.0,1581176.0,1582161.0,1583114.0,1583975.0,1584853.0,1585637.0,1586509.0,1587428.0,1588294.0,1589255.0,1590134.0,1592206.0,1593290.0,1594438.0,1595430.0,1596345.0,1597209.0,1598006.0,1598895.0,1599851.0,1600616.0,1601547.0,1602428.0,1603132.0,1603831.0,1604694.0,1605745.0,1606515.0,1607159.0,1607860.0,1608530.0,1609158.0,1609818.0,1610515.0,1611046.0,1611989.0,1612744.0,1613445.0,1614119.0,1614854.0,1615504.0,1616084.0,1616706.0,1617347.0,1617989.0,1618605.0,1619189.0,1619932.0,1620627.0,1621211.0,1621856.0,1622441.0,1623023.0,1623562.0,1624060.0,1624604.0,1625188.0,1625781.0,1626298.0,1626854.0,1627378.0,1627933.0,1628489.0,1629136.0,1630432.0,1631138.0,1631808.0,1632576.0,1633338.0,1634052.0,1634706.0,1635403.0,1636160.0,1637046
BTlj6Sls7KE,,,,,,,,,,,,27347.0,1151373.0,1254093.0,1321321.0,1371499.0,1424407.0,1475611.0,1519360.0,1556546.0,1588692.0,1617436.0,1645003.0,1673638.0,1698612.0,1734229.0,1772054.0,1799391.0,1822517.0,1842845.0,1862025.0,1878573.0,1893271.0,1905886.0,1918024.0,1929627.0,1941574.0,1954399.0,1967014.0,1978307.0,1989332.0,2000061.0,2010360.0,2019800.0,2029742.0,2039432.0,2048867.0,2057160.0,2065260.0,2073670.0,2082437.0,2091754.0,2100190.0,,2116107.0,2123323.0,2130130.0,2137332.0,2144977.0,2152720.0,2159964.0,2167065.0,2174859.0,2183930.0,2193654.0,2205397.0,2217411.0,2228030.0,2237571.0,2247437.0,2258735.0,2270026.0,2281421.0,2292306.0,2311729.0,2320744.0,2330490.0,2339657.0,2348446.0,2357422.0,2365638.0,2374277.0,2383209.0,2391815.0,2400238.0,2409020.0,2417241.0,2424913.0,2432428.0,2439870.0,2447731.0,2456278.0,2464580.0,2472316.0,2479324.0,2486128.0,2493342.0,2500781.0,2508201.0,2515920.0,2523374.0,2530227.0,2540979.0,2556204.0,2572800.0,2592559.0,2615764.0,2639709.0,2662705.0,2685809.0,2708417.0,2731773.0,2755525.0,2779092.0,2801847.0,2823759.0,2845696.0,2869142.0,2892678.0,2916408.0,2940280.0,2963346.0,2984747.0,3006538.0,3026353.0,3047362.0,3068833.0,3087789.0,3105994.0,3124576.0,3142510.0,3160371.0,3178244.0,3196349.0,3214957.0,3232519.0,3250351
ER4YaTP2Sc8,,,,,,,,,,,,38173.0,40303.0,41745.0,43265.0,44498.0,45870.0,47513.0,49486.0,51310.0,52830.0,54452.0,55988.0,57620.0,59809.0,62384.0,64909.0,67281.0,69427.0,71532.0,73248.0,75160.0,77351.0,79523.0,81646.0,83508.0,85273.0,86738.0,88003.0,89737.0,91362.0,93041.0,94494.0,95913.0,97136.0,98335.0,99542.0,100542.0,101637.0,102739.0,103889.0,105116.0,106326.0,,109635.0,111321.0,112789.0,114545.0,116036.0,117244.0,118567.0,119786.0,121023.0,122204.0,123353.0,124309.0,125287.0,126341.0,127541.0,128533.0,129557.0,130594.0,131484.0,132216.0,134058.0,134832.0,135762.0,136505.0,137192.0,137866.0,138832.0,139722.0,140555.0,141378.0,142155.0,142792.0,143386.0,144159.0,144914.0,145683.0,146383.0,147048.0,147715.0,148304.0,148893.0,149768.0,150569.0,151257.0,152015.0,152594.0,153136.0,153889.0,154630.0,155314.0,156027.0,156837.0,157547.0,158165.0,159027.0,159887.0,160605.0,161496.0,162373.0,163194.0,163993.0,165087.0,166250.0,167225.0,168089.0,168854.0,169376.0,169967.0,170695.0,171534.0,172326.0,173174.0,173902.0,174629.0,175158.0,176112.0,177003.0,177753.0,178609.0,179515.0,180181.0,180741.0,181705
uGTz6iCDvIw,,,,,,,,,,,,87945.0,100094.0,106452.0,111276.0,114559.0,118070.0,121360.0,123862.0,126224.0,128594.0,130570.0,132348.0,134069.0,135678.0,137584.0,138436.0,139138.0,139801.0,141222.0,141921.0,142543.0,143171.0,143676.0,144536.0,145678.0,147504.0,148746.0,149347.0,149780.0,150083.0,150302.0,150518.0,150707.0,150869.0,151001.0,151235.0,151500.0,151735.0,151898.0,152077.0,152257.0,152402.0,,152693.0,152826.0,152961.0,153100.0,153215.0,153341.0,153434.0,153515.0,153611.0,153709.0,153801.0,153908.0,154007.0,154099.0,154177.0,154280.0,154372.0,154452.0,154537.0,154628.0,154788.0,154872.0,154974.0,155051.0,155135.0,155206.0,155272.0,155328.0,155393.0,155454.0,155536.0,155623.0,155680.0,155755.0,155820.0,155879.0,155966.0,156021.0,156108.0,156172.0,156251.0,156310.0,156369.0,156419.0,156485.0,156546.0,156622.0,156689.0,156737.0,156788.0,156839.0,156899.0,156951.0,157016.0,157086.0,157147.0,157191.0,157237.0,157311.0,157360.0,157439.0,157494.0,157567.0,157613.0,157667.0,157724.0,157772.0,157825.0,157873.0,157917.0,157974.0,158040.0,158096.0,158161.0,158218.0,158275.0,158328.0,158386.0,158432.0,158477.0,158538.0,158601.0,158653
EKrsvC7XxhE,,,,,,,,,,,,27147.0,51510.0,68914.0,85693.0,99205.0,108493.0,116678.0,123088.0,128683.0,133613.0,138084.0,141955.0,146438.0,150792.0,155009.0,159375.0,163664.0,167900.0,172019.0,176098.0,180355.0,184600.0,188604.0,192534.0,196423.0,200386.0,204554.0,208330.0,212064.0,215863.0,219577.0,223202.0,226706.0,230610.0,234833.0,239288.0,243767.0,247925.0,252139.0,256487.0,261203.0,266028.0,,275670.0,280236.0,284728.0,289141.0,293610.0,297924.0,302061.0,306140.0,310047.0,313821.0,317480.0,321075.0,324894.0,328655.0,332382.0,335951.0,339484.0,342874.0,346737.0,350343.0,357039.0,360447.0,363857.0,366893.0,370039.0,373016.0,375971.0,378967.0,381647.0,384516.0,387125.0,389850.0,392442.0,395105.0,397873.0,400517.0,403233.0,405765.0,408323.0,410796.0,413152.0,415586.0,418107.0,420502.0,422818.0,425141.0,427440.0,429576.0,431732.0,433873.0,436066.0,438155.0,440291.0,442251.0,444150.0,446039.0,447828.0,449696.0,451568.0,453301.0,455005.0,456705.0,458382.0,459962.0,461505.0,463135.0,464766.0,466361.0,467959.0,469382.0,471015.0,472409.0,473993.0,475457.0,476874.0,478361.0,479927.0,481484.0,483086.0,484582.0,486203.0,487867.0,489396
HHkj1M34QNg,,,,,,,,,,,,14627.0,43302.0,54088.0,66120.0,75359.0,82499.0,90792.0,97786.0,102758.0,107059.0,110839.0,114251.0,117681.0,120932.0,124671.0,128253.0,131831.0,135838.0,139800.0,142926.0,145687.0,149107.0,152465.0,155326.0,158198.0,161085.0,163177.0,165037.0,167226.0,169617.0,171594.0,173732.0,175619.0,177360.0,179036.0,180666.0,182321.0,183650.0,185417.0,187064.0,188607.0,190043.0,,194420.0,197995.0,201074.0,203373.0,205313.0,206768.0,208279.0,209640.0,211185.0,212559.0,213824.0,214992.0,215938.0,217113.0,218336.0,219562.0,220710.0,221869.0,222845.0,223697.0,225984.0,227131.0,228022.0,229099.0,229882.0,230700.0,231632.0,232597.0,233408.0,234332.0,235248.0,236080.0,236810.0,237637.0,238455.0,239279.0,240110.0,240939.0,241755.0,242467.0,243312.0,244211.0,245085.0,245825.0,246728.0,247913.0,248902.0,250212.0,251444.0,252643.0,253788.0,254939.0,256025.0,256965.0,258118.0,259137.0,260106.0,260944.0,262119.0,263117.0,264012.0,264959.0,265982.0,266988.0,268038.0,269120.0,270135.0,271200.0,272283.0,273502.0,274777.0,276142.0,277710.0,279001.0,280375.0,282111.0,283737.0,285399.0,286975.0,288418.0,289716.0,290673.0,291692
ZkA18GPAylY,,,,,,,,,,,,,4664.0,5891.0,6049.0,6127.0,6143.0,6141.0,6153.0,6168.0,6183.0,6194.0,6208.0,6216.0,6227.0,6234.0,6245.0,6250.0,6255.0,6262.0,6269.0,6273.0,6278.0,6283.0,6288.0,6294.0,6300.0,6303.0,6308.0,6309.0,6314.0,6320.0,6321.0,6322.0,6323.0,6326.0,6327.0,6327.0,6328.0,6329.0,6331.0,6333.0,6335.0,,6341.0,6341.0,6344.0,6345.0,6345.0,6347.0,6349.0,6349.0,6350.0,6351.0,6352.0,6353.0,6356.0,6357.0,6359.0,6359.0,6359.0,6359.0,6361.0,6362.0,6364.0,6364.0,6366.0,6368.0,6370.0,6370.0,6371.0,6373.0,6377.0,6377.0,6378.0,6379.0,6381.0,6384.0,6387.0,6388.0,6388.0,6389.0,6389.0,6391.0,6391.0,6392.0,6393.0,6394.0,6394.0,6394.0,6395.0,6396.0,6399.0,6399.0,6400.0,6400.0,6400.0,6402.0,6403.0,6403.0,6403.0,6403.0,6404.0,6405.0,6407.0,6408.0,6410.0,6410.0,6410.0,6412.0,6413.0,6415.0,6415.0,6415.0,6415.0,6416.0,6416.0,6417.0,6417.0,6418.0,6417.0,6420.0,6433.0,6433.0,6434.0,6434.0,6434
cAIfrwyYmVo,,,,,,,,,,,,,1356.0,1862.0,2342.0,2772.0,3300.0,3876.0,4359.0,4710.0,4913.0,5127.0,5242.0,5364.0,5485.0,5582.0,5694.0,5812.0,5949.0,6027.0,6153.0,6277.0,6352.0,6448.0,6535.0,6609.0,6683.0,6773.0,6878.0,6975.0,7054.0,7146.0,7245.0,7305.0,7387.0,7463.0,7547.0,7639.0,7785.0,7896.0,7999.0,8169.0,8327.0,,8664.0,8847.0,8901.0,8991.0,9085.0,9163.0,9236.0,9314.0,9396.0,9474.0,9562.0,9641.0,9724.0,9800.0,9871.0,9959.0,10028.0,10084.0,10160.0,10246.0,10390.0,10435.0,10501.0,10586.0,10648.0,10726.0,10800.0,10879.0,10939.0,11005.0,11051.0,11106.0,11147.0,11188.0,11225.0,11265.0,11302.0,11345.0,11392.0,11460.0,11526.0,11618.0,11652.0,11706.0,11764.0,11822.0,11857.0,11904.0,11940.0,11974.0,12021.0,12055.0,12084.0,12137.0,12196.0,12228.0,12272.0,12326.0,12364.0,12423.0,12463.0,12498.0,12521.0,12546.0,12594.0,12628.0,12683.0,12725.0,12760.0,12790.0,12819.0,12851.0,12877.0,12903.0,12943.0,12983.0,13013.0,13047.0,13090.0,13255.0,13344.0,13458.0,13557
_laRJSDsyHM,,,,,,,,,,,,,4377.0,4901.0,5412.0,5949.0,6280.0,6598.0,6846.0,6986.0,7107.0,7217.0,7284.0,7343.0,7411.0,7455.0,7473.0,7503.0,7522.0,7546.0,7579.0,7600.0,7604.0,7618.0,7630.0,7636.0,7650.0,7658.0,7669.0,7680.0,7689.0,7695.0,7700.0,7703.0,7708.0,7712.0,7719.0,7720.0,7727.0,7729.0,7731.0,7734.0,7738.0,,7750.0,7750.0,7753.0,7754.0,7755.0,7756.0,7758.0,7765.0,7766.0,7766.0,7767.0,7769.0,7769.0,7769.0,7770.0,7773.0,7776.0,7778.0,7778.0,7779.0,7780.0,7782.0,7782.0,7782.0,7782.0,7783.0,7784.0,7785.0,7787.0,7791.0,7792.0,7795.0,7799.0,7800.0,7801.0,7802.0,7802.0,7803.0,7804.0,7807.0,7809.0,7809.0,7811.0,7812.0,7813.0,7815.0,7816.0,7816.0,7816.0,7816.0,7822.0,7822.0,7822.0,7822.0,7822.0,7825.0,7825.0,7825.0,7825.0,7825.0,7825.0,7826.0,7826.0,7827.0,7829.0,7829.0,7830.0,7831.0,7831.0,7831.0,7832.0,7832.0,7834.0,7834.0,7837.0,7838.0,7838.0,7839.0,7840.0,7844.0,7844.0,7846.0,7849
7KqkSpD4AxI,,,,,,,,,,,,,,63.0,116.0,167.0,204.0,223.0,237.0,267.0,284.0,304.0,317.0,341.0,352.0,365.0,379.0,389.0,406.0,416.0,421.0,429.0,435.0,452.0,462.0,466.0,472.0,484.0,492.0,499.0,513.0,525.0,529.0,535.0,538.0,543.0,548.0,552.0,554.0,557.0,569.0,574.0,585.0,,607.0,632.0,641.0,650.0,651.0,656.0,670.0,723.0,769.0,832.0,850.0,877.0,901.0,905.0,910.0,914.0,918.0,924.0,927.0,932.0,949.0,955.0,972.0,980.0,988.0,999.0,1016.0,1030.0,1042.0,1058.0,1078.0,1084.0,1097.0,1110.0,1122.0,1128.0,1134.0,1149.0,1169.0,1200.0,1219.0,1233.0,1251.0,1263.0,1278.0,1287.0,1301.0,1322.0,1342.0,1364.0,1382.0,1393.0,1401.0,1413.0,1420.0,1423.0,1433.0,1445.0,1451.0,1463.0,1470.0,1482.0,1491.0,1500.0,1512.0,1531.0,1542.0,1550.0,1563.0,1578.0,1588.0,1597.0,1604.0,1610.0,1614.0,1619.0,1623.0,1628.0,1638.0,1656.0,1671.0,1698.0,1728
hQ4-H-nNNz4,,,,,,,,,,,,,,45032.0,760701.0,1794786.0,2866175.0,3154787.0,4060140.0,5371610.0,5493214.0,5663734.0,5834045.0,6018034.0,6203358.0,6399906.0,6558217.0,7015887.0,7603684.0,8100820.0,8712334.0,9249989.0,9837085.0,10453868.0,11043508.0,11192542.0,11318978.0,11455841.0,11583368.0,11695317.0,11810093.0,11934117.0,12049248.0,12160300.0,12283401.0,12402439.0,12509507.0,12611173.0,12709421.0,12809906.0,12910090.0,13019418.0,13121340.0,,13300402.0,13383760.0,13464672.0,13546011.0,13635918.0,13722338.0,13801636.0,13880038.0,13959203.0,14038160.0,14116493.0,14201322.0,14281854.0,14357342.0,14429582.0,14501623.0,14572050.0,14642130.0,14718252.0,14787330.0,14911577.0,14972002.0,15036118.0,15102316.0,15166064.0,15228514.0,15287984.0,15351303.0,15414556.0,15480134.0,15546326.0,15616477.0,15678851.0,15741517.0,15803160.0,15866792.0,15927155.0,15987983.0,16047640.0,16103884.0,16156718.0,16205949.0,16250007.0,16291506.0,16333713.0,16379647.0,16423059.0,16460137.0,16496048.0,16532934.0,16570103.0,16607381.0,16647961.0,16687284.0,16724356.0,16760327.0,16794604.0,16828515.0,16863741.0,16901738.0,16939921.0,16972607.0,17004965.0,17040787.0,17074211.0,17108428.0,17145425.0,17180296.0,17212303.0,17242915.0,17272302.0,17299035.0,17326484.0,17356279.0,17385128.0,17411550.0,17438464.0,17466476.0,17495529.0,17525103.0,17557327.0,17587998.0,17615420
KRAFmgTECWw,,,,,,,,,,,,,,,332822.0,453596.0,541083.0,632997.0,780200.0,886399.0,976379.0,1024182.0,1048796.0,1054311.0,1076817.0,1103891.0,1160190.0,1225334.0,1287470.0,1293937.0,1319723.0,1374031.0,1427114.0,1431513.0,1438958.0,1416799.0,1429892.0,1453073.0,1484487.0,1520177.0,1546631.0,1577869.0,1618553.0,1650885.0,1686327.0,1722256.0,1755509.0,1792306.0,1819948.0,1862070.0,1899167.0,1935469.0,1975105.0,,2060842.0,2097054.0,2134156.0,2156299.0,2175543.0,2178023.0,2179453.0,2180765.0,2182293.0,2183731.0,2185293.0,2187046.0,2187665.0,2188820.0,2190171.0,2191800.0,2193753.0,2195088.0,2195795.0,2196392.0,2197492.0,2198161.0,2198819.0,2199563.0,2200214.0,2200995.0,2201578.0,2202327.0,2202779.0,2203335.0,2203857.0,2204426.0,2204886.0,2205525.0,2205985.0,2206536.0,2207039.0,2207615.0,2208125.0,2208646.0,2209151.0,2209744.0,2210436.0,2210933.0,2211412.0,2211974.0,2212409.0,2212755.0,2213199.0,2213540.0,2213856.0,2214354.0,2214768.0,2215142.0,2215357.0,2215719.0,2216062.0,2216492.0,2216773.0,2217097.0,2217433.0,2217747.0,2218098.0,2218404.0,2218722.0,2219038.0,2219303.0,2219587.0,2219887.0,2220211.0,2220610.0,2221066.0,2221376.0,2221682.0,2221888.0,2222253.0,2222602.0,2222871.0,2223182.0,2223583.0,2223927.0,2224239.0,2224501
6gi87AUDs0M,,,,,,,,,,,,,,,822298.0,976375.0,1080000.0,1162827.0,1218308.0,1264610.0,1310024.0,1337375.0,1369635.0,1408173.0,1441337.0,1470021.0,1502848.0,1533535.0,1559015.0,1611589.0,1651823.0,1683271.0,1707448.0,1727272.0,1746056.0,1764868.0,1799822.0,1825061.0,1847296.0,1884956.0,1908194.0,1928843.0,1947341.0,1968242.0,1989440.0,2005940.0,2020297.0,2033503.0,2049711.0,2070727.0,2119571.0,2179926.0,2224572.0,,2362994.0,2404726.0,2447635.0,2641794.0,2742813.0,2784829.0,2806888.0,2822013.0,2833135.0,2842417.0,2850908.0,2859679.0,2867456.0,2873530.0,2878342.0,2882233.0,2885659.0,2889201.0,2892770.0,2895797.0,2899752.0,2901743.0,2903748.0,2905864.0,2908080.0,2910364.0,2912033.0,2913622.0,2915331.0,2916941.0,2918578.0,2920381.0,2922071.0,2923616.0,2924995.0,2926415.0,2927867.0,2929419.0,2930954.0,2932428.0,2933583.0,2934785.0,2936037.0,2937252.0,2938408.0,2939703.0,2941066.0,2942139.0,2943111.0,2944134.0,2945145.0,2946221.0,2947461.0,2948698.0,2949673.0,2950608.0,2951493.0,2952354.0,2953263.0,2954344.0,2955409.0,2956303.0,2957049.0,2957862.0,2958764.0,2959953.0,2961102.0,2962158.0,2963054.0,2963926.0,2964779.0,2965690.0,2966639.0,2967754.0,2968844.0,2969684.0,2970480.0,2971280.0,2972186.0,2973120.0,2974205.0,2975240.0,2976121
97qr0BOdHkc,,,,,,,,,,,,,,,,112019.0,235599.0,360882.0,547129.0,710709.0,844280.0,960814.0,1068432.0,1149855.0,1215516.0,1298764.0,1374586.0,1440269.0,1500734.0,1558247.0,1610056.0,1646399.0,1685453.0,1723481.0,1761566.0,1815700.0,1863746.0,1904959.0,1935965.0,1974472.0,2011404.0,2046959.0,2080453.0,2115790.0,2148284.0,2190533.0,2234952.0,2284473.0,2327689.0,2376209.0,2426970.0,2480219.0,2511813.0,,2573440.0,2601302.0,2630302.0,2667078.0,2707714.0,2744199.0,2777307.0,2822997.0,2868607.0,2911308.0,2955328.0,2996437.0,3028223.0,3065454.0,3101511.0,3138448.0,3176316.0,3218573.0,3254725.0,3281934.0,3349803.0,3379752.0,3412699.0,3446169.0,3477734.0,3506513.0,3542228.0,3578290.0,3618208.0,3656046.0,3688837.0,3718096.0,3741998.0,3771434.0,3802478.0,3836111.0,3867511.0,3899628.0,3925117.0,3947913.0,3972231.0,3995719.0,4019438.0,4043221.0,4066410.0,4082897.0,4095578.0,4109271.0,4123451.0,4138406.0,4154130.0,4169285.0,4187178.0,4203231.0,4221826.0,4238391.0,4257150.0,4275679.0,4296110.0,4314651.0,4329037.0,4345793.0,4367187.0,4387933.0,4407148.0,4417786.0,4429529.0,4440248.0,4453860.0,4466895.0,4481519.0,4495235.0,4510524.0,4525636.0,4538809.0,4554632.0,4571822.0,4589982.0,4608632.0,4627803.0,4644392.0,4658425.0,4676086
6AvlefX35o8,,,,,,,,,,,,,,,,45236.0,92372.0,127766.0,141153.0,150476.0,155991.0,162318.0,167969.0,173448.0,178249.0,183212.0,187542.0,194575.0,200142.0,205350.0,209543.0,213564.0,217955.0,222191.0,226209.0,230004.0,233675.0,237045.0,240441.0,243998.0,247613.0,251486.0,255538.0,258616.0,262020.0,265194.0,267980.0,270747.0,273691.0,277129.0,280206.0,283658.0,287011.0,,292895.0,295850.0,298740.0,301231.0,303846.0,306253.0,308920.0,311209.0,313713.0,316074.0,318362.0,320370.0,322184.0,323971.0,325479.0,327228.0,329043.0,330942.0,332462.0,333912.0,336882.0,338608.0,340295.0,341803.0,343371.0,344900.0,346294.0,347825.0,349386.0,350900.0,352253.0,353556.0,354713.0,356222.0,357756.0,359223.0,360821.0,362227.0,363748.0,365100.0,366349.0,367826.0,369316.0,370847.0,372288.0,373193.0,374536.0,375769.0,377075.0,378439.0,379830.0,381220.0,382425.0,383525.0,384933.0,386096.0,387303.0,388599.0,389757.0,390796.0,391836.0,393037.0,394314.0,395631.0,396967.0,398028.0,398904.0,399751.0,400784.0,401684.0,402833.0,403903.0,404924.0,405758.0,406493.0,407526.0,408494.0,409589.0,410690.0,411847.0,412771.0,413587.0,414621
t5oIE5lrph0,,,,,,,,,,,,,,,,208.0,214.0,215.0,218.0,224.0,226.0,227.0,227.0,229.0,231.0,233.0,234.0,238.0,243.0,245.0,252.0,257.0,260.0,260.0,264.0,267.0,267.0,268.0,268.0,269.0,270.0,270.0,271.0,274.0,274.0,279.0,280.0,281.0,282.0,285.0,287.0,287.0,288.0,,292.0,294.0,296.0,296.0,297.0,301.0,301.0,301.0,302.0,302.0,302.0,303.0,304.0,304.0,307.0,310.0,311.0,312.0,312.0,312.0,314.0,315.0,318.0,319.0,322.0,326.0,326.0,331.0,332.0,333.0,334.0,334.0,337.0,337.0,338.0,338.0,338.0,340.0,342.0,346.0,346.0,347.0,349.0,350.0,350.0,350.0,353.0,355.0,355.0,358.0,359.0,360.0,360.0,363.0,364.0,364.0,366.0,367.0,369.0,372.0,372.0,372.0,372.0,374.0,375.0,378.0,378.0,378.0,378.0,379.0,380.0,380.0,381.0,381.0,384.0,386.0,387.0,393.0,395.0,396.0,397.0,397.0,400
SoZeR3ttHKk,,,,,,,,,,,,,,,,13432.0,16128.0,18856.0,21332.0,24711.0,26939.0,28271.0,29938.0,31702.0,33105.0,34556.0,35937.0,37178.0,38430.0,39323.0,40381.0,41240.0,42299.0,43280.0,44119.0,44883.0,45609.0,46273.0,46917.0,47474.0,48132.0,48695.0,49234.0,49736.0,50155.0,50536.0,50926.0,51287.0,51738.0,52239.0,52749.0,53274.0,53586.0,,54252.0,54688.0,54999.0,55359.0,55639.0,55828.0,56039.0,56275.0,56556.0,56852.0,57099.0,57301.0,57483.0,57722.0,57955.0,58248.0,58515.0,58727.0,58950.0,59111.0,59567.0,59826.0,60162.0,60403.0,60654.0,61001.0,62308.0,63673.0,64848.0,65242.0,65535.0,65785.0,65971.0,66184.0,66382.0,66590.0,66792.0,66961.0,67126.0,67280.0,67472.0,67639.0,67813.0,67980.0,68178.0,68416.0,68620.0,68853.0,69111.0,69396.0,69604.0,69837.0,70055.0,70273.0,70469.0,70667.0,70902.0,71126.0,71339.0,71485.0,71676.0,71858.0,72033.0,72207.0,72459.0,72799.0,73058.0,73295.0,73552.0,73913.0,74276.0,74607.0,74974.0,75308.0,75626.0,75936.0,76239.0,76546.0,76817.0,77155.0,77570.0,78135.0,78676
Zl-LzXzy4vc,,,,,,,,,,,,,,,,11923.0,39911.0,66888.0,106609.0,138768.0,172234.0,219101.0,271374.0,308282.0,338374.0,373843.0,409240.0,443894.0,477799.0,510410.0,541463.0,570008.0,602146.0,633281.0,663750.0,693450.0,724487.0,752155.0,778141.0,807520.0,835834.0,862760.0,889247.0,916704.0,943290.0,967845.0,992541.0,1015401.0,1039004.0,1063459.0,1087043.0,1109784.0,1131716.0,,1180667.0,1204167.0,1227762.0,1250427.0,1271929.0,1292459.0,1313285.0,1335411.0,1358757.0,1382807.0,1405174.0,1425402.0,1444324.0,1465643.0,1485092.0,1504691.0,1524470.0,1544273.0,1562378.0,1579127.0,1618169.0,1637017.0,1655652.0,1673225.0,1688493.0,1704615.0,1723196.0,1743431.0,1763469.0,1783016.0,1802938.0,1820771.0,1837352.0,1855788.0,1874107.0,1892995.0,1910714.0,1927314.0,1943171.0,1959478.0,1976904.0,1995151.0,2012999.0,2030139.0,2047739.0,2064742.0,2080707.0,2097917.0,2115220.0,2132669.0,2150999.0,2169295.0,2186147.0,2202880.0,2221516.0,2240327.0,2260212.0,2280923.0,2301423.0,2320765.0,2339212.0,2359830.0,2381293.0,2402777.0,2423737.0,2441324.0,2458736.0,2475583.0,2494718.0,2514881.0,2535908.0,2557782.0,2580714.0,2603139.0,2625050.0,2649493.0,2674303.0,2699183.0,2722497.0,2745574.0,2767370.0,2788879.0,2812310
RRad4YeoaJY,,,,,,,,,,,,,,,,9454.0,9651.0,9935.0,10096.0,10305.0,10433.0,10540.0,10631.0,10777.0,10876.0,11010.0,11100.0,11176.0,11280.0,11334.0,11408.0,11445.0,11481.0,11496.0,11512.0,11518.0,11534.0,11542.0,11561.0,11573.0,11586.0,11589.0,11603.0,11614.0,11618.0,11622.0,11624.0,11628.0,11633.0,11635.0,11642.0,11644.0,11648.0,,11659.0,11666.0,11672.0,11679.0,11681.0,11684.0,11685.0,11686.0,11688.0,11692.0,11692.0,11693.0,11695.0,11697.0,11701.0,11704.0,11705.0,11706.0,11707.0,11710.0,11712.0,11715.0,11718.0,11719.0,11720.0,11723.0,11723.0,11723.0,11724.0,11726.0,11727.0,11730.0,11731.0,11733.0,11738.0,11740.0,11741.0,11741.0,11742.0,11743.0,11746.0,11750.0,11756.0,11757.0,11757.0,11757.0,11758.0,11761.0,11762.0,11764.0,11764.0,11765.0,11770.0,11773.0,11777.0,11778.0,11779.0,11779.0,11779.0,11780.0,11782.0,11782.0,11784.0,11784.0,11788.0,11790.0,11800.0,11801.0,11801.0,11802.0,11802.0,11804.0,11804.0,11804.0,11805.0,11805.0,11805.0,11805.0,11806.0,11808.0,11808.0,11808.0,11811
SUJn2h-J5Ko,,,,,,,,,,,,,,,,,117432.0,124841.0,124143.0,124355.0,124835.0,124913.0,124966.0,125006.0,125032.0,125055.0,125073.0,125087.0,125108.0,125117.0,125122.0,125134.0,125143.0,125152.0,125157.0,125161.0,125165.0,125167.0,125170.0,125176.0,125178.0,125185.0,125187.0,125191.0,125194.0,125197.0,125205.0,125208.0,125211.0,125220.0,125224.0,125228.0,125230.0,,125244.0,125252.0,125257.0,125265.0,125269.0,125279.0,125293.0,125301.0,125311.0,125315.0,125320.0,125326.0,125328.0,125334.0,125341.0,125346.0,125349.0,125354.0,125355.0,125360.0,125370.0,125376.0,125385.0,125393.0,125394.0,125397.0,125402.0,125408.0,125415.0,125415.0,125415.0,125418.0,125420.0,125426.0,125426.0,125427.0,125427.0,125429.0,125432.0,125435.0,125438.0,125440.0,125442.0,125447.0,125447.0,125448.0,125450.0,125453.0,125453.0,125454.0,125455.0,125456.0,125458.0,125460.0,125461.0,125464.0,125466.0,125466.0,125470.0,125472.0,125472.0,125472.0,125472.0,125472.0,125478.0,125481.0,125482.0,125484.0,125485.0,125486.0,125488.0,125491.0,125492.0,125493.0,125493.0,125494.0,125494.0,125495.0,125495.0,125496.0,125496.0,125497.0,125498
0iul7DdRFyA,,,,,,,,,,,,,,,,,91230.0,93378.0,96083.0,98219.0,100507.0,103754.0,106731.0,109810.0,112879.0,115758.0,117135.0,117809.0,118394.0,119052.0,119652.0,120309.0,120880.0,121491.0,122030.0,122572.0,123221.0,123870.0,124449.0,124931.0,125404.0,125874.0,126424.0,126787.0,127272.0,127806.0,128224.0,128666.0,129072.0,129557.0,129971.0,130511.0,131044.0,,132036.0,132505.0,132982.0,133439.0,133919.0,134358.0,134771.0,135103.0,135494.0,135839.0,136200.0,136700.0,137155.0,137495.0,137820.0,138113.0,138419.0,138789.0,139190.0,139560.0,140146.0,140406.0,140678.0,141025.0,141320.0,141639.0,141917.0,142227.0,142503.0,142805.0,143069.0,143478.0,143764.0,144073.0,144376.0,144614.0,144845.0,145160.0,145514.0,145798.0,146145.0,146472.0,146805.0,147163.0,147529.0,147988.0,148363.0,148723.0,149094.0,149531.0,149874.0,150288.0,150700.0,151213.0,151522.0,151904.0,152210.0,152521.0,152931.0,153289.0,153784.0,154120.0,154451.0,154753.0,154963.0,155200.0,155405.0,155650.0,155822.0,156009.0,156177.0,156396.0,156574.0,156854.0,157059.0,157233.0,157435.0,157631.0,157865.0,158076.0,158366.0,158631.0,158834
gOjG-70-D5o,,,,,,,,,,,,,,,,,1639275.0,1946217.0,2089813.0,2213769.0,2320598.0,2411769.0,2487703.0,2562888.0,2627182.0,2689948.0,2745985.0,2800786.0,2854393.0,2904325.0,2957246.0,3005402.0,3050421.0,3093513.0,3150045.0,3227678.0,3310238.0,3402274.0,3495683.0,3577861.0,3662257.0,3745353.0,3821795.0,3894420.0,3966739.0,4034511.0,4094532.0,4151675.0,4205170.0,4260153.0,4316373.0,4378252.0,4437108.0,,4544881.0,4596797.0,4648683.0,4701095.0,4762941.0,4818589.0,4866318.0,4909470.0,4951239.0,4991086.0,5032829.0,5077216.0,5121917.0,5159713.0,5192750.0,5225175.0,5257431.0,5289473.0,5325287.0,5361692.0,5422543.0,5451062.0,5480854.0,5511515.0,5541943.0,5574545.0,5604174.0,5634351.0,5663291.0,5691340.0,5718432.0,5748012.0,5775776.0,5800706.0,5824674.0,5848272.0,5870681.0,5893384.0,5914479.0,5936736.0,5957973.0,5978237.0,5997450.0,6015839.0,6034435.0,6053248.0,6072308.0,6090155.0,6105211.0,6119352.0,6133522.0,6147313.0,6162059.0,6177473.0,6190939.0,6203383.0,6216039.0,6229733.0,6243060.0,6258535.0,6275791.0,6290953.0,6305929.0,6321997.0,6336650.0,6351916.0,6368274.0,6383308.0,6397309.0,6410089.0,6422196.0,6433946.0,6445413.0,6458095.0,6472360.0,6485308.0,6498037.0,6510486.0,6522777.0,6535209.0,6548758.0,6561784.0,6573622
bt1BdmKRzzw,,,,,,,,,,,,,,,,,,459.0,547.0,570.0,582.0,588.0,597.0,619.0,623.0,632.0,635.0,641.0,647.0,654.0,655.0,657.0,657.0,658.0,658.0,663.0,664.0,664.0,667.0,669.0,669.0,670.0,671.0,672.0,672.0,672.0,673.0,675.0,675.0,676.0,676.0,676.0,679.0,,679.0,680.0,680.0,680.0,680.0,681.0,682.0,682.0,682.0,684.0,684.0,685.0,685.0,690.0,690.0,690.0,689.0,690.0,692.0,692.0,693.0,693.0,693.0,693.0,693.0,693.0,696.0,696.0,697.0,698.0,701.0,702.0,702.0,702.0,702.0,706.0,706.0,707.0,711.0,711.0,714.0,714.0,715.0,715.0,716.0,716.0,716.0,716.0,716.0,716.0,716.0,717.0,717.0,717.0,717.0,718.0,718.0,718.0,718.0,719.0,720.0,722.0,723.0,723.0,723.0,723.0,723.0,723.0,723.0,723.0,723.0,723.0,724.0,724.0,725.0,725.0,727.0,727.0,728.0,728.0,732.0,732.0,732
gJrl2mpEsxI,,,,,,,,,,,,,,,,,,1315.0,2328.0,2747.0,3060.0,3345.0,3594.0,3811.0,4057.0,4203.0,4312.0,4419.0,4527.0,4625.0,4708.0,4768.0,4827.0,4882.0,4944.0,5024.0,5059.0,5104.0,5190.0,5247.0,5309.0,5368.0,5426.0,5493.0,5564.0,5621.0,5677.0,5752.0,5824.0,5879.0,5937.0,5993.0,6043.0,,6149.0,6199.0,6240.0,6292.0,6328.0,6373.0,6466.0,6547.0,6630.0,6701.0,6756.0,6813.0,6866.0,6927.0,6967.0,7037.0,7101.0,7142.0,7218.0,7275.0,7389.0,7464.0,7509.0,7559.0,7612.0,7653.0,7712.0,7794.0,7894.0,8022.0,8133.0,8231.0,8342.0,8448.0,8559.0,8669.0,8740.0,8809.0,8864.0,8952.0,9017.0,9071.0,9132.0,9191.0,9244.0,9314.0,9387.0,9443.0,9503.0,9567.0,9622.0,9668.0,9737.0,9789.0,9845.0,9897.0,9943.0,9988.0,10034.0,10096.0,10146.0,10181.0,10225.0,10269.0,10326.0,10361.0,10410.0,10456.0,10496.0,10528.0,10572.0,10608.0,10649.0,10671.0,10701.0,10720.0,10746.0,10767.0,10801.0,10819.0,10843.0,10866.0,10891
e589HW1MGbo,,,,,,,,,,,,,,,,,,903.0,1012.0,1048.0,1065.0,1070.0,1083.0,1094.0,1099.0,1105.0,1110.0,1111.0,1120.0,1121.0,1122.0,1125.0,1125.0,1126.0,1131.0,1131.0,1133.0,1134.0,1136.0,1138.0,1138.0,1140.0,1141.0,1143.0,1145.0,1145.0,1145.0,1145.0,1148.0,1148.0,1148.0,1148.0,1148.0,,1175.0,1204.0,1222.0,1232.0,1235.0,1239.0,1244.0,1244.0,1246.0,1248.0,1249.0,1249.0,1249.0,1251.0,1254.0,1257.0,1258.0,1260.0,1261.0,1261.0,1263.0,1263.0,1263.0,1263.0,1264.0,1264.0,1265.0,1267.0,1267.0,1269.0,1269.0,1272.0,1275.0,1278.0,1278.0,1280.0,1283.0,1287.0,1289.0,1295.0,1299.0,1310.0,1317.0,1333.0,1346.0,1352.0,1356.0,1361.0,1359.0,1360.0,1361.0,1363.0,1364.0,1368.0,1369.0,1368.0,1367.0,1368.0,1369.0,1370.0,1372.0,1375.0,1375.0,1375.0,1376.0,1379.0,1380.0,1383.0,1383.0,1383.0,1385.0,1389.0,1388.0,1391.0,1393.0,1395.0,1397.0,1400.0,1400.0,1400.0,1400.0,1401.0,1402
HUNkE8Sopwo,,,,,,,,,,,,,,,,,,35880.0,47256.0,56242.0,62813.0,68518.0,73934.0,80276.0,86286.0,92408.0,97546.0,101542.0,105110.0,108687.0,110430.0,113149.0,116057.0,118862.0,121489.0,124010.0,126493.0,128589.0,130136.0,131682.0,133545.0,135244.0,136968.0,138690.0,140141.0,141409.0,142508.0,143621.0,144737.0,145998.0,147272.0,148328.0,149386.0,,151674.0,152837.0,154016.0,155004.0,155966.0,156738.0,157586.0,158549.0,159467.0,160460.0,161368.0,162174.0,162850.0,163607.0,164391.0,165158.0,166066.0,166877.0,167551.0,168059.0,169555.0,170329.0,171197.0,172001.0,172740.0,173361.0,174161.0,175029.0,175800.0,176773.0,177602.0,178308.0,178860.0,179559.0,180335.0,181113.0,181811.0,182502.0,183126.0,183717.0,184545.0,185336.0,186090.0,186790.0,187456.0,188216.0,188910.0,189621.0,190213.0,190837.0,191491.0,192165.0,192824.0,193350.0,193940.0,194632.0,195301.0,195961.0,196548.0,197008.0,197447.0,197962.0,198467.0,198894.0,199295.0,199646.0,200027.0,200371.0,200718.0,201022.0,201376.0,201726.0,202196.0,202738.0,203093.0,203474.0,203904.0,204377.0,204803.0,205268.0,205705.0,206155.0,206523
raPfw-TycEg,,,,,,,,,,,,,,,,,,,1383.0,1599.0,2215.0,2339.0,2409.0,2421.0,2439.0,2448.0,2448.0,2455.0,2460.0,2467.0,2469.0,2472.0,2481.0,2488.0,2493.0,2494.0,2495.0,2497.0,2513.0,2517.0,2518.0,2522.0,2525.0,2527.0,2527.0,2530.0,2529.0,2529.0,2529.0,2529.0,2532.0,2534.0,2535.0,,2537.0,2537.0,2538.0,2540.0,2540.0,2541.0,2542.0,2542.0,2542.0,2542.0,2542.0,2542.0,2544.0,2545.0,2545.0,2545.0,2545.0,2546.0,2548.0,2550.0,2550.0,2550.0,2550.0,2551.0,2553.0,2553.0,2553.0,2553.0,2553.0,2553.0,2553.0,2553.0,2553.0,2553.0,2553.0,2553.0,2553.0,2554.0,2554.0,2555.0,2555.0,2557.0,2557.0,2557.0,2557.0,2557.0,2562.0,2562.0,2562.0,2562.0,2562.0,2562.0,2562.0,2562.0,2563.0,2563.0,2563.0,2564.0,2565.0,2566.0,2566.0,2566.0,2566.0,2566.0,2567.0,2567.0,2567.0,2567.0,2569.0,2569.0,2569.0,2569.0,2570.0,2571.0,2571.0,2571.0,2571.0,2571.0,2571.0,2575.0,2578.0,2578.0,2578
kn-U4BvIuXw,,,,,,,,,,,,,,,,,,,95305.0,98572.0,103407.0,105842.0,107283.0,108367.0,109539.0,110551.0,111358.0,112059.0,112757.0,113319.0,113893.0,114454.0,114917.0,115256.0,115771.0,116200.0,116631.0,117086.0,117521.0,117970.0,118430.0,118902.0,119481.0,120017.0,120508.0,121011.0,121447.0,121819.0,122279.0,122656.0,123000.0,123688.0,124135.0,,124917.0,125450.0,125923.0,126325.0,126768.0,127177.0,127606.0,128029.0,128341.0,128686.0,129001.0,129280.0,129562.0,129815.0,129982.0,130160.0,130367.0,130637.0,130891.0,131151.0,131593.0,131860.0,132122.0,132332.0,132597.0,132796.0,133086.0,133478.0,133773.0,134037.0,134373.0,134750.0,135111.0,135352.0,135436.0,135517.0,135600.0,135682.0,135756.0,135853.0,135931.0,136017.0,136057.0,136101.0,136149.0,136195.0,136224.0,136265.0,136315.0,136350.0,136378.0,136408.0,136440.0,136465.0,136503.0,136602.0,136665.0,136698.0,136731.0,136758.0,136789.0,136822.0,136860.0,136905.0,136943.0,136981.0,137012.0,137048.0,137073.0,137100.0,137131.0,137157.0,137192.0,137217.0,137253.0,137288.0,137323.0,137361.0,137384.0,137411.0,137442.0,137468.0,137504
RV5_Y_f7u0k,,,,,,,,,,,,,,,,,,,2979.0,3088.0,3203.0,3321.0,3396.0,3477.0,3564.0,3633.0,3706.0,3765.0,3806.0,3858.0,3910.0,3951.0,4019.0,4056.0,4101.0,4128.0,4165.0,4215.0,4260.0,4296.0,4339.0,4380.0,4418.0,4445.0,4485.0,4521.0,4537.0,4558.0,4578.0,4598.0,4618.0,4642.0,4682.0,,4730.0,4748.0,4777.0,4800.0,4828.0,4852.0,4870.0,4895.0,4924.0,4937.0,4957.0,4976.0,4998.0,5019.0,5030.0,5047.0,5059.0,5081.0,5101.0,5121.0,5148.0,5164.0,5185.0,5201.0,5223.0,5245.0,5257.0,5271.0,5279.0,5301.0,5315.0,5329.0,5343.0,5354.0,5369.0,5387.0,5400.0,5406.0,5420.0,5428.0,5443.0,5453.0,5471.0,5488.0,5496.0,5513.0,5528.0,5537.0,5550.0,5565.0,5575.0,5583.0,5599.0,5612.0,5620.0,5632.0,5646.0,5652.0,5661.0,5668.0,5676.0,5685.0,5692.0,5702.0,5718.0,5735.0,5739.0,5752.0,5763.0,5776.0,5789.0,5799.0,5817.0,5831.0,5839.0,5853.0,5863.0,5871.0,5885.0,5896.0,5907.0,5926.0,5947
K7t12aTmhkc,,,,,,,,,,,,,,,,,,,85.0,264.0,412.0,519.0,773.0,1209.0,3466.0,7280.0,9654.0,10262.0,10840.0,11463.0,12197.0,13171.0,13626.0,13941.0,14253.0,14507.0,14731.0,14891.0,15017.0,15148.0,15298.0,15464.0,15657.0,15816.0,15943.0,16074.0,16176.0,16313.0,16466.0,16612.0,16749.0,16882.0,16988.0,,17263.0,17435.0,17589.0,17714.0,17838.0,17966.0,18084.0,18196.0,18390.0,18555.0,18694.0,18818.0,18923.0,19046.0,19213.0,19344.0,19466.0,19597.0,19806.0,19906.0,20098.0,20234.0,20374.0,20483.0,20583.0,20676.0,20751.0,20868.0,20977.0,21089.0,21222.0,21325.0,21401.0,21496.0,21605.0,21718.0,21801.0,21891.0,21942.0,22000.0,22061.0,22135.0,22202.0,22277.0,22344.0,22430.0,22507.0,22602.0,22697.0,22770.0,22897.0,22979.0,23059.0,23121.0,23183.0,23237.0,23301.0,23344.0,23418.0,23488.0,23555.0,23610.0,23656.0,23720.0,23781.0,23885.0,23995.0,24055.0,24129.0,24217.0,24338.0,24479.0,24687.0,24826.0,24906.0,25052.0,25196.0,25344.0,25463.0,25600.0,25718.0,25823.0,25886
SeZ6L9jZmHc,,,,,,,,,,,,,,,,,,,12492.0,14801.0,15974.0,16976.0,17937.0,18513.0,18902.0,19141.0,19396.0,19501.0,19608.0,19685.0,19772.0,19844.0,19898.0,19928.0,19953.0,20062.0,20167.0,20256.0,20293.0,20317.0,20362.0,20386.0,20411.0,20428.0,20458.0,20484.0,20511.0,20531.0,20552.0,20560.0,20575.0,20589.0,20609.0,,20632.0,20638.0,20643.0,20656.0,20667.0,20679.0,20683.0,20687.0,20686.0,20692.0,20699.0,20704.0,20720.0,20734.0,20739.0,20751.0,20761.0,20766.0,20779.0,20792.0,20808.0,20823.0,20836.0,20842.0,20849.0,20851.0,20855.0,20869.0,20871.0,20874.0,20876.0,20877.0,20886.0,20891.0,20897.0,20901.0,20903.0,20906.0,20915.0,20917.0,20924.0,20924.0,20932.0,20940.0,20946.0,20951.0,20952.0,20952.0,20955.0,20956.0,20963.0,20963.0,20972.0,20973.0,20977.0,20982.0,20983.0,20988.0,20991.0,20996.0,20999.0,21002.0,21003.0,21004.0,21008.0,21017.0,21020.0,21031.0,21034.0,21040.0,21042.0,21045.0,21059.0,21071.0,21095.0,21108.0,21114.0,21124.0,21128.0,21130.0,21135.0,21136.0,21142
nzWl5oaZ1Gg,,,,,,,,,,,,,,,,,,,,2141.0,6246.0,9105.0,11900.0,13414.0,14719.0,16158.0,17313.0,18285.0,19056.0,19876.0,20414.0,20950.0,21543.0,22124.0,22710.0,23142.0,23641.0,24007.0,24271.0,24591.0,24856.0,25105.0,25453.0,25750.0,25954.0,26142.0,26355.0,26531.0,26681.0,26937.0,27138.0,27320.0,27452.0,,27861.0,28036.0,28233.0,28387.0,28522.0,28637.0,28762.0,28895.0,29050.0,29204.0,29308.0,29412.0,29493.0,29607.0,29707.0,29828.0,29955.0,30071.0,30177.0,30245.0,30467.0,30564.0,30645.0,30753.0,30834.0,30923.0,31030.0,31111.0,31178.0,31243.0,31301.0,31355.0,31397.0,31483.0,31577.0,31671.0,31769.0,31861.0,31947.0,32018.0,32083.0,32175.0,32294.0,32371.0,32464.0,32599.0,32678.0,32772.0,32900.0,33028.0,33140.0,33244.0,33331.0,33418.0,33531.0,33640.0,33766.0,33873.0,33990.0,34099.0,34177.0,34255.0,34332.0,34438.0,34548.0,34660.0,34764.0,34838.0,34942.0,35039.0,35155.0,35300.0,35459.0,35571.0,35679.0,35814.0,35913.0,36022.0,36136.0,36275.0,36390.0,36481.0,36581
Y0Ul1XB0-Lc,,,,,,,,,,,,,,,,,,,,3250.0,6144.0,7025.0,8067.0,8456.0,8696.0,8893.0,9022.0,9135.0,9247.0,9317.0,9370.0,9412.0,9469.0,9528.0,9566.0,9608.0,9664.0,9682.0,9703.0,9745.0,9780.0,9825.0,9841.0,9851.0,9875.0,9899.0,9926.0,9936.0,9951.0,9973.0,9988.0,10004.0,10011.0,,10058.0,10063.0,10095.0,10127.0,10139.0,10145.0,10183.0,10209.0,10232.0,10242.0,10251.0,10259.0,10270.0,10287.0,10291.0,10315.0,10343.0,10355.0,10363.0,10371.0,10387.0,10394.0,10399.0,10404.0,10409.0,10414.0,10421.0,10427.0,10433.0,10436.0,10443.0,10454.0,10463.0,10471.0,10478.0,10486.0,10495.0,10499.0,10507.0,10514.0,10523.0,10531.0,10536.0,10538.0,10548.0,10552.0,10556.0,10561.0,10564.0,10568.0,10573.0,10574.0,10584.0,10591.0,10599.0,10601.0,10610.0,10621.0,10624.0,10630.0,10632.0,10641.0,10644.0,10647.0,10652.0,10653.0,10657.0,10663.0,10666.0,10667.0,10669.0,10674.0,10679.0,10680.0,10691.0,10694.0,10701.0,10709.0,10715.0,10719.0,10724.0,10726.0,10729
Vj3zqFDToIM,,,,,,,,,,,,,,,,,,,,134274.0,138979.0,144047.0,149506.0,154243.0,158187.0,162414.0,167090.0,170647.0,173545.0,176227.0,178565.0,180337.0,182380.0,184609.0,186753.0,189087.0,191134.0,193047.0,194639.0,196484.0,198414.0,200257.0,202052.0,203954.0,205981.0,207779.0,209587.0,211188.0,212896.0,215087.0,217058.0,218722.0,219956.0,,223492.0,225187.0,226658.0,228181.0,229619.0,231050.0,232220.0,233995.0,235880.0,237736.0,239173.0,240732.0,241894.0,243638.0,245118.0,246549.0,247810.0,249047.0,250265.0,251206.0,253781.0,255045.0,256206.0,257236.0,258259.0,259235.0,260479.0,261753.0,262944.0,263875.0,265153.0,266015.0,266785.0,267736.0,268830.0,270043.0,271338.0,272708.0,273802.0,274761.0,275697.0,276931.0,277861.0,279135.0,280160.0,281039.0,282084.0,283170.0,284280.0,285684.0,286679.0,287933.0,289200.0,290367.0,291751.0,293071.0,294245.0,295660.0,297171.0,298306.0,299491.0,300671.0,302507.0,304210.0,305712.0,307058.0,308593.0,309827.0,311359.0,312767.0,314479.0,316237.0,317789.0,319346.0,320572.0,322151.0,323692.0,325410.0,326910.0,328336.0,329614.0,330639.0,331937
F192Gkz5Tas,,,,,,,,,,,,,,,,,,,,5278.0,6718.0,7432.0,7639.0,7790.0,7920.0,7994.0,8057.0,8097.0,8130.0,8168.0,8194.0,8230.0,8259.0,8276.0,8303.0,8312.0,8323.0,8346.0,8355.0,8370.0,8386.0,8400.0,8411.0,8418.0,8426.0,8438.0,8447.0,8453.0,8461.0,8468.0,8482.0,8498.0,8508.0,,8522.0,8535.0,8544.0,8552.0,8562.0,8565.0,8571.0,8577.0,8585.0,8598.0,8602.0,8612.0,8623.0,8633.0,8643.0,8648.0,8655.0,8661.0,8670.0,8674.0,8687.0,8691.0,8700.0,8708.0,8717.0,8720.0,8720.0,8730.0,8733.0,8736.0,8747.0,8757.0,8769.0,8775.0,8781.0,8786.0,8790.0,8794.0,8805.0,8806.0,8811.0,8815.0,8822.0,8826.0,8829.0,8834.0,8837.0,8839.0,8841.0,8843.0,8847.0,8851.0,8854.0,8860.0,8864.0,8866.0,8869.0,8871.0,8874.0,8876.0,8878.0,8881.0,8881.0,8882.0,8884.0,8887.0,8892.0,8896.0,8902.0,8903.0,8905.0,8910.0,8913.0,8918.0,8921.0,8922.0,8926.0,8928.0,8931.0,8935.0,8938.0,8939.0,8945
4sl47VgK_4A,,,,,,,,,,,,,,,,,,,,44579.0,44705.0,44785.0,44860.0,44915.0,44949.0,44987.0,45026.0,45087.0,45150.0,45170.0,45196.0,45210.0,45218.0,45224.0,45230.0,45247.0,45254.0,45262.0,45277.0,45289.0,45292.0,45298.0,45301.0,45305.0,45309.0,45317.0,45318.0,45322.0,45326.0,45330.0,45336.0,45339.0,45344.0,,45348.0,45350.0,45351.0,45351.0,45354.0,45362.0,45365.0,45366.0,45366.0,45370.0,45374.0,45379.0,45386.0,45385.0,45387.0,45390.0,45392.0,45395.0,45396.0,45399.0,45401.0,45402.0,45406.0,45408.0,45412.0,45416.0,45418.0,45418.0,45422.0,45423.0,45423.0,45424.0,45427.0,45428.0,45432.0,45433.0,45436.0,45436.0,45437.0,45443.0,45444.0,45446.0,45447.0,45448.0,45450.0,45451.0,45454.0,45456.0,45457.0,45458.0,45461.0,45461.0,45461.0,45461.0,45462.0,45462.0,45464.0,45465.0,45466.0,45468.0,45469.0,45469.0,45472.0,45471.0,45471.0,45472.0,45473.0,45473.0,45473.0,45473.0,45476.0,45476.0,45477.0,45478.0,45478.0,45480.0,45482.0,45485.0,45486.0,45488.0,45489.0,45490.0,45494
OgOm9Ei0BUc,,,,,,,,,,,,,,,,,,,,8725.0,25261.0,39944.0,57827.0,81204.0,101633.0,120955.0,141391.0,153249.0,161675.0,169415.0,175891.0,181271.0,187710.0,193738.0,198945.0,203638.0,208087.0,211695.0,214969.0,218599.0,222081.0,225479.0,228839.0,232146.0,235101.0,237552.0,239982.0,242210.0,244290.0,247056.0,249857.0,252277.0,254467.0,,259585.0,262165.0,264852.0,267320.0,269667.0,271595.0,273545.0,275965.0,278429.0,280762.0,283011.0,284837.0,286717.0,289052.0,291101.0,293279.0,295138.0,297116.0,298948.0,300603.0,304937.0,306784.0,308734.0,310356.0,312004.0,313749.0,315956.0,317987.0,320073.0,322650.0,325679.0,327457.0,328833.0,330486.0,332147.0,334036.0,335742.0,337896.0,339690.0,341416.0,343239.0,345301.0,347408.0,349358.0,351372.0,352989.0,354373.0,356418.0,358379.0,360301.0,362142.0,363878.0,365594.0,367153.0,369119.0,370954.0,372782.0,374625.0,376575.0,378168.0,379522.0,380946.0,382731.0,384334.0,385875.0,387371.0,388448.0,389775.0,391131.0,392801.0,394525.0,396276.0,398044.0,399727.0,401375.0,403542.0,405576.0,407639.0,409623.0,411562.0,413001.0,414441.0,416036
ou2Y2vGKCyY,,,,,,,,,,,,,,,,,,,,,35905.0,46268.0,53288.0,58419.0,63087.0,66665.0,70335.0,73343.0,74866.0,76300.0,77618.0,78741.0,79813.0,80793.0,81758.0,82693.0,83708.0,84632.0,85597.0,86476.0,87290.0,88090.0,88873.0,89688.0,90464.0,91230.0,91941.0,92669.0,93351.0,94025.0,94759.0,95552.0,96254.0,,97560.0,98222.0,98882.0,99542.0,100111.0,100603.0,101084.0,101560.0,102097.0,102617.0,103122.0,103726.0,104221.0,104722.0,105181.0,105608.0,106203.0,106683.0,107163.0,107631.0,108415.0,108752.0,109228.0,109545.0,109915.0,110239.0,110498.0,110881.0,111256.0,111598.0,111917.0,112297.0,112617.0,112915.0,113281.0,113656.0,114011.0,114383.0,114712.0,115029.0,115360.0,115627.0,115986.0,116423.0,116771.0,117118.0,117443.0,117828.0,118219.0,118512.0,118852.0,119175.0,119500.0,119827.0,120156.0,120404.0,120619.0,120884.0,121213.0,121493.0,121761.0,122003.0,122238.0,122535.0,122770.0,123007.0,123240.0,123426.0,123636.0,123842.0,124077.0,124282.0,124513.0,124751.0,125010.0,125257.0,125508.0,125756.0,125999.0,126219.0,126487.0,126764.0,126985
3WT8A28JPnY,,,,,,,,,,,,,,,,,,,,,372.0,389.0,396.0,405.0,416.0,418.0,422.0,430.0,431.0,432.0,440.0,439.0,443.0,445.0,451.0,454.0,455.0,458.0,458.0,460.0,460.0,460.0,462.0,465.0,465.0,466.0,468.0,470.0,471.0,471.0,472.0,472.0,473.0,,474.0,474.0,474.0,474.0,474.0,475.0,475.0,476.0,476.0,479.0,480.0,480.0,480.0,480.0,482.0,485.0,485.0,486.0,486.0,486.0,486.0,486.0,486.0,487.0,488.0,488.0,490.0,490.0,490.0,490.0,491.0,491.0,491.0,491.0,492.0,492.0,492.0,492.0,493.0,493.0,493.0,493.0,493.0,493.0,496.0,498.0,498.0,498.0,498.0,498.0,498.0,499.0,499.0,499.0,499.0,499.0,499.0,499.0,499.0,502.0,502.0,505.0,504.0,507.0,507.0,508.0,508.0,508.0,509.0,510.0,510.0,510.0,510.0,510.0,510.0,510.0,512.0,515.0,515.0,516.0,518.0,518.0,518
HRDApL3_m18,,,,,,,,,,,,,,,,,,,,,7126.0,17401.0,29141.0,39642.0,50560.0,59738.0,67035.0,72989.0,76682.0,79624.0,82364.0,84681.0,87231.0,89580.0,91681.0,93812.0,95741.0,97159.0,98236.0,99461.0,100660.0,101577.0,102651.0,103667.0,104455.0,105341.0,106185.0,106964.0,107802.0,108523.0,109316.0,109953.0,110503.0,,111993.0,112582.0,113463.0,114370.0,114984.0,115583.0,116171.0,116718.0,117184.0,117865.0,118492.0,119179.0,119771.0,120521.0,121234.0,122054.0,122978.0,124028.0,125207.0,126179.0,128244.0,129480.0,130511.0,131577.0,132640.0,133480.0,134422.0,135405.0,136283.0,137393.0,138519.0,139661.0,140736.0,141891.0,143007.0,144079.0,145192.0,146373.0,147461.0,148468.0,149574.0,150707.0,151853.0,153046.0,154390.0,156004.0,157642.0,159370.0,161194.0,162854.0,164273.0,165786.0,167047.0,168054.0,169125.0,170153.0,171033.0,172105.0,173183.0,174412.0,175396.0,176465.0,177594.0,178828.0,180593.0,183998.0,187625.0,191025.0,194207.0,196516.0,198759.0,200936.0,202591.0,204784.0,206718.0,208497.0,210185.0,211821.0,213436.0,214706.0,215956.0,217293.0,218309
w7j0aTM5ujk,,,,,,,,,,,,,,,,,,,,,607886.0,631579.0,649941.0,668356.0,683805.0,697433.0,711450.0,716251.0,718605.0,720382.0,721811.0,722991.0,723843.0,724437.0,725068.0,726674.0,727550.0,728153.0,728624.0,729063.0,729438.0,729899.0,730257.0,730568.0,730855.0,731216.0,731497.0,731732.0,732020.0,732304.0,732531.0,732840.0,733162.0,,733798.0,734068.0,734293.0,734488.0,734729.0,734957.0,735146.0,735264.0,735481.0,735720.0,735933.0,736239.0,736533.0,736811.0,737069.0,737357.0,737571.0,737877.0,738192.0,738450.0,738786.0,738966.0,739163.0,739388.0,739708.0,739955.0,740146.0,740399.0,740631.0,740935.0,741228.0,741585.0,741899.0,742191.0,742446.0,742701.0,742979.0,743255.0,743613.0,743926.0,744158.0,744340.0,744572.0,744758.0,744949.0,745149.0,745356.0,745554.0,745749.0,745955.0,746081.0,746288.0,746499.0,746697.0,746885.0,747098.0,747430.0,747773.0,748022.0,748367.0,748608.0,748834.0,749178.0,749578.0,749919.0,750059.0,750202.0,750323.0,750405.0,750491.0,750568.0,750662.0,750786.0,750919.0,751020.0,751112.0,751165.0,751225.0,751282.0,751345.0,751402.0,751466.0,751540
CO7xkEXsn5s,,,,,,,,,,,,,,,,,,,,,1269.0,1483.0,1630.0,1767.0,1880.0,1959.0,2027.0,2088.0,2158.0,2208.0,2266.0,2303.0,2364.0,2404.0,2437.0,2465.0,2502.0,2534.0,2554.0,2564.0,2603.0,2668.0,2582.0,2584.0,2557.0,2561.0,2571.0,2569.0,2574.0,2578.0,2582.0,2584.0,2586.0,,2595.0,2597.0,2601.0,2606.0,2610.0,2616.0,2617.0,2621.0,2623.0,2629.0,2634.0,2637.0,2645.0,2652.0,2654.0,2657.0,2668.0,2677.0,2686.0,2719.0,2729.0,2711.0,2717.0,2719.0,2725.0,2726.0,2730.0,2732.0,2735.0,2735.0,2739.0,2748.0,2751.0,2754.0,2758.0,2759.0,2783.0,2787.0,2789.0,2778.0,2773.0,2775.0,2777.0,2780.0,2781.0,2782.0,2783.0,2787.0,2789.0,2791.0,2793.0,2796.0,2799.0,2801.0,2801.0,2802.0,2805.0,2805.0,2805.0,2810.0,2811.0,2811.0,2816.0,2817.0,2818.0,2819.0,2819.0,2819.0,2820.0,2821.0,2822.0,2822.0,2822.0,2822.0,2824.0,2826.0,2826.0,2826.0,2827.0,2827.0,2827.0,2827.0,2827
XPqXU3SfxdU,,,,,,,,,,,,,,,,,,,,,,270020.0,787578.0,1248005.0,1279330.0,1303151.0,1326758.0,1350618.0,1372471.0,1389134.0,1401214.0,1410982.0,1422821.0,1434505.0,1445291.0,1455395.0,1464547.0,1471456.0,1477281.0,1485195.0,1492811.0,1500679.0,1508103.0,1515827.0,1521953.0,1527705.0,1533899.0,1540320.0,1546545.0,1554988.0,1564305.0,1571970.0,1579154.0,,1596788.0,1605514.0,1614112.0,1622457.0,1630247.0,1636613.0,1643191.0,1651260.0,1659969.0,1668177.0,1676431.0,1683699.0,1689644.0,1697980.0,1706007.0,1713994.0,1722247.0,1730937.0,1738047.0,1744070.0,1760512.0,1768581.0,1777216.0,1785262.0,1791885.0,1797791.0,1805757.0,1813683.0,1821514.0,1829414.0,1836851.0,1843718.0,1850055.0,1858186.0,1866188.0,1874301.0,1883054.0,1891142.0,1897678.0,1903477.0,1911777.0,1919518.0,1926576.0,1933102.0,1939623.0,1945025.0,1950061.0,1955468.0,1961315.0,1967013.0,1972696.0,1978586.0,1983960.0,1988605.0,1994902.0,2001380.0,2007898.0,2014929.0,2021134.0,2026491.0,2031500.0,2038366.0,2044719.0,2051292.0,2057327.0,2062309.0,2067065.0,2071084.0,2076054.0,2080728.0,2086491.0,2092305.0,2097753.0,2102296.0,2106520.0,2112630.0,2118017.0,2123848.0,2130140.0,2135839.0,2141163.0,2145883.0,2152640
bxPt9jC1Xxo,,,,,,,,,,,,,,,,,,,,,,,18553.0,19023.0,19349.0,19586.0,19782.0,19913.0,20037.0,20206.0,20282.0,20347.0,20408.0,20473.0,20523.0,20584.0,20668.0,20732.0,20771.0,20847.0,20914.0,20970.0,21028.0,21099.0,21151.0,21194.0,21244.0,21289.0,21318.0,21373.0,21414.0,21440.0,21464.0,,21524.0,21561.0,21586.0,21610.0,21632.0,21655.0,21670.0,21689.0,21727.0,21747.0,21769.0,21779.0,21789.0,21810.0,21825.0,21843.0,21863.0,21881.0,21894.0,21909.0,21941.0,21950.0,21972.0,21989.0,22013.0,22025.0,22045.0,22055.0,22066.0,22075.0,22084.0,22095.0,22101.0,22111.0,22122.0,22130.0,22136.0,22154.0,22165.0,22174.0,22183.0,22195.0,22207.0,22217.0,22234.0,22253.0,22274.0,22293.0,22328.0,22379.0,22416.0,22439.0,22469.0,22503.0,22526.0,22552.0,22580.0,22604.0,22630.0,22663.0,22682.0,22710.0,22738.0,22759.0,22778.0,22806.0,22837.0,22862.0,22893.0,22918.0,22943.0,22980.0,23010.0,23044.0,23065.0,23126.0,23215.0,23301.0,23389.0,23494.0,23541.0,23564.0,23595
JBrmXv5nwZs,,,,,,,,,,,,,,,,,,,,,,,297.0,517.0,639.0,748.0,879.0,983.0,1042.0,1106.0,1173.0,1218.0,1263.0,1295.0,1328.0,,,,,,,,,,,,,,,,,,,,,,,,,,,,,,,,,,,,,,,,,,,,,,,,,,,,,,,,,,,,,,,,,,,,,,,,,,,,,,,,,,,,,,,,,,,,,,,,,,,,,,
f9m2SQ81v7Q,,,,,,,,,,,,,,,,,,,,,,,944.0,983.0,1000.0,1027.0,1051.0,1074.0,1083.0,1096.0,1105.0,1117.0,1118.0,1134.0,1161.0,1171.0,1174.0,1184.0,1191.0,1196.0,1199.0,1202.0,1202.0,1203.0,1205.0,1207.0,1207.0,1209.0,1212.0,1215.0,1216.0,1217.0,1222.0,,1228.0,1230.0,1231.0,1231.0,1231.0,1231.0,1234.0,1238.0,1239.0,1240.0,1240.0,1240.0,1242.0,1243.0,1245.0,1246.0,1246.0,1246.0,1247.0,1248.0,1250.0,1250.0,1251.0,1251.0,1252.0,1252.0,1252.0,1252.0,1253.0,1253.0,1254.0,1255.0,1255.0,1257.0,1260.0,1260.0,1261.0,1261.0,1261.0,1261.0,1262.0,1263.0,1264.0,1265.0,1266.0,1266.0,1266.0,1266.0,1266.0,1266.0,1267.0,1267.0,1267.0,1267.0,1267.0,1267.0,1267.0,1267.0,1267.0,1267.0,1267.0,1267.0,1267.0,1267.0,1267.0,1267.0,1268.0,1270.0,1279.0,1280.0,1281.0,1281.0,1281.0,1281.0,1281.0,1281.0,1281.0,1282.0,1284.0,1284.0,1284.0,1286.0,1287
XE4A3zRxk8M,,,,,,,,,,,,,,,,,,,,,,,1049.0,1811.0,5803.0,10688.0,14892.0,17866.0,20652.0,22425.0,23241.0,23701.0,24268.0,24850.0,25326.0,25749.0,26141.0,26464.0,26681.0,26980.0,27229.0,27458.0,27652.0,27835.0,28026.0,28146.0,28308.0,28433.0,28580.0,28720.0,28849.0,28981.0,29091.0,,29353.0,29481.0,29620.0,29739.0,29866.0,29962.0,30060.0,30153.0,30247.0,30364.0,30452.0,30536.0,30596.0,30670.0,30737.0,30791.0,30860.0,30916.0,30988.0,31047.0,31189.0,31258.0,31323.0,31383.0,31453.0,31506.0,31560.0,31612.0,31666.0,31734.0,31816.0,31867.0,31929.0,31973.0,32033.0,32081.0,32132.0,32211.0,32264.0,32311.0,32356.0,32407.0,32467.0,32513.0,32576.0,32650.0,32727.0,32800.0,32889.0,32977.0,33057.0,33141.0,33221.0,33293.0,33366.0,33477.0,33590.0,33678.0,33799.0,33901.0,33972.0,34043.0,34142.0,34221.0,34310.0,34501.0,34656.0,34777.0,34978.0,35119.0,35245.0,35366.0,35494.0,35599.0,35708.0,35848.0,36008.0,36147.0,36256.0,36382.0,36453.0,36514.0,36591
6PH4Kfjeuo8,,,,,,,,,,,,,,,,,,,,,,,220784.0,232576.0,242791.0,253126.0,261745.0,269217.0,276129.0,282660.0,286745.0,290003.0,294166.0,298019.0,302107.0,305830.0,309600.0,312444.0,314969.0,318001.0,321132.0,324075.0,326931.0,329693.0,331929.0,333834.0,335607.0,337496.0,339388.0,341649.0,343987.0,345858.0,347268.0,,351210.0,353303.0,355634.0,357807.0,359466.0,360834.0,362145.0,363748.0,365557.0,367193.0,369174.0,370794.0,372237.0,373997.0,375898.0,378171.0,380212.0,382281.0,383907.0,385186.0,389236.0,391386.0,393543.0,395347.0,397128.0,398549.0,400129.0,401740.0,403465.0,404923.0,406699.0,408274.0,409436.0,410759.0,412200.0,413589.0,415281.0,417752.0,419938.0,422178.0,424445.0,426881.0,429391.0,431429.0,435359.0,439853.0,444221.0,450340.0,456146.0,461493.0,466092.0,471049.0,476171.0,480449.0,485889.0,491253.0,497363.0,503430.0,510067.0,516004.0,520989.0,526514.0,532223.0,538127.0,544194.0,551024.0,557473.0,562368.0,567991.0,573174.0,578785.0,584566.0,590567.0,595640.0,599807.0,604514.0,609014.0,613720.0,618418.0,623339.0,628129.0,631702.0,635025
vuAp-MShrVw,,,,,,,,,,,,,,,,,,,,,,,24340.0,67217.0,95617.0,116669.0,135644.0,155774.0,175232.0,192092.0,204069.0,213268.0,223139.0,233821.0,244366.0,255053.0,266057.0,275281.0,283009.0,290222.0,298134.0,305729.0,312720.0,319231.0,326724.0,333968.0,340578.0,347314.0,353962.0,361236.0,368589.0,376077.0,383025.0,,400715.0,409938.0,419604.0,430699.0,439472.0,446240.0,453329.0,461625.0,468748.0,476258.0,483058.0,489544.0,495405.0,501869.0,508142.0,516511.0,524240.0,530770.0,537992.0,543233.0,554856.0,560426.0,566867.0,572797.0,577895.0,582153.0,586936.0,592724.0,597492.0,602176.0,606896.0,611390.0,615066.0,618769.0,622237.0,625918.0,629464.0,633315.0,636777.0,639791.0,642720.0,645983.0,648889.0,651794.0,654583.0,657694.0,660694.0,663781.0,667075.0,670389.0,673580.0,677144.0,680599.0,683507.0,686784.0,690071.0,693088.0,696285.0,699402.0,702643.0,705334.0,707850.0,710587.0,713933.0,717564.0,721841.0,725775.0,729101.0,732515.0,735954.0,739501.0,743268.0,747003.0,750555.0,754179.0,757780.0,760976.0,764348.0,767601.0,771025.0,774284.0,776897.0,779426
JUeZL0TyT3I,,,,,,,,,,,,,,,,,,,,,,,79664.0,142058.0,163952.0,182381.0,196130.0,209123.0,220471.0,229909.0,236890.0,243199.0,253400.0,264437.0,272033.0,277763.0,283807.0,289403.0,294297.0,298962.0,302859.0,306186.0,309823.0,313570.0,317168.0,320762.0,323995.0,327257.0,330836.0,334632.0,338177.0,341650.0,344799.0,,351085.0,354053.0,356846.0,359459.0,362108.0,364533.0,366854.0,368986.0,371146.0,373146.0,375090.0,377042.0,378950.0,380834.0,382632.0,384579.0,386544.0,388654.0,391131.0,393979.0,399192.0,401174.0,403007.0,404757.0,406526.0,408041.0,409488.0,410886.0,412216.0,413646.0,414951.0,416249.0,417413.0,418691.0,420023.0,421316.0,422592.0,423824.0,425099.0,426332.0,427584.0,428743.0,429726.0,430679.0,431559.0,432481.0,433311.0,434166.0,434980.0,435778.0,436621.0,437449.0,438332.0,439297.0,440212.0,441104.0,441933.0,442713.0,443594.0,444405.0,445187.0,445953.0,446791.0,447670.0,448501.0,449339.0,450095.0,450827.0,451542.0,452242.0,452909.0,453595.0,454300.0,455055.0,455768.0,456568.0,457302.0,457982.0,458706.0,459473.0,460355.0,461167.0,464183
BN3sEtwD7qU,,,,,,,,,,,,,,,,,,,,,,,,9730.0,13012.0,16245.0,19895.0,24458.0,27509.0,29814.0,31627.0,33036.0,34579.0,36061.0,37488.0,38731.0,39799.0,40746.0,41757.0,42735.0,43782.0,44755.0,45772.0,46734.0,47655.0,48394.0,49100.0,49804.0,50456.0,51015.0,51601.0,52218.0,52679.0,,53741.0,66128.0,72000.0,79049.0,85999.0,91088.0,95954.0,98696.0,101087.0,103010.0,104844.0,106008.0,107020.0,108292.0,109130.0,110016.0,111006.0,111836.0,112523.0,113141.0,114586.0,115136.0,115646.0,116164.0,116650.0,117025.0,117471.0,117907.0,118233.0,118619.0,119036.0,119397.0,119702.0,119995.0,120343.0,120685.0,121020.0,121305.0,121560.0,121849.0,122141.0,122412.0,122736.0,123068.0,123624.0,124346.0,125116.0,126871.0,128274.0,129291.0,130102.0,131027.0,131837.0,132514.0,133222.0,133999.0,134849.0,135854.0,136531.0,137278.0,137838.0,138702.0,139564.0,140554.0,141618.0,143354.0,144882.0,145898.0,146855.0,147798.0,148912.0,149894.0,150979.0,151796.0,152457.0,153222.0,153996.0,154700.0,155405.0,156063.0,156734.0,157198.0,157603
8k0qIUhaCD0,,,,,,,,,,,,,,,,,,,,,,,,216.0,696.0,1072.0,1501.0,1879.0,1894.0,1900.0,1909.0,1914.0,1918.0,1922.0,1925.0,1928.0,1932.0,1937.0,1940.0,1941.0,2662.0,3126.0,3805.0,4130.0,4136.0,4140.0,4143.0,4146.0,4162.0,5196.0,5200.0,5202.0,5203.0,,5210.0,5210.0,5212.0,5564.0,5941.0,6332.0,6381.0,6388.0,6392.0,6396.0,6404.0,6409.0,6411.0,6411.0,6411.0,6413.0,6414.0,6414.0,6418.0,6419.0,6426.0,6427.0,6430.0,6435.0,6440.0,6442.0,6445.0,6446.0,6446.0,6448.0,6449.0,6451.0,6451.0,6453.0,6455.0,6458.0,6458.0,6459.0,6460.0,6464.0,6465.0,6466.0,6466.0,6467.0,6467.0,6468.0,6469.0,6470.0,6471.0,6473.0,6473.0,6473.0,6473.0,6473.0,6474.0,6477.0,6477.0,6477.0,6480.0,6482.0,6483.0,6483.0,6485.0,6485.0,6486.0,6486.0,6486.0,6488.0,6488.0,6489.0,6490.0,6489.0,6489.0,6489.0,6489.0,6489.0,6489.0,6489.0,6490.0,6490.0,6490.0,6491.0,6491
pOAKFUpMdd0,,,,,,,,,,,,,,,,,,,,,,,,,5766.0,21876.0,26195.0,28637.0,29982.0,31219.0,32014.0,32643.0,33121.0,33538.0,33967.0,34309.0,34606.0,34776.0,34967.0,35361.0,35623.0,35796.0,35913.0,36028.0,36103.0,36159.0,36204.0,36228.0,36264.0,36292.0,36332.0,36366.0,36386.0,,36430.0,36443.0,36464.0,36477.0,36498.0,36506.0,36515.0,36529.0,36544.0,36559.0,36576.0,36595.0,36600.0,36615.0,36625.0,36631.0,36643.0,36653.0,36662.0,36674.0,36687.0,36693.0,36700.0,36712.0,36728.0,36736.0,36746.0,36750.0,36763.0,36778.0,36788.0,36803.0,36816.0,36825.0,36834.0,36841.0,36848.0,36854.0,36860.0,36867.0,36872.0,36879.0,36890.0,36894.0,36899.0,36908.0,36914.0,36920.0,36924.0,36931.0,36940.0,36950.0,36962.0,36971.0,36981.0,36993.0,36998.0,37000.0,37007.0,37017.0,37028.0,37037.0,37045.0,37055.0,37067.0,37073.0,37081.0,37095.0,37109.0,37119.0,37123.0,37133.0,37139.0,37150.0,37157.0,37167.0,37178.0,37185.0,37195.0,37198.0,37204.0,37212.0,37227
8RAQSwpjFoE,,,,,,,,,,,,,,,,,,,,,,,,,,30391.0,39384.0,41313.0,41855.0,42088.0,42254.0,42410.0,42546.0,42646.0,42705.0,42771.0,42835.0,42903.0,42999.0,43080.0,43132.0,43181.0,43219.0,43256.0,43304.0,43349.0,43397.0,43421.0,43457.0,43500.0,43531.0,43574.0,43609.0,,43667.0,43684.0,43709.0,43737.0,43758.0,43780.0,43812.0,43830.0,43854.0,43870.0,43884.0,43911.0,43917.0,43937.0,43958.0,43975.0,43993.0,44005.0,44016.0,44041.0,44072.0,44091.0,44108.0,44122.0,44133.0,44154.0,44182.0,44197.0,44221.0,44241.0,44268.0,44290.0,44310.0,44338.0,44358.0,44385.0,44416.0,44442.0,44464.0,44483.0,44519.0,44551.0,44581.0,44599.0,44620.0,44635.0,44651.0,44662.0,44675.0,44686.0,44689.0,44699.0,44713.0,44728.0,44731.0,44746.0,44756.0,44761.0,44779.0,44788.0,44800.0,44806.0,44823.0,44836.0,44844.0,44856.0,44866.0,44872.0,44878.0,44883.0,44893.0,44898.0,44912.0,44917.0,44921.0,44926.0,44931.0,44933.0,44938.0,44951.0,44962.0,44971.0,44975
wlR8b_uOfh4,,,,,,,,,,,,,,,,,,,,,,,,,,2060.0,3928.0,6076.0,7676.0,8358.0,8716.0,8954.0,9093.0,9182.0,9381.0,9416.0,9447.0,9487.0,9533.0,9586.0,9604.0,9629.0,9647.0,9673.0,9708.0,9738.0,9756.0,9767.0,9838.0,9855.0,9872.0,9884.0,9900.0,,9937.0,9960.0,9985.0,9998.0,10023.0,10047.0,10065.0,10081.0,10087.0,10098.0,10111.0,10120.0,10128.0,10131.0,10138.0,10142.0,10151.0,10157.0,10170.0,10177.0,10198.0,10209.0,10223.0,10231.0,10245.0,10250.0,10259.0,10273.0,10283.0,10293.0,10302.0,10308.0,10316.0,10321.0,10334.0,10342.0,10350.0,10358.0,10364.0,10367.0,10374.0,10380.0,10386.0,10391.0,10399.0,10409.0,10413.0,10415.0,10423.0,10426.0,10436.0,10441.0,10448.0,10450.0,10455.0,10457.0,10459.0,10468.0,10474.0,10481.0,10484.0,10487.0,10488.0,10490.0,10494.0,10497.0,10500.0,10501.0,10504.0,10506.0,10507.0,10509.0,10511.0,10512.0,10517.0,10522.0,10528.0,10530.0,10534.0,10541.0,10547.0,10551.0,10554
XQ7vBKHMw7M,,,,,,,,,,,,,,,,,,,,,,,,,,61894.0,85384.0,101601.0,113773.0,142531.0,172511.0,207948.0,241614.0,254899.0,267444.0,279593.0,289812.0,297964.0,304380.0,310421.0,316159.0,321616.0,326118.0,329298.0,332089.0,334689.0,337063.0,339444.0,342040.0,344423.0,346938.0,349232.0,351131.0,,355592.0,358325.0,361225.0,363254.0,364990.0,366610.0,368530.0,370554.0,372472.0,374468.0,376376.0,378254.0,379883.0,381524.0,383165.0,384942.0,386686.0,388363.0,389730.0,391306.0,394336.0,395989.0,397438.0,399138.0,400642.0,402122.0,403680.0,405266.0,406690.0,407896.0,409325.0,410893.0,412204.0,413540.0,414911.0,416341.0,417800.0,419080.0,420165.0,421310.0,422619.0,423820.0,425060.0,426200.0,427428.0,428832.0,430142.0,431829.0,433368.0,434687.0,436079.0,437320.0,438363.0,439275.0,440120.0,441219.0,442081.0,442973.0,443978.0,444862.0,445706.0,446570.0,447556.0,448586.0,449649.0,450818.0,451899.0,452821.0,453805.0,454700.0,455637.0,456529.0,457516.0,458415.0,459529.0,460650.0,461785.0,462938.0,463918.0,465010.0,465958.0,466884.0,467937
7ehdQWIV5Ik,,,,,,,,,,,,,,,,,,,,,,,,,,13629.0,38830.0,68732.0,147967.0,222879.0,282601.0,326825.0,384802.0,422784.0,446155.0,463010.0,476590.0,487159.0,494646.0,503343.0,511417.0,518503.0,525276.0,531145.0,536172.0,540655.0,544875.0,548929.0,552563.0,556909.0,561492.0,565657.0,569386.0,,578724.0,583376.0,587694.0,591534.0,594743.0,597653.0,600850.0,604614.0,608005.0,610992.0,614128.0,617143.0,619709.0,622747.0,625417.0,628314.0,631253.0,634011.0,636235.0,638088.0,642963.0,645174.0,647597.0,649687.0,651486.0,652994.0,654922.0,656980.0,658867.0,660682.0,662633.0,664361.0,665661.0,667372.0,669071.0,670681.0,672251.0,673790.0,675025.0,676049.0,677334.0,678813.0,680160.0,681556.0,682895.0,684107.0,685058.0,686444.0,687741.0,689056.0,690306.0,691513.0,692466.0,693315.0,694437.0,695489.0,696595.0,697663.0,698590.0,699578.0,700335.0,701329.0,702358.0,703416.0,704453.0,705464.0,706388.0,707128.0,708160.0,709044.0,710148.0,711237.0,712288.0,713185.0,713888.0,714949.0,716054.0,717317.0,718475.0,719587.0,720558.0,721371.0,722352
4qWUNxnZ35U,,,,,,,,,,,,,,,,,,,,,,,,,,234282.0,242801.0,249061.0,255539.0,260332.0,264174.0,267290.0,270784.0,276084.0,282450.0,288476.0,293711.0,298463.0,302809.0,308691.0,312585.0,314980.0,316705.0,317969.0,319293.0,320569.0,321499.0,322617.0,323621.0,324425.0,325201.0,326026.0,326948.0,,328902.0,329628.0,330252.0,330786.0,331308.0,331746.0,332123.0,332421.0,332678.0,332984.0,333237.0,333630.0,333968.0,334264.0,334514.0,334795.0,335083.0,335379.0,335717.0,336029.0,336490.0,336745.0,336981.0,337195.0,337508.0,337788.0,337998.0,338192.0,338412.0,338661.0,338919.0,339172.0,339430.0,339650.0,339865.0,340052.0,340299.0,340535.0,340859.0,341124.0,341311.0,341548.0,341765.0,341987.0,342185.0,342434.0,342738.0,342934.0,343146.0,343355.0,343561.0,343789.0,344086.0,344395.0,344616.0,344826.0,345072.0,345257.0,345407.0,345618.0,345798.0,345960.0,346096.0,346245.0,346385.0,346555.0,346719.0,346848.0,347025.0,347156.0,347269.0,347395.0,347532.0,347693.0,347842.0,347972.0,348114.0,348276.0,348435.0,348575.0,348794.0,348993.0,349138
OaBsMBK1Bgo,,,,,,,,,,,,,,,,,,,,,,,,,,,29891.0,32292.0,34173.0,35934.0,37952.0,40024.0,41899.0,43681.0,45631.0,47683.0,49899.0,52053.0,53943.0,55736.0,57448.0,59021.0,60559.0,62266.0,64173.0,65943.0,67796.0,69790.0,71421.0,73169.0,74840.0,76253.0,77856.0,,80766.0,82184.0,83559.0,85040.0,86693.0,88160.0,89518.0,90763.0,91873.0,92890.0,93851.0,95191.0,96402.0,97512.0,98512.0,99427.0,100431.0,101358.0,102599.0,103652.0,105771.0,106670.0,107563.0,108445.0,109669.0,110718.0,111523.0,112170.0,113015.0,113798.0,114669.0,115682.0,116467.0,117309.0,118099.0,118936.0,119755.0,120602.0,121523.0,122680.0,123547.0,124493.0,125340.0,126170.0,127116.0,128256.0,129347.0,130259.0,131216.0,132152.0,133148.0,134274.0,135297.0,136219.0,137060.0,137888.0,138808.0,139704.0,140632.0,141686.0,142815.0,143642.0,144319.0,145039.0,145881.0,147225.0,148523.0,149615.0,150831.0,151905.0,152667.0,153497.0,154325.0,155470.0,156476.0,157306.0,158070.0,158776.0,159484.0,160250.0,161156.0,161931.0,162550
1hRzRN2bs3k,,,,,,,,,,,,,,,,,,,,,,,,,,,6101.0,27937.0,48581.0,63525.0,80738.0,81886.0,85975.0,89998.0,91697.0,94081.0,96289.0,98266.0,100027.0,101893.0,103709.0,104916.0,114966.0,197755.0,234845.0,235601.0,236796.0,222157.0,221749.0,222575.0,223206.0,223902.0,224456.0,,225731.0,226451.0,227027.0,227629.0,228265.0,228739.0,229343.0,229852.0,230413.0,230973.0,231428.0,232020.0,232602.0,233176.0,233622.0,234220.0,234856.0,235389.0,235896.0,236368.0,237715.0,238318.0,238951.0,239494.0,240053.0,240505.0,241010.0,241480.0,241927.0,242363.0,242692.0,243130.0,243475.0,243817.0,244200.0,244543.0,244896.0,245204.0,245559.0,245970.0,246260.0,246669.0,246981.0,247261.0,247582.0,247844.0,248097.0,248370.0,248579.0,248773.0,248976.0,249191.0,249371.0,249563.0,249740.0,249892.0,250037.0,250211.0,250338.0,250487.0,250597.0,250744.0,250882.0,251030.0,251143.0,251296.0,251452.0,251593.0,251730.0,251879.0,252010.0,252161.0,252324.0,252469.0,252589.0,252742.0,252881.0,253030.0,253179.0,253363.0,253553.0,253697.0,253856
X4vFdfSsMmA,,,,,,,,,,,,,,,,,,,,,,,,,,,,920.0,2862.0,4170.0,6903.0,9445.0,12913.0,17075.0,22295.0,27640.0,30652.0,32058.0,33400.0,34607.0,35897.0,36789.0,37576.0,38208.0,38700.0,39087.0,39401.0,39710.0,40014.0,40351.0,40753.0,41054.0,41236.0,,41754.0,42050.0,42340.0,42624.0,42832.0,43046.0,43204.0,43423.0,43645.0,43806.0,44050.0,44244.0,44417.0,44623.0,44797.0,44970.0,45164.0,45300.0,45493.0,45609.0,45982.0,46130.0,46280.0,46471.0,46623.0,46782.0,46944.0,47072.0,47220.0,47359.0,47534.0,47671.0,47805.0,47970.0,48125.0,48267.0,48438.0,48606.0,48734.0,48830.0,48955.0,49130.0,49313.0,49474.0,49644.0,49749.0,49840.0,50011.0,50163.0,50333.0,50462.0,50616.0,50760.0,50871.0,51043.0,51179.0,51365.0,51517.0,51692.0,51842.0,51936.0,52070.0,52243.0,52394.0,52578.0,52710.0,52892.0,53008.0,53181.0,53329.0,53495.0,53647.0,53783.0,53911.0,54039.0,54215.0,54457.0,54708.0,54900.0,55108.0,55256.0,55450.0,55604
kI9YD61ehIw,,,,,,,,,,,,,,,,,,,,,,,,,,,,18015.0,202440.0,307084.0,323596.0,336828.0,349853.0,526162.0,709241.0,999167.0,1294455.0,1574912.0,1866139.0,2178349.0,2478818.0,2523606.0,2525829.0,2529193.0,2532332.0,2535812.0,2538630.0,2541237.0,2544411.0,2546638.0,2548359.0,2550978.0,2553236.0,,2557393.0,2559618.0,2561639.0,2563270.0,2564369.0,2565362.0,2566776.0,2567978.0,2569896.0,2570834.0,2572229.0,2573941.0,2574686.0,2576129.0,2576860.0,2578290.0,2579346.0,2580616.0,2581138.0,2582033.0,2583589.0,2584319.0,2585547.0,2586116.0,2586804.0,2587156.0,2587732.0,2588571.0,2588966.0,2589588.0,2590760.0,2591465.0,2592010.0,2592641.0,2593237.0,2593779.0,2594617.0,2595289.0,2595529.0,2596103.0,2596665.0,2597367.0,2598011.0,2598564.0,2599216.0,2599764.0,2600227.0,2600763.0,2601446.0,2601892.0,2602426.0,2602982.0,2603543.0,2604006.0,2604648.0,2605213.0,2605767.0,2606296.0,2606798.0,2607278.0,2607768.0,2608222.0,2608728.0,2609295.0,2609743.0,2610251.0,2610697.0,2611151.0,2611651.0,2612111.0,2612618.0,2613084.0,2613488.0,2613947.0,2614303.0,2614721.0,2615160.0,2615491.0,2615934.0,2616390.0,2616812.0,2617235.0,2617703
IWeJUiyqFes,,,,,,,,,,,,,,,,,,,,,,,,,,,,,2933.0,6522.0,9802.0,12047.0,14129.0,15968.0,17831.0,19720.0,22007.0,23950.0,25683.0,27529.0,29487.0,31268.0,33125.0,35494.0,37091.0,38145.0,39293.0,40224.0,40960.0,41719.0,42620.0,43339.0,44053.0,,45376.0,46123.0,46831.0,47440.0,48111.0,48467.0,48886.0,49325.0,49685.0,50120.0,50565.0,50938.0,51269.0,51576.0,51903.0,52277.0,52676.0,52998.0,53288.0,53539.0,54054.0,54322.0,54593.0,54903.0,55122.0,55316.0,55501.0,55733.0,55925.0,56117.0,56301.0,56512.0,56698.0,56861.0,57000.0,57182.0,57334.0,57502.0,57645.0,57793.0,57946.0,58058.0,58218.0,58343.0,58467.0,58615.0,58751.0,58877.0,59006.0,59148.0,59288.0,59422.0,59561.0,59651.0,59770.0,59889.0,59995.0,60119.0,60229.0,60318.0,60428.0,60524.0,60645.0,60729.0,60824.0,60933.0,61039.0,61141.0,61261.0,61332.0,61408.0,61487.0,61587.0,61687.0,61761.0,61851.0,61926.0,62018.0,62096.0,62194.0,62273.0,62331.0,62402
-xw1nTIH50I,,,,,,,,,,,,,,,,,,,,,,,,,,,,,818372.0,918102.0,1024170.0,1104836.0,1168863.0,1206080.0,1206485.0,1206832.0,1207213.0,1207470.0,1207665.0,1207858.0,1208008.0,1208178.0,1208443.0,1208657.0,1208803.0,1208894.0,1208992.0,1209094.0,1209184.0,1209259.0,1209365.0,1209444.0,1209521.0,,1209695.0,1209777.0,1209902.0,1210013.0,1210119.0,1210196.0,1210273.0,1210347.0,1210421.0,1210460.0,1210526.0,1210590.0,1210625.0,1210685.0,1210747.0,1210798.0,1210870.0,1210918.0,1210987.0,1211065.0,1211173.0,1211231.0,1211295.0,1211360.0,1211426.0,1211487.0,1211571.0,1211620.0,1211740.0,1211866.0,1211941.0,1212007.0,1212080.0,1212153.0,1212217.0,1212316.0,1212379.0,1212457.0,1212513.0,1212571.0,1212629.0,1212733.0,1212820.0,1212909.0,1212973.0,1213049.0,1213188.0,1213290.0,1213378.0,1213481.0,1213582.0,1213683.0,1213764.0,1213861.0,1213946.0,1214024.0,1214098.0,1214161.0,1214232.0,1214274.0,1214307.0,1214376.0,1214423.0,1214481.0,1214584.0,1214666.0,1214719.0,1214773.0,1214816.0,1214911.0,1214978.0,1215047.0,1215096.0,1215145.0,1215203.0,1215264.0,1215322.0,1215377.0,1215429.0,1215484.0,1215537.0,1215594.0,1215678
2M65XQn-2Pk,,,,,,,,,,,,,,,,,,,,,,,,,,,,,8018.0,16026.0,20169.0,23534.0,28608.0,34407.0,39381.0,44029.0,47937.0,49239.0,50018.0,50786.0,51666.0,52504.0,53214.0,53858.0,54471.0,54961.0,55433.0,55876.0,56355.0,56948.0,57594.0,58175.0,58818.0,,59917.0,60395.0,61290.0,62084.0,63047.0,63952.0,64930.0,66090.0,67773.0,69159.0,70813.0,73108.0,75184.0,77509.0,79230.0,81884.0,84859.0,87313.0,89725.0,92303.0,98870.0,101671.0,104151.0,106230.0,108493.0,110462.0,112055.0,113536.0,114748.0,115938.0,117199.0,118388.0,119534.0,120633.0,122426.0,123745.0,124947.0,126406.0,127585.0,128820.0,130390.0,132132.0,133467.0,134557.0,136028.0,137022.0,138218.0,139303.0,141023.0,142584.0,143161.0,143721.0,144802.0,145431.0,146138.0,146918.0,147499.0,148081.0,148646.0,149169.0,149535.0,150018.0,150490.0,151134.0,151683.0,152035.0,152247.0,152451.0,152671.0,152920.0,153137.0,153419.0,153736.0,153982.0,154165.0,154428.0,154652.0,154920.0,155172.0,155421.0,155679.0,155872.0,156081
AEYrm_IFoKk,,,,,,,,,,,,,,,,,,,,,,,,,,,,,3282.0,5572.0,7237.0,10020.0,11262.0,19894.0,24267.0,37812.0,40265.0,40643.0,40955.0,41267.0,41513.0,41754.0,41966.0,42167.0,42331.0,42508.0,42665.0,42821.0,42978.0,43129.0,43265.0,43408.0,43534.0,,43799.0,43934.0,44038.0,44146.0,44232.0,44312.0,44412.0,44483.0,44536.0,44598.0,44668.0,44757.0,44849.0,44918.0,44981.0,45042.0,45091.0,45160.0,45224.0,45282.0,46478.0,46937.0,47238.0,47821.0,48446.0,48954.0,49284.0,49550.0,49757.0,49908.0,50018.0,50138.0,50232.0,50318.0,50411.0,50488.0,50546.0,50606.0,50654.0,50721.0,50767.0,50827.0,50883.0,50934.0,50988.0,51040.0,51103.0,51144.0,51195.0,51262.0,51309.0,51349.0,51388.0,51444.0,51474.0,51505.0,51539.0,51586.0,51622.0,51654.0,51693.0,51720.0,51759.0,51801.0,51831.0,51860.0,51890.0,51921.0,51950.0,51992.0,52022.0,52045.0,52069.0,52102.0,52136.0,52164.0,52202.0,52231.0,52260.0,52290.0,52316.0,52345.0,52380
KyRERlh3X28,,,,,,,,,,,,,,,,,,,,,,,,,,,,,1042421.0,1044406.0,1045981.0,1047440.0,1049043.0,1050499.0,1052048.0,1053724.0,1055159.0,1056538.0,1057806.0,1059150.0,1060435.0,1061778.0,1063196.0,1064416.0,1065450.0,1066495.0,1067449.0,1068308.0,1069191.0,1070049.0,1070942.0,1071897.0,1072740.0,,1074969.0,1075934.0,1076877.0,1077814.0,1078653.0,1079462.0,1080320.0,1081115.0,1081920.0,1082717.0,1083543.0,1084305.0,1085064.0,1085832.0,1086582.0,1087379.0,1088169.0,1089067.0,1089890.0,1090646.0,1092194.0,1092949.0,1093795.0,1094585.0,1095290.0,1096033.0,1096718.0,1097514.0,1098249.0,1099008.0,1099779.0,1100458.0,1101099.0,1101863.0,1102541.0,1103365.0,1104205.0,1105009.0,1105837.0,1106600.0,1107371.0,1108160.0,1108875.0,1109664.0,1110449.0,1111186.0,1111793.0,1112606.0,1113293.0,1113965.0,1114651.0,1115321.0,1115972.0,1116670.0,1117441.0,1118144.0,1118918.0,1119792.0,1120527.0,1121190.0,1121840.0,1122552.0,1123328.0,1124105.0,1124836.0,1125580.0,1126311.0,1126957.0,1127647.0,1128267.0,1128933.0,1129579.0,1130199.0,1130821.0,1131389.0,1131968.0,1132613.0,1133237.0,1133984.0,1134706.0,1135305.0,1135903.0,1136628
VSzrNrTeXMM,,,,,,,,,,,,,,,,,,,,,,,,,,,,,,5905.0,15506.0,22559.0,28351.0,32968.0,36879.0,40488.0,43158.0,43814.0,44429.0,44995.0,45593.0,46138.0,46639.0,47042.0,47384.0,47691.0,47970.0,48272.0,48545.0,48785.0,49172.0,49417.0,49746.0,,50392.0,50749.0,51057.0,51328.0,51607.0,51959.0,52319.0,52651.0,52966.0,53293.0,53570.0,53837.0,54075.0,54339.0,54587.0,54849.0,55092.0,55316.0,55551.0,55720.0,56041.0,56227.0,56398.0,56561.0,56747.0,56894.0,57052.0,57192.0,57301.0,57404.0,57512.0,57646.0,57772.0,57847.0,57955.0,58028.0,58124.0,58232.0,58300.0,58367.0,58456.0,58533.0,58619.0,58687.0,58776.0,58850.0,58915.0,59002.0,59086.0,59177.0,59257.0,59344.0,59412.0,59489.0,59577.0,59698.0,59800.0,59852.0,59932.0,59972.0,60043.0,60113.0,60161.0,60221.0,60281.0,60344.0,60393.0,60437.0,60494.0,60538.0,60598.0,60645.0,60697.0,60754.0,60916.0,61085.0,61162.0,61216.0,61272.0,61338.0,61384.0,61452.0,61542
77IbsMVWyuQ,,,,,,,,,,,,,,,,,,,,,,,,,,,,,,40248.0,64153.0,79504.0,90879.0,98936.0,105765.0,111872.0,116788.0,120627.0,123569.0,126823.0,129685.0,132127.0,134540.0,137281.0,139460.0,141373.0,143161.0,144732.0,146137.0,147670.0,149366.0,150913.0,152379.0,,155862.0,157634.0,159127.0,160512.0,161765.0,162845.0,163888.0,165012.0,166235.0,167396.0,168683.0,169747.0,170760.0,171936.0,173029.0,173950.0,175088.0,176166.0,177117.0,177878.0,179614.0,180497.0,181329.0,182232.0,182944.0,183610.0,184551.0,185417.0,186174.0,187047.0,187784.0,188499.0,189106.0,189869.0,190552.0,191305.0,192089.0,192926.0,193595.0,194204.0,194848.0,195511.0,196123.0,196667.0,197314.0,197883.0,198364.0,198927.0,199483.0,200106.0,200791.0,201502.0,202095.0,202555.0,203165.0,203681.0,204342.0,204823.0,205345.0,205816.0,206306.0,206875.0,207454.0,208129.0,208726.0,209308.0,209789.0,210181.0,210665.0,211123.0,211648.0,212171.0,212711.0,213267.0,213766.0,214415.0,215078.0,215684.0,216282.0,217022.0,217633.0,218181.0,218864
FG2BQp9oRik,,,,,,,,,,,,,,,,,,,,,,,,,,,,,,160.0,426.0,537.0,630.0,718.0,804.0,879.0,983.0,1035.0,1068.0,1118.0,1180.0,1219.0,1259.0,1297.0,1327.0,1344.0,1370.0,1379.0,1397.0,1427.0,1449.0,1461.0,1468.0,,1488.0,1500.0,1509.0,1518.0,1525.0,1532.0,1538.0,1547.0,1556.0,1564.0,1573.0,1578.0,1582.0,1588.0,1593.0,1600.0,1602.0,1608.0,1617.0,1621.0,1633.0,1643.0,1646.0,1659.0,1663.0,1667.0,1671.0,1675.0,1681.0,1684.0,1688.0,1691.0,1697.0,1699.0,1702.0,1706.0,1715.0,1724.0,1733.0,1735.0,1738.0,1741.0,1746.0,1748.0,1752.0,1754.0,1756.0,1761.0,1769.0,1774.0,1776.0,1783.0,1784.0,1785.0,1790.0,1797.0,1801.0,1804.0,1805.0,1808.0,1809.0,1810.0,1810.0,1813.0,1817.0,1822.0,1831.0,1832.0,1833.0,1834.0,1839.0,1842.0,1846.0,1852.0,1853.0,1857.0,1865.0,1870.0,1880.0,1891.0,1898.0,1904.0,1906
Qcz-7evvAqY,,,,,,,,,,,,,,,,,,,,,,,,,,,,,,1103665.0,1811366.0,2814345.0,3866708.0,4882349.0,5955647.0,7048711.0,8180939.0,9267006.0,10335913.0,11356237.0,12259635.0,12543816.0,12840347.0,13173295.0,13533912.0,13861678.0,14137757.0,14377877.0,14600144.0,14814696.0,15031220.0,15249924.0,15472724.0,,15894630.0,16080698.0,16262428.0,16456009.0,16652715.0,16824947.0,17005164.0,17196099.0,17404841.0,17612919.0,17830234.0,18049445.0,18243071.0,18415913.0,18588724.0,18767105.0,18934856.0,19095994.0,19268042.0,19427508.0,19727473.0,19876949.0,20024392.0,20178518.0,20335159.0,20493406.0,20645285.0,20799506.0,20955561.0,21117760.0,21283453.0,21457236.0,21605459.0,21744628.0,21891651.0,22024970.0,22161177.0,22298330.0,22432825.0,22563646.0,22680291.0,22799227.0,22913001.0,23027950.0,23140642.0,23245899.0,23347214.0,23444409.0,23544910.0,23653619.0,23758613.0,23861674.0,23962286.0,24051024.0,24137924.0,24224810.0,24305566.0,24386320.0,24471139.0,24557114.0,24637911.0,24714322.0,24788504.0,24865838.0,24948935.0,25045311.0,25140214.0,25232455.0,25319460.0,25409894.0,25498378.0,25589771.0,25673874.0,25746860.0,25817038.0,25887560.0,25969960.0,26049387.0,26131074.0,26219679.0,26311751.0,26401498.0,26492958
LvoIv3PTk9c,,,,,,,,,,,,,,,,,,,,,,,,,,,,,,,46228.0,51414.0,54939.0,57611.0,59763.0,61856.0,63651.0,64663.0,65553.0,66449.0,67400.0,68296.0,69004.0,69532.0,70084.0,70496.0,70917.0,71222.0,71629.0,72054.0,72466.0,72760.0,73062.0,,73606.0,73948.0,74250.0,74555.0,74873.0,75086.0,75235.0,75464.0,75845.0,76823.0,78743.0,80287.0,82879.0,86818.0,93097.0,94724.0,95871.0,98223.0,101141.0,104596.0,115347.0,119987.0,124275.0,127562.0,130294.0,132396.0,134666.0,136790.0,139027.0,141490.0,143625.0,145059.0,146493.0,148423.0,150401.0,152187.0,153738.0,155409.0,156738.0,157857.0,159215.0,160765.0,161928.0,162999.0,164200.0,164884.0,165598.0,166418.0,167217.0,167945.0,168590.0,169195.0,169776.0,170133.0,170535.0,170918.0,171277.0,171683.0,172186.0,172607.0,172902.0,173323.0,173748.0,174228.0,174789.0,175388.0,175843.0,176326.0,176810.0,177237.0,177645.0,178135.0,178596.0,179009.0,179325.0,179765.0,180330.0,180912.0,181542.0,182150.0,182629.0,183011.0,183464
8m932pAU0f8,,,,,,,,,,,,,,,,,,,,,,,,,,,,,,,54.0,80.0,88.0,92.0,97.0,100.0,108.0,117.0,119.0,120.0,120.0,122.0,124.0,125.0,125.0,126.0,127.0,128.0,128.0,128.0,128.0,128.0,129.0,,130.0,130.0,130.0,130.0,130.0,130.0,130.0,130.0,130.0,130.0,130.0,130.0,130.0,130.0,130.0,130.0,130.0,130.0,131.0,131.0,131.0,131.0,131.0,131.0,131.0,131.0,131.0,131.0,132.0,132.0,132.0,132.0,132.0,132.0,132.0,132.0,132.0,132.0,132.0,132.0,132.0,132.0,132.0,132.0,132.0,132.0,132.0,132.0,132.0,132.0,132.0,132.0,133.0,133.0,133.0,133.0,133.0,133.0,134.0,134.0,134.0,134.0,134.0,134.0,134.0,134.0,134.0,134.0,134.0,134.0,134.0,134.0,134.0,134.0,134.0,134.0,134.0,134.0,134.0,134.0,134.0,134.0,134
unlgFDu7-pA,,,,,,,,,,,,,,,,,,,,,,,,,,,,,,,22770.0,24853.0,27106.0,29238.0,31324.0,33292.0,34619.0,35619.0,36523.0,37505.0,38516.0,39267.0,39767.0,40351.0,40790.0,41283.0,41636.0,42015.0,42282.0,42699.0,43108.0,43514.0,43835.0,,44539.0,44971.0,45367.0,45683.0,46009.0,46280.0,46554.0,46873.0,47161.0,47466.0,47822.0,48069.0,48358.0,48676.0,48973.0,49218.0,49440.0,49679.0,49873.0,50021.0,50558.0,50814.0,51047.0,51272.0,51465.0,51638.0,51810.0,52010.0,52235.0,52366.0,52590.0,52769.0,52917.0,53107.0,53259.0,53460.0,53689.0,53855.0,54041.0,54206.0,54362.0,54513.0,54652.0,54795.0,54981.0,55183.0,55377.0,55608.0,55823.0,56006.0,56224.0,56385.0,56569.0,56703.0,56880.0,57046.0,57201.0,57427.0,57633.0,57843.0,57974.0,58202.0,58394.0,58597.0,58829.0,59089.0,59393.0,59729.0,60077.0,60386.0,60702.0,60996.0,61323.0,61586.0,61846.0,62159.0,62514.0,62906.0,63269.0,63531.0,63805.0,64103.0,64475
3NqKXg2gxcc,,,,,,,,,,,,,,,,,,,,,,,,,,,,,,,5574.0,10113.0,26375.0,38166.0,45843.0,53315.0,58729.0,62003.0,64444.0,67265.0,69984.0,72100.0,74021.0,75961.0,77437.0,78687.0,79698.0,80724.0,81762.0,83142.0,84444.0,85553.0,86454.0,,89106.0,90534.0,91926.0,93955.0,95741.0,97284.0,98705.0,100208.0,101748.0,102972.0,103965.0,104790.0,105563.0,106512.0,107700.0,108950.0,110387.0,111870.0,113070.0,114170.0,116492.0,117823.0,118946.0,120280.0,121502.0,122543.0,123822.0,124972.0,126234.0,127320.0,128379.0,129484.0,130515.0,131601.0,132775.0,133958.0,135177.0,136395.0,137481.0,138378.0,139345.0,140322.0,141208.0,142099.0,143300.0,144534.0,146017.0,147934.0,149700.0,151354.0,153024.0,159454.0,166012.0,171612.0,178309.0,185534.0,193010.0,200416.0,207850.0,214385.0,220490.0,228513.0,235278.0,241935.0,248154.0,254010.0,259307.0,264066.0,269697.0,274754.0,280620.0,286348.0,292451.0,298326.0,304264.0,311453.0,318041.0,324762.0,330663.0,336587.0,341970.0,346649.0,351220
bAENPpwyOU4,,,,,,,,,,,,,,,,,,,,,,,,,,,,,,,7947.0,9848.0,11537.0,13304.0,14990.0,16673.0,18239.0,19765.0,21207.0,22742.0,24257.0,24429.0,24662.0,24902.0,25089.0,25230.0,25355.0,25456.0,25577.0,25679.0,25780.0,25892.0,26002.0,,26212.0,26277.0,26362.0,26460.0,26552.0,26635.0,26725.0,26791.0,26897.0,26984.0,27048.0,27079.0,27164.0,27217.0,27288.0,27378.0,27445.0,27521.0,27592.0,27647.0,27785.0,27854.0,27919.0,27991.0,29345.0,30812.0,32251.0,33694.0,35099.0,36493.0,37850.0,37903.0,39113.0,40562.0,42127.0,42192.0,42241.0,42304.0,42353.0,42396.0,42462.0,42519.0,42579.0,42620.0,42682.0,42730.0,42785.0,42830.0,42870.0,42929.0,42984.0,43025.0,43074.0,43130.0,43165.0,43203.0,43252.0,43300.0,43340.0,43367.0,43401.0,43439.0,43477.0,43514.0,43537.0,43576.0,43612.0,43646.0,43703.0,43735.0,43769.0,43831.0,43890.0,43928.0,43973.0,44024.0,44078.0,44119.0,44157.0,44211.0,44245.0,44292.0,44316
CuHBrVR5J7s,,,,,,,,,,,,,,,,,,,,,,,,,,,,,,,57280.0,59780.0,63535.0,67289.0,70299.0,73203.0,75558.0,77252.0,78650.0,80021.0,81424.0,82466.0,83608.0,84478.0,85098.0,85700.0,86159.0,86597.0,87005.0,87467.0,87874.0,88192.0,88425.0,,89025.0,89338.0,89697.0,90021.0,90290.0,90490.0,90653.0,90930.0,91299.0,91641.0,91969.0,92240.0,92512.0,92739.0,92956.0,93115.0,93290.0,93443.0,93620.0,93743.0,94092.0,94262.0,94439.0,94622.0,94746.0,94876.0,95022.0,95150.0,95272.0,95392.0,95522.0,95639.0,95730.0,95851.0,95945.0,96066.0,96179.0,96287.0,96394.0,96500.0,96626.0,96752.0,96896.0,96991.0,97113.0,97276.0,97397.0,97555.0,97733.0,97896.0,98084.0,98204.0,98333.0,98472.0,98629.0,98792.0,98922.0,99088.0,99216.0,99361.0,99438.0,99573.0,99682.0,99900.0,100090.0,100307.0,100509.0,100623.0,100834.0,100987.0,101129.0,101316.0,101483.0,101660.0,101846.0,102030.0,102231.0,102402.0,102555.0,102690.0,102808.0,102913.0,103038
e8X35-Teneg,,,,,,,,,,,,,,,,,,,,,,,,,,,,,,,884640.0,948780.0,1029859.0,1099468.0,1146735.0,1214161.0,1270410.0,1334161.0,1407336.0,1473334.0,1529271.0,1594823.0,1651844.0,1715328.0,1748150.0,1778134.0,1817403.0,1846690.0,1873117.0,1910699.0,1932126.0,1965878.0,2003580.0,,2066308.0,2099464.0,2132144.0,2155664.0,2175039.0,2196344.0,2247019.0,2267471.0,2296863.0,2330695.0,2360461.0,2395458.0,2433625.0,2476660.0,2505912.0,2526302.0,2570219.0,2599349.0,2633602.0,2670292.0,2688356.0,2707499.0,2716269.0,2724550.0,2732121.0,2739183.0,2746130.0,2753998.0,2764091.0,2774117.0,2783615.0,2792634.0,2800047.0,2807872.0,2815845.0,2823214.0,2829889.0,2836323.0,2842431.0,2848034.0,2853362.0,2858513.0,2863448.0,2868102.0,2872472.0,2877089.0,2881180.0,2884896.0,2888711.0,2892536.0,2896472.0,2900153.0,2903854.0,2907271.0,2910602.0,2913851.0,2917326.0,2920726.0,2924041.0,2927331.0,2930391.0,2933366.0,2936239.0,2939204.0,2941980.0,2944978.0,2947925.0,2950481.0,2952984.0,2955356.0,2957630.0,2960018.0,2962529.0,2965264.0,2967655.0,2969942.0,2972280.0,2974576.0,2977041.0,2979493.0,2982018.0,2984335.0,2986568
XECOC6C_Nr4,,,,,,,,,,,,,,,,,,,,,,,,,,,,,,,65177.0,111986.0,141449.0,187527.0,223523.0,291939.0,321980.0,358491.0,397739.0,435345.0,461332.0,490457.0,509811.0,540995.0,551573.0,603509.0,621861.0,662128.0,708926.0,744255.0,758842.0,799203.0,842412.0,,911241.0,941925.0,969735.0,993990.0,1014710.0,1024919.0,1028784.0,1029307.0,1029850.0,1030365.0,1030786.0,1031265.0,1031672.0,1032052.0,1032581.0,1033069.0,1033608.0,1034050.0,1034407.0,1034801.0,1035636.0,1035973.0,1036421.0,1036775.0,1037119.0,1037461.0,1037753.0,1038130.0,1038492.0,1038838.0,1039300.0,1039683.0,1039994.0,1040266.0,1040547.0,1040939.0,1041261.0,1041553.0,1041821.0,1042130.0,1042465.0,1042781.0,1043015.0,1043247.0,1043546.0,1043821.0,1044083.0,1044339.0,1044595.0,1044840.0,1045166.0,1045453.0,1045697.0,1045939.0,1046146.0,1046384.0,1046647.0,1046952.0,1047284.0,1047576.0,1047877.0,1048140.0,1048463.0,1048778.0,1049012.0,1049258.0,1049530.0,1049818.0,1050031.0,1050277.0,1050523.0,1050779.0,1050987.0,1051235.0,1051437.0,1051699.0,1051951.0,1052180.0,1052412.0,1052675.0,1052894.0,1053134.0,1053383
4oktaGUvcTI,,,,,,,,,,,,,,,,,,,,,,,,,,,,,,,11202.0,11340.0,11452.0,11557.0,11635.0,11723.0,11776.0,11813.0,11849.0,11889.0,11904.0,11933.0,11965.0,11997.0,12019.0,12047.0,12083.0,12101.0,12124.0,12144.0,12166.0,12189.0,12207.0,,12249.0,12261.0,12280.0,12291.0,12322.0,12349.0,12385.0,12400.0,12417.0,12433.0,12449.0,12467.0,12479.0,12496.0,12514.0,12527.0,12546.0,12558.0,12571.0,12577.0,12609.0,12617.0,12634.0,12656.0,12667.0,12676.0,12692.0,12702.0,12716.0,12727.0,12737.0,12749.0,12758.0,12767.0,12782.0,12796.0,12812.0,12822.0,12826.0,12837.0,12848.0,12850.0,12859.0,12870.0,12877.0,12884.0,12889.0,12898.0,12911.0,12918.0,12922.0,12938.0,12947.0,12956.0,12968.0,12979.0,12989.0,12994.0,13002.0,13005.0,13012.0,13021.0,13023.0,13027.0,13030.0,13036.0,13045.0,13050.0,13061.0,13068.0,13081.0,13087.0,13093.0,13097.0,13101.0,13109.0,13111.0,13125.0,13127.0,13133.0,13140.0,13149.0,13160
5221XAQ6aTc,,,,,,,,,,,,,,,,,,,,,,,,,,,,,,,,2705.0,4448.0,7621.0,8928.0,9936.0,10677.0,11256.0,11729.0,12027.0,12276.0,12485.0,12648.0,12819.0,12971.0,13100.0,13232.0,13335.0,13386.0,13461.0,13546.0,13651.0,13778.0,,14015.0,14098.0,14190.0,14304.0,14404.0,14521.0,14612.0,14711.0,14787.0,14844.0,14886.0,14932.0,14964.0,15005.0,15034.0,15057.0,15090.0,15127.0,15174.0,15212.0,15286.0,15302.0,15336.0,15370.0,15416.0,15451.0,15482.0,15520.0,15556.0,15581.0,15628.0,15664.0,15713.0,15778.0,15839.0,15880.0,15954.0,16030.0,16095.0,16147.0,16209.0,16249.0,16320.0,16374.0,16409.0,16442.0,16481.0,16512.0,16540.0,16563.0,16592.0,16619.0,16652.0,16686.0,16706.0,16726.0,16747.0,16760.0,16782.0,16816.0,16850.0,16887.0,16904.0,16913.0,16936.0,16954.0,16985.0,17018.0,17034.0,17046.0,17070.0,17079.0,17094.0,17126.0,17149.0,17165.0,17175.0,17195.0,17208.0,17218.0,17233.0,17246.0,17260
hoep54xEUeU,,,,,,,,,,,,,,,,,,,,,,,,,,,,,,,,,757.0,2653.0,4425.0,7740.0,12250.0,18397.0,22344.0,26001.0,28200.0,29451.0,30800.0,31689.0,32617.0,33393.0,33991.0,34477.0,35001.0,35538.0,36074.0,36462.0,36860.0,,37549.0,37921.0,38250.0,38522.0,38836.0,39117.0,39308.0,39560.0,39829.0,40079.0,40353.0,40624.0,40895.0,41142.0,41472.0,41713.0,41992.0,42230.0,42483.0,42687.0,43193.0,43418.0,43701.0,43923.0,44118.0,44310.0,44510.0,44703.0,44897.0,45062.0,45277.0,45519.0,45752.0,45932.0,46108.0,46255.0,46397.0,46569.0,46799.0,46949.0,47118.0,47335.0,47517.0,47689.0,47867.0,48070.0,48264.0,48493.0,48714.0,48932.0,49130.0,49298.0,49542.0,49737.0,49925.0,50125.0,50299.0,50502.0,50680.0,50843.0,51001.0,51214.0,51377.0,51552.0,51709.0,51924.0,52168.0,52318.0,52558.0,52750.0,52977.0,53202.0,53437.0,53633.0,53813.0,53990.0,54291.0,54485.0,54715.0,54969.0,55169.0,55348.0,55524
1NJkrWfJgbU,,,,,,,,,,,,,,,,,,,,,,,,,,,,,,,,,86.0,249.0,794.0,1231.0,2262.0,3841.0,4646.0,5177.0,5585.0,5647.0,5720.0,5805.0,5847.0,5898.0,5937.0,5972.0,6012.0,6056.0,6078.0,6100.0,6115.0,,6148.0,6169.0,6187.0,6198.0,6208.0,6216.0,6223.0,6233.0,6244.0,6254.0,6270.0,6283.0,6302.0,6319.0,6331.0,6345.0,6357.0,6374.0,6382.0,6392.0,6407.0,6416.0,6431.0,6438.0,6445.0,6453.0,6462.0,6475.0,6482.0,6497.0,6508.0,6514.0,6522.0,6527.0,6531.0,6534.0,6540.0,6552.0,6562.0,6569.0,6578.0,6581.0,6589.0,6594.0,6600.0,6607.0,6615.0,6623.0,6633.0,6641.0,6646.0,6652.0,6658.0,6662.0,6670.0,6675.0,6682.0,6691.0,6694.0,6700.0,6706.0,6714.0,6716.0,6723.0,6730.0,6737.0,6745.0,6751.0,6764.0,6771.0,6777.0,6783.0,6790.0,6794.0,6796.0,6804.0,6813.0,6827.0,6832.0,6836.0,6849.0,6853.0,6860
39upRxI7Yvc,,,,,,,,,,,,,,,,,,,,,,,,,,,,,,,,,,23006.0,32319.0,42680.0,58486.0,89504.0,111502.0,128345.0,139660.0,149370.0,158637.0,167146.0,174692.0,180248.0,184309.0,187724.0,190875.0,194623.0,198278.0,201321.0,203728.0,,209915.0,213122.0,216587.0,219677.0,221963.0,224236.0,227238.0,232363.0,235616.0,241511.0,256780.0,282522.0,307972.0,335377.0,352307.0,367792.0,383456.0,416629.0,449018.0,473809.0,534164.0,561386.0,585734.0,607129.0,624945.0,640430.0,661286.0,680814.0,697400.0,712950.0,729034.0,742393.0,753645.0,769375.0,784557.0,799226.0,813796.0,828670.0,840722.0,852472.0,867676.0,883290.0,896649.0,906624.0,919084.0,925837.0,930470.0,936001.0,941238.0,946433.0,951531.0,956183.0,960336.0,963811.0,968654.0,973365.0,978205.0,983126.0,988233.0,992928.0,996594.0,1001310.0,1006553.0,1011634.0,1017108.0,1021492.0,1025396.0,1029363.0,1033538.0,1036988.0,1041033.0,1044969.0,1048906.0,1052778.0,1056088.0,1060328.0,1064611.0,1069151.0,1073397.0,1077519.0,1081108.0,1084240.0,1088011
aT26fdm0ZFs,,,,,,,,,,,,,,,,,,,,,,,,,,,,,,,,,,33888.0,46609.0,55179.0,167738.0,201594.0,238098.0,275627.0,330548.0,423632.0,447258.0,459236.0,462091.0,462227.0,471856.0,486191.0,500223.0,519644.0,526759.0,526976.0,527236.0,,527783.0,528065.0,528435.0,528799.0,529225.0,529659.0,530295.0,530900.0,531720.0,532272.0,532562.0,532826.0,533092.0,533324.0,533490.0,533662.0,533834.0,533984.0,534113.0,534252.0,534518.0,534659.0,534765.0,534845.0,534913.0,534996.0,535075.0,535130.0,535212.0,535272.0,535328.0,535383.0,535434.0,535489.0,535554.0,535590.0,535639.0,535683.0,535726.0,535762.0,535808.0,535857.0,535905.0,535950.0,535974.0,536008.0,536062.0,536101.0,536146.0,536187.0,536212.0,536240.0,536260.0,536294.0,536324.0,536357.0,536385.0,536408.0,536437.0,536466.0,536493.0,536521.0,536542.0,536570.0,536610.0,536646.0,536679.0,536708.0,536748.0,536782.0,536816.0,536841.0,536875.0,536922.0,536959.0,537001.0,537055.0,537117.0,537145.0,537171.0,537210.0,537249.0,537284
YrFeVx2vIG8,,,,,,,,,,,,,,,,,,,,,,,,,,,,,,,,,,4414.0,5960.0,7593.0,9121.0,10668.0,12175.0,13365.0,14471.0,14839.0,15141.0,15440.0,15764.0,15968.0,16227.0,16402.0,16495.0,16611.0,16729.0,16812.0,16934.0,,17136.0,17236.0,17333.0,17410.0,17485.0,17599.0,17690.0,17773.0,17870.0,17961.0,18019.0,18114.0,18165.0,18234.0,18281.0,18341.0,18408.0,18458.0,18523.0,18570.0,18677.0,18717.0,18767.0,18826.0,18890.0,18953.0,19003.0,19059.0,19113.0,19186.0,19240.0,19278.0,19310.0,19353.0,19385.0,19431.0,19478.0,19514.0,19553.0,19586.0,19636.0,19683.0,19727.0,19765.0,19816.0,19856.0,19905.0,19955.0,20018.0,20066.0,20097.0,20148.0,20204.0,20249.0,20282.0,20333.0,20365.0,20412.0,20433.0,20468.0,20515.0,20560.0,20599.0,20637.0,20677.0,20742.0,20786.0,20830.0,20914.0,20972.0,21031.0,21079.0,21139.0,21219.0,21273.0,21328.0,21374.0,21430.0,21496.0,21552.0,21609.0,21667.0,21713
6uFgNS9hCiU,,,,,,,,,,,,,,,,,,,,,,,,,,,,,,,,,,13094.0,29579.0,37303.0,41209.0,45865.0,53210.0,60865.0,69238.0,73138.0,75310.0,76943.0,78354.0,79575.0,80501.0,81358.0,82142.0,83068.0,83958.0,84864.0,85779.0,,87553.0,88472.0,89302.0,90473.0,91626.0,92346.0,93219.0,94265.0,95315.0,96556.0,97493.0,98350.0,99217.0,100330.0,101264.0,102107.0,102904.0,104028.0,104944.0,105525.0,106887.0,107563.0,108234.0,109017.0,109686.0,110355.0,110983.0,111695.0,112353.0,112911.0,113586.0,114096.0,114667.0,115298.0,115824.0,116327.0,116824.0,117431.0,117964.0,118441.0,118993.0,119478.0,120019.0,120449.0,120984.0,121408.0,121810.0,122197.0,122612.0,122982.0,123445.0,123800.0,124206.0,124600.0,125061.0,125509.0,126015.0,126433.0,126882.0,127281.0,127625.0,128063.0,128447.0,128828.0,129190.0,129506.0,129758.0,129966.0,130210.0,130500.0,130852.0,131176.0,131520.0,131836.0,132055.0,132338.0,132714.0,133079.0,133378.0,133741.0,134079.0,134347.0,134700
rlKaNmMCew4,,,,,,,,,,,,,,,,,,,,,,,,,,,,,,,,,,,56397.0,60262.0,64007.0,67536.0,70965.0,74108.0,75732.0,77552.0,79253.0,80993.0,82809.0,84643.0,85795.0,86686.0,87687.0,88637.0,89758.0,90996.0,92049.0,,94021.0,94845.0,95651.0,96496.0,97344.0,98120.0,98881.0,99679.0,100410.0,101317.0,102134.0,102642.0,103162.0,103567.0,103938.0,104286.0,104597.0,104973.0,105344.0,105698.0,106258.0,106555.0,106824.0,107176.0,107481.0,107757.0,107989.0,108238.0,108515.0,108857.0,109137.0,109396.0,109685.0,109972.0,110244.0,110488.0,110860.0,111264.0,111564.0,111866.0,112177.0,112436.0,112715.0,112952.0,113238.0,113471.0,113792.0,114051.0,114276.0,114503.0,114714.0,114937.0,115192.0,115395.0,115583.0,115748.0,116069.0,116315.0,116537.0,116720.0,116936.0,117110.0,117272.0,117459.0,117661.0,117849.0,118035.0,118208.0,118390.0,118568.0,118762.0,118962.0,119144.0,119327.0,119501.0,119658.0,119832.0,120003.0,120157.0,120371.0,120531.0,120724.0,120899
KQfAQ-fHFCc,,,,,,,,,,,,,,,,,,,,,,,,,,,,,,,,,,,1432.0,1565.0,1654.0,1741.0,1820.0,1910.0,1974.0,2027.0,2068.0,2120.0,2160.0,2185.0,2220.0,2257.0,2293.0,2323.0,2342.0,2395.0,2420.0,,2478.0,2513.0,2543.0,2570.0,2594.0,2624.0,2650.0,2677.0,2694.0,2724.0,2741.0,2770.0,2784.0,2810.0,2826.0,2844.0,2859.0,2893.0,2910.0,2927.0,2969.0,2989.0,3009.0,3025.0,3040.0,3054.0,3061.0,3080.0,3091.0,3099.0,3120.0,3134.0,3153.0,3162.0,3171.0,3184.0,3197.0,3206.0,3213.0,3221.0,3236.0,3250.0,3256.0,3266.0,3276.0,3286.0,3296.0,3305.0,3313.0,3320.0,3327.0,3330.0,3336.0,3342.0,3346.0,3351.0,3355.0,3366.0,3376.0,3380.0,3383.0,3387.0,3395.0,3399.0,3402.0,3405.0,3409.0,3411.0,3414.0,3417.0,3421.0,3427.0,3430.0,3432.0,3443.0,3445.0,3446.0,3446.0,3446.0,3448.0,3451.0,3460.0,3465
jkdx9PaVKe0,,,,,,,,,,,,,,,,,,,,,,,,,,,,,,,,,,,306098.0,408521.0,523577.0,649907.0,763660.0,904415.0,1023263.0,1120235.0,1215254.0,1310660.0,1390400.0,1462194.0,1526330.0,1585363.0,1637473.0,1703248.0,1768235.0,1820463.0,1861342.0,,1962856.0,2009730.0,2055092.0,2098630.0,2138522.0,2172137.0,2201375.0,2240455.0,2282302.0,2324701.0,2371304.0,2413215.0,2457334.0,2532283.0,2598931.0,2664553.0,2734339.0,2818384.0,2936830.0,3031858.0,3259537.0,3347146.0,3424065.0,3490471.0,3544933.0,3594576.0,3658613.0,3717873.0,3774168.0,3830163.0,3885821.0,3934499.0,3973771.0,4018913.0,4062867.0,4106257.0,4151983.0,4197282.0,4237035.0,4273083.0,4318930.0,4366124.0,4417268.0,4465003.0,4512713.0,4553077.0,4587521.0,4628332.0,4666330.0,4702706.0,4742088.0,4782823.0,4821427.0,4856625.0,4898475.0,4939426.0,4981169.0,5022917.0,5064600.0,5100078.0,5129242.0,5164900.0,5203576.0,5238936.0,5272133.0,5299942.0,5327519.0,5351452.0,5379402.0,5403497.0,5430599.0,5458029.0,5488312.0,5517959.0,5543861.0,5573602.0,5602312.0,5630186.0,5657441.0,5683740.0,5709507.0,5731900.0,5760191
be8G6WqvGn8,,,,,,,,,,,,,,,,,,,,,,,,,,,,,,,,,,,483.0,493.0,513.0,534.0,547.0,551.0,563.0,569.0,577.0,579.0,588.0,590.0,596.0,604.0,610.0,616.0,622.0,627.0,631.0,,643.0,647.0,653.0,653.0,657.0,663.0,667.0,670.0,670.0,674.0,679.0,684.0,686.0,689.0,695.0,699.0,701.0,702.0,705.0,714.0,719.0,723.0,726.0,729.0,734.0,737.0,741.0,742.0,746.0,747.0,750.0,753.0,756.0,760.0,764.0,766.0,771.0,774.0,777.0,778.0,779.0,779.0,782.0,782.0,784.0,787.0,789.0,790.0,790.0,795.0,796.0,798.0,799.0,801.0,802.0,804.0,805.0,807.0,809.0,811.0,813.0,814.0,817.0,820.0,821.0,822.0,824.0,824.0,824.0,824.0,825.0,826.0,827.0,828.0,831.0,832.0,834.0,835.0,836.0,837.0,837.0,839.0,840
O17TW3DXUU0,,,,,,,,,,,,,,,,,,,,,,,,,,,,,,,,,,,95.0,183.0,212.0,225.0,237.0,244.0,249.0,254.0,258.0,262.0,262.0,270.0,277.0,282.0,284.0,285.0,287.0,290.0,296.0,,299.0,300.0,304.0,311.0,315.0,319.0,322.0,323.0,325.0,329.0,333.0,336.0,343.0,345.0,345.0,346.0,350.0,354.0,356.0,359.0,361.0,363.0,363.0,364.0,369.0,371.0,371.0,373.0,373.0,376.0,379.0,379.0,379.0,380.0,380.0,380.0,381.0,381.0,383.0,385.0,385.0,385.0,387.0,388.0,391.0,391.0,393.0,394.0,396.0,397.0,398.0,399.0,400.0,400.0,400.0,404.0,406.0,407.0,410.0,412.0,413.0,428.0,430.0,430.0,438.0,443.0,446.0,446.0,446.0,447.0,448.0,450.0,451.0,452.0,452.0,453.0,453.0,455.0,456.0,459.0,463.0,463.0,463
0srzt8rpr3Q,,,,,,,,,,,,,,,,,,,,,,,,,,,,,,,,,,,110.0,211.0,341.0,550.0,727.0,905.0,1233.0,7445.0,8041.0,8286.0,8444.0,8755.0,8968.0,9126.0,9277.0,9418.0,9552.0,9745.0,9845.0,,10073.0,10215.0,10338.0,10411.0,10513.0,10621.0,10705.0,10780.0,10836.0,10897.0,10951.0,11011.0,11067.0,11121.0,11151.0,11187.0,11230.0,11275.0,11333.0,11376.0,11470.0,11536.0,11572.0,11630.0,11667.0,11721.0,11760.0,11814.0,11860.0,11902.0,11967.0,12013.0,12060.0,12109.0,12168.0,12234.0,12286.0,12332.0,12372.0,12415.0,12448.0,12478.0,12513.0,12561.0,12604.0,12647.0,12675.0,12702.0,12732.0,12756.0,12781.0,12809.0,12833.0,12871.0,12909.0,12942.0,12963.0,13003.0,13047.0,13071.0,13108.0,13122.0,13145.0,13174.0,13209.0,13246.0,13276.0,13334.0,13382.0,13406.0,13441.0,13481.0,13516.0,13556.0,13576.0,13625.0,13699.0,13802.0,13882.0,13973.0,14032.0,14087.0,14123
LxkkKsE9mS8,,,,,,,,,,,,,,,,,,,,,,,,,,,,,,,,,,,20944.0,24380.0,27909.0,28950.0,29571.0,29938.0,30222.0,30472.0,30633.0,30811.0,31006.0,31315.0,31783.0,32208.0,32556.0,32797.0,32994.0,33232.0,33560.0,,33942.0,34099.0,34272.0,34417.0,34555.0,34709.0,34839.0,34974.0,35095.0,35215.0,35322.0,35414.0,35656.0,35826.0,36040.0,36230.0,36389.0,36531.0,36717.0,36855.0,37156.0,37303.0,37398.0,37498.0,37555.0,37621.0,37682.0,37782.0,37891.0,38082.0,38167.0,38232.0,38344.0,38381.0,38430.0,38477.0,38503.0,38531.0,38568.0,38628.0,38703.0,38738.0,38753.0,38772.0,38807.0,38833.0,38850.0,38868.0,38874.0,38891.0,38911.0,38929.0,38942.0,38968.0,38993.0,39003.0,39018.0,39029.0,39049.0,39063.0,39083.0,39096.0,39111.0,39124.0,39156.0,39185.0,39207.0,39223.0,39244.0,39272.0,39298.0,39311.0,39321.0,39337.0,39362.0,39377.0,39385.0,39394.0,39407.0,39440.0,39455.0,39459.0,39469
e4RCv5k_kuE,,,,,,,,,,,,,,,,,,,,,,,,,,,,,,,,,,,,191.0,369.0,483.0,551.0,637.0,711.0,844.0,1066.0,1400.0,1627.0,1757.0,1875.0,1993.0,2126.0,2254.0,2401.0,2496.0,2579.0,,2725.0,2811.0,2874.0,2929.0,2979.0,3008.0,3044.0,3120.0,3159.0,3199.0,3270.0,3310.0,3340.0,3379.0,3413.0,3447.0,3466.0,3487.0,3495.0,3503.0,3533.0,3561.0,3584.0,3612.0,3625.0,3644.0,3668.0,3686.0,3702.0,3711.0,3718.0,3736.0,3742.0,3746.0,3751.0,3760.0,3770.0,3773.0,3776.0,3784.0,3786.0,3791.0,3801.0,3807.0,3822.0,3834.0,3853.0,3875.0,3893.0,3909.0,3934.0,3950.0,3959.0,3971.0,3985.0,3993.0,3999.0,4010.0,4019.0,4024.0,4026.0,4030.0,4035.0,4045.0,4066.0,4112.0,4138.0,4154.0,4166.0,4199.0,4252.0,4287.0,4305.0,4316.0,4320.0,4331.0,4342.0,4361.0,4376.0,4382.0,4389.0,4394.0,4402
oyXx7MDqZ-Q,,,,,,,,,,,,,,,,,,,,,,,,,,,,,,,,,,,,291671.0,395722.0,460146.0,503249.0,541433.0,582185.0,616108.0,645154.0,673215.0,697731.0,717828.0,735643.0,751496.0,765785.0,780891.0,797563.0,813859.0,827011.0,,851891.0,863113.0,876967.0,893399.0,909973.0,924193.0,938046.0,951733.0,966124.0,979766.0,992503.0,1004047.0,1014398.0,1024679.0,1034201.0,1042947.0,1051030.0,1059612.0,1068256.0,1076223.0,1093057.0,1100832.0,1108902.0,1117993.0,1126680.0,1134414.0,1142133.0,1150371.0,1158864.0,1166979.0,1174524.0,1181908.0,1188403.0,1195410.0,1202313.0,1208993.0,1215559.0,1222750.0,1229285.0,1235285.0,1240925.0,1246497.0,1251433.0,1256889.0,1261934.0,1266691.0,1281047.0,1299643.0,1306484.0,1311177.0,1315748.0,1320243.0,1324419.0,1328014.0,1331446.0,1334687.0,1337780.0,1340827.0,1343989.0,1347034.0,1349844.0,1352693.0,1355419.0,1358176.0,1360970.0,1363899.0,1366648.0,1369065.0,1371576.0,1373783.0,1375808.0,1377920.0,1380175.0,1382190.0,1383953.0,1386058.0,1388323.0,1390581.0,1392818.0,1395462.0,1397661.0,1399637.0,1401650
JfUdhFOfj2A,,,,,,,,,,,,,,,,,,,,,,,,,,,,,,,,,,,,2855.0,3186.0,3572.0,3817.0,3884.0,3953.0,4011.0,4052.0,4155.0,4266.0,4350.0,4407.0,4456.0,4490.0,4517.0,4533.0,4553.0,4571.0,,4586.0,4594.0,4607.0,4619.0,4626.0,4629.0,4644.0,4651.0,4664.0,4671.0,4676.0,4682.0,4689.0,4690.0,4692.0,4696.0,4706.0,4709.0,4716.0,4721.0,4737.0,4741.0,4753.0,4758.0,4765.0,4778.0,4787.0,4791.0,4796.0,4808.0,4823.0,4832.0,4844.0,4852.0,4869.0,4880.0,4885.0,4890.0,4901.0,4920.0,4926.0,4932.0,4937.0,4938.0,4938.0,4942.0,4948.0,4948.0,4957.0,4961.0,4964.0,4968.0,4970.0,4975.0,4975.0,4977.0,4981.0,4984.0,4994.0,5001.0,5004.0,5007.0,5012.0,5018.0,5020.0,5022.0,5028.0,5035.0,5043.0,5044.0,5049.0,5053.0,5060.0,5066.0,5069.0,5074.0,5074.0,5077.0,5080.0,5080.0,5080.0,5082.0,5084
5TsjmyIwHy8,,,,,,,,,,,,,,,,,,,,,,,,,,,,,,,,,,,,4600.0,14546.0,18670.0,21345.0,24065.0,27477.0,31151.0,35500.0,37827.0,38443.0,38864.0,39360.0,39763.0,40140.0,40504.0,40876.0,41308.0,41641.0,,42445.0,42923.0,43433.0,43798.0,44251.0,44620.0,45027.0,45394.0,45776.0,46098.0,46437.0,46713.0,47005.0,47274.0,47547.0,47868.0,48260.0,48704.0,49184.0,49469.0,50124.0,50488.0,50759.0,51086.0,51338.0,51632.0,51989.0,52319.0,52634.0,52876.0,53253.0,53546.0,53809.0,54053.0,54351.0,54618.0,54866.0,55094.0,55374.0,55667.0,55953.0,56287.0,56535.0,56729.0,56901.0,57100.0,57229.0,57405.0,57563.0,57718.0,57853.0,57999.0,58128.0,58206.0,58322.0,58425.0,58548.0,58678.0,58805.0,58917.0,59014.0,59099.0,59232.0,59381.0,59527.0,59716.0,59880.0,60042.0,60192.0,60381.0,60649.0,60852.0,61056.0,61225.0,61384.0,61564.0,61785.0,61995.0,62206.0,62468.0,62735.0,62933.0,63152
g7eWRfcM7jU,,,,,,,,,,,,,,,,,,,,,,,,,,,,,,,,,,,,5404.0,8546.0,10087.0,11362.0,12572.0,13627.0,14693.0,15513.0,16234.0,16807.0,17321.0,17874.0,18371.0,18978.0,19419.0,19748.0,20000.0,20194.0,,20587.0,20792.0,20988.0,21180.0,21369.0,21544.0,21706.0,21923.0,22099.0,22258.0,22421.0,22560.0,22671.0,22782.0,22901.0,22996.0,23103.0,23208.0,23297.0,23366.0,23565.0,23641.0,23717.0,23816.0,23891.0,23968.0,24039.0,24117.0,24204.0,24264.0,24338.0,24402.0,24450.0,24512.0,24577.0,24639.0,24709.0,24762.0,24849.0,24906.0,24959.0,25010.0,25083.0,25153.0,25244.0,25296.0,25356.0,25418.0,25474.0,25531.0,25584.0,25631.0,25684.0,25736.0,25769.0,25812.0,25875.0,25920.0,25975.0,26032.0,26091.0,26155.0,26212.0,26261.0,26315.0,26372.0,26429.0,26467.0,26524.0,26577.0,26643.0,26704.0,26760.0,26806.0,26864.0,26908.0,26960.0,27003.0,27053.0,27100.0,27149.0,27185.0,27246
EDxI7p2M8Xk,,,,,,,,,,,,,,,,,,,,,,,,,,,,,,,,,,,,,6444.0,14946.0,17400.0,20126.0,21586.0,22331.0,22829.0,23145.0,23343.0,23423.0,23484.0,23524.0,23569.0,23609.0,23664.0,23729.0,23768.0,,23829.0,23861.0,23892.0,23912.0,23940.0,23956.0,23980.0,23996.0,24008.0,24019.0,24034.0,24057.0,24073.0,24089.0,24102.0,24117.0,24129.0,24144.0,24162.0,24193.0,24236.0,24252.0,24278.0,24295.0,24301.0,24316.0,24328.0,24340.0,24349.0,24357.0,24374.0,24391.0,24402.0,24418.0,24436.0,24453.0,24472.0,24489.0,24502.0,24506.0,24524.0,24542.0,24548.0,24558.0,24569.0,24591.0,24597.0,24614.0,24636.0,24645.0,24652.0,24665.0,24679.0,24686.0,24693.0,24711.0,24723.0,24739.0,24753.0,24765.0,24776.0,24786.0,24801.0,24819.0,24826.0,24832.0,24848.0,24858.0,24875.0,24884.0,24885.0,24895.0,24904.0,24912.0,24922.0,24929.0,24939.0,24943.0,24951.0,24954.0,24962.0,24966.0,24970
CRf5qcPd5a0,,,,,,,,,,,,,,,,,,,,,,,,,,,,,,,,,,,,,6534.0,9904.0,11755.0,13823.0,16240.0,18007.0,19599.0,20265.0,20875.0,21322.0,21806.0,22375.0,22802.0,23234.0,23620.0,24057.0,24406.0,,25017.0,25386.0,25729.0,26084.0,26361.0,26609.0,26883.0,27131.0,27395.0,27611.0,27855.0,28045.0,28223.0,28428.0,28654.0,28845.0,29026.0,29173.0,29285.0,29407.0,29660.0,29773.0,29889.0,30015.0,30126.0,30207.0,30339.0,30447.0,30586.0,30722.0,30848.0,30983.0,31076.0,31175.0,31298.0,31434.0,31640.0,36633.0,37867.0,38320.0,38774.0,39188.0,39558.0,40066.0,40519.0,41003.0,41376.0,41761.0,42891.0,44095.0,44978.0,45939.0,46693.0,47317.0,47817.0,48346.0,48796.0,49218.0,49636.0,49971.0,50259.0,50634.0,51116.0,51565.0,52053.0,52748.0,53265.0,53640.0,54098.0,54562.0,55151.0,55746.0,56342.0,57009.0,57342.0,57667.0,58033.0,58416.0,58761.0,59097.0,59374.0,59658.0,60444
1LYEVx1k0T0,,,,,,,,,,,,,,,,,,,,,,,,,,,,,,,,,,,,,135.0,540.0,821.0,1310.0,1677.0,2148.0,2596.0,3241.0,3838.0,4239.0,4502.0,4803.0,5079.0,5351.0,5678.0,5933.0,6186.0,,6706.0,7045.0,7406.0,7679.0,8027.0,8277.0,8479.0,8705.0,8955.0,9196.0,9461.0,9726.0,10020.0,10280.0,10535.0,10810.0,11076.0,11370.0,11676.0,11970.0,12723.0,13099.0,13463.0,13801.0,14204.0,14600.0,15026.0,15453.0,15899.0,16316.0,16857.0,17306.0,17611.0,18125.0,18612.0,19310.0,19708.0,20343.0,20789.0,21248.0,21814.0,22521.0,23237.0,23970.0,24642.0,25421.0,26077.0,27012.0,27881.0,28781.0,29934.0,31050.0,32084.0,33193.0,34386.0,35872.0,37347.0,38872.0,40691.0,42382.0,43802.0,45391.0,47335.0,49279.0,51441.0,53334.0,55030.0,56484.0,58477.0,60311.0,62226.0,64251.0,66611.0,70218.0,74700.0,78788.0,82793.0,86675.0,90652.0,94926.0,98478.0,101346.0,104642
GD5AcHvkI2E,,,,,,,,,,,,,,,,,,,,,,,,,,,,,,,,,,,,,39.0,70.0,97.0,115.0,132.0,143.0,219.0,244.0,281.0,303.0,319.0,325.0,333.0,344.0,351.0,354.0,363.0,,381.0,385.0,385.0,391.0,402.0,408.0,415.0,422.0,430.0,433.0,440.0,448.0,451.0,454.0,459.0,464.0,467.0,471.0,475.0,479.0,486.0,488.0,491.0,491.0,497.0,493.0,499.0,500.0,503.0,505.0,516.0,518.0,519.0,523.0,528.0,529.0,529.0,534.0,535.0,537.0,538.0,538.0,540.0,541.0,541.0,543.0,544.0,545.0,546.0,546.0,547.0,547.0,547.0,548.0,548.0,549.0,549.0,550.0,550.0,551.0,551.0,551.0,551.0,551.0,554.0,554.0,555.0,557.0,558.0,559.0,561.0,561.0,561.0,562.0,562.0,565.0,566.0,567.0,571.0,574.0,574.0,575.0,576
0UPDBODtxzw,,,,,,,,,,,,,,,,,,,,,,,,,,,,,,,,,,,,,491334.0,1136276.0,1682426.0,2025892.0,2341974.0,2638880.0,2921119.0,3205381.0,3459899.0,3655784.0,3833089.0,3987829.0,4125973.0,4253799.0,4377562.0,4509643.0,4639187.0,,4918166.0,5065692.0,5215525.0,5372904.0,5535177.0,5693706.0,5852438.0,6011641.0,6176708.0,6349522.0,6527331.0,6716944.0,6909403.0,7094533.0,7285014.0,7505032.0,7739237.0,7982549.0,8268160.0,8561170.0,9160429.0,9478593.0,9811403.0,10151342.0,10506135.0,10865959.0,11246281.0,11642265.0,12039011.0,12419051.0,12788652.0,13168518.0,13530227.0,13904323.0,14280989.0,14667035.0,15059619.0,15456816.0,15842571.0,16218901.0,16577728.0,16933920.0,17274976.0,17618566.0,17963091.0,18317274.0,18656457.0,18980066.0,19309326.0,19638347.0,19968449.0,20302316.0,20648591.0,20977676.0,21286041.0,21591475.0,21884537.0,22183809.0,22495110.0,22809782.0,23108103.0,23389370.0,23666082.0,23943732.0,24220993.0,24516418.0,24808413.0,25083677.0,25343705.0,25594726.0,25849800.0,26116207.0,26399174.0,26679009.0,26945308.0,27194462.0,27443696.0,27692071.0,27944497.0,28201570.0,28455682.0,28689658.0,28915588
IOLNzfBSeBA,,,,,,,,,,,,,,,,,,,,,,,,,,,,,,,,,,,,,54.0,54.0,54.0,54.0,55.0,57.0,58.0,58.0,58.0,58.0,58.0,58.0,58.0,59.0,59.0,59.0,59.0,,59.0,59.0,59.0,59.0,60.0,60.0,60.0,61.0,63.0,65.0,65.0,65.0,65.0,65.0,65.0,65.0,65.0,65.0,65.0,65.0,65.0,65.0,65.0,65.0,66.0,66.0,66.0,66.0,67.0,67.0,67.0,67.0,67.0,67.0,67.0,67.0,67.0,67.0,67.0,67.0,67.0,67.0,67.0,67.0,67.0,67.0,67.0,67.0,67.0,67.0,67.0,67.0,67.0,67.0,67.0,68.0,68.0,68.0,68.0,68.0,68.0,68.0,68.0,68.0,68.0,68.0,68.0,68.0,68.0,68.0,68.0,68.0,68.0,68.0,68.0,68.0,68.0,68.0,68.0,69.0,69.0,69.0,69
WMgKm01lr2M,,,,,,,,,,,,,,,,,,,,,,,,,,,,,,,,,,,,,,470.0,525.0,566.0,634.0,692.0,722.0,778.0,819.0,844.0,863.0,884.0,894.0,913.0,928.0,944.0,952.0,,992.0,998.0,1010.0,1017.0,1024.0,1032.0,1038.0,1045.0,1054.0,1067.0,1075.0,1079.0,1085.0,1091.0,1097.0,1106.0,1113.0,1123.0,1122.0,1126.0,1139.0,1144.0,1149.0,1160.0,1165.0,1167.0,1172.0,1183.0,1189.0,1193.0,1197.0,1219.0,1226.0,1239.0,1245.0,1252.0,1257.0,1264.0,1273.0,1277.0,1286.0,1296.0,1300.0,1303.0,1306.0,1309.0,1318.0,1321.0,1325.0,1328.0,1336.0,1343.0,1347.0,1352.0,1360.0,1366.0,1368.0,1371.0,1373.0,1375.0,1389.0,1399.0,1402.0,1405.0,1405.0,1408.0,1416.0,1425.0,1433.0,1435.0,1441.0,1443.0,1448.0,1451.0,1454.0,1457.0,1459.0,1462.0,1464.0,1467.0,1469.0,1475.0,1477
EzvhlgTNCbU,,,,,,,,,,,,,,,,,,,,,,,,,,,,,,,,,,,,,,111078.0,135479.0,170100.0,185917.0,197518.0,205712.0,210284.0,213234.0,215656.0,217553.0,219253.0,220817.0,224611.0,226862.0,228913.0,231190.0,,236389.0,237676.0,238891.0,239915.0,241017.0,242034.0,242724.0,243198.0,243586.0,243926.0,244294.0,244691.0,245080.0,245415.0,245759.0,246074.0,246379.0,246647.0,246941.0,247219.0,247700.0,247942.0,248146.0,248388.0,248619.0,248815.0,248994.0,249201.0,249503.0,249737.0,249966.0,250184.0,250406.0,250620.0,250823.0,251037.0,251174.0,251362.0,251525.0,251715.0,251883.0,252051.0,252277.0,252477.0,252643.0,252829.0,253039.0,253193.0,253319.0,253441.0,253566.0,253667.0,253783.0,253910.0,254028.0,254172.0,254294.0,254435.0,254531.0,254648.0,254760.0,254864.0,254963.0,255041.0,255150.0,255227.0,255343.0,255443.0,255531.0,255619.0,255695.0,255768.0,255862.0,255954.0,256077.0,256165.0,256243.0,256318.0,256396.0,256471.0,256559.0,256664.0,256741
WXav5B0ppUo,,,,,,,,,,,,,,,,,,,,,,,,,,,,,,,,,,,,,,402094.0,540595.0,681255.0,701035.0,708914.0,715104.0,719644.0,723178.0,726144.0,728775.0,731094.0,733320.0,735360.0,737408.0,739708.0,743765.0,,749113.0,750911.0,752472.0,753869.0,755285.0,756432.0,757472.0,758330.0,759154.0,759960.0,760758.0,761821.0,762801.0,763618.0,764313.0,765085.0,765846.0,766623.0,767578.0,768437.0,769819.0,770525.0,771222.0,772004.0,772791.0,773547.0,774160.0,774885.0,775591.0,776300.0,777023.0,777798.0,778564.0,779276.0,779915.0,780517.0,781176.0,781974.0,782784.0,783543.0,784201.0,784836.0,785427.0,786057.0,786643.0,787344.0,787935.0,788523.0,789024.0,789579.0,790073.0,790628.0,791303.0,792027.0,792561.0,793093.0,793622.0,794195.0,794661.0,795151.0,795581.0,795997.0,796364.0,796742.0,797101.0,797514.0,797891.0,798275.0,798673.0,798979.0,799252.0,799594.0,800297.0,800784.0,801288.0,801670.0,802118.0,802497.0,802982.0,803360.0,803875.0,804350.0,804809
WBAIQVnkMcE,,,,,,,,,,,,,,,,,,,,,,,,,,,,,,,,,,,,,,12463.0,15564.0,17473.0,19469.0,21873.0,22226.0,22405.0,22537.0,22673.0,22721.0,22770.0,22809.0,22844.0,22878.0,22911.0,22945.0,,22997.0,23028.0,23059.0,23073.0,23095.0,23103.0,23117.0,23133.0,23149.0,23156.0,23165.0,23183.0,23186.0,23193.0,23205.0,23212.0,23219.0,23226.0,23235.0,23242.0,23257.0,23264.0,23275.0,23288.0,23305.0,23311.0,23328.0,23338.0,23341.0,23361.0,23370.0,23383.0,23400.0,23469.0,23518.0,23532.0,23578.0,23648.0,23697.0,23725.0,23737.0,23755.0,23774.0,23782.0,23797.0,23807.0,23819.0,23824.0,23829.0,23835.0,23845.0,23856.0,23858.0,23862.0,23870.0,23880.0,23889.0,23896.0,23900.0,23907.0,23916.0,23923.0,23928.0,23932.0,23939.0,23943.0,23952.0,23962.0,23969.0,23974.0,23979.0,23983.0,23987.0,23998.0,24009.0,24016.0,24020.0,24024.0,24029.0,24032.0,24042.0,24049.0,24055
D6wqZefJCDo,,,,,,,,,,,,,,,,,,,,,,,,,,,,,,,,,,,,,,15685.0,16108.0,16479.0,16824.0,17234.0,17520.0,17791.0,18021.0,18336.0,18567.0,18758.0,18980.0,19147.0,19331.0,19547.0,19749.0,,20113.0,20273.0,20493.0,20727.0,20912.0,21017.0,21166.0,21413.0,21562.0,21664.0,21824.0,21984.0,22261.0,22477.0,22672.0,22911.0,23144.0,23347.0,23522.0,23684.0,23941.0,24049.0,24057.0,24064.0,24043.0,24054.0,24082.0,24105.0,24162.0,24139.0,24193.0,24201.0,24201.0,24182.0,24185.0,24193.0,24206.0,24219.0,24225.0,24230.0,24241.0,24254.0,24268.0,24271.0,24278.0,24287.0,24296.0,24302.0,24311.0,24316.0,24323.0,24338.0,24352.0,24368.0,24382.0,24403.0,24418.0,24425.0,24442.0,24448.0,24461.0,24471.0,24478.0,24481.0,24486.0,24491.0,24504.0,24511.0,24532.0,24541.0,24545.0,24549.0,24558.0,24562.0,24563.0,24568.0,24573.0,24583.0,24595.0,24600.0,24608.0,24612.0,24622
5m97c9Hit7g,,,,,,,,,,,,,,,,,,,,,,,,,,,,,,,,,,,,,,5407.0,6120.0,6516.0,6879.0,7183.0,7641.0,8549.0,8858.0,8978.0,9051.0,9109.0,9179.0,9251.0,9330.0,9377.0,9403.0,,9441.0,9455.0,9467.0,9475.0,9484.0,9490.0,9499.0,9512.0,9515.0,9526.0,9528.0,9534.0,9537.0,9540.0,9546.0,9552.0,9558.0,9564.0,9567.0,9569.0,9580.0,9583.0,9590.0,9597.0,9600.0,9607.0,9613.0,9616.0,9620.0,9622.0,9624.0,9628.0,9635.0,9639.0,9644.0,9649.0,9652.0,9655.0,9658.0,9658.0,9661.0,9664.0,9668.0,9671.0,9674.0,9676.0,9680.0,9685.0,9687.0,9691.0,9701.0,9707.0,9709.0,9713.0,9715.0,9719.0,9725.0,9728.0,9730.0,9733.0,9738.0,9743.0,9746.0,9754.0,9757.0,9760.0,9763.0,9764.0,9766.0,9769.0,9773.0,9778.0,9783.0,9786.0,9792.0,9800.0,9800.0,9802.0,9807.0,9812.0,9817.0,9819.0,9828
3KxiGwS2Ons,,,,,,,,,,,,,,,,,,,,,,,,,,,,,,,,,,,,,,354.0,498.0,789.0,1435.0,2508.0,3167.0,3963.0,4725.0,4959.0,5203.0,5439.0,5663.0,5877.0,6040.0,6276.0,6397.0,,6690.0,6855.0,7048.0,7200.0,7317.0,7421.0,7505.0,7615.0,7787.0,7909.0,8082.0,8219.0,8333.0,8466.0,8606.0,8792.0,8917.0,9070.0,9184.0,9298.0,9537.0,9692.0,9838.0,9971.0,10045.0,10109.0,10229.0,10329.0,10434.0,10558.0,10655.0,10720.0,10806.0,10896.0,10994.0,11071.0,11157.0,11247.0,11320.0,11379.0,11465.0,11551.0,11630.0,11690.0,11758.0,11828.0,11877.0,11965.0,12074.0,12168.0,12254.0,12319.0,12417.0,12528.0,12676.0,12832.0,12940.0,13023.0,13141.0,13221.0,13345.0,13422.0,13532.0,13637.0,13743.0,13811.0,13860.0,13903.0,13967.0,14011.0,14070.0,14123.0,14174.0,14207.0,14233.0,14257.0,14282.0,14301.0,14330.0,14355.0,14376.0,14394.0,14434
slHHlZN3N0w,,,,,,,,,,,,,,,,,,,,,,,,,,,,,,,,,,,,,,,19267.0,20869.0,21295.0,21515.0,21688.0,21886.0,22040.0,22153.0,22252.0,22341.0,22413.0,22474.0,22530.0,22599.0,22638.0,,22745.0,22786.0,22821.0,22854.0,22897.0,22929.0,22945.0,22982.0,23008.0,23054.0,23085.0,23116.0,23150.0,23168.0,23197.0,23219.0,23232.0,23255.0,23274.0,23302.0,23326.0,23341.0,23347.0,23359.0,23374.0,23385.0,23394.0,23405.0,23420.0,23427.0,23443.0,23451.0,23460.0,23468.0,23474.0,23482.0,23493.0,23503.0,23511.0,23516.0,23524.0,23540.0,23548.0,23554.0,23559.0,23567.0,23574.0,23582.0,23592.0,23599.0,23611.0,23620.0,23626.0,23634.0,23638.0,23643.0,23646.0,23652.0,23657.0,23668.0,23676.0,23682.0,23692.0,23697.0,23704.0,23712.0,23722.0,23723.0,23725.0,23735.0,23737.0,23741.0,23744.0,23751.0,23755.0,23755.0,23757.0,23765.0,23766.0,23768.0,23774.0,23785.0,23790
bRzo1UMw7YI,,,,,,,,,,,,,,,,,,,,,,,,,,,,,,,,,,,,,,,30606.0,45336.0,56445.0,75015.0,93856.0,102694.0,107401.0,112053.0,116230.0,119892.0,123518.0,127265.0,130862.0,134011.0,136922.0,,142276.0,145150.0,147922.0,150648.0,153239.0,155482.0,157674.0,160026.0,162495.0,164641.0,166903.0,169080.0,171361.0,173097.0,175736.0,177549.0,179927.0,182511.0,184181.0,186750.0,190497.0,192692.0,194614.0,196502.0,198288.0,200028.0,201763.0,203562.0,205070.0,207130.0,208991.0,210855.0,212082.0,214541.0,216527.0,217945.0,220031.0,221866.0,223746.0,225268.0,226358.0,225838.0,225828.0,225828.0,225828.0,225828.0,225828.0,225828.0,225828.0,225828.0,225828.0,225828.0,225828.0,225828.0,225828.0,225828.0,225828.0,225828.0,225828.0,225828.0,225828.0,225828.0,225828.0,225828.0,225828.0,225828.0,225828.0,225828.0,225828.0,225828.0,225828.0,225828.0,225828.0,225828.0,225828.0,225828.0,225828.0,225828.0,225828.0,225828.0,225828.0,225828.0,225828
Vufz0kX5L3g,,,,,,,,,,,,,,,,,,,,,,,,,,,,,,,,,,,,,,,50595.0,52316.0,53549.0,55082.0,56328.0,57710.0,59210.0,60745.0,61840.0,62667.0,63459.0,64636.0,65626.0,66376.0,66829.0,,67694.0,68073.0,68495.0,68850.0,69114.0,69367.0,69652.0,69925.0,70236.0,70492.0,70734.0,70940.0,71100.0,71321.0,71532.0,71747.0,71973.0,72122.0,72355.0,72583.0,73042.0,73241.0,73469.0,73670.0,73856.0,74018.0,74215.0,74391.0,74547.0,74721.0,74898.0,75043.0,75186.0,75336.0,75478.0,75638.0,75826.0,75963.0,76118.0,76257.0,76444.0,76629.0,76829.0,77003.0,77188.0,77428.0,77649.0,77934.0,78115.0,78342.0,78535.0,78780.0,79004.0,79153.0,79309.0,79461.0,79598.0,79740.0,79917.0,80078.0,80204.0,80374.0,80553.0,80755.0,80935.0,81176.0,81405.0,81709.0,81989.0,82252.0,82527.0,82805.0,83167.0,83476.0,83787.0,84097.0,84405.0,84738.0,85018.0,85379.0,85691.0,85947.0,86200
N_sjonH-j9Y,,,,,,,,,,,,,,,,,,,,,,,,,,,,,,,,,,,,,,,3180.0,4965.0,5775.0,6674.0,7025.0,7171.0,7247.0,7322.0,7398.0,7454.0,7497.0,7548.0,7599.0,7634.0,7680.0,,7746.0,7774.0,7788.0,7792.0,7804.0,7809.0,7810.0,7816.0,7826.0,7833.0,7831.0,7833.0,7839.0,7847.0,7853.0,7855.0,7859.0,7861.0,7861.0,7863.0,7871.0,7873.0,7874.0,7875.0,7875.0,7877.0,7879.0,7881.0,7882.0,7882.0,7884.0,7886.0,7888.0,7889.0,7891.0,7891.0,7891.0,7891.0,7892.0,7895.0,7896.0,7896.0,7898.0,7900.0,7902.0,7902.0,7902.0,7902.0,7903.0,7904.0,7905.0,7909.0,7910.0,7910.0,7913.0,7915.0,7916.0,7919.0,7919.0,7919.0,7920.0,7922.0,7922.0,7923.0,7926.0,7927.0,7928.0,7930.0,7932.0,7932.0,7934.0,7936.0,7938.0,7939.0,7940.0,7943.0,7945.0,7946.0,7949.0,7951.0,7954.0,7957.0,7959
J3WxAEN2Ow4,,,,,,,,,,,,,,,,,,,,,,,,,,,,,,,,,,,,,,,,,,,,,,,,,,,,,,,3471439.0,3479429.0,3487342.0,3494842.0,3502873.0,3510518.0,3518450.0,3526414.0,3534651.0,3542663.0,3550390.0,3558182.0,3565415.0,3573069.0,3579815.0,3586605.0,3593896.0,3601538.0,3609471.0,3616976.0,3631528.0,3638100.0,3644872.0,3651269.0,3657483.0,3663443.0,3669449.0,3675440.0,3681111.0,3686849.0,3692688.0,3698872.0,3704676.0,3710588.0,3716522.0,3722185.0,3727792.0,3733357.0,3738734.0,3743994.0,3750010.0,3755739.0,3760563.0,3764976.0,3769534.0,3773948.0,3778316.0,3782651.0,3786856.0,3791274.0,3795725.0,3800203.0,3804621.0,3808619.0,3812809.0,3817116.0,3821382.0,3825408.0,3829524.0,3833682.0,3837579.0,3841129.0,3844817.0,3848730.0,3852683.0,3856716.0,3860625.0,3864522.0,3868393.0,3872122.0,3875700.0,3879533.0,3883358.0,3887580.0,3891688.0,3895852.0,3900031.0,3904280.0,3908669.0,3913288.0,3917747.0,3922040.0,3926195
PQCcR2mrABw,,,,,,,,,,,,,,,,,,,,,,,,,,,,,,,,,,,,,,,,,,,,,,,,,,,,,,,5722.0,5738.0,5760.0,5784.0,5812.0,5828.0,5846.0,5865.0,5879.0,5892.0,5916.0,5934.0,5955.0,5975.0,5985.0,6012.0,6029.0,6052.0,6071.0,6085.0,6117.0,6137.0,6149.0,6162.0,6171.0,6178.0,6185.0,6193.0,6199.0,6210.0,6221.0,6228.0,6230.0,6237.0,6243.0,6250.0,6438.0,6464.0,6475.0,6319.0,6329.0,6344.0,6356.0,6363.0,6371.0,6379.0,6384.0,6390.0,6391.0,6403.0,6411.0,6417.0,6425.0,6433.0,6442.0,6454.0,6461.0,6472.0,6481.0,6489.0,6497.0,6504.0,6519.0,6528.0,6536.0,6542.0,6549.0,6557.0,6563.0,6570.0,6579.0,6585.0,6590.0,6598.0,6606.0,6613.0,6616.0,6624.0,6628.0,6642.0,6657.0,6663.0,6670
Lr-7BBhUJio,,,,,,,,,,,,,,,,,,,,,,,,,,,,,,,,,,,,,,,,,,,,,,,,,,,,,,,10814.0,11335.0,11620.0,11867.0,12054.0,12236.0,12448.0,12603.0,12749.0,12887.0,13022.0,13144.0,13243.0,13344.0,13473.0,13581.0,13705.0,13786.0,13850.0,13937.0,14121.0,14193.0,14287.0,14338.0,14422.0,14476.0,14543.0,14596.0,14671.0,14732.0,14790.0,14852.0,14906.0,14953.0,15009.0,15050.0,15112.0,15161.0,15204.0,15260.0,15298.0,15333.0,15383.0,15437.0,15485.0,15520.0,15555.0,15584.0,15620.0,15672.0,15725.0,15773.0,15814.0,15853.0,15892.0,15925.0,15966.0,16008.0,16052.0,16098.0,16124.0,16142.0,16173.0,16214.0,16256.0,16301.0,16328.0,16357.0,16389.0,16411.0,16456.0,16493.0,16524.0,16560.0,16590.0,16632.0,16674.0,16706.0,16745.0,16792.0,16825.0,16860.0,16899
P8VVnopM610,,,,,,,,,,,,,,,,,,,,,,,,,,,,,,,,,,,,,,,,,,,,,,,,,,,,,,,62720990.0,62743680.0,62765587.0,62786785.0,62809837.0,62831546.0,62851672.0,62870758.0,62889911.0,62909086.0,62928790.0,62948909.0,62969539.0,62989528.0,63008379.0,63027155.0,63045770.0,63064620.0,63085242.0,63105320.0,63149832.0,63172105.0,63194045.0,63216405.0,63237572.0,63258182.0,63277687.0,63297255.0,63316901.0,63336427.0,63355836.0,63375030.0,63392296.0,63411156.0,63429377.0,63447303.0,63464909.0,63481707.0,63499033.0,63516987.0,63533802.0,63549985.0,63565223.0,63580634.0,63594685.0,63609870.0,63625432.0,63639920.0,63653759.0,63667369.0,63681586.0,63695052.0,63710464.0,63725054.0,63738888.0,63752359.0,63765155.0,63777965.0,63790105.0,63802990.0,63815624.0,63827423.0,63839462.0,63852175.0,63864052.0,63875879.0,63888157.0,63900070.0,63912149.0,63923478.0,63934470.0,63944347.0,63954574.0,63966020.0,63978620.0,63991166.0,64003609.0,64015672.0,64028030.0,64039652.0,64052362.0,64065035.0,64077647
y2os26sMjOg,,,,,,,,,,,,,,,,,,,,,,,,,,,,,,,,,,,,,,,,,,,,,,,,,,,,,,,14669413.0,14683340.0,14696925.0,14710330.0,14724647.0,14737704.0,14750931.0,14763849.0,14777508.0,14791105.0,14804034.0,14817190.0,14829296.0,14841830.0,14853246.0,14865411.0,14877901.0,14890260.0,14902508.0,14914210.0,14937667.0,14949556.0,14961811.0,14973267.0,14984652.0,14995991.0,15006852.0,15018866.0,15029781.0,15041017.0,15052222.0,15063687.0,15073624.0,15084574.0,15096069.0,15107741.0,15119396.0,15131447.0,15142891.0,15153906.0,15164967.0,15175839.0,15185486.0,15195681.0,15206406.0,15218387.0,15229674.0,15240048.0,15250192.0,15260082.0,15270703.0,15280851.0,15290749.0,15300991.0,15310889.0,15320078.0,15329603.0,15339996.0,15350211.0,15360672.0,15370425.0,15379152.0,15388127.0,15397471.0,15406780.0,15415822.0,15424594.0,15433622.0,15442670.0,15451392.0,15459966.0,15468475.0,15477005.0,15485302.0,15493193.0,15501514.0,15510121.0,15518769.0,15527681.0,15536210.0,15545663.0,15555597.0,15565358
ND5FhEsjVUk,,,,,,,,,,,,,,,,,,,,,,,,,,,,,,,,,,,,,,,,,,,,,,,,,,,,,,,7670936.0,7675915.0,7681451.0,7687089.0,7692652.0,7698068.0,7703463.0,7708880.0,7714469.0,7731313.0,7743493.0,7752184.0,7759594.0,7766064.0,7771836.0,7778509.0,7785015.0,7791281.0,7797213.0,7802861.0,7813528.0,7819119.0,7824649.0,7829906.0,7835051.0,7840016.0,7844779.0,7849634.0,7854397.0,7859305.0,7864269.0,7869650.0,7874737.0,7879974.0,7885502.0,7891489.0,7897436.0,7903473.0,7908743.0,7913819.0,7918748.0,7923677.0,7928502.0,7933397.0,7938199.0,7943622.0,7949036.0,7954065.0,7959188.0,7964102.0,7969067.0,7973905.0,7978774.0,7984120.0,7989238.0,7994044.0,7999073.0,8004177.0,8009515.0,8014672.0,8019765.0,8024463.0,8029275.0,8034302.0,8039189.0,8043978.0,8048806.0,8053796.0,8058521.0,8062964.0,8067475.0,8071746.0,8075975.0,8079977.0,8083810.0,8087779.0,8091765.0,8095984.0,8100196.0,8104629.0,8110836.0,8116895.0,8121809
R6e4tBWxIxE,,,,,,,,,,,,,,,,,,,,,,,,,,,,,,,,,,,,,,,,,,,,,,,,,,,,,,,35311264.0,35428837.0,35541775.0,35653927.0,35780235.0,35903804.0,36011748.0,36115622.0,36220069.0,36326085.0,36432148.0,36549361.0,36667412.0,36766543.0,36869211.0,37004444.0,37130409.0,37252620.0,37386557.0,37520291.0,37739091.0,37847478.0,37956490.0,38075212.0,38191163.0,38302328.0,38402824.0,38499656.0,38598327.0,38693702.0,38786141.0,38887808.0,38984783.0,39073055.0,39163825.0,39258062.0,39356747.0,39457322.0,39559469.0,39657874.0,39748008.0,39836415.0,39923560.0,40008161.0,40093400.0,40181953.0,40270341.0,40347962.0,40421517.0,40496847.0,40571484.0,40645965.0,40727008.0,40807915.0,40878730.0,40945301.0,41011596.0,41080120.0,41151884.0,41230406.0,41312684.0,41381277.0,41445499.0,41513353.0,41582441.0,41658793.0,41738127.0,41816007.0,41884500.0,41949101.0,42009859.0,42070484.0,42135049.0,42204221.0,42273408.0,42336305.0,42397167.0,42459490.0,42521972.0,42583697.0,42650945.0,42719554.0,42780569
yRTwoFiqQHY,,,,,,,,,,,,,,,,,,,,,,,,,,,,,,,,,,,,,,,,,,,,,,,,,,,,,,,231659.0,231800.0,231919.0,232033.0,232135.0,232232.0,232320.0,232442.0,232569.0,232672.0,232803.0,232897.0,232985.0,233096.0,233198.0,233371.0,233487.0,233634.0,233761.0,233841.0,234082.0,234206.0,234342.0,234452.0,234530.0,234611.0,234729.0,234838.0,234942.0,235067.0,235192.0,235274.0,235355.0,235452.0,235541.0,235637.0,235767.0,235905.0,235990.0,236093.0,236214.0,236320.0,236425.0,236517.0,236664.0,236814.0,236961.0,237142.0,237351.0,237549.0,237759.0,237966.0,238134.0,238282.0,238429.0,238617.0,238778.0,238978.0,239129.0,239304.0,239423.0,239568.0,239705.0,239873.0,240092.0,240407.0,240702.0,240923.0,241263.0,241513.0,241785.0,242092.0,242359.0,242639.0,242893.0,243143.0,243442.0,243690.0,243942.0,244209.0,244393.0,244519.0,244700
_UiZ-Uuw1ro,,,,,,,,,,,,,,,,,,,,,,,,,,,,,,,,,,,,,,,,,,,,,,,,,,,,,,,1601423.0,1615433.0,1628387.0,1641539.0,1654651.0,1665376.0,1675761.0,1689994.0,1703561.0,1716199.0,1729399.0,1741902.0,1751421.0,1765720.0,1780498.0,1796651.0,1812755.0,1829202.0,1851245.0,1871472.0,1923038.0,1946616.0,1973106.0,1996290.0,2014356.0,2029845.0,2049047.0,2067226.0,2084615.0,2100558.0,2117854.0,2133226.0,2145333.0,2161283.0,2176385.0,2191790.0,2207569.0,2226838.0,2248055.0,2266870.0,2284507.0,2300501.0,2316405.0,2330906.0,2346474.0,2359273.0,2369987.0,2382243.0,2394377.0,2406698.0,2419617.0,2433319.0,2445890.0,2456539.0,2469127.0,2481826.0,2494992.0,2507594.0,2520283.0,2531844.0,2540752.0,2551569.0,2562902.0,2574458.0,2585621.0,2595795.0,2606672.0,2616033.0,2627145.0,2636511.0,2647041.0,2657461.0,2668328.0,2679500.0,2688812.0,2699038.0,2709290.0,2719877.0,2730596.0,2741558.0,2751692.0,2760417.0,2770830
-01oDwXKSuE,,,,,,,,,,,,,,,,,,,,,,,,,,,,,,,,,,,,,,,,,,,,,,,,,,,,,,,16667563.0,16705329.0,16740895.0,16774868.0,16813884.0,16851259.0,16885001.0,16917413.0,16951403.0,16985282.0,17018819.0,17055821.0,17091250.0,17121170.0,17148823.0,17178012.0,17207117.0,17235430.0,17266783.0,17296760.0,17350673.0,17377998.0,17405338.0,17433700.0,17461649.0,17488738.0,17512985.0,17538086.0,17564236.0,17589639.0,17613944.0,17639427.0,17663177.0,17685700.0,17709232.0,17732914.0,17756684.0,17780205.0,17803333.0,17826374.0,17848565.0,17870780.0,17893517.0,17915948.0,17937253.0,17960182.0,17982901.0,18003599.0,18022430.0,18040297.0,18057903.0,18075634.0,18095754.0,18115666.0,18132798.0,18149362.0,18165248.0,18181253.0,18198025.0,18216390.0,18235131.0,18251505.0,18266621.0,18282525.0,18298311.0,18315805.0,18333783.0,18352146.0,18368390.0,18383802.0,18398463.0,18412333.0,18425328.0,18439191.0,18453766.0,18466690.0,18478778.0,18491455.0,18504894.0,18518225.0,18532590.0,18547491.0,18560918
5q9EjSUovc4,,,,,,,,,,,,,,,,,,,,,,,,,,,,,,,,,,,,,,,,,,,,,,,,,,,,,,,18460871.0,18628795.0,18801832.0,18973147.0,19172755.0,19371599.0,19536910.0,19681079.0,19828684.0,19975780.0,20128124.0,20306303.0,20486862.0,20625216.0,20742601.0,20859180.0,20974501.0,21090876.0,21235047.0,21384867.0,21637291.0,21762603.0,21892847.0,22024880.0,22173944.0,22336694.0,22474181.0,22602245.0,22738355.0,22875930.0,23020842.0,23192804.0,23357608.0,23499241.0,23635977.0,23779951.0,23929126.0,24099167.0,24276994.0,24448734.0,24599924.0,24754901.0,24900117.0,25043479.0,25237038.0,25422325.0,25607680.0,25771444.0,25915456.0,26061908.0,26215423.0,26374441.0,26566741.0,26789899.0,26970524.0,27123105.0,27262354.0,27398937.0,27545763.0,27713873.0,27912129.0,28067324.0,28191808.0,28327104.0,28472820.0,28639321.0,28811997.0,28992705.0,29138033.0,29263082.0,29392699.0,29519581.0,29651697.0,29815440.0,29991407.0,30134111.0,30263436.0,30401108.0,30549007.0,30700854.0,30881838.0,31076605.0,31232006
GFRu5ea_klk,,,,,,,,,,,,,,,,,,,,,,,,,,,,,,,,,,,,,,,,,,,,,,,,,,,,,,,8069336.0,8125207.0,8179435.0,8233753.0,8291185.0,8348142.0,8401329.0,8451740.0,8504165.0,8554494.0,8604288.0,8659429.0,8715815.0,8766883.0,8813431.0,8860551.0,8909903.0,8959775.0,9014451.0,9071329.0,9173606.0,9223540.0,9273732.0,9324983.0,9376793.0,9428515.0,9476637.0,9524405.0,9572959.0,9622441.0,9671318.0,9724058.0,9776343.0,9823458.0,9869533.0,9917520.0,9967931.0,10020648.0,10076157.0,10131792.0,10182061.0,10230712.0,10277656.0,10322905.0,10366765.0,10412421.0,10460503.0,10505738.0,10548032.0,10590322.0,10633500.0,10676085.0,10723833.0,10771351.0,10819432.0,10867176.0,10916882.0,10967071.0,11013084.0,11060365.0,11109759.0,11153142.0,11192978.0,11234993.0,11279505.0,11325562.0,11373249.0,11418709.0,11460781.0,11499537.0,11536992.0,11574279.0,11611853.0,11654332.0,11696577.0,11738966.0,11786314.0,11830172.0,11872637.0,11916201.0,11959650.0,12001798.0,12040749
kDvjltW21ag,,,,,,,,,,,,,,,,,,,,,,,,,,,,,,,,,,,,,,,,,,,,,,,,,,,,,,,190209.0,190643.0,191105.0,191577.0,192021.0,192417.0,192738.0,193061.0,193513.0,193858.0,194230.0,194508.0,194936.0,195254.0,195495.0,195768.0,196154.0,196486.0,196758.0,197078.0,197832.0,198196.0,198528.0,198878.0,199148.0,199425.0,199669.0,199954.0,200200.0,200466.0,200766.0,201043.0,201236.0,201524.0,201694.0,201983.0,202234.0,202490.0,202714.0,202902.0,203137.0,203320.0,203544.0,203705.0,203881.0,204090.0,204298.0,204438.0,204609.0,204815.0,205099.0,205338.0,205539.0,205852.0,206127.0,206375.0,206666.0,206903.0,207251.0,207517.0,207762.0,207982.0,208177.0,208426.0,208669.0,208874.0,209062.0,209273.0,209468.0,209644.0,209822.0,209989.0,210167.0,210338.0,210489.0,210636.0,210789.0,210940.0,211125.0,211309.0,211489.0,211634.0,211887
LVw93DLIE78,,,,,,,,,,,,,,,,,,,,,,,,,,,,,,,,,,,,,,,,,,,,,,,,,,,,,,,1082967.0,1085124.0,1087122.0,1089103.0,1091117.0,1092981.0,1094847.0,1096776.0,1100899.0,1103710.0,1105747.0,1108124.0,1110441.0,1112602.0,1114630.0,1116594.0,1118290.0,1119965.0,1121643.0,1123063.0,1125920.0,1127331.0,1128701.0,1130019.0,1131206.0,1132318.0,1133261.0,1134553.0,1135727.0,1136922.0,1137867.0,1138997.0,1139917.0,1140903.0,1141953.0,1143015.0,1144035.0,1145146.0,1145950.0,1146987.0,1147815.0,1148795.0,1149804.0,1150614.0,1151272.0,1152015.0,1152869.0,1153474.0,1154096.0,1154935.0,1155581.0,1156309.0,1157091.0,1157824.0,1158547.0,1159191.0,1159806.0,1160461.0,1161076.0,1161674.0,1162229.0,1162874.0,1163601.0,1164520.0,1165296.0,1165978.0,1166535.0,1167056.0,1167583.0,1168055.0,1168565.0,1169082.0,1169615.0,1170141.0,1170575.0,1171025.0,1171549.0,1172039.0,1172632.0,1173179.0,1173676.0,1174168.0,1174732
yfKBI5l81-A,,,,,,,,,,,,,,,,,,,,,,,,,,,,,,,,,,,,,,,,,,,,,,,,,,,,,,,726639.0,763363.0,793828.0,879091.0,1093618.0,1302812.0,1536366.0,1785364.0,2003693.0,2244287.0,2458830.0,2682498.0,2859274.0,3024952.0,3223472.0,3409233.0,3594704.0,3619666.0,3634724.0,3648513.0,3675525.0,3689857.0,3705519.0,3720556.0,3734432.0,3747769.0,3759807.0,3770612.0,3781250.0,3792007.0,3801617.0,3811311.0,3819904.0,3829124.0,3838237.0,3847655.0,3856599.0,3864661.0,3872354.0,3880327.0,3887663.0,3894657.0,3901286.0,3907872.0,3914204.0,3920251.0,3926361.0,3932802.0,3938921.0,3945058.0,3951715.0,3958705.0,3965221.0,3971538.0,3978244.0,3984344.0,3990318.0,3996546.0,4002634.0,4007990.0,4013317.0,4018985.0,4024518.0,4029900.0,4035343.0,4040751.0,4046152.0,4051383.0,4056434.0,4061665.0,4066721.0,4071701.0,4076757.0,4081532.0,4086356.0,4091624.0,4096962.0,4101899.0,4106705.0,4111407.0,4116034.0,4120578.0,4125492
udOf9JGMA7U,,,,,,,,,,,,,,,,,,,,,,,,,,,,,,,,,,,,,,,,,,,,,,,,,,,,,,,96653.0,98142.0,99602.0,100892.0,102266.0,103427.0,104400.0,105297.0,106300.0,107286.0,108245.0,109175.0,110043.0,110933.0,111791.0,112767.0,113729.0,114661.0,115486.0,116223.0,117616.0,118241.0,118870.0,119390.0,119946.0,120405.0,120875.0,121323.0,121791.0,122262.0,122708.0,123243.0,123691.0,124096.0,124544.0,125058.0,125488.0,125915.0,126300.0,126703.0,127225.0,127619.0,128064.0,128519.0,128915.0,129269.0,129670.0,129980.0,130336.0,130663.0,131114.0,131446.0,131795.0,132106.0,132409.0,132723.0,133082.0,133372.0,133680.0,133970.0,134276.0,134580.0,134906.0,135229.0,135512.0,135821.0,136139.0,136412.0,136679.0,136908.0,137172.0,137386.0,137668.0,137945.0,138216.0,138482.0,138738.0,138987.0,139253.0,139538.0,139827.0,140095.0,140398
F8YTLNrg8nE,,,,,,,,,,,,,,,,,,,,,,,,,,,,,,,,,,,,,,,,,,,,,,,,,,,,,,,7036.0,7093.0,7164.0,7213.0,7260.0,7309.0,7356.0,7407.0,7460.0,7498.0,7532.0,7562.0,7608.0,7641.0,7668.0,7701.0,7754.0,7801.0,7854.0,7891.0,7986.0,8032.0,8076.0,8112.0,8161.0,8193.0,8233.0,8283.0,8353.0,8417.0,8466.0,8517.0,8572.0,8615.0,8664.0,8715.0,8756.0,8807.0,8845.0,8891.0,8941.0,8974.0,9029.0,9072.0,9122.0,9186.0,9275.0,9351.0,9433.0,9553.0,9625.0,9686.0,9753.0,9820.0,9871.0,9917.0,9952.0,10013.0,10075.0,10121.0,10155.0,10201.0,10267.0,10330.0,10393.0,10491.0,10570.0,10631.0,10715.0,10775.0,10848.0,10929.0,11055.0,11133.0,11223.0,11351.0,11531.0,11684.0,11848.0,11990.0,12118.0,12215.0,12276
rjQFemcplN8,,,,,,,,,,,,,,,,,,,,,,,,,,,,,,,,,,,,,,,,,,,,,,,,,,,,,,,4174.0,4190.0,4214.0,4224.0,4238.0,4248.0,4256.0,4265.0,4283.0,4302.0,4306.0,4314.0,4319.0,4339.0,4347.0,4358.0,4365.0,4373.0,4378.0,4382.0,4403.0,4409.0,4420.0,4426.0,4428.0,4433.0,4438.0,4447.0,4460.0,4463.0,4465.0,4471.0,4473.0,4475.0,4482.0,4484.0,4485.0,4489.0,4493.0,4496.0,4501.0,4504.0,4509.0,4513.0,4516.0,4518.0,4522.0,4527.0,4535.0,4540.0,4542.0,4557.0,4560.0,4560.0,4562.0,4569.0,4569.0,4573.0,4574.0,4574.0,4579.0,4582.0,4590.0,4594.0,4599.0,4603.0,4606.0,4610.0,4611.0,4613.0,4615.0,4615.0,4615.0,4619.0,4621.0,4624.0,4626.0,4631.0,4636.0,4640.0,4641.0,4648.0,4651
z_ss4Yf-VZ4,,,,,,,,,,,,,,,,,,,,,,,,,,,,,,,,,,,,,,,,,,,,,,,,,,,,,,,23826.0,23960.0,24110.0,24291.0,24431.0,24625.0,24771.0,24937.0,25036.0,25180.0,25327.0,25476.0,25616.0,25745.0,25870.0,25983.0,26136.0,26303.0,26464.0,26597.0,26869.0,26981.0,27140.0,27318.0,27457.0,27636.0,27803.0,27961.0,28094.0,28257.0,28445.0,28617.0,28770.0,28939.0,29106.0,29256.0,29391.0,29543.0,29685.0,29829.0,29946.0,30073.0,30230.0,30392.0,30506.0,30636.0,30806.0,30963.0,31093.0,31255.0,31396.0,31514.0,31663.0,31785.0,31917.0,32062.0,32165.0,32310.0,32451.0,32578.0,32719.0,32835.0,32953.0,33053.0,33196.0,33342.0,33467.0,33618.0,33719.0,33831.0,33964.0,34093.0,34240.0,34350.0,34494.0,34628.0,34750.0,34883.0,35035.0,35157.0,35269.0,35378.0,35516
fg-6jkI8B6M,,,,,,,,,,,,,,,,,,,,,,,,,,,,,,,,,,,,,,,,,,,,,,,,,,,,,,,724.0,726.0,732.0,736.0,742.0,743.0,744.0,745.0,746.0,749.0,753.0,759.0,761.0,763.0,764.0,767.0,767.0,769.0,772.0,775.0,777.0,779.0,780.0,786.0,788.0,788.0,792.0,794.0,794.0,796.0,799.0,804.0,806.0,806.0,807.0,810.0,812.0,816.0,820.0,825.0,833.0,837.0,842.0,842.0,844.0,849.0,850.0,851.0,854.0,855.0,855.0,857.0,861.0,864.0,865.0,865.0,868.0,869.0,870.0,873.0,876.0,877.0,878.0,880.0,880.0,884.0,886.0,888.0,889.0,890.0,893.0,895.0,897.0,897.0,897.0,897.0,899.0,901.0,904.0,906.0,906.0,906.0,908
CkBdKswwN0s,,,,,,,,,,,,,,,,,,,,,,,,,,,,,,,,,,,,,,,,,,,,,,,,,,,,,,,12339.0,12539.0,12726.0,12827.0,12899.0,12960.0,13041.0,13107.0,13194.0,13263.0,13311.0,13370.0,13423.0,13475.0,13522.0,13585.0,13636.0,13690.0,13739.0,13789.0,13865.0,13897.0,13923.0,13947.0,13985.0,14028.0,14069.0,14102.0,14126.0,14148.0,14194.0,14270.0,14331.0,14370.0,14412.0,14447.0,14493.0,14572.0,14632.0,14700.0,14751.0,14831.0,14921.0,15079.0,15235.0,15327.0,15395.0,15463.0,15522.0,15573.0,15605.0,15641.0,15673.0,15700.0,15743.0,15774.0,15802.0,15824.0,15853.0,15887.0,15921.0,15940.0,15975.0,16006.0,16035.0,16077.0,16109.0,16142.0,16163.0,16195.0,16244.0,16263.0,16279.0,16299.0,16320.0,16345.0,16369.0,16393.0,16423.0,16457.0,16486.0,16516.0,16550
5dfsW2CBNPs,,,,,,,,,,,,,,,,,,,,,,,,,,,,,,,,,,,,,,,,,,,,,,,,,,,,,,,2438212.0,2438513.0,2438865.0,2439167.0,2439458.0,2439765.0,2439992.0,2440208.0,2440482.0,2440760.0,2441044.0,2441285.0,2441587.0,2441872.0,2442126.0,2442455.0,2442720.0,2443032.0,2443273.0,2443551.0,2444069.0,2444320.0,2444603.0,2444906.0,2445157.0,2445384.0,2445679.0,2445881.0,2446209.0,2446579.0,2446955.0,2447241.0,2447641.0,2448000.0,2448275.0,2448550.0,2448871.0,2449135.0,2449355.0,2449580.0,2449845.0,2450084.0,2450378.0,2450632.0,2450868.0,2451099.0,2451337.0,2451554.0,2451803.0,2452042.0,2452290.0,2452540.0,2452724.0,2452926.0,2453103.0,2453264.0,2453432.0,2453615.0,2453778.0,2453959.0,2454120.0,2454287.0,2454435.0,2454592.0,2454745.0,2454853.0,2454973.0,2455109.0,2455232.0,2455371.0,2455497.0,2455620.0,2455753.0,2455907.0,2456019.0,2456111.0,2456232.0,2456344.0,2456472.0,2456604.0,2456733.0,2456843.0,2456981
3SiRPF5OOzo,,,,,,,,,,,,,,,,,,,,,,,,,,,,,,,,,,,,,,,,,,,,,,,,,,,,,,,80912.0,80964.0,81015.0,81050.0,81080.0,81114.0,81161.0,81197.0,81243.0,81280.0,81319.0,81369.0,81400.0,81443.0,81482.0,81528.0,81577.0,81630.0,81690.0,81738.0,81833.0,81885.0,81922.0,81968.0,82019.0,82060.0,82141.0,82222.0,82290.0,82342.0,82381.0,82429.0,82467.0,82522.0,82560.0,82606.0,82645.0,82699.0,82733.0,82764.0,82785.0,82839.0,82907.0,82945.0,82985.0,83035.0,83096.0,83160.0,83201.0,83234.0,83257.0,83291.0,83315.0,83341.0,83372.0,83388.0,83409.0,83420.0,83435.0,83449.0,83459.0,83479.0,83495.0,83509.0,83528.0,83555.0,83579.0,83601.0,83612.0,83629.0,83639.0,83650.0,83674.0,83705.0,83727.0,83743.0,83773.0,83799.0,83822.0,83848.0,83860.0,83872.0,83899
zhHB4dZTChw,,,,,,,,,,,,,,,,,,,,,,,,,,,,,,,,,,,,,,,,,,,,,,,,,,,,,,,10575575.0,10713816.0,10847954.0,10986390.0,11142170.0,11291697.0,11425285.0,11548617.0,11672163.0,11795633.0,11923298.0,12069026.0,12203214.0,12318845.0,12426574.0,12538221.0,12650601.0,12761949.0,12889039.0,13009780.0,13217899.0,13323028.0,13432173.0,13544632.0,13668894.0,13794533.0,13909794.0,14027289.0,14148142.0,14265713.0,14380973.0,14510534.0,14623696.0,14723734.0,14822033.0,14924079.0,15027223.0,15133544.0,15238246.0,15341013.0,15434806.0,15529410.0,15621014.0,15713673.0,15812439.0,15915249.0,16013932.0,16098758.0,16175351.0,16252335.0,16329056.0,16408922.0,16500582.0,16589778.0,16665066.0,16736595.0,16804605.0,16872879.0,16944972.0,17023121.0,17098162.0,17164280.0,17223654.0,17282951.0,17341980.0,17410310.0,17479695.0,17544821.0,17604114.0,17662262.0,17716325.0,17768762.0,17821450.0,17883090.0,17943775.0,17996027.0,18047645.0,18099954.0,18153341.0,18208498.0,18268950.0,18328075.0,18378511
Vxj8vwMYHP4,,,,,,,,,,,,,,,,,,,,,,,,,,,,,,,,,,,,,,,,,,,,,,,,,,,,,,,426905.0,427832.0,428936.0,430191.0,431272.0,432186.0,433052.0,433777.0,434571.0,445455.0,453044.0,457205.0,460220.0,462113.0,463527.0,465656.0,467334.0,468756.0,470172.0,471524.0,473590.0,474554.0,475502.0,476397.0,477310.0,478155.0,479057.0,479943.0,480782.0,481574.0,482397.0,483577.0,484874.0,486091.0,487125.0,488121.0,489133.0,490191.0,491206.0,492334.0,493394.0,494357.0,495465.0,496468.0,497394.0,498310.0,499240.0,500045.0,500782.0,501418.0,502155.0,502811.0,503542.0,504256.0,504911.0,505706.0,506397.0,507084.0,507745.0,508369.0,509131.0,509736.0,510197.0,510917.0,511565.0,512206.0,512950.0,513651.0,514192.0,514794.0,515286.0,515758.0,516189.0,516690.0,517170.0,517759.0,518305.0,518913.0,519399.0,520142.0,520749.0,521446.0,522349
V6yhQw99NYY,,,,,,,,,,,,,,,,,,,,,,,,,,,,,,,,,,,,,,,,,,,,,,,,,,,,,,,8441182.0,8441268.0,8441364.0,8441455.0,8441542.0,8441632.0,8441717.0,8441794.0,8441866.0,8441941.0,8442014.0,8442084.0,8442146.0,8442200.0,8442278.0,8442338.0,8442397.0,8442479.0,8442539.0,8442589.0,8442715.0,8442783.0,8442839.0,8442911.0,8442960.0,8443035.0,8443115.0,8443192.0,8443247.0,8443291.0,8443337.0,8443383.0,8443449.0,8443506.0,8443575.0,8443633.0,8443705.0,8443778.0,8443854.0,8443921.0,8443992.0,8444041.0,8444085.0,8444143.0,8444210.0,8444266.0,8444313.0,8444364.0,8444411.0,8444471.0,8444525.0,8444590.0,8444644.0,8444680.0,8444722.0,8444777.0,8444827.0,8444873.0,8444915.0,8444968.0,8445021.0,8445079.0,8445138.0,8445184.0,8445211.0,8445267.0,8445307.0,8445342.0,8445404.0,8445443.0,8445475.0,8445514.0,8445552.0,8445593.0,8445613.0,8445652.0,8445681.0,8445736.0,8445792.0,8445849.0,8445907.0,8445953.0,8445993
_UQCWEp-8BQ,,,,,,,,,,,,,,,,,,,,,,,,,,,,,,,,,,,,,,,,,,,,,,,,,,,,,,,1128886.0,1131216.0,1133619.0,1135744.0,1137842.0,1139776.0,1141778.0,1143705.0,1145706.0,1147642.0,1149587.0,1151551.0,1153366.0,1155171.0,1156951.0,1158921.0,1160857.0,1162799.0,1164641.0,1166460.0,1169886.0,1171594.0,1173344.0,1175131.0,1176701.0,1178291.0,1179896.0,1181547.0,1183145.0,1184745.0,1186357.0,1187805.0,1189174.0,1190547.0,1191978.0,1193440.0,1194808.0,1196147.0,1197507.0,1198758.0,1200059.0,1201550.0,1203065.0,1204301.0,1205575.0,1206869.0,1208017.0,1209226.0,1210438.0,1211579.0,1212776.0,1213933.0,1215061.0,1216077.0,1216996.0,1218096.0,1219120.0,1220094.0,1221056.0,1222014.0,1222920.0,1223889.0,1224811.0,1225785.0,1226747.0,1227776.0,1228684.0,1229488.0,1230465.0,1231368.0,1232251.0,1233155.0,1234070.0,1234975.0,1235819.0,1236671.0,1237640.0,1238513.0,1239450.0,1240415.0,1241369.0,1242276.0,1243218
QohU4Ucme3c,,,,,,,,,,,,,,,,,,,,,,,,,,,,,,,,,,,,,,,,,,,,,,,,,,,,,,,1296.0,1350.0,1381.0,1420.0,1460.0,1499.0,1531.0,1560.0,1585.0,1608.0,1639.0,1653.0,1666.0,1687.0,1704.0,1730.0,1748.0,1761.0,1785.0,1820.0,1855.0,1867.0,1890.0,1917.0,1946.0,1968.0,2000.0,2020.0,2039.0,2064.0,2087.0,2107.0,2123.0,2138.0,2156.0,2183.0,2189.0,2195.0,2208.0,2237.0,2273.0,2296.0,2331.0,2359.0,2373.0,2397.0,2418.0,2427.0,2445.0,2456.0,2469.0,2485.0,2505.0,2529.0,2543.0,2559.0,2585.0,2610.0,2625.0,2646.0,2668.0,2711.0,2730.0,2742.0,2761.0,2785.0,2808.0,2824.0,2837.0,2847.0,2861.0,2875.0,2884.0,2890.0,2906.0,2923.0,2935.0,2948.0,2960.0,2974.0,2992.0,3004.0,3022
0-xKvImq7Ek,,,,,,,,,,,,,,,,,,,,,,,,,,,,,,,,,,,,,,,,,,,,,,,,,,,,,,,12465823.0,12467686.0,12474084.0,12494542.0,12520644.0,12537764.0,12574614.0,12598307.0,12625550.0,12648436.0,12669279.0,12689271.0,12708751.0,12723613.0,12738518.0,12741493.0,12742574.0,12743552.0,12744507.0,12745509.0,12747245.0,12748087.0,12748831.0,12749628.0,12750505.0,12751283.0,12752120.0,12752956.0,12753747.0,12754517.0,12755300.0,12756027.0,12756682.0,12757353.0,12758049.0,12758768.0,12759469.0,12760121.0,12760743.0,12761329.0,12761857.0,12762584.0,12763237.0,12763824.0,12764407.0,12765005.0,12765545.0,12766083.0,12766631.0,12767114.0,12767689.0,12768203.0,12768720.0,12769165.0,12769644.0,12770194.0,12770685.0,12771200.0,12771691.0,12772241.0,12772651.0,12773038.0,12773505.0,12773925.0,12774365.0,12774851.0,12775386.0,12775864.0,12776337.0,12776731.0,12777202.0,12777675.0,12778130.0,12778637.0,12779243.0,12779939.0,12780701.0,12781474.0,12782325.0,12783166.0,12784007.0,12784623.0,12785124
3IjtP7PRcrE,,,,,,,,,,,,,,,,,,,,,,,,,,,,,,,,,,,,,,,,,,,,,,,,,,,,,,,12751.0,12847.0,12958.0,13057.0,13163.0,13256.0,13376.0,13494.0,13591.0,13725.0,13825.0,13951.0,14076.0,14164.0,14227.0,14315.0,14412.0,14576.0,14683.0,14754.0,14941.0,15023.0,15128.0,15211.0,15285.0,15341.0,15410.0,15479.0,15544.0,15602.0,15660.0,15730.0,15776.0,15846.0,15905.0,15980.0,16038.0,16085.0,16132.0,16184.0,16243.0,16297.0,16335.0,16389.0,16435.0,16474.0,16520.0,16573.0,16598.0,16640.0,16676.0,16709.0,16749.0,16787.0,16824.0,16868.0,16907.0,16943.0,16970.0,16981.0,17005.0,17034.0,17066.0,17100.0,17140.0,17177.0,17218.0,17270.0,17341.0,17373.0,17406.0,17446.0,17479.0,17516.0,17541.0,17570.0,17596.0,17635.0,17663.0,17697.0,17741.0,17771.0,17799
CgCVZdcKcqY,,,,,,,,,,,,,,,,,,,,,,,,,,,,,,,,,,,,,,,,,,,,,,,,,,,,,,,345189906.0,345766863.0,346339576.0,347360301.0,348492576.0,349430822.0,350193574.0,350870893.0,351528244.0,352161592.0,352791605.0,353467977.0,354094943.0,354615225.0,355094267.0,355576328.0,356055152.0,356557105.0,357121242.0,357653749.0,358562482.0,359017377.0,359516079.0,360053367.0,360608415.0,361165880.0,361649583.0,362123706.0,362594534.0,363068724.0,363555019.0,364118029.0,364623601.0,365065199.0,365518818.0,365991367.0,366460125.0,366934319.0,367416931.0,367884227.0,368308686.0,368738875.0,369144215.0,369566922.0,369998248.0,370453616.0,370916170.0,371318862.0,371706709.0,372088879.0,372490310.0,372913764.0,373371411.0,373812610.0,374195960.0,374559456.0,374926939.0,375324642.0,375741661.0,376203584.0,376669578.0,377057646.0,377440489.0,377823551.0,378206812.0,378653516.0,379122410.0,379591368.0,379991078.0,380401676.0,380813563.0,381225154.0,381654939.0,382140526.0,382610778.0,383017959.0,383424702.0,383833746.0,384239571.0,384663266.0,385143315.0,385633100.0,386047611
5e_VnIBO32I,,,,,,,,,,,,,,,,,,,,,,,,,,,,,,,,,,,,,,,,,,,,,,,,,,,,,,,6949.0,6952.0,6955.0,6959.0,6960.0,6965.0,6969.0,6970.0,6977.0,6983.0,6988.0,6990.0,6992.0,6993.0,6994.0,6998.0,7001.0,7001.0,7010.0,7013.0,7022.0,7025.0,7028.0,7028.0,7031.0,7032.0,7034.0,7035.0,7038.0,7041.0,7043.0,7046.0,7048.0,7052.0,7052.0,7053.0,7055.0,7061.0,7062.0,7066.0,7068.0,7071.0,7074.0,7079.0,7084.0,7085.0,7085.0,7091.0,7098.0,7105.0,7116.0,7120.0,7123.0,7130.0,7134.0,7137.0,7149.0,7159.0,7170.0,7177.0,7188.0,7197.0,7204.0,7210.0,7214.0,7220.0,7229.0,7233.0,7235.0,7239.0,7243.0,7243.0,7247.0,7249.0,7251.0,7253.0,7255.0,7256.0,7258.0,7264.0,7264.0,7268.0,7271
liIBNPLp6D8,,,,,,,,,,,,,,,,,,,,,,,,,,,,,,,,,,,,,,,,,,,,,,,,,,,,,,,12639.0,12726.0,12830.0,12900.0,12975.0,13067.0,13155.0,13222.0,13300.0,13383.0,13450.0,13550.0,13642.0,13732.0,13805.0,13878.0,13949.0,13992.0,14046.0,14108.0,14229.0,14272.0,14333.0,14362.0,14418.0,14468.0,14505.0,14566.0,14617.0,14673.0,14727.0,14774.0,14812.0,14880.0,14928.0,14960.0,15037.0,15066.0,15119.0,15203.0,15269.0,15334.0,15393.0,15433.0,15493.0,15547.0,15607.0,15646.0,15685.0,15722.0,15770.0,15806.0,15846.0,15886.0,15928.0,15961.0,16021.0,16055.0,16089.0,16133.0,16178.0,16225.0,16251.0,16293.0,16331.0,16370.0,16402.0,16421.0,16467.0,16498.0,16552.0,16580.0,16608.0,16645.0,16675.0,16721.0,16767.0,16836.0,16905.0,16968.0,17020.0,17067.0,17109
PqWApYzlfrU,,,,,,,,,,,,,,,,,,,,,,,,,,,,,,,,,,,,,,,,,,,,,,,,,,,,,,,10490573.0,10496756.0,10503095.0,10508817.0,10514439.0,10519485.0,10524913.0,10529753.0,10534338.0,10539068.0,10544080.0,10548138.0,10551589.0,10554845.0,10557872.0,10560998.0,10564105.0,10567323.0,10570627.0,10573561.0,10579322.0,10582039.0,10584672.0,10587330.0,10589760.0,10592254.0,10594870.0,10597794.0,10600508.0,10603191.0,10605692.0,10608158.0,10610296.0,10612549.0,10614826.0,10616927.0,10619054.0,10621157.0,10623238.0,10625292.0,10627251.0,10629264.0,10631229.0,10633125.0,10634918.0,10636660.0,10638468.0,10640201.0,10641827.0,10643453.0,10645314.0,10647213.0,10648949.0,10650681.0,10655287.0,10659258.0,10662112.0,10664746.0,10667094.0,10669402.0,10671415.0,10673553.0,10675701.0,10678025.0,10680074.0,10682057.0,10683878.0,10685591.0,10687292.0,10688989.0,10690654.0,10692390.0,10694247.0,10695965.0,10697619.0,10699429.0,10701185.0,10702964.0,10704686.0,10706361.0,10707822.0,10709254.0,10710750
uRnl1Lj7GqM,,,,,,,,,,,,,,,,,,,,,,,,,,,,,,,,,,,,,,,,,,,,,,,,,,,,,,,10427861.0,10429753.0,10431239.0,10432616.0,10433759.0,10435181.0,10436445.0,10437561.0,10438818.0,10440084.0,10441273.0,10442329.0,10443359.0,10444261.0,10444998.0,10445769.0,10446642.0,10447474.0,10448317.0,10449079.0,10450563.0,10451253.0,10451929.0,10452569.0,10453213.0,10453861.0,10454482.0,10455161.0,10455683.0,10456206.0,10456797.0,10457368.0,10457877.0,10458431.0,10458949.0,10459472.0,10459937.0,10460435.0,10460886.0,10461403.0,10461955.0,10462378.0,10462922.0,10463443.0,10463907.0,10464337.0,10464851.0,10465317.0,10465728.0,10466128.0,10466519.0,10466979.0,10467435.0,10467935.0,10468353.0,10468793.0,10469173.0,10469668.0,10470068.0,10470516.0,10470900.0,10471313.0,10471727.0,10472140.0,10472529.0,10472923.0,10473347.0,10473706.0,10474074.0,10474418.0,10474787.0,10475077.0,10475349.0,10475624.0,10475898.0,10476216.0,10476515.0,10476853.0,10477204.0,10477555.0,10477877.0,10478275.0,10478754
4jyZpXEW88E,,,,,,,,,,,,,,,,,,,,,,,,,,,,,,,,,,,,,,,,,,,,,,,,,,,,,,,7029.0,7215.0,7393.0,7492.0,7553.0,7603.0,7659.0,7709.0,7773.0,7816.0,7846.0,7875.0,7915.0,7930.0,7952.0,7992.0,8010.0,8034.0,8061.0,8089.0,8125.0,8140.0,8153.0,8171.0,8194.0,8215.0,8239.0,8266.0,8325.0,8352.0,8379.0,8410.0,8445.0,8473.0,8496.0,8523.0,8560.0,8618.0,8669.0,8705.0,8747.0,8797.0,8872.0,9022.0,9157.0,9221.0,9260.0,9319.0,9347.0,9382.0,9406.0,9445.0,9468.0,9492.0,9510.0,9532.0,9551.0,9572.0,9591.0,9611.0,9652.0,9694.0,9718.0,9735.0,9754.0,9789.0,9813.0,9836.0,9846.0,9870.0,9889.0,9904.0,9922.0,9936.0,9957.0,9973.0,9989.0,10012.0,10029.0,10043.0,10057.0,10067.0,10091
DYgE3SGPEqk,,,,,,,,,,,,,,,,,,,,,,,,,,,,,,,,,,,,,,,,,,,,,,,,,,,,,,,21620821.0,21841279.0,22017953.0,22184405.0,22359518.0,22498289.0,22625989.0,22745780.0,22870553.0,23016244.0,23165898.0,23315169.0,23428934.0,23542984.0,23649174.0,23754492.0,23857444.0,23956915.0,24058162.0,24156228.0,24331116.0,24415632.0,24502642.0,24591268.0,24681854.0,24769716.0,24849425.0,24925631.0,25000968.0,25072450.0,25146506.0,25229969.0,25303134.0,25372825.0,25443314.0,25514546.0,25584989.0,25655475.0,25727302.0,25794619.0,25861109.0,25927342.0,25987322.0,26044041.0,26100660.0,26160930.0,26220969.0,26273705.0,26323017.0,26369778.0,26416881.0,26464336.0,26517405.0,26566632.0,26611321.0,26653755.0,26696005.0,26737516.0,26780756.0,26826933.0,26872489.0,26913546.0,26953588.0,26994921.0,27036139.0,27083138.0,27129860.0,27173441.0,27210211.0,27246792.0,27280866.0,27316586.0,27354355.0,27394235.0,27433119.0,27470144.0,27506078.0,27541732.0,27578337.0,27615298.0,27654221.0,27692039.0,27729701
8b4Cf1tlDFk,,,,,,,,,,,,,,,,,,,,,,,,,,,,,,,,,,,,,,,,,,,,,,,,,,,,,,,45399.0,45851.0,46328.0,46729.0,47083.0,47456.0,47808.0,48202.0,48548.0,48911.0,49290.0,49669.0,50010.0,50415.0,50732.0,51031.0,51364.0,51654.0,52017.0,52322.0,52891.0,53207.0,53510.0,53815.0,54114.0,54402.0,54680.0,55003.0,55292.0,55612.0,55879.0,56222.0,56529.0,56845.0,57128.0,57409.0,57703.0,57999.0,58300.0,58599.0,58984.0,59521.0,60117.0,60680.0,61389.0,62017.0,62307.0,62711.0,63011.0,63308.0,63571.0,63824.0,64140.0,64463.0,64763.0,65023.0,65290.0,65534.0,65827.0,65998.0,66201.0,66388.0,66607.0,66767.0,66968.0,67170.0,67467.0,67734.0,68024.0,68305.0,68540.0,68844.0,69136.0,69431.0,69754.0,70032.0,70314.0,70594.0,70832.0,71123.0,71382.0,71696.0,71958
sD44sjGm1GM,,,,,,,,,,,,,,,,,,,,,,,,,,,,,,,,,,,,,,,,,,,,,,,,,,,,,,,1068528.0,1068549.0,1068574.0,1068602.0,1068631.0,1068661.0,1068685.0,1068710.0,1068740.0,1068765.0,1068791.0,1068809.0,1068838.0,1068863.0,1068886.0,1068907.0,1068937.0,1068956.0,1068978.0,1069000.0,1069028.0,1069045.0,1069074.0,1069098.0,1069129.0,1069157.0,1069179.0,1069199.0,1069228.0,1069255.0,1069276.0,1069310.0,1069326.0,1069345.0,1069358.0,1069384.0,1069405.0,1069429.0,1069452.0,1069470.0,1069486.0,1069521.0,1069546.0,1069554.0,1069579.0,1069609.0,1069636.0,1069655.0,1069674.0,1069689.0,1069708.0,1069720.0,1069743.0,1069757.0,1069775.0,1069795.0,1069807.0,1069824.0,1069872.0,1070000.0,1070082.0,1070115.0,1070143.0,1070191.0,1070216.0,1070238.0,1070263.0,1070280.0,1070297.0,1070323.0,1070336.0,1070356.0,1070370.0,1070382.0,1070393.0,1070414.0,1070448.0,1070463.0,1070487.0,1070509.0,1070528.0,1070540.0,1070559
vlmXpQOE75c,,,,,,,,,,,,,,,,,,,,,,,,,,,,,,,,,,,,,,,,,,,,,,,,,,,,,,,403574.0,407998.0,411836.0,415516.0,419339.0,423034.0,427031.0,430390.0,433659.0,437057.0,440351.0,443613.0,446974.0,449749.0,452206.0,454798.0,457402.0,460097.0,463021.0,465753.0,470225.0,474238.0,478901.0,499868.0,507918.0,512228.0,515421.0,518393.0,522502.0,525635.0,528230.0,530981.0,533597.0,535904.0,538173.0,541235.0,547430.0,550956.0,553869.0,556726.0,559291.0,561750.0,565226.0,568119.0,570752.0,573375.0,575842.0,578668.0,581165.0,583199.0,584995.0,586760.0,588367.0,589885.0,591126.0,592341.0,593442.0,594471.0,595557.0,596651.0,597781.0,598789.0,599806.0,600831.0,601833.0,602924.0,604011.0,604993.0,605900.0,606749.0,607514.0,608303.0,609248.0,610241.0,611226.0,612149.0,612980.0,613770.0,614684.0,615545.0,616483.0,617484.0,618447
9bZkp7q19f0,,,,,,,,,,,,,,,,,,,,,,,,,,,,,,,,,,,,,,,,,,,,,,,,,,,,,,,5859303239.0,5860178584.0,5861055435.0,5861934006.0,5863015339.0,5864129313.0,5865033255.0,5865874134.0,5866714980.0,5867592368.0,5868518690.0,5869656066.0,5870825325.0,5871711043.0,5872550814.0,5873407846.0,5874282393.0,5875218285.0,5876348170.0,5877489766.0,5879202979.0,5880008447.0,5880888853.0,5881833228.0,5882964599.0,5884189890.0,5885167976.0,5886061808.0,5886987983.0,5887978102.0,5889030339.0,5890332745.0,5891562227.0,5892591718.0,5893572123.0,5894608253.0,5895686990.0,5896893326.0,5898211214.0,5899540375.0,5900586562.0,5901592800.0,5902545127.0,5903499831.0,5904422532.0,5905453616.0,5906532131.0,5907485078.0,5908382192.0,5909301402.0,5910278602.0,5911275923.0,5912426180.0,5913587823.0,5914534079.0,5915406992.0,5916252356.0,5917160350.0,5918070832.0,5919108840.0,5920238307.0,5921150353.0,5921970902.0,5922799958.0,5923681921.0,5924738454.0,5925885355.0,5927095177.0,5928129182.0,5929093619.0,5930039272.0,5930976324.0,5931954473.0,5933047163.0,5934169843.0,5935095737.0,5935947678.0,5936774990.0,5937662301.0,5938612305.0,5939678805.0,5940885859.0,5941794237
WxL5cNNelLk,,,,,,,,,,,,,,,,,,,,,,,,,,,,,,,,,,,,,,,,,,,,,,,,,,,,,,,3169067.0,3198188.0,3217454.0,3247317.0,3253347.0,3256114.0,3258829.0,3261436.0,3273001.0,3286659.0,3298164.0,3303740.0,3308120.0,3311384.0,3313933.0,3317448.0,3320021.0,3321844.0,3323080.0,3324242.0,3385879.0,3452877.0,3508863.0,3540040.0,3565921.0,3585324.0,3600735.0,3602258.0,3603334.0,3604362.0,3617234.0,3638008.0,3647133.0,3652849.0,3656906.0,3659813.0,3662289.0,3664704.0,3666935.0,3669226.0,3671116.0,3672605.0,3673991.0,3675496.0,3676892.0,3678171.0,3679607.0,3680973.0,3682230.0,3683360.0,3684474.0,3685422.0,3686319.0,3687454.0,3688434.0,3689396.0,3690474.0,3691453.0,3692353.0,3693314.0,3694278.0,3695095.0,3695957.0,3696805.0,3697638.0,3698563.0,3699575.0,3700638.0,3701464.0,3702321.0,3702927.0,3703468.0,3704102.0,3704808.0,3705540.0,3706225.0,3706995.0,3707867.0,3708776.0,3710246.0,3711195.0,3712256.0,3713608
Tckezs5z6u0,,,,,,,,,,,,,,,,,,,,,,,,,,,,,,,,,,,,,,,,,,,,,,,,,,,,,,,565767.0,568289.0,570570.0,572922.0,577928.0,586667.0,601953.0,614646.0,630906.0,653845.0,695441.0,744297.0,790094.0,836650.0,890631.0,945752.0,985933.0,1043574.0,1076425.0,1078505.0,1081319.0,1082731.0,1084049.0,1085308.0,1086482.0,1087733.0,1088932.0,1090097.0,1091289.0,1092416.0,1093580.0,1094848.0,1095982.0,1097225.0,1098322.0,1099533.0,1100609.0,1101621.0,1102625.0,1103526.0,1104416.0,1105299.0,1106160.0,1106996.0,1107802.0,1108586.0,1109448.0,1110178.0,1111020.0,1112156.0,1112995.0,1113876.0,1114761.0,1115596.0,1116386.0,1117021.0,1117568.0,1118198.0,1118759.0,1119325.0,1119872.0,1120411.0,1120824.0,1121390.0,1121975.0,1122672.0,1123335.0,1124165.0,1124887.0,1125660.0,1126332.0,1127058.0,1127906.0,1128815.0,1129616.0,1130347.0,1130933.0,1131505.0,1132184.0,1132854.0,1133466.0,1134133.0,1135150
4arlM3zyWyA,,,,,,,,,,,,,,,,,,,,,,,,,,,,,,,,,,,,,,,,,,,,,,,,,,,,,,,520439.0,521120.0,521783.0,522402.0,523008.0,523626.0,524370.0,525055.0,525685.0,526337.0,526944.0,527689.0,528356.0,529133.0,529848.0,530972.0,532485.0,533915.0,535501.0,536800.0,538811.0,539795.0,541002.0,541791.0,542563.0,543234.0,543912.0,544684.0,545301.0,545924.0,546593.0,547279.0,547924.0,548623.0,549279.0,549968.0,550862.0,551553.0,552229.0,552881.0,553468.0,554068.0,554644.0,555189.0,555693.0,556313.0,556881.0,557459.0,558049.0,558660.0,559247.0,559876.0,560420.0,561105.0,561697.0,562319.0,562924.0,563486.0,564021.0,564517.0,565016.0,565460.0,566016.0,566469.0,566910.0,567360.0,567718.0,568097.0,568475.0,568802.0,569172.0,569561.0,569903.0,570280.0,570609.0,570952.0,571323.0,571705.0,572038.0,572403.0,572826.0,573143.0,573501
6IKDkjlKHS4,,,,,,,,,,,,,,,,,,,,,,,,,,,,,,,,,,,,,,,,,,,,,,,,,,,,,,,48320.0,48945.0,49634.0,50235.0,50831.0,51275.0,51753.0,52268.0,52803.0,53228.0,53670.0,54106.0,54396.0,54883.0,55305.0,55763.0,56217.0,56663.0,57092.0,57404.0,58251.0,58720.0,59232.0,59595.0,59859.0,60117.0,60334.0,60656.0,60990.0,61263.0,61671.0,61936.0,62142.0,62360.0,62602.0,62868.0,63157.0,63474.0,63721.0,63989.0,64236.0,64540.0,64857.0,65162.0,65517.0,66165.0,66771.0,67593.0,68294.0,68952.0,69564.0,70383.0,71084.0,71602.0,72087.0,72660.0,73145.0,73903.0,74414.0,74949.0,75374.0,75821.0,76237.0,76704.0,77415.0,78574.0,79940.0,80991.0,82227.0,83680.0,85345.0,87004.0,88595.0,89992.0,91370.0,92970.0,94496.0,95957.0,97270.0,98583.0,99385.0,100002.0,100480
q7bcUlP07i4,,,,,,,,,,,,,,,,,,,,,,,,,,,,,,,,,,,,,,,,,,,,,,,,,,,,,,,755.0,742.0,751.0,770.0,792.0,798.0,810.0,830.0,857.0,863.0,873.0,886.0,901.0,910.0,918.0,926.0,932.0,932.0,940.0,958.0,965.0,967.0,969.0,974.0,982.0,990.0,996.0,1009.0,1013.0,1021.0,1028.0,1040.0,1053.0,1064.0,1070.0,1076.0,1080.0,1083.0,1090.0,1093.0,1096.0,1099.0,1103.0,1104.0,1108.0,1113.0,1116.0,1117.0,1121.0,1126.0,1130.0,1132.0,1134.0,1140.0,1146.0,1147.0,1151.0,1154.0,1156.0,1163.0,1165.0,1166.0,1170.0,1173.0,1178.0,1182.0,1187.0,1193.0,1197.0,1202.0,1208.0,1213.0,1215.0,1216.0,1219.0,1221.0,1226.0,1227.0,1228.0,1229.0,1235.0,1240.0,1241
vShw8Av0dQY,,,,,,,,,,,,,,,,,,,,,,,,,,,,,,,,,,,,,,,,,,,,,,,,,,,,,,,614960.0,617918.0,620454.0,622675.0,624936.0,627053.0,629169.0,631076.0,632792.0,634452.0,636291.0,638037.0,639517.0,640969.0,642228.0,643482.0,644770.0,646138.0,647483.0,648675.0,650791.0,652001.0,653173.0,654308.0,655414.0,656554.0,657586.0,658753.0,659917.0,661025.0,662107.0,663193.0,664128.0,665140.0,666040.0,666957.0,667934.0,669042.0,670042.0,670953.0,671854.0,672817.0,673690.0,674662.0,675794.0,676885.0,677893.0,678787.0,679633.0,680832.0,682004.0,683186.0,684093.0,685060.0,686179.0,687205.0,688093.0,688944.0,689781.0,690640.0,691428.0,692225.0,693209.0,694068.0,694949.0,695732.0,696519.0,697252.0,698068.0,698848.0,699633.0,700457.0,701288.0,702036.0,702890.0,703762.0,704685.0,705494.0,706505.0,707508.0,708300.0,709035.0,709858
N-zrw5qDkFQ,,,,,,,,,,,,,,,,,,,,,,,,,,,,,,,,,,,,,,,,,,,,,,,,,,,,,,,900.0,909.0,919.0,927.0,937.0,949.0,957.0,971.0,982.0,989.0,1002.0,1010.0,1022.0,1038.0,1043.0,1050.0,1055.0,1060.0,1067.0,1071.0,1083.0,1088.0,1090.0,1093.0,1097.0,1103.0,1106.0,1111.0,1120.0,1121.0,1128.0,1139.0,1145.0,1153.0,1156.0,1161.0,1165.0,1172.0,1175.0,1179.0,1181.0,1185.0,1187.0,1189.0,1189.0,1197.0,1200.0,1203.0,1203.0,1209.0,1212.0,1212.0,1217.0,1222.0,1223.0,1224.0,1228.0,1230.0,1230.0,1231.0,1234.0,1234.0,1238.0,1240.0,1242.0,1245.0,1249.0,1249.0,1252.0,1252.0,1254.0,1254.0,1255.0,1256.0,1257.0,1260.0,1260.0,1260.0,1260.0,1262.0,1263.0,1264.0,1266
JTFuuQg5Mhs,,,,,,,,,,,,,,,,,,,,,,,,,,,,,,,,,,,,,,,,,,,,,,,,,,,,,,,154215.0,156824.0,159277.0,161515.0,163790.0,165778.0,167903.0,169949.0,172044.0,173996.0,175889.0,177628.0,179159.0,180767.0,182315.0,183954.0,185563.0,187136.0,188663.0,190159.0,193022.0,194513.0,195958.0,197198.0,198339.0,199453.0,200628.0,201962.0,203285.0,204485.0,205807.0,207023.0,208035.0,209190.0,210473.0,211782.0,213062.0,214172.0,215185.0,216212.0,217186.0,218297.0,219444.0,220590.0,221928.0,223011.0,223989.0,225005.0,225859.0,226718.0,227597.0,228503.0,229400.0,230241.0,231174.0,232210.0,233083.0,234059.0,235004.0,235859.0,236706.0,237637.0,238649.0,239718.0,240649.0,241515.0,242308.0,243030.0,243662.0,244523.0,245373.0,246200.0,246965.0,247694.0,248408.0,249180.0,250038.0,250910.0,251807.0,252640.0,253446.0,254083.0,254990
9qkpcLK422o,,,,,,,,,,,,,,,,,,,,,,,,,,,,,,,,,,,,,,,,,,,,,,,,,,,,,,,21818175.0,22236906.0,22638660.0,23042253.0,23486663.0,30058329.0,30423365.0,30745872.0,31082088.0,31409578.0,31746727.0,32117827.0,32469170.0,32777202.0,33056159.0,33343585.0,33638031.0,33940092.0,34285093.0,34606515.0,35186029.0,35472922.0,35770036.0,36071741.0,36378280.0,36687641.0,36975623.0,37275819.0,37576312.0,37878020.0,38181138.0,38511261.0,38800151.0,39071833.0,39350925.0,39637999.0,39921811.0,40228586.0,40536451.0,40829183.0,41095253.0,41356777.0,41595184.0,41833845.0,42076980.0,42334250.0,42576260.0,42788446.0,42998034.0,43209445.0,43427366.0,43646868.0,43891470.0,44130430.0,44341806.0,44540151.0,44736801.0,44933431.0,45132633.0,45350446.0,45564752.0,45752945.0,45936543.0,46133724.0,46329611.0,46550619.0,46785148.0,47012252.0,47220409.0,47426546.0,47623314.0,47821528.0,48013246.0,48223008.0,48425588.0,48607651.0,48792752.0,48973441.0,49158090.0,49347073.0,49552737.0,49754072.0,49931850
9uDVag6HP8g,,,,,,,,,,,,,,,,,,,,,,,,,,,,,,,,,,,,,,,,,,,,,,,,,,,,,,,875407.0,889107.0,902279.0,913919.0,925924.0,936914.0,947280.0,956494.0,965674.0,974246.0,982510.0,990750.0,1002016.0,1011375.0,1022017.0,1037730.0,1051262.0,1061735.0,1070541.0,1079004.0,1096730.0,1104569.0,1111587.0,1118294.0,1124028.0,1129968.0,1136516.0,1143124.0,1149195.0,1154958.0,1160416.0,1165405.0,1169936.0,1174862.0,1179812.0,1184354.0,1188993.0,1193332.0,1197623.0,1202153.0,1207833.0,1212944.0,1217822.0,1222652.0,1227181.0,1231485.0,1235666.0,1240061.0,1243944.0,1247466.0,1251264.0,1254923.0,1258467.0,1261946.0,1265582.0,1269074.0,1272539.0,1276075.0,1279322.0,1283373.0,1289559.0,1294392.0,1298647.0,1302765.0,1306537.0,1309904.0,1313354.0,1316597.0,1320014.0,1323294.0,1326394.0,1329346.0,1332282.0,1335140.0,1338051.0,1341228.0,1344300.0,1347460.0,1350677.0,1354746.0,1358265.0,1361632.0,1365266
f3OypB-9BQI,,,,,,,,,,,,,,,,,,,,,,,,,,,,,,,,,,,,,,,,,,,,,,,,,,,,,,,219847.0,220764.0,221560.0,222387.0,223186.0,223917.0,224585.0,225195.0,225825.0,226447.0,227045.0,227691.0,228316.0,228827.0,229365.0,229934.0,230469.0,230977.0,231500.0,231960.0,232993.0,233433.0,233862.0,234302.0,234738.0,235139.0,235510.0,235931.0,236334.0,236699.0,237073.0,237532.0,237891.0,238273.0,238638.0,239003.0,239330.0,239663.0,240012.0,240344.0,240647.0,240982.0,241337.0,241655.0,241978.0,242304.0,242601.0,242909.0,243178.0,243494.0,243752.0,244034.0,244344.0,244646.0,244920.0,245199.0,245434.0,245704.0,245932.0,246225.0,246526.0,246823.0,247087.0,247386.0,247645.0,247963.0,248276.0,248604.0,248858.0,249153.0,249430.0,249695.0,249977.0,250218.0,250473.0,250885.0,251348.0,251688.0,252004.0,252353.0,252617.0,252858.0,253166
pys0iujXJjQ,,,,,,,,,,,,,,,,,,,,,,,,,,,,,,,,,,,,,,,,,,,,,,,,,,,,,,,17715360.0,17717516.0,17719528.0,17721528.0,17723211.0,17724633.0,17726039.0,17727147.0,17728249.0,17729458.0,17730609.0,17731684.0,17732807.0,17733840.0,17734735.0,17735845.0,17736953.0,17737984.0,17739107.0,17740208.0,17742447.0,17743380.0,17744631.0,17745513.0,17746497.0,17747425.0,17748243.0,17749082.0,17749882.0,17750673.0,17751375.0,17751958.0,17752514.0,17753144.0,17753676.0,17754389.0,17755015.0,17755713.0,17756187.0,17756681.0,17757244.0,17757732.0,17758193.0,17758721.0,17759198.0,17759589.0,17759970.0,17760454.0,17760863.0,17761259.0,17761665.0,17762080.0,17762401.0,17762803.0,17763224.0,17763674.0,17764123.0,17764525.0,17764904.0,17765265.0,17765700.0,17766265.0,17766751.0,17767187.0,17767596.0,17767948.0,17768320.0,17768702.0,17769086.0,17769483.0,17769846.0,17770192.0,17770577.0,17770897.0,17771195.0,17771556.0,17771874.0,17772209.0,17772630.0,17772965.0,17773284.0,17773575.0,17773929
OTMan1GcBwk,,,,,,,,,,,,,,,,,,,,,,,,,,,,,,,,,,,,,,,,,,,,,,,,,,,,,,,36976.0,37202.0,37420.0,37600.0,37954.0,38212.0,38481.0,38668.0,38839.0,39037.0,39247.0,39478.0,39728.0,39963.0,40341.0,40913.0,41210.0,41426.0,41631.0,41968.0,42479.0,42653.0,42835.0,43006.0,43210.0,43408.0,43569.0,43710.0,43839.0,43979.0,44410.0,44759.0,45069.0,45515.0,45821.0,46073.0,46234.0,46434.0,46606.0,46819.0,47059.0,47221.0,47335.0,47465.0,47657.0,47966.0,48187.0,48381.0,48707.0,48888.0,49045.0,49301.0,49537.0,49751.0,50011.0,50164.0,50323.0,50458.0,50598.0,50697.0,50800.0,50881.0,50968.0,51048.0,51102.0,51189.0,51250.0,51319.0,51391.0,51452.0,51534.0,51614.0,51652.0,51713.0,51772.0,51890.0,51946.0,51989.0,52041.0,52099.0,52154.0,52208.0,52264
lBk-A6P6CQA,,,,,,,,,,,,,,,,,,,,,,,,,,,,,,,,,,,,,,,,,,,,,,,,,,,,,,,34520.0,35374.0,,,,,,,,,,,,,,,,,,,,,,,,,,,,,,,,,,,,,,,,,,,,,,,,,,,,,,,,,,,,,,,,,,,,,,,,,,,,,,,,,
dgRaQ8mZjow,,,,,,,,,,,,,,,,,,,,,,,,,,,,,,,,,,,,,,,,,,,,,,,,,,,,,,,204882.0,221857.0,223814.0,223674.0,223738.0,223778.0,223834.0,223889.0,223946.0,224016.0,224089.0,224158.0,224187.0,224211.0,224230.0,224245.0,224270.0,224294.0,224318.0,224341.0,224377.0,224388.0,224403.0,224424.0,224439.0,224451.0,224462.0,224478.0,224490.0,224504.0,224535.0,224567.0,224592.0,224615.0,224628.0,224648.0,224673.0,224683.0,224699.0,224722.0,224739.0,224771.0,224780.0,224810.0,224828.0,224867.0,224887.0,224909.0,224938.0,224960.0,225039.0,225218.0,225357.0,225431.0,225479.0,225528.0,225593.0,225627.0,225662.0,225692.0,225724.0,225743.0,225768.0,225790.0,225812.0,225852.0,225886.0,225903.0,225926.0,225938.0,225957.0,225969.0,225986.0,226000.0,226018.0,226030.0,226046.0,226057.0,226067.0,226078.0,226088.0,226099.0,226107
1Pmoxr18YA8,,,,,,,,,,,,,,,,,,,,,,,,,,,,,,,,,,,,,,,,,,,,,,,,,,,,,,,140634.0,144810.0,149392.0,154310.0,157906.0,160455.0,162817.0,166094.0,170415.0,174171.0,177180.0,180042.0,182597.0,185503.0,187674.0,190434.0,193244.0,196750.0,199126.0,201026.0,206459.0,208941.0,211410.0,213696.0,215754.0,217902.0,220563.0,223216.0,226412.0,229152.0,231568.0,233444.0,235268.0,237854.0,240706.0,243101.0,245651.0,247818.0,249172.0,250437.0,252130.0,254332.0,255890.0,257459.0,258583.0,259416.0,260037.0,261263.0,262373.0,263367.0,264089.0,264841.0,265525.0,266160.0,266744.0,267332.0,267829.0,268459.0,268986.0,269458.0,269915.0,270315.0,270959.0,271514.0,272118.0,272969.0,273750.0,274402.0,275042.0,275710.0,276436.0,277129.0,277978.0,278790.0,279375.0,280065.0,280801.0,281482.0,282194.0,282899.0,283610.0,284072.0,284652
OexKn5lnqfI,,,,,,,,,,,,,,,,,,,,,,,,,,,,,,,,,,,,,,,,,,,,,,,,,,,,,,,84746.0,85196.0,85551.0,85936.0,86239.0,86508.0,86855.0,87162.0,87477.0,102276.0,113338.0,113729.0,113987.0,113022.0,113404.0,113789.0,114297.0,114801.0,115326.0,115797.0,117021.0,117895.0,118823.0,119652.0,120290.0,120792.0,121132.0,121448.0,121744.0,122026.0,122265.0,122474.0,122665.0,122858.0,122991.0,123106.0,123258.0,123387.0,123544.0,123686.0,123818.0,123982.0,124131.0,124258.0,124391.0,124514.0,124617.0,124774.0,124919.0,125042.0,125161.0,125275.0,125398.0,125506.0,125647.0,125742.0,125843.0,125947.0,126030.0,126137.0,126225.0,126318.0,126415.0,126536.0,126617.0,126684.0,126769.0,126859.0,126953.0,127049.0,127148.0,127238.0,127333.0,127433.0,127515.0,127613.0,127704.0,127814.0,127946.0,128060.0,128166.0,128240.0,128351
imvkO-lXwTA,,,,,,,,,,,,,,,,,,,,,,,,,,,,,,,,,,,,,,,,,,,,,,,,,,,,,,,4771.0,4811.0,4833.0,4865.0,4902.0,4933.0,4956.0,4978.0,5016.0,5052.0,5076.0,5130.0,5145.0,5170.0,5189.0,5213.0,5233.0,5267.0,5291.0,5306.0,5338.0,5348.0,5361.0,5375.0,5388.0,5398.0,5420.0,5446.0,5460.0,5478.0,5506.0,5552.0,5571.0,5598.0,5614.0,5626.0,5646.0,5666.0,5685.0,5698.0,5721.0,5753.0,5776.0,5788.0,5813.0,5858.0,5917.0,5964.0,6028.0,6106.0,6174.0,6221.0,6269.0,6301.0,6337.0,6375.0,6413.0,6477.0,6533.0,6587.0,6623.0,6667.0,6736.0,6808.0,6899.0,6989.0,7051.0,7104.0,7159.0,7230.0,7312.0,7404.0,7491.0,7561.0,7621.0,7734.0,7895.0,8009.0,8136.0,8268.0,8371.0,8429.0,8475
LPL1fozVrIw,,,,,,,,,,,,,,,,,,,,,,,,,,,,,,,,,,,,,,,,,,,,,,,,,,,,,,,372878.0,380449.0,388201.0,393668.0,398840.0,404696.0,410662.0,415595.0,420560.0,424553.0,428330.0,432112.0,435663.0,438790.0,441484.0,444119.0,446643.0,449597.0,452604.0,455909.0,462548.0,465390.0,468180.0,470803.0,473236.0,475353.0,477381.0,479388.0,481284.0,482860.0,484261.0,485588.0,486897.0,488326.0,489868.0,491180.0,492794.0,495762.0,498056.0,500033.0,501817.0,503631.0,505286.0,506868.0,508324.0,509732.0,511038.0,512198.0,513171.0,514070.0,514960.0,515769.0,516568.0,517343.0,518132.0,518936.0,519825.0,520526.0,521309.0,522054.0,522931.0,523656.0,524392.0,525131.0,525839.0,526646.0,527364.0,528089.0,528755.0,529386.0,529765.0,530271.0,530737.0,531194.0,531609.0,532043.0,532484.0,533123.0,533679.0,534578.0,535302.0,536171.0,537323
b60RXXBik1w,,,,,,,,,,,,,,,,,,,,,,,,,,,,,,,,,,,,,,,,,,,,,,,,,,,,,,,1564707.0,1581490.0,1598370.0,1613556.0,1627378.0,1641721.0,1657339.0,1673121.0,1691593.0,1713178.0,1731626.0,1748654.0,1764496.0,1781667.0,1797506.0,1814096.0,1829502.0,1843667.0,1857922.0,1870668.0,1896570.0,1909096.0,1922426.0,1936998.0,1950895.0,1963194.0,1975055.0,1987294.0,2000085.0,2012318.0,2024169.0,2035794.0,2045790.0,2057657.0,2069645.0,2081520.0,2093114.0,2104954.0,2115402.0,2125378.0,2137732.0,2150332.0,2161140.0,2171419.0,2181645.0,2190618.0,2198190.0,2207436.0,2216899.0,2226421.0,2236515.0,2247517.0,2259328.0,2268633.0,2278614.0,2288853.0,2299013.0,2308877.0,2317920.0,2326394.0,2334253.0,2342639.0,2350750.0,2359011.0,2367392.0,2374511.0,2381114.0,2387543.0,2394743.0,2401287.0,2407821.0,2414795.0,2421368.0,2426264.0,2430508.0,2435145.0,2439614.0,2444473.0,2449242.0,2454312.0,2459068.0,2463259.0,2468383
IxoCRq-v81I,,,,,,,,,,,,,,,,,,,,,,,,,,,,,,,,,,,,,,,,,,,,,,,,,,,,,,,110968.0,113158.0,115773.0,118019.0,119943.0,121610.0,123405.0,125294.0,127031.0,128705.0,130508.0,132078.0,133586.0,135034.0,136517.0,137952.0,139422.0,140852.0,142078.0,143296.0,145997.0,147296.0,148679.0,150156.0,151404.0,152623.0,153925.0,155323.0,156486.0,157752.0,159033.0,160160.0,160982.0,162001.0,163120.0,164254.0,165294.0,166368.0,167332.0,168314.0,169375.0,170526.0,171618.0,172732.0,173796.0,174741.0,175693.0,176775.0,177693.0,178635.0,179542.0,180480.0,181262.0,182049.0,182829.0,183665.0,184457.0,185353.0,186247.0,187027.0,187743.0,188394.0,189014.0,189639.0,190284.0,191070.0,191798.0,192482.0,193131.0,193745.0,194356.0,195007.0,195630.0,196381.0,196879.0,197377.0,198047.0,198680.0,199250.0,199931.0,200521.0,201100.0,201641
ql6cF9gKdjA,,,,,,,,,,,,,,,,,,,,,,,,,,,,,,,,,,,,,,,,,,,,,,,,,,,,,,,338231.0,362114.0,385103.0,392910.0,400022.0,406294.0,412915.0,419230.0,426347.0,432754.0,439307.0,445677.0,451289.0,455832.0,459911.0,464217.0,468188.0,471895.0,476006.0,479484.0,485805.0,488899.0,492310.0,495981.0,499557.0,502608.0,505463.0,508699.0,512241.0,515416.0,518824.0,522082.0,524673.0,527483.0,530205.0,532872.0,535997.0,558501.0,579929.0,605397.0,643168.0,678515.0,709626.0,742129.0,773246.0,805028.0,833247.0,855870.0,875869.0,894134.0,909916.0,924954.0,939448.0,951821.0,961335.0,969851.0,977287.0,984822.0,992058.0,999619.0,1006129.0,1011487.0,1016710.0,1022212.0,1027560.0,1033661.0,1038957.0,1044088.0,1048924.0,1053625.0,1057603.0,1061605.0,1065832.0,1070163.0,1074181.0,1077767.0,1081085.0,1084281.0,1087644.0,1091361.0,1094810.0,1097921.0,1100648
BXyBr6fIuw4,,,,,,,,,,,,,,,,,,,,,,,,,,,,,,,,,,,,,,,,,,,,,,,,,,,,,,,1250.0,1270.0,1283.0,1291.0,1297.0,1303.0,1308.0,1311.0,1316.0,1320.0,1325.0,1328.0,1334.0,1335.0,1344.0,1348.0,1354.0,1362.0,1374.0,1383.0,1402.0,1408.0,1409.0,1412.0,1414.0,1417.0,1423.0,1428.0,1432.0,1438.0,1440.0,1441.0,1443.0,1447.0,1449.0,1452.0,1453.0,1457.0,1458.0,1459.0,1462.0,1465.0,1468.0,1472.0,1473.0,1478.0,1481.0,1486.0,1494.0,1497.0,1500.0,1501.0,1503.0,1504.0,1506.0,1508.0,1508.0,1510.0,1516.0,1518.0,1522.0,1525.0,1529.0,1535.0,1539.0,1541.0,1544.0,1547.0,1548.0,1548.0,1550.0,1552.0,1552.0,1554.0,1554.0,1555.0,1555.0,1559.0,1559.0,1569.0,1569.0,1574.0,1575
tHvEKVW0GP8,,,,,,,,,,,,,,,,,,,,,,,,,,,,,,,,,,,,,,,,,,,,,,,,,,,,,,,77357.0,78256.0,79266.0,80256.0,81114.0,81825.0,82383.0,82941.0,83527.0,84263.0,84957.0,85824.0,86528.0,87119.0,87930.0,88711.0,89198.0,89587.0,90269.0,90682.0,91509.0,91980.0,92696.0,93519.0,94257.0,94737.0,95224.0,95776.0,96224.0,96654.0,97277.0,97696.0,98116.0,98561.0,99051.0,99450.0,99827.0,100322.0,100656.0,101064.0,101391.0,101849.0,102196.0,102543.0,102872.0,103239.0,103560.0,103854.0,104260.0,104658.0,104982.0,105462.0,106022.0,106365.0,106665.0,106959.0,107286.0,107630.0,107962.0,108264.0,108505.0,108717.0,108934.0,109182.0,109414.0,109580.0,109741.0,109890.0,110047.0,110243.0,110384.0,110537.0,110688.0,110824.0,110929.0,111005.0,111100.0,111200.0,111316.0,111432.0,111538.0,111610.0,111712
NW6olUR350I,,,,,,,,,,,,,,,,,,,,,,,,,,,,,,,,,,,,,,,,,,,,,,,,,,,,,,,100830.0,107672.0,113960.0,118592.0,122321.0,125256.0,127772.0,130695.0,133553.0,135956.0,138106.0,139857.0,141353.0,143197.0,144149.0,144928.0,145861.0,147135.0,148317.0,149510.0,151436.0,152619.0,154008.0,155335.0,156190.0,157068.0,158257.0,158872.0,159583.0,160117.0,160760.0,161216.0,161722.0,162242.0,162939.0,163501.0,164107.0,164642.0,165138.0,165613.0,165977.0,166514.0,167027.0,167445.0,167940.0,168351.0,168783.0,169513.0,169944.0,170437.0,170909.0,171353.0,171736.0,172102.0,172629.0,173080.0,173445.0,173833.0,174281.0,174615.0,174881.0,175234.0,175649.0,176097.0,176573.0,177152.0,177666.0,178016.0,178468.0,178872.0,179334.0,179859.0,180404.0,180719.0,180976.0,181331.0,181652.0,181943.0,182281.0,182555.0,182799.0,182981.0,183247
iGGxMGeJzmw,,,,,,,,,,,,,,,,,,,,,,,,,,,,,,,,,,,,,,,,,,,,,,,,,,,,,,,1464802.0,1522834.0,1577964.0,1631895.0,1696605.0,1754290.0,1800813.0,1838958.0,1873500.0,1907332.0,1941366.0,1980060.0,2016842.0,2044018.0,2066734.0,2090167.0,2113139.0,2136873.0,2164986.0,2192252.0,2237460.0,2259295.0,2281561.0,2303049.0,2325604.0,2348538.0,2367693.0,2386168.0,2405140.0,2424914.0,2444823.0,2468946.0,2491796.0,2511667.0,2530674.0,2549595.0,2568173.0,2588049.0,2609868.0,2630808.0,2649062.0,2666398.0,2683124.0,2699188.0,2715261.0,2732726.0,2750385.0,2765859.0,2779944.0,2793510.0,2806928.0,2820626.0,2836449.0,2852235.0,2867087.0,2880834.0,2894333.0,2907804.0,2921704.0,2939804.0,2958447.0,2974235.0,2988333.0,3003478.0,3018918.0,3035708.0,3052281.0,3069099.0,3084401.0,3097222.0,3109544.0,3121716.0,3134287.0,3146997.0,3158598.0,3169034.0,3179195.0,3188996.0,3199394.0,3211276.0,3225620.0,3240047.0,3252991
OeI0fQVSQLQ,,,,,,,,,,,,,,,,,,,,,,,,,,,,,,,,,,,,,,,,,,,,,,,,,,,,,,,13949.0,16039.0,17638.0,20114.0,22599.0,24545.0,25926.0,28413.0,31603.0,33047.0,34215.0,35145.0,35927.0,36818.0,37132.0,37409.0,37689.0,38239.0,38694.0,39029.0,39695.0,40205.0,40602.0,40916.0,41191.0,41513.0,41722.0,42000.0,42330.0,42538.0,42853.0,43075.0,43180.0,43335.0,43467.0,43653.0,43835.0,44014.0,44149.0,44286.0,44449.0,44576.0,44763.0,44883.0,44953.0,45056.0,45164.0,45344.0,45519.0,45666.0,45833.0,46007.0,46172.0,46309.0,46421.0,46532.0,46640.0,46770.0,46881.0,46978.0,47072.0,47139.0,47193.0,47278.0,47405.0,47570.0,47740.0,47843.0,47976.0,48128.0,48246.0,48383.0,48502.0,48568.0,48612.0,48679.0,48800.0,48914.0,49024.0,49112.0,49177.0,49237.0,49289
7mRAVdvlBKI,,,,,,,,,,,,,,,,,,,,,,,,,,,,,,,,,,,,,,,,,,,,,,,,,,,,,,,4812.0,4871.0,4924.0,4958.0,5012.0,5039.0,5106.0,5136.0,5173.0,5201.0,5227.0,5263.0,5286.0,5305.0,5327.0,5375.0,5412.0,5437.0,5461.0,5476.0,5518.0,5538.0,5548.0,5558.0,5572.0,5583.0,5599.0,5615.0,5632.0,5651.0,5670.0,5684.0,5700.0,5719.0,5723.0,5725.0,5736.0,5740.0,5755.0,5773.0,5794.0,5806.0,5817.0,5845.0,5863.0,5878.0,5896.0,5909.0,5922.0,5939.0,5953.0,5962.0,5972.0,5984.0,5994.0,6016.0,6028.0,6041.0,6046.0,6062.0,6071.0,6081.0,6088.0,6095.0,6099.0,6106.0,6112.0,6119.0,6128.0,6141.0,6154.0,6158.0,6165.0,6170.0,6179.0,6184.0,6188.0,6193.0,6210.0,6219.0,6226.0,6234.0,6241
C_aVIcSuWeM,,,,,,,,,,,,,,,,,,,,,,,,,,,,,,,,,,,,,,,,,,,,,,,,,,,,,,,13065.0,13454.0,13860.0,14225.0,14453.0,14612.0,14789.0,14988.0,15127.0,15285.0,15449.0,15598.0,15695.0,15835.0,15967.0,16061.0,16198.0,16365.0,16495.0,16567.0,16824.0,16941.0,17051.0,17187.0,17306.0,17392.0,17460.0,17550.0,17655.0,17756.0,17906.0,18221.0,18291.0,18618.0,18989.0,19247.0,19513.0,19701.0,19781.0,19837.0,19893.0,19947.0,20030.0,20109.0,20172.0,20257.0,20305.0,20370.0,20459.0,20516.0,20571.0,20612.0,20683.0,20735.0,20784.0,20843.0,20884.0,20923.0,20965.0,21003.0,21037.0,21088.0,21128.0,21165.0,21215.0,21258.0,21312.0,21367.0,21404.0,21454.0,21516.0,21570.0,21610.0,21639.0,21668.0,21706.0,21773.0,21839.0,21901.0,21949.0,22005.0,22055.0,22097
j5M8mX7qnLU,,,,,,,,,,,,,,,,,,,,,,,,,,,,,,,,,,,,,,,,,,,,,,,,,,,,,,,4426.0,4590.0,4663.0,4779.0,4858.0,4927.0,5103.0,5289.0,5451.0,5624.0,5779.0,5896.0,5961.0,6104.0,6255.0,6402.0,6489.0,6616.0,6692.0,6764.0,6877.0,,,,,,,,,,,,,,,,,,,,,,,,,,,,,,,,,,,,,,,,,,,,,,,,,,,,,,,,,,,,,,
juXsUPN55GY,,,,,,,,,,,,,,,,,,,,,,,,,,,,,,,,,,,,,,,,,,,,,,,,,,,,,,,1875.0,1927.0,1974.0,2016.0,2061.0,2090.0,2143.0,2177.0,2213.0,2247.0,2290.0,2322.0,2352.0,2380.0,2426.0,2455.0,2489.0,2526.0,2578.0,2638.0,2743.0,,,,,,,,,,,,,,,,,,,,,,,,,,,,,,,,,,,,,,,,,,,,,,,,,,,,,,,,,,,,,,
kDFYu3Kg_Xs,,,,,,,,,,,,,,,,,,,,,,,,,,,,,,,,,,,,,,,,,,,,,,,,,,,,,,,3501.0,3524.0,3541.0,3572.0,3595.0,3610.0,3632.0,3641.0,3651.0,3674.0,3680.0,3689.0,3695.0,3710.0,3715.0,3725.0,3731.0,3739.0,3759.0,3774.0,3788.0,3798.0,3804.0,3808.0,3830.0,3840.0,3846.0,3852.0,3857.0,3863.0,3870.0,3878.0,3885.0,3895.0,3909.0,4035.0,4076.0,4100.0,4035.0,4048.0,4056.0,4057.0,4072.0,4082.0,4087.0,4091.0,4102.0,4107.0,4112.0,4117.0,4124.0,4127.0,4131.0,4134.0,4140.0,4141.0,4148.0,4150.0,4158.0,4161.0,4162.0,4167.0,4175.0,4178.0,4178.0,4183.0,4190.0,4192.0,4196.0,4199.0,4201.0,4204.0,4206.0,4207.0,4209.0,4209.0,4212.0,4216.0,4219.0,4228.0,4232.0,4242.0,4242
zR-t4yv1hOE,,,,,,,,,,,,,,,,,,,,,,,,,,,,,,,,,,,,,,,,,,,,,,,,,,,,,,,5689.0,5959.0,6223.0,6342.0,6419.0,6528.0,6632.0,6704.0,6790.0,6843.0,6936.0,7012.0,7058.0,7148.0,7200.0,7239.0,7277.0,7306.0,7341.0,7364.0,7410.0,7427.0,7451.0,7484.0,7511.0,7522.0,7558.0,7584.0,7614.0,7662.0,7686.0,7715.0,7739.0,7752.0,7779.0,7799.0,7820.0,7843.0,7859.0,7869.0,7881.0,7896.0,7917.0,7937.0,7949.0,7966.0,7979.0,8003.0,8007.0,8022.0,8039.0,8046.0,8062.0,8071.0,8074.0,8092.0,8099.0,8103.0,8110.0,8123.0,8132.0,8138.0,8142.0,8147.0,8152.0,8159.0,8166.0,8172.0,8179.0,8184.0,8194.0,8195.0,8201.0,8205.0,8212.0,8216.0,8222.0,8235.0,8247.0,8257.0,8265.0,8275.0,8280
zHQTySJrNWw,,,,,,,,,,,,,,,,,,,,,,,,,,,,,,,,,,,,,,,,,,,,,,,,,,,,,,,7113.0,7287.0,7423.0,7562.0,7674.0,7784.0,7858.0,7904.0,7972.0,8019.0,8096.0,8148.0,8212.0,8258.0,8303.0,8356.0,8398.0,8442.0,8472.0,8514.0,8595.0,8630.0,8662.0,8691.0,8725.0,8767.0,8801.0,8831.0,8862.0,8896.0,8938.0,8954.0,8978.0,9006.0,9040.0,9066.0,9088.0,9106.0,9136.0,9157.0,9180.0,9210.0,9241.0,9274.0,9295.0,9321.0,9341.0,9362.0,9396.0,9439.0,9470.0,9501.0,9545.0,9583.0,9627.0,9681.0,9732.0,9778.0,9801.0,9841.0,9864.0,9900.0,9927.0,9953.0,9991.0,10018.0,10060.0,10096.0,10139.0,10168.0,10216.0,10244.0,10287.0,10314.0,10343.0,10385.0,10407.0,10444.0,10481.0,10531.0,10562.0,10586.0,10609
PoD9YBZR0O4,,,,,,,,,,,,,,,,,,,,,,,,,,,,,,,,,,,,,,,,,,,,,,,,,,,,,,,3162435.0,3698914.0,4254942.0,4831188.0,5347894.0,5865361.0,6443280.0,7044369.0,7554705.0,8121933.0,8672780.0,9216078.0,9334331.0,9346958.0,9355378.0,9364293.0,9372005.0,9379181.0,9386271.0,9392519.0,9403062.0,9407906.0,9412546.0,9416814.0,9421100.0,9424800.0,9428404.0,9431800.0,9435514.0,9438840.0,9441978.0,9445252.0,9448244.0,9451358.0,9454734.0,9457736.0,9460764.0,9464878.0,9468346.0,9471635.0,9474133.0,9476588.0,9478864.0,9481016.0,9483094.0,9485192.0,9487246.0,9489050.0,9490805.0,9492531.0,9494308.0,9496078.0,9497908.0,9499713.0,9501562.0,9503630.0,9505651.0,9507385.0,9508985.0,9510625.0,9512286.0,9513621.0,9514955.0,9516339.0,9517786.0,9519359.0,9520952.0,9522415.0,9523735.0,9525025.0,9526284.0,9527510.0,9528798.0,9530104.0,9531472.0,9532940.0,9534414.0,9535761.0,9537022.0,9538513.0,9539985.0,9541486.0,9542892
F7sGJVUrkjQ,,,,,,,,,,,,,,,,,,,,,,,,,,,,,,,,,,,,,,,,,,,,,,,,,,,,,,,32330403.0,38428847.0,44491682.0,45203123.0,45676999.0,48514514.0,53860006.0,54449902.0,54872288.0,55303501.0,55766238.0,56285640.0,56790234.0,57242823.0,57689686.0,58180409.0,58708950.0,59254145.0,59887818.0,60511937.0,61713416.0,62326868.0,62964758.0,63609030.0,64238532.0,64857692.0,65444673.0,66058561.0,66692123.0,67364507.0,68085752.0,68893968.0,69600019.0,70302802.0,71015912.0,71785746.0,72567463.0,73375877.0,74174625.0,74918876.0,75592060.0,76270590.0,76919869.0,77564570.0,78207282.0,78878726.0,79556424.0,80176682.0,80730989.0,81290803.0,81856708.0,82430481.0,83071514.0,83681827.0,84224069.0,84735812.0,85251729.0,85774306.0,86300883.0,86864266.0,87436054.0,87928805.0,88405415.0,88878942.0,89356316.0,89914974.0,90496659.0,91064698.0,91587905.0,92084699.0,92560724.0,93031946.0,93517759.0,94033734.0,94538453.0,94983749.0,95433107.0,95884043.0,96366419.0,96866252.0,97397908.0,97923115.0,98396353
AdOaQpwYx0c,,,,,,,,,,,,,,,,,,,,,,,,,,,,,,,,,,,,,,,,,,,,,,,,,,,,,,,1000515.0,1240050.0,1499150.0,1715907.0,1722850.0,1726691.0,1730167.0,1734449.0,1738285.0,1741965.0,1745358.0,1747992.0,1750258.0,1752217.0,1754019.0,1756010.0,1757785.0,1759284.0,1760697.0,1762021.0,1764588.0,1765715.0,1766890.0,1768028.0,1769007.0,1769859.0,1770701.0,1771570.0,1772285.0,1773083.0,1773882.0,1774783.0,1775623.0,1776369.0,1777235.0,1777980.0,1778784.0,1779502.0,1780146.0,1780692.0,1781387.0,1781934.0,1782505.0,1783075.0,1783599.0,1784192.0,1784776.0,1785268.0,1785737.0,1786186.0,1786698.0,1787220.0,1787676.0,1788034.0,1788498.0,1788879.0,1789317.0,1789725.0,1790130.0,1790550.0,1790832.0,1791231.0,1791672.0,1792133.0,1792518.0,1792965.0,1793386.0,1793792.0,1794211.0,1794620.0,1794990.0,1795420.0,1795782.0,1796167.0,1796483.0,1796924.0,1797305.0,1797679.0,1798071.0,1798538.0,1798987.0,1799390.0,1799798
Eyv7VNmNXNI,,,,,,,,,,,,,,,,,,,,,,,,,,,,,,,,,,,,,,,,,,,,,,,,,,,,,,,176706.0,210173.0,231607.0,246119.0,259735.0,270669.0,279890.0,286043.0,290730.0,294949.0,298827.0,302852.0,306314.0,309686.0,312998.0,316577.0,320056.0,323491.0,326267.0,328863.0,334925.0,337815.0,340785.0,343498.0,345837.0,347816.0,349720.0,351582.0,353498.0,355526.0,357541.0,359365.0,360803.0,362562.0,364334.0,366200.0,368005.0,369396.0,370746.0,372018.0,373301.0,374983.0,376588.0,378069.0,379550.0,380866.0,382025.0,383367.0,384640.0,385711.0,386924.0,388158.0,389289.0,390375.0,391494.0,392734.0,393940.0,395317.0,396550.0,397681.0,398795.0,399973.0,401094.0,402451.0,403759.0,404890.0,406131.0,407293.0,408600.0,409842.0,411111.0,412382.0,413752.0,415075.0,416338.0,417733.0,419162.0,420419.0,421714.0,422893.0,424190.0,425367.0,426709
9qkpcLK422o,,,,,,,,,,,,,,,,,,,,,,,,,,,,,,,,,,,,,,,,,,,,,,,,,,,,,,,21818175.0,22236906.0,22638660.0,23042253.0,23486663.0,30058329.0,30423365.0,30745872.0,31082088.0,31409578.0,31746727.0,32117827.0,32469170.0,32777202.0,33056159.0,33343585.0,33638031.0,33940092.0,34285093.0,34606515.0,35186029.0,35472922.0,35770036.0,36071741.0,36378280.0,36687641.0,36975623.0,37275819.0,37576312.0,37878020.0,38181138.0,38511261.0,38800151.0,39071833.0,39350925.0,39637999.0,39921811.0,40228586.0,40536451.0,40829183.0,41095253.0,41356777.0,41595184.0,41833845.0,42076980.0,42334250.0,42576260.0,42788446.0,42998034.0,43209445.0,43427366.0,43646868.0,43891470.0,44130430.0,44341806.0,44540151.0,44736037.0,44933431.0,45132633.0,45350446.0,45564752.0,45752945.0,45936543.0,46133724.0,46329611.0,46550619.0,46785148.0,47012252.0,47220409.0,47426546.0,47623314.0,47821528.0,48013246.0,48223008.0,48425588.0,48607651.0,48792752.0,48973441.0,49158090.0,49347073.0,49552737.0,49754072.0,49931850
8iWkRdIsT3U,,,,,,,,,,,,,,,,,,,,,,,,,,,,,,,,,,,,,,,,,,,,,,,,,,,,,,,1526788.0,2702703.0,3387392.0,3888543.0,4275751.0,4566893.0,4756790.0,5057344.0,5123416.0,5125347.0,5126965.0,5128873.0,5131554.0,5133645.0,5135796.0,5137716.0,5139416.0,5140940.0,5142633.0,5144325.0,5147246.0,5148541.0,5149748.0,5150849.0,5151968.0,5152907.0,5153962.0,5154976.0,5155909.0,5156840.0,5157645.0,5158446.0,5159196.0,5159926.0,5160586.0,5161251.0,5161883.0,5162551.0,5163213.0,5163822.0,5164361.0,5164950.0,5165536.0,5166095.0,5166902.0,5168072.0,5168854.0,5169556.0,5170112.0,5170681.0,5171203.0,5171736.0,5172309.0,5172830.0,5173340.0,5173842.0,5174414.0,5174902.0,5175313.0,5175739.0,5176172.0,5176582.0,5176918.0,5177285.0,5177657.0,5178053.0,5178474.0,5178859.0,5179264.0,5179607.0,5179953.0,5180226.0,5180526.0,5180904.0,5181224.0,5181577.0,5181909.0,5182276.0,5182613.0,5182943.0,5183268.0,5183561.0,5183900
g0_qeo00XWs,,,,,,,,,,,,,,,,,,,,,,,,,,,,,,,,,,,,,,,,,,,,,,,,,,,,,,,1704.0,4112.0,5688.0,6233.0,6615.0,6991.0,7365.0,7720.0,7946.0,8169.0,8357.0,8521.0,8765.0,8882.0,9238.0,9417.0,9540.0,9720.0,9876.0,9997.0,10231.0,10318.0,10366.0,10461.0,10567.0,10649.0,10746.0,10817.0,10887.0,10974.0,11034.0,11115.0,11178.0,11244.0,11301.0,11384.0,11441.0,11560.0,11627.0,11715.0,11768.0,11804.0,11855.0,11917.0,11975.0,12031.0,12074.0,12116.0,12162.0,12218.0,12266.0,12390.0,12496.0,12609.0,12713.0,12809.0,12895.0,12991.0,13053.0,13114.0,13202.0,13269.0,13332.0,13380.0,13452.0,13500.0,13552.0,13620.0,13667.0,13713.0,13750.0,13790.0,13827.0,13869.0,13914.0,13967.0,14001.0,14033.0,14078.0,14126.0,14163.0,14210.0,14258
AdOaQpwYx0c,,,,,,,,,,,,,,,,,,,,,,,,,,,,,,,,,,,,,,,,,,,,,,,,,,,,,,,1000515.0,1240050.0,1499150.0,1715907.0,1722850.0,1726691.0,1730167.0,1734449.0,1738285.0,1741965.0,1745358.0,1747992.0,1750258.0,1752217.0,1754019.0,1756010.0,1757785.0,1759284.0,1760697.0,1762021.0,1764588.0,1765715.0,1766890.0,1768028.0,1769007.0,1769859.0,1770701.0,1771570.0,1772285.0,1773083.0,1773882.0,1774783.0,1775623.0,1776369.0,1777235.0,1777980.0,1778784.0,1779502.0,1780146.0,1780692.0,1781387.0,1781934.0,1782505.0,1783075.0,1783599.0,1784192.0,1784776.0,1785268.0,1785737.0,1786186.0,1786690.0,1787220.0,1787676.0,1788034.0,1788498.0,1788879.0,1789317.0,1789725.0,1790130.0,1790550.0,1790832.0,1791233.0,1791672.0,1792133.0,1792551.0,1792965.0,1793386.0,1793792.0,1794211.0,1794620.0,1794990.0,1795420.0,1795782.0,1796167.0,1796499.0,1796924.0,1797305.0,1797679.0,1798071.0,1798538.0,1798987.0,1799390.0,1799811
qFVQukLBlj0,,,,,,,,,,,,,,,,,,,,,,,,,,,,,,,,,,,,,,,,,,,,,,,,,,,,,,,395550.0,409493.0,424729.0,438472.0,448931.0,458899.0,468103.0,479191.0,490552.0,499479.0,508523.0,515007.0,519979.0,526784.0,533189.0,538973.0,544932.0,550741.0,556083.0,561504.0,575912.0,582777.0,589673.0,596159.0,600992.0,605196.0,609789.0,614263.0,618516.0,622832.0,627840.0,632010.0,635423.0,639747.0,644200.0,649208.0,654366.0,659471.0,663429.0,667105.0,671164.0,676100.0,680940.0,684816.0,689066.0,693664.0,698395.0,703873.0,709001.0,713762.0,718959.0,724142.0,728858.0,732756.0,738316.0,742726.0,746941.0,751463.0,756589.0,760904.0,764666.0,769579.0,774792.0,779640.0,784914.0,789000.0,793366.0,797417.0,802404.0,806166.0,810664.0,815516.0,820485.0,824265.0,826917.0,830271.0,833798.0,837211.0,840658.0,843730.0,846507.0,848857.0,852055
izGJjwhCEaI,,,,,,,,,,,,,,,,,,,,,,,,,,,,,,,,,,,,,,,,,,,,,,,,,,,,,,,2600174.0,2602278.0,2604450.0,2606452.0,2608528.0,2610413.0,2612427.0,2614412.0,2616422.0,2619020.0,2622059.0,2624787.0,2627414.0,2630137.0,2632674.0,2635705.0,2638978.0,2641894.0,2644569.0,2646920.0,2651176.0,2653399.0,2655700.0,2657930.0,2660005.0,2661959.0,2663831.0,2665829.0,2667824.0,2669819.0,2671845.0,2674091.0,2675929.0,2677749.0,2679777.0,2681776.0,2683668.0,2686187.0,2688866.0,2691418.0,2693645.0,2695607.0,2697364.0,2699089.0,2700872.0,2702562.0,2703952.0,2705451.0,2706964.0,2708508.0,2710016.0,2711505.0,2713087.0,2714606.0,2716147.0,2717691.0,2719132.0,2720547.0,2721929.0,2723184.0,2724476.0,2725602.0,2726764.0,2728030.0,2729205.0,2730480.0,2731722.0,2732895.0,2734054.0,2735244.0,2736377.0,2737516.0,2738571.0,2739641.0,2740674.0,2741735.0,2742836.0,2743994.0,2745048.0,2746197.0,2747349.0,2748408.0,2749444
yfnE6vi6jAk,,,,,,,,,,,,,,,,,,,,,,,,,,,,,,,,,,,,,,,,,,,,,,,,,,,,,,,427697.0,430043.0,432369.0,434705.0,437279.0,439829.0,442037.0,444382.0,446737.0,449058.0,451422.0,454679.0,457876.0,460562.0,463107.0,465491.0,467821.0,471502.0,475292.0,478264.0,484060.0,487445.0,490940.0,494130.0,497079.0,501171.0,504386.0,507164.0,509868.0,512473.0,514894.0,517609.0,520029.0,522360.0,524963.0,529718.0,533547.0,536546.0,539455.0,542406.0,545260.0,548018.0,550748.0,552945.0,554935.0,557099.0,559088.0,560816.0,562427.0,563980.0,565571.0,567197.0,568717.0,570402.0,571747.0,573106.0,574616.0,576013.0,577321.0,578902.0,580516.0,581832.0,583210.0,584852.0,586071.0,587586.0,588969.0,590134.0,591303.0,592453.0,593652.0,594764.0,595883.0,597054.0,598265.0,599296.0,600242.0,601262.0,602236.0,603295.0,604696.0,605777.0,606739
hE4bqarpTx4,,,,,,,,,,,,,,,,,,,,,,,,,,,,,,,,,,,,,,,,,,,,,,,,,,,,,,,153.0,153.0,153.0,153.0,153.0,153.0,154.0,154.0,155.0,155.0,155.0,155.0,155.0,155.0,155.0,155.0,155.0,155.0,155.0,155.0,155.0,155.0,155.0,155.0,155.0,155.0,155.0,155.0,155.0,155.0,155.0,155.0,156.0,156.0,156.0,156.0,156.0,156.0,156.0,156.0,156.0,156.0,156.0,156.0,156.0,156.0,156.0,156.0,156.0,156.0,156.0,156.0,156.0,156.0,156.0,156.0,156.0,156.0,156.0,156.0,156.0,156.0,156.0,156.0,156.0,156.0,156.0,156.0,156.0,156.0,156.0,156.0,156.0,156.0,156.0,156.0,156.0,156.0,156.0,156.0,156.0,156.0,156
hzNZlhOOh3s,,,,,,,,,,,,,,,,,,,,,,,,,,,,,,,,,,,,,,,,,,,,,,,,,,,,,,,38490.0,38900.0,39367.0,39804.0,40198.0,40526.0,40781.0,41063.0,41300.0,41581.0,41907.0,42283.0,42569.0,42825.0,42998.0,43159.0,43321.0,43474.0,43690.0,43887.0,44137.0,44240.0,44365.0,44478.0,44611.0,44793.0,44930.0,45045.0,45182.0,45330.0,45459.0,45655.0,45820.0,46005.0,46180.0,46371.0,46561.0,46748.0,46932.0,47093.0,47278.0,47443.0,47580.0,47669.0,47836.0,47997.0,48124.0,48238.0,48307.0,48418.0,48509.0,48578.0,48665.0,48827.0,48941.0,49061.0,49175.0,49254.0,49321.0,49408.0,49526.0,49584.0,49669.0,49757.0,49816.0,49894.0,49990.0,50070.0,50115.0,50183.0,50234.0,50278.0,50319.0,50374.0,50442.0,50535.0,50679.0,50807.0,50918.0,51018.0,51209.0,51356.0,51437
yE6yETkVI3Q,,,,,,,,,,,,,,,,,,,,,,,,,,,,,,,,,,,,,,,,,,,,,,,,,,,,,,,11727475.0,11738076.0,11747521.0,11756162.0,11764351.0,11771190.0,11777441.0,11783656.0,11790175.0,11797106.0,11803619.0,11810155.0,11816014.0,11821509.0,11826028.0,11830290.0,11835238.0,11839926.0,11844666.0,11848899.0,11856939.0,11860797.0,11864518.0,11868026.0,11871218.0,11874327.0,11877558.0,11880746.0,11883816.0,11886931.0,11890027.0,11893213.0,11895769.0,11898633.0,11901593.0,11904712.0,11907693.0,11910928.0,11914056.0,11916835.0,11919641.0,11922354.0,11925090.0,11927906.0,11930425.0,11933036.0,11935424.0,11937716.0,11939916.0,11942253.0,11944648.0,11947220.0,11949643.0,11951805.0,11954120.0,11956483.0,11958757.0,11960997.0,11963190.0,11965380.0,11967451.0,11969509.0,11971619.0,11973787.0,11975842.0,11978036.0,11980210.0,11982093.0,11984134.0,11986037.0,11987823.0,11989598.0,11991563.0,11993521.0,11995234.0,11996985.0,11998714.0,12000478.0,12002239.0,12003901.0,12005614.0,12007209.0,12008851
ha7i16DoKQY,,,,,,,,,,,,,,,,,,,,,,,,,,,,,,,,,,,,,,,,,,,,,,,,,,,,,,,53828.0,67745.0,83465.0,91718.0,99701.0,106878.0,111161.0,114590.0,117910.0,133663.0,155335.0,178517.0,202411.0,222181.0,241149.0,260841.0,265637.0,303017.0,310248.0,326036.0,336375.0,339683.0,343459.0,347343.0,352132.0,357191.0,363202.0,369164.0,375308.0,381004.0,386496.0,390163.0,395099.0,401438.0,410848.0,414854.0,418877.0,423129.0,426905.0,430549.0,434885.0,439933.0,443592.0,447056.0,450728.0,453574.0,455950.0,458189.0,460178.0,462003.0,463750.0,465938.0,467743.0,469702.0,471937.0,474146.0,476554.0,479455.0,482060.0,483928.0,485961.0,488225.0,490655.0,493011.0,494987.0,497822.0,501247.0,504652.0,508773.0,512193.0,514460.0,517074.0,519708.0,521814.0,523790.0,526471.0,528760.0,531053.0,535484.0,542782.0,546415.0,550938.0,558712
D9y3xAgp6Qo,,,,,,,,,,,,,,,,,,,,,,,,,,,,,,,,,,,,,,,,,,,,,,,,,,,,,,,385.0,680.0,875.0,1105.0,1468.0,1697.0,1869.0,2013.0,2165.0,2261.0,2354.0,2584.0,2797.0,3079.0,3331.0,3582.0,3956.0,4392.0,4555.0,4717.0,5059.0,5225.0,5404.0,5582.0,5701.0,5870.0,6066.0,6243.0,6407.0,6577.0,6713.0,6792.0,6887.0,6992.0,7110.0,7241.0,7373.0,7453.0,7531.0,7602.0,7655.0,7724.0,7793.0,7849.0,7900.0,7970.0,8015.0,8072.0,8152.0,8224.0,8260.0,8343.0,8403.0,8455.0,8526.0,8573.0,8627.0,8680.0,8719.0,8756.0,8808.0,8854.0,8917.0,8961.0,9043.0,9126.0,9203.0,9251.0,9295.0,9350.0,9417.0,9485.0,9526.0,9575.0,9619.0,9667.0,9714.0,9764.0,9813.0,9862.0,9912.0,9947.0,9985
XQYO8vicu5I,,,,,,,,,,,,,,,,,,,,,,,,,,,,,,,,,,,,,,,,,,,,,,,,,,,,,,,10650.0,23336.0,57612.0,89114.0,119486.0,143079.0,256328.0,301578.0,340966.0,367748.0,390249.0,413668.0,435693.0,447580.0,455248.0,462589.0,469983.0,476075.0,481274.0,485199.0,496862.0,501777.0,507753.0,513586.0,518330.0,521337.0,524957.0,528771.0,532136.0,535745.0,539228.0,542326.0,544789.0,548300.0,552037.0,555621.0,558817.0,561774.0,564342.0,566701.0,569472.0,572263.0,575049.0,577678.0,580735.0,584243.0,587412.0,591387.0,596204.0,600730.0,605057.0,608836.0,612039.0,615103.0,618344.0,622137.0,625293.0,628651.0,631746.0,634440.0,636719.0,639307.0,642034.0,644959.0,648484.0,652543.0,656095.0,659080.0,662829.0,666097.0,670008.0,673638.0,677533.0,680501.0,682896.0,686395.0,690297.0,694422.0,698248.0,702129.0,706006.0,709442.0,713179
YsfsxpJaYSw,,,,,,,,,,,,,,,,,,,,,,,,,,,,,,,,,,,,,,,,,,,,,,,,,,,,,,,,15646.0,44591.0,62442.0,73111.0,83154.0,90963.0,99181.0,106945.0,112978.0,117361.0,120972.0,124102.0,127561.0,130959.0,133834.0,137027.0,140862.0,144020.0,146770.0,152825.0,156009.0,159178.0,161882.0,164066.0,166738.0,169925.0,172989.0,175891.0,178977.0,181856.0,183946.0,185668.0,188184.0,190233.0,192139.0,194808.0,196695.0,198176.0,199876.0,201627.0,203940.0,206154.0,208357.0,210875.0,213157.0,215225.0,217297.0,219779.0,222095.0,224366.0,226657.0,228508.0,230247.0,232324.0,234140.0,236062.0,237570.0,240010.0,241753.0,243307.0,245199.0,247215.0,249093.0,251175.0,252908.0,254677.0,256321.0,258305.0,260115.0,261836.0,263471.0,265264.0,266842.0,268159.0,269659.0,271105.0,272585.0,273929.0,275154.0,276213.0,277148.0,278176
ItvDjeiqdlE,,,,,,,,,,,,,,,,,,,,,,,,,,,,,,,,,,,,,,,,,,,,,,,,,,,,,,,,253433.0,469833.0,563914.0,640711.0,688916.0,726517.0,759002.0,787480.0,809898.0,826756.0,842038.0,855580.0,868238.0,879635.0,892006.0,905466.0,918110.0,930333.0,942457.0,970859.0,984653.0,999148.0,1013457.0,1026879.0,1038279.0,1047408.0,1056754.0,1066100.0,1074641.0,1083080.0,1091588.0,1098608.0,1106053.0,1113872.0,1122165.0,1129898.0,1136622.0,1143047.0,1149378.0,1155997.0,1163443.0,1170411.0,1176899.0,1184091.0,1190692.0,1196555.0,1202469.0,1208087.0,1213659.0,1218984.0,1223747.0,1229016.0,1233652.0,1238023.0,1242607.0,1246706.0,1250883.0,1255066.0,1259355.0,1263246.0,1266993.0,1270736.0,1274932.0,1279204.0,1283470.0,1287618.0,1291400.0,1295246.0,1298976.0,1302581.0,1306400.0,1310300.0,1314335.0,1318242.0,1322291.0,1326090.0,1330080.0,1334308.0,1338659.0,1342667.0,1346509.0,1350446
x6peEfIQVGE,,,,,,,,,,,,,,,,,,,,,,,,,,,,,,,,,,,,,,,,,,,,,,,,,,,,,,,,170044.0,203934.0,222423.0,236375.0,252795.0,271642.0,285799.0,298034.0,307267.0,314823.0,322573.0,329055.0,335082.0,341139.0,347461.0,353235.0,358500.0,364607.0,371254.0,385718.0,392900.0,400448.0,408146.0,416220.0,424067.0,431633.0,440207.0,447563.0,454909.0,461179.0,467465.0,472969.0,479219.0,485931.0,492035.0,498133.0,503519.0,508603.0,514302.0,520699.0,527265.0,532820.0,537321.0,542058.0,545263.0,547775.0,550470.0,553449.0,556346.0,558856.0,561377.0,563722.0,566145.0,568617.0,570984.0,573249.0,575472.0,577903.0,580277.0,582291.0,584700.0,587149.0,589950.0,592798.0,594789.0,596853.0,598753.0,600827.0,602703.0,604757.0,606818.0,608954.0,610861.0,612659.0,614887.0,617115.0,619217.0,621444.0,623828.0,626017.0,628305.0,631163
sj0eG4iaJFw,,,,,,,,,,,,,,,,,,,,,,,,,,,,,,,,,,,,,,,,,,,,,,,,,,,,,,,,6842.0,16066.0,21573.0,25414.0,28584.0,31309.0,33982.0,37091.0,40546.0,43638.0,46572.0,48765.0,51074.0,53163.0,55065.0,57081.0,59141.0,61302.0,63929.0,71722.0,75284.0,80349.0,84467.0,87682.0,90420.0,93032.0,95583.0,97498.0,99835.0,101822.0,103605.0,104898.0,106402.0,108047.0,110119.0,111775.0,113261.0,114392.0,115178.0,116303.0,117493.0,118668.0,119774.0,121291.0,123563.0,125902.0,128238.0,130036.0,131700.0,133601.0,135271.0,136610.0,137640.0,138735.0,139789.0,140857.0,142025.0,142959.0,143827.0,144539.0,145385.0,146151.0,147009.0,148047.0,149392.0,150855.0,151993.0,153257.0,154329.0,155759.0,156921.0,157999.0,158893.0,159732.0,160478.0,160958.0,161405.0,161901.0,162417.0,162872.0,163249.0,163587
aCX2F0R5q9w,,,,,,,,,,,,,,,,,,,,,,,,,,,,,,,,,,,,,,,,,,,,,,,,,,,,,,,,10227.0,20051.0,26912.0,32932.0,37999.0,42270.0,49506.0,58314.0,65619.0,71633.0,76967.0,81271.0,87029.0,92182.0,96848.0,101391.0,105879.0,109879.0,113244.0,122099.0,126701.0,130936.0,134767.0,138146.0,140896.0,144792.0,148880.0,152789.0,156800.0,161091.0,164898.0,167614.0,171048.0,175421.0,179344.0,183205.0,186574.0,188991.0,191579.0,194069.0,196845.0,199652.0,202218.0,204921.0,207532.0,209936.0,212938.0,216013.0,219048.0,221888.0,224897.0,228147.0,230839.0,233609.0,235918.0,238961.0,241529.0,244228.0,246670.0,248815.0,251394.0,253661.0,255779.0,258170.0,260332.0,262601.0,264748.0,267471.0,269902.0,272746.0,275353.0,277998.0,280335.0,282179.0,284356.0,286726.0,288969.0,291132.0,293093.0,294806.0,296376.0,298437
C6--84TzxZc,,,,,,,,,,,,,,,,,,,,,,,,,,,,,,,,,,,,,,,,,,,,,,,,,,,,,,,,,198509.0,1228013.0,1832429.0,2314844.0,2366080.0,2521403.0,2579537.0,2725490.0,2837827.0,2937661.0,3061882.0,3073791.0,3096895.0,3107804.0,3151444.0,3153651.0,3171167.0,3172698.0,3176045.0,3177720.0,3179567.0,3181210.0,3182797.0,3184267.0,3185549.0,3186726.0,3187855.0,3189007.0,3190113.0,3191208.0,3192139.0,3193084.0,3194021.0,3195111.0,3196102.0,3196996.0,3198023.0,3198983.0,3199762.0,3200661.0,3201432.0,3202329.0,3203127.0,3203976.0,3204672.0,3205376.0,3206058.0,3206671.0,3207350.0,3207975.0,3208650.0,3209386.0,3210074.0,3210729.0,3211356.0,3211935.0,3212506.0,3213106.0,3213708.0,3214284.0,3214792.0,3215309.0,3215838.0,3216372.0,3216884.0,3217527.0,3218079.0,3218534.0,3219055.0,3219509.0,3219944.0,3220367.0,3220810.0,3221263.0,3221667.0,3222113.0,3222567.0,3223133.0,3223557.0,3224046.0,3224857
n7AChRJK7tc,,,,,,,,,,,,,,,,,,,,,,,,,,,,,,,,,,,,,,,,,,,,,,,,,,,,,,,,,77794.0,324125.0,655575.0,797188.0,1105069.0,1322959.0,1403050.0,1565739.0,1664818.0,1702684.0,1715409.0,1755689.0,1783777.0,1840046.0,1842117.0,1844188.0,1858959.0,1881552.0,1884671.0,1886070.0,1887607.0,1889005.0,1890365.0,1891509.0,1892515.0,1893488.0,1894388.0,1895312.0,1896179.0,1896997.0,1897686.0,1898451.0,1899325.0,1900103.0,1900796.0,1901454.0,1902077.0,1902724.0,1903366.0,1903946.0,1904502.0,1905114.0,1905734.0,1906373.0,1906935.0,1907602.0,1908134.0,1908654.0,1909180.0,1909738.0,1910239.0,1910786.0,1911275.0,1911758.0,1912209.0,1912669.0,1913137.0,1913561.0,1913953.0,1914369.0,1914807.0,1915205.0,1915590.0,1915955.0,1916315.0,1916725.0,1917133.0,1917477.0,1917869.0,1918261.0,1918636.0,1919026.0,1919380.0,1919725.0,1920067.0,1920424.0,1920806.0,1921174.0,1921510.0,1921837.0,1922211
VF5KiYpH-Pg,,,,,,,,,,,,,,,,,,,,,,,,,,,,,,,,,,,,,,,,,,,,,,,,,,,,,,,,,130401.0,308067.0,438891.0,546240.0,698973.0,866678.0,1048939.0,1251872.0,1423481.0,1572500.0,1694516.0,1826845.0,1949464.0,2048580.0,2144744.0,2241820.0,2339056.0,2423911.0,2618402.0,2707759.0,2807869.0,2907802.0,2995887.0,3083214.0,3196060.0,3456626.0,3591312.0,3707719.0,3826771.0,3942975.0,4040276.0,4146783.0,4251665.0,4355443.0,4454131.0,4546789.0,4627907.0,4701662.0,4777849.0,4856266.0,4938631.0,5023528.0,5104181.0,5183939.0,5255122.0,5328963.0,5401634.0,5475615.0,5552788.0,5630130.0,5699935.0,5756822.0,5818412.0,5878760.0,5939837.0,6002889.0,6069862.0,6131672.0,6184750.0,6244232.0,6300442.0,6357427.0,6413695.0,6462482.0,6516233.0,6568837.0,6626775.0,6676843.0,6730219.0,6785309.0,6841864.0,6895839.0,6945786.0,6997370.0,7049410.0,7103020.0,7158889.0,7214916.0,7266799.0,7312327.0,7361336
NBJWOnYONx0,,,,,,,,,,,,,,,,,,,,,,,,,,,,,,,,,,,,,,,,,,,,,,,,,,,,,,,,,5807.0,18924.0,33323.0,42035.0,53442.0,63283.0,73413.0,84438.0,92121.0,98614.0,103150.0,107437.0,110737.0,113480.0,116268.0,119285.0,122331.0,124990.0,130691.0,133831.0,137509.0,140849.0,143776.0,146600.0,149776.0,153372.0,156732.0,160254.0,164306.0,168048.0,170960.0,174103.0,177372.0,180980.0,184414.0,187444.0,190175.0,192773.0,195406.0,198378.0,201590.0,204872.0,208715.0,213511.0,217802.0,221657.0,225222.0,228960.0,232816.0,236958.0,240196.0,242947.0,245933.0,248915.0,251642.0,254664.0,257565.0,260897.0,263578.0,266262.0,268860.0,271816.0,274866.0,278654.0,282262.0,285015.0,287880.0,291565.0,295635.0,299635.0,303294.0,307168.0,311087.0,314502.0,318118.0,321390.0,324167.0,327139.0,329936.0,332257.0,334201
ten6JjjGcH4,,,,,,,,,,,,,,,,,,,,,,,,,,,,,,,,,,,,,,,,,,,,,,,,,,,,,,,,,14288.0,54785.0,92914.0,124329.0,162609.0,211733.0,260212.0,305034.0,346014.0,381739.0,410511.0,443098.0,471506.0,491805.0,508688.0,524181.0,537300.0,549120.0,578228.0,592071.0,606326.0,620087.0,633066.0,645244.0,657527.0,670344.0,682343.0,695444.0,707920.0,717836.0,727622.0,742264.0,757222.0,771606.0,785984.0,797862.0,808023.0,818317.0,830459.0,843338.0,855582.0,866718.0,879245.0,891436.0,902427.0,914568.0,926151.0,937157.0,948704.0,960113.0,971485.0,981180.0,990624.0,998964.0,1007366.0,1015911.0,1024257.0,1031662.0,1038598.0,1045608.0,1051978.0,1057910.0,1064095.0,1069468.0,1074898.0,1079846.0,1086011.0,1091186.0,1096860.0,1102302.0,1108517.0,1112717.0,1116046.0,1120109.0,1124140.0,1128336.0,1132452.0,1136494.0,1140053.0,1143110.0,1146655
kaJjuLHg0JU,,,,,,,,,,,,,,,,,,,,,,,,,,,,,,,,,,,,,,,,,,,,,,,,,,,,,,,,,26108.0,26341.0,26544.0,26759.0,26935.0,27134.0,27270.0,27433.0,27597.0,27733.0,27895.0,28046.0,28172.0,28323.0,28486.0,28673.0,28851.0,29096.0,29502.0,29669.0,29812.0,29974.0,30124.0,30276.0,30465.0,30585.0,30719.0,30838.0,30949.0,31090.0,31185.0,31290.0,31422.0,31557.0,31684.0,31856.0,32008.0,32146.0,32292.0,32412.0,32544.0,32676.0,32809.0,32911.0,33063.0,33196.0,33323.0,33426.0,33597.0,33912.0,34322.0,34699.0,35050.0,35356.0,35609.0,35815.0,35977.0,36129.0,36290.0,36429.0,36521.0,36619.0,36719.0,36825.0,36918.0,36991.0,37106.0,37211.0,37308.0,37383.0,37469.0,37544.0,37609.0,37660.0,37737.0,37821.0,37876.0,37948.0,38019.0,38080.0,38154
XQMg8-Ku3JI,,,,,,,,,,,,,,,,,,,,,,,,,,,,,,,,,,,,,,,,,,,,,,,,,,,,,,,,,1408447.0,1408464.0,1408478.0,1408484.0,1408491.0,1408496.0,1408499.0,1408512.0,1408523.0,1408529.0,1408535.0,1408542.0,1408552.0,1408566.0,1408576.0,1408587.0,1408596.0,1408607.0,1408637.0,1408656.0,1408667.0,1408678.0,1408686.0,1408696.0,1408714.0,1408719.0,1408735.0,1408743.0,1408754.0,1408767.0,1408773.0,1408784.0,1408795.0,1408804.0,1408816.0,1408828.0,1408844.0,1408854.0,1408860.0,1408870.0,1408877.0,1408885.0,1408899.0,1408905.0,1408917.0,1408924.0,1408937.0,1408949.0,1408976.0,1408988.0,1408995.0,1409003.0,1409013.0,1409020.0,1409036.0,1409051.0,1409064.0,1409075.0,1409107.0,1409141.0,1409162.0,1409173.0,1409186.0,1409204.0,1409221.0,1409241.0,1409262.0,1409269.0,1409344.0,1409362.0,1409376.0,1409392.0,1409406.0,1409419.0,1409435.0,1409450.0,1409475.0,1409493.0,1409508.0,1409529.0,1409558
pIfScZGDNsc,,,,,,,,,,,,,,,,,,,,,,,,,,,,,,,,,,,,,,,,,,,,,,,,,,,,,,,,,,598080.0,695601.0,769735.0,785745.0,792977.0,884554.0,944737.0,976464.0,1022496.0,1073901.0,1105736.0,1108916.0,1112261.0,1120365.0,1122956.0,1125770.0,1128204.0,1133638.0,1167852.0,1216426.0,1273794.0,1314807.0,1350777.0,1367491.0,1374283.0,1381411.0,1387932.0,1393655.0,1398797.0,1405252.0,1408039.0,1409113.0,1410119.0,1411067.0,1412075.0,1413008.0,1413844.0,1414668.0,1415467.0,1416160.0,1416933.0,1417614.0,1418296.0,1419035.0,1419679.0,1420263.0,1420764.0,1421284.0,1421789.0,1422756.0,1423598.0,1424274.0,1424840.0,1425437.0,1425984.0,1426457.0,1426995.0,1427554.0,1428011.0,1428403.0,1428825.0,1429263.0,1429675.0,1430132.0,1430496.0,1430861.0,1431183.0,1431546.0,1431880.0,1432250.0,1432640.0,1433079.0,1433462.0,1433787.0,1434130.0,1434433.0,1434772.0,1435131.0,1435507.0,1435860
tWQei-65AGM,,,,,,,,,,,,,,,,,,,,,,,,,,,,,,,,,,,,,,,,,,,,,,,,,,,,,,,,,,11904.0,28895.0,40269.0,50435.0,58826.0,67153.0,77861.0,86614.0,95102.0,101603.0,109615.0,115907.0,119758.0,123491.0,127369.0,131210.0,133868.0,138458.0,140724.0,143247.0,145411.0,147756.0,149758.0,151542.0,153251.0,154823.0,156463.0,158144.0,159964.0,161540.0,162910.0,164298.0,165732.0,167327.0,168973.0,170493.0,171934.0,173235.0,174578.0,175867.0,177117.0,178359.0,179947.0,181337.0,182660.0,183983.0,185339.0,186546.0,187798.0,189008.0,190083.0,190971.0,191747.0,192748.0,193670.0,194570.0,195610.0,196649.0,197457.0,198322.0,199222.0,200096.0,201412.0,202486.0,203358.0,204152.0,205107.0,205988.0,207007.0,207839.0,208917.0,209850.0,211006.0,212261.0,213590.0,214893.0,216137.0,217544.0,218919.0,220442
U-G3tZXWgiY,,,,,,,,,,,,,,,,,,,,,,,,,,,,,,,,,,,,,,,,,,,,,,,,,,,,,,,,,,2613.0,2729.0,2815.0,2910.0,3007.0,3086.0,3143.0,3190.0,3261.0,3296.0,3336.0,3385.0,3472.0,3500.0,3531.0,3554.0,3583.0,3631.0,3663.0,3675.0,3696.0,3714.0,3726.0,3754.0,3779.0,3792.0,3805.0,3810.0,3820.0,3837.0,3858.0,3875.0,3892.0,3917.0,3961.0,3996.0,4026.0,4046.0,4089.0,4098.0,4121.0,4135.0,4156.0,4171.0,4189.0,4202.0,4222.0,4245.0,4257.0,4268.0,4282.0,4295.0,4305.0,4320.0,4342.0,4351.0,4360.0,4368.0,4377.0,4393.0,4400.0,4418.0,4435.0,4442.0,4454.0,4466.0,4481.0,4494.0,4508.0,4519.0,4537.0,4553.0,4575.0,4595.0,4611.0,4628.0,4638.0,4650.0,4659.0,4670
4xH9MLD7bn0,,,,,,,,,,,,,,,,,,,,,,,,,,,,,,,,,,,,,,,,,,,,,,,,,,,,,,,,,,20.0,81.0,249.0,426.0,597.0,619.0,646.0,670.0,714.0,729.0,754.0,795.0,809.0,836.0,865.0,885.0,894.0,924.0,951.0,985.0,1008.0,1064.0,1121.0,1137.0,1151.0,1165.0,1176.0,1197.0,1204.0,1213.0,1218.0,1233.0,1254.0,1269.0,1275.0,1286.0,1289.0,1291.0,1311.0,1315.0,1327.0,1344.0,1364.0,1374.0,1383.0,1397.0,1412.0,1434.0,1440.0,1469.0,1485.0,1496.0,1502.0,1512.0,1523.0,1531.0,1537.0,1543.0,1548.0,1561.0,1574.0,1585.0,1600.0,1615.0,1627.0,1633.0,1648.0,1673.0,1695.0,1720.0,1732.0,1752.0,1792.0,1854.0,1891.0,1934.0,1988.0,2027.0,2079.0,2100
ZEbmZ18UHbo,,,,,,,,,,,,,,,,,,,,,,,,,,,,,,,,,,,,,,,,,,,,,,,,,,,,,,,,,,73431.0,146662.0,195398.0,236999.0,270075.0,301888.0,329405.0,354738.0,376907.0,396671.0,416830.0,434862.0,449380.0,465534.0,480620.0,494553.0,504502.0,526562.0,537613.0,550631.0,562076.0,572289.0,580612.0,590548.0,600062.0,608232.0,617822.0,630636.0,640010.0,645762.0,653008.0,660619.0,669269.0,676879.0,683054.0,688401.0,693716.0,699542.0,705435.0,711676.0,717793.0,723610.0,730800.0,737475.0,745800.0,752621.0,758739.0,764995.0,770930.0,776855.0,781555.0,787240.0,793180.0,798952.0,804942.0,811651.0,818880.0,825027.0,831227.0,837552.0,843619.0,850816.0,856958.0,862939.0,867929.0,872833.0,877799.0,883845.0,889475.0,895457.0,899983.0,903795.0,908236.0,914726.0,922340.0,928468.0,933913.0,938961.0,943162.0,947483
ewubELWBMaE,,,,,,,,,,,,,,,,,,,,,,,,,,,,,,,,,,,,,,,,,,,,,,,,,,,,,,,,,,150976.0,898040.0,1450098.0,1708397.0,1921472.0,2212458.0,2476506.0,2760291.0,2980430.0,2986193.0,2991411.0,2996064.0,3001893.0,3007749.0,3013732.0,3017045.0,3019958.0,3025954.0,3028896.0,3031878.0,3034661.0,3037144.0,3039454.0,3041432.0,3043302.0,3044893.0,3046460.0,3047992.0,3049640.0,3051081.0,3052549.0,3054035.0,3055546.0,3056863.0,3058150.0,3059406.0,3060663.0,3061811.0,3062989.0,3064150.0,3065321.0,3066296.0,3067344.0,3068348.0,3069308.0,3070222.0,3071135.0,3072028.0,3072821.0,3073763.0,3074516.0,3075462.0,3076360.0,3077198.0,3078023.0,3078806.0,3079666.0,3080446.0,3081153.0,3081901.0,3082704.0,3083451.0,3084207.0,3084905.0,3085597.0,3086303.0,3086980.0,3087652.0,3088261.0,3088946.0,3089639.0,3090306.0,3091052.0,3091736.0,3092430.0,3093202.0,3093984.0,3094804.0,3095557.0,3096446
mRjqyekF46Y,,,,,,,,,,,,,,,,,,,,,,,,,,,,,,,,,,,,,,,,,,,,,,,,,,,,,,,,,,413.0,557.0,1343.0,2204.0,2985.0,3390.0,3689.0,3807.0,4403.0,5895.0,6121.0,6215.0,6640.0,7027.0,7434.0,7902.0,7906.0,7934.0,7944.0,7956.0,7968.0,7977.0,7984.0,7992.0,7996.0,8001.0,8006.0,8012.0,8018.0,8023.0,8030.0,8035.0,8044.0,8052.0,8057.0,8066.0,8068.0,8071.0,8074.0,8078.0,8081.0,8084.0,8093.0,8098.0,8100.0,8110.0,8113.0,8129.0,8131.0,8133.0,8139.0,8148.0,8151.0,8158.0,8172.0,8191.0,8198.0,8201.0,8206.0,8210.0,8212.0,8219.0,8223.0,8227.0,8232.0,8233.0,8236.0,8241.0,8245.0,8245.0,8249.0,8250.0,8253.0,8256.0,8259.0,8259.0,8264.0,8268.0,8268.0,8273
xSM4nToXTj4,,,,,,,,,,,,,,,,,,,,,,,,,,,,,,,,,,,,,,,,,,,,,,,,,,,,,,,,,,14029.0,20113.0,23472.0,26157.0,28293.0,30296.0,32037.0,34296.0,36080.0,38207.0,40147.0,40800.0,41530.0,42351.0,43055.0,43644.0,44164.0,45192.0,45566.0,45993.0,46371.0,46806.0,47131.0,47469.0,47801.0,48123.0,48399.0,48634.0,48934.0,49210.0,49448.0,49737.0,50015.0,50251.0,50473.0,50732.0,50993.0,51217.0,51433.0,51654.0,51865.0,52095.0,52315.0,52531.0,52694.0,52869.0,53066.0,53232.0,53448.0,53600.0,53790.0,53971.0,54166.0,54327.0,54503.0,54642.0,54787.0,54994.0,55318.0,55499.0,55612.0,55756.0,55916.0,56083.0,56243.0,56381.0,56486.0,56588.0,56693.0,56796.0,56896.0,57085.0,57178.0,57262.0,57379.0,57484.0,57666.0,57778.0,57901.0,58181
jBSuAbstfEA,,,,,,,,,,,,,,,,,,,,,,,,,,,,,,,,,,,,,,,,,,,,,,,,,,,,,,,,,,27481.0,62541.0,98477.0,130126.0,163040.0,196216.0,232631.0,253449.0,290905.0,334498.0,364376.0,397951.0,412454.0,443445.0,464679.0,483984.0,484508.0,485421.0,485778.0,486201.0,486575.0,486912.0,487218.0,487518.0,487813.0,488054.0,488315.0,488545.0,488810.0,489017.0,489231.0,489492.0,489725.0,489908.0,490077.0,490229.0,490362.0,490532.0,490693.0,490863.0,491048.0,491241.0,491393.0,491525.0,491648.0,491808.0,491952.0,492075.0,492268.0,492383.0,492503.0,492604.0,492731.0,492884.0,492986.0,493102.0,493267.0,493364.0,493502.0,493629.0,493734.0,493847.0,493965.0,494072.0,494173.0,494272.0,494365.0,494473.0,494631.0,494729.0,494825.0,494907.0,494998.0,495099.0,495174.0,495266.0,495380.0,495453.0,495532.0,495639
dpwoihsh5o0,,,,,,,,,,,,,,,,,,,,,,,,,,,,,,,,,,,,,,,,,,,,,,,,,,,,,,,,,,2812.0,186018.0,294905.0,493079.0,654324.0,768555.0,770281.0,771110.0,772005.0,772442.0,791180.0,923408.0,987570.0,1103044.0,1195341.0,1502218.0,1619892.0,1922501.0,2124497.0,2224516.0,2303347.0,2320996.0,2321042.0,2321196.0,2321431.0,2321606.0,2321818.0,2322036.0,2322193.0,2322356.0,2322520.0,2322667.0,2322841.0,2323013.0,2323150.0,2323311.0,2323418.0,2323510.0,2323619.0,2323745.0,2323812.0,2323880.0,2323939.0,2324024.0,2324120.0,2324194.0,2324254.0,2324310.0,2324375.0,2324448.0,2324505.0,2324558.0,2324608.0,2324667.0,2324725.0,2324764.0,2324816.0,2324876.0,2324951.0,2324989.0,2325040.0,2325100.0,2325150.0,2325193.0,2325244.0,2325285.0,2325328.0,2325376.0,2325410.0,2325454.0,2325517.0,2325571.0,2325654.0,2325707.0,2325753.0,2325804.0,2325865.0,2325943.0,2325997.0,2326035
v2QsMYk0E-g,,,,,,,,,,,,,,,,,,,,,,,,,,,,,,,,,,,,,,,,,,,,,,,,,,,,,,,,,,1784.0,5856.0,9107.0,14055.0,18134.0,22483.0,29619.0,34021.0,37858.0,40600.0,44056.0,46827.0,49000.0,51065.0,53377.0,55592.0,57243.0,61109.0,63336.0,65447.0,67703.0,69522.0,71249.0,72681.0,74144.0,75163.0,76178.0,76978.0,77751.0,78327.0,79016.0,79705.0,80349.0,81013.0,81732.0,82371.0,82823.0,83501.0,84087.0,84744.0,85431.0,86074.0,86703.0,87491.0,88295.0,89020.0,89538.0,90161.0,90757.0,91310.0,91692.0,92112.0,92490.0,92882.0,93257.0,93617.0,94028.0,94312.0,94615.0,94915.0,95216.0,95609.0,96048.0,96762.0,97305.0,97989.0,98454.0,98984.0,99521.0,99995.0,100368.0,100662.0,101009.0,101449.0,101968.0,102374.0,102800.0,103234.0,103577.0,103959
yg-L2yCo9-I,,,,,,,,,,,,,,,,,,,,,,,,,,,,,,,,,,,,,,,,,,,,,,,,,,,,,,,,,,,701.0,2349.0,3765.0,4601.0,5538.0,6445.0,7243.0,8354.0,9612.0,10426.0,11235.0,11542.0,11844.0,12082.0,12335.0,12579.0,13040.0,13234.0,13429.0,13639.0,13775.0,13905.0,14023.0,14159.0,14256.0,14360.0,14454.0,14570.0,14667.0,14765.0,14858.0,14977.0,15059.0,15138.0,15230.0,15336.0,15456.0,15533.0,15597.0,15676.0,15768.0,15831.0,15901.0,15956.0,16005.0,16063.0,16117.0,16166.0,16221.0,16267.0,16316.0,16362.0,16423.0,16472.0,16522.0,16565.0,16602.0,16649.0,16683.0,16721.0,16763.0,16809.0,16864.0,17007.0,17089.0,17149.0,17199.0,17260.0,17300.0,17328.0,17357.0,17376.0,17405.0,17443.0,17465.0,17490.0,17518.0,17548.0,17583
v2bg-clO174,,,,,,,,,,,,,,,,,,,,,,,,,,,,,,,,,,,,,,,,,,,,,,,,,,,,,,,,,,,298.0,7162.0,15311.0,21163.0,29445.0,45011.0,62954.0,83127.0,98953.0,113384.0,126519.0,152598.0,195150.0,234826.0,273092.0,303239.0,342709.0,356351.0,367353.0,377879.0,387157.0,394934.0,402059.0,408473.0,414031.0,418982.0,423346.0,428312.0,432996.0,437962.0,442685.0,447239.0,451412.0,455314.0,458754.0,462245.0,465494.0,468515.0,470891.0,472075.0,473616.0,475084.0,476294.0,477533.0,478648.0,480073.0,481098.0,482297.0,483147.0,483878.0,484594.0,485571.0,486445.0,487326.0,488281.0,489020.0,489662.0,490281.0,491201.0,492030.0,493004.0,494199.0,495395.0,496463.0,497587.0,498822.0,500183.0,501371.0,502676.0,503604.0,504479.0,505396.0,506315.0,507237.0,508072.0,508894.0,509645.0,510278.0,510991
HkzNJOpraaY,,,,,,,,,,,,,,,,,,,,,,,,,,,,,,,,,,,,,,,,,,,,,,,,,,,,,,,,,,,652.0,1106.0,1654.0,2439.0,2970.0,3462.0,3878.0,4438.0,4554.0,4669.0,4746.0,4824.0,4948.0,5071.0,5156.0,5181.0,5297.0,5351.0,5415.0,5475.0,5518.0,5548.0,5595.0,5645.0,5701.0,5772.0,5835.0,5856.0,5887.0,5919.0,5941.0,5989.0,6007.0,6026.0,6048.0,6063.0,6093.0,6128.0,6161.0,6187.0,6228.0,6270.0,6315.0,6367.0,6403.0,6450.0,6491.0,6535.0,6560.0,6588.0,6615.0,6643.0,6658.0,6685.0,6721.0,6747.0,6779.0,6799.0,6815.0,6836.0,6854.0,6876.0,6889.0,6895.0,6918.0,6928.0,6949.0,6970.0,6997.0,7022.0,7045.0,7087.0,7135.0,7193.0,7257.0,7318.0,7371.0,7430.0,7484
YawOgI0Ha-c,,,,,,,,,,,,,,,,,,,,,,,,,,,,,,,,,,,,,,,,,,,,,,,,,,,,,,,,,,,7760.0,7924.0,8045.0,8144.0,8218.0,8302.0,8379.0,8457.0,8515.0,8605.0,8672.0,8734.0,8789.0,8858.0,8922.0,8961.0,9083.0,9139.0,9201.0,9264.0,9318.0,9352.0,9397.0,9446.0,9477.0,9523.0,9577.0,9614.0,9640.0,9668.0,9702.0,9748.0,9786.0,9823.0,9856.0,9892.0,9924.0,9962.0,10010.0,10044.0,10098.0,10132.0,10172.0,10227.0,10264.0,10314.0,10356.0,10401.0,10433.0,10467.0,10501.0,10543.0,10578.0,10608.0,10646.0,10686.0,10711.0,10745.0,10773.0,10814.0,10844.0,10875.0,10918.0,10960.0,11009.0,11036.0,11070.0,11125.0,11204.0,11252.0,11295.0,11366.0,11474.0,11645.0,11713.0,11801.0,11863.0,11926.0,11964
AEpCP4mHIVM,,,,,,,,,,,,,,,,,,,,,,,,,,,,,,,,,,,,,,,,,,,,,,,,,,,,,,,,,,,321.0,458.0,554.0,607.0,701.0,872.0,1030.0,1175.0,1358.0,1547.0,1762.0,1914.0,2115.0,2290.0,2350.0,2401.0,2541.0,2606.0,2677.0,2724.0,2772.0,2801.0,2836.0,2855.0,2879.0,2906.0,2939.0,2969.0,2992.0,3029.0,3045.0,3068.0,3100.0,3132.0,3158.0,3173.0,3190.0,3204.0,3219.0,3240.0,3264.0,3286.0,3293.0,3302.0,3317.0,3331.0,3352.0,3371.0,3390.0,3401.0,3409.0,3421.0,3430.0,3447.0,3466.0,3483.0,3497.0,3516.0,3529.0,3538.0,3557.0,3590.0,3606.0,3615.0,3626.0,3638.0,3650.0,3666.0,3684.0,3696.0,3710.0,3770.0,3855.0,3956.0,4031.0,4114.0,4169.0,4224.0,4273
VtudVe3Evlg,,,,,,,,,,,,,,,,,,,,,,,,,,,,,,,,,,,,,,,,,,,,,,,,,,,,,,,,,,,2273.0,3026.0,3869.0,4734.0,5425.0,6303.0,7353.0,8489.0,13950.0,15910.0,17426.0,18458.0,22650.0,24851.0,28119.0,29986.0,32819.0,34264.0,35786.0,37337.0,38502.0,40245.0,41597.0,42592.0,43406.0,44492.0,45581.0,46450.0,47089.0,47805.0,48400.0,49196.0,49920.0,50524.0,50974.0,51460.0,51810.0,52094.0,52392.0,52845.0,53284.0,53699.0,53994.0,54347.0,54585.0,54822.0,55168.0,55485.0,55724.0,55891.0,56097.0,56296.0,56499.0,56764.0,56994.0,57213.0,57406.0,57587.0,57771.0,57957.0,58157.0,58375.0,58599.0,58763.0,58990.0,59174.0,59375.0,59562.0,59804.0,59963.0,60108.0,60276.0,60384.0,60523.0,60658.0,60794.0,60971.0,61080.0,61261
dnL8tAmkZaU,,,,,,,,,,,,,,,,,,,,,,,,,,,,,,,,,,,,,,,,,,,,,,,,,,,,,,,,,,,,840704.0,1154598.0,1351613.0,1483673.0,1581054.0,1671016.0,1756808.0,1822608.0,1865267.0,1899655.0,1925924.0,1950720.0,1973482.0,2000711.0,2026383.0,2063296.0,2079129.0,2095988.0,2113388.0,2133694.0,2150750.0,2162699.0,2174983.0,2187301.0,2199480.0,2210271.0,2222052.0,2231792.0,2241420.0,2250966.0,2259446.0,2267961.0,2276798.0,2284548.0,2291591.0,2300895.0,2311011.0,2318990.0,2326288.0,2334323.0,2343699.0,2350862.0,2357031.0,2362535.0,2367834.0,2373573.0,2378942.0,2384975.0,2389889.0,2394041.0,2397932.0,2401581.0,2405198.0,2408922.0,2413118.0,2416901.0,2420209.0,2423417.0,2427047.0,2431108.0,2435987.0,2440737.0,2445319.0,2449459.0,2453887.0,2457870.0,2461900.0,2466342.0,2470323.0,2473550.0,2476709.0,2479684.0,2482510.0,2485368.0,2488490.0,2492452.0,2496517.0,2500369
RR7JKnCvKV8,,,,,,,,,,,,,,,,,,,,,,,,,,,,,,,,,,,,,,,,,,,,,,,,,,,,,,,,,,,,,3683.0,10896.0,30446.0,64758.0,118778.0,182901.0,271391.0,332843.0,334028.0,334967.0,336330.0,337564.0,338722.0,339636.0,340894.0,341453.0,342074.0,342593.0,343077.0,343624.0,344004.0,344430.0,344827.0,345148.0,345557.0,345959.0,346314.0,346688.0,347065.0,347491.0,347797.0,348129.0,348415.0,348688.0,348937.0,349214.0,349494.0,349811.0,350150.0,350462.0,350838.0,351137.0,351412.0,351684.0,351957.0,352214.0,352473.0,352697.0,352898.0,353077.0,353280.0,353433.0,353581.0,353791.0,353973.0,354128.0,354313.0,354474.0,354640.0,354786.0,354967.0,355114.0,355252.0,355380.0,355534.0,355670.0,355823.0,355902.0,356056.0,356144.0,356239.0,356358.0,356458.0,356563.0,356674.0,356812.0,356931
7nXd6qAFHRY,,,,,,,,,,,,,,,,,,,,,,,,,,,,,,,,,,,,,,,,,,,,,,,,,,,,,,,,,,,,,5079.0,8124.0,10172.0,12529.0,14636.0,16811.0,19302.0,22194.0,24334.0,25884.0,27477.0,28870.0,30253.0,31697.0,35972.0,37848.0,39771.0,41202.0,42540.0,43888.0,45633.0,46916.0,47992.0,48986.0,49841.0,50765.0,51512.0,52721.0,53724.0,54735.0,55529.0,56269.0,57016.0,57776.0,58926.0,59938.0,60910.0,61605.0,62269.0,62968.0,63806.0,64934.0,66037.0,67065.0,67955.0,68564.0,69039.0,69449.0,69975.0,70803.0,71296.0,71704.0,72178.0,72543.0,72906.0,73321.0,73679.0,74186.0,74534.0,75231.0,75647.0,75977.0,76405.0,76826.0,77285.0,77798.0,78287.0,78703.0,79017.0,79406.0,79799.0,80130.0,80572.0,80977.0,81290.0,81596.0,81892
Qw0GfFo_Rxw,,,,,,,,,,,,,,,,,,,,,,,,,,,,,,,,,,,,,,,,,,,,,,,,,,,,,,,,,,,,,12075.0,17804.0,21892.0,25248.0,27999.0,31387.0,34401.0,37012.0,39843.0,42194.0,44372.0,46418.0,48516.0,50476.0,54452.0,56370.0,58209.0,59962.0,61524.0,63114.0,64807.0,66550.0,68280.0,69969.0,71561.0,73076.0,74663.0,76522.0,78326.0,80072.0,81743.0,83135.0,85039.0,86801.0,88907.0,90926.0,92710.0,94375.0,95903.0,97275.0,98596.0,100080.0,101392.0,102652.0,103932.0,105172.0,106275.0,107326.0,108382.0,109446.0,110444.0,111464.0,112470.0,113407.0,114338.0,115382.0,116509.0,117437.0,118538.0,119412.0,120405.0,121280.0,122278.0,123180.0,124067.0,124981.0,125868.0,126663.0,127339.0,128175.0,129009.0,129686.0,130413.0,130998.0,131787.0,132346.0,133073
OGGGnYS_wZI,,,,,,,,,,,,,,,,,,,,,,,,,,,,,,,,,,,,,,,,,,,,,,,,,,,,,,,,,,,,,2179484.0,2180267.0,2180954.0,2181600.0,2182194.0,2182822.0,2183376.0,2183995.0,2184578.0,2185201.0,2185693.0,2186211.0,2186743.0,2187240.0,2188231.0,2188836.0,2189395.0,2190010.0,2190472.0,2190955.0,2191386.0,2191756.0,2192189.0,2192607.0,2193048.0,2193400.0,2193799.0,2194212.0,2194640.0,2195008.0,2195433.0,2195788.0,2196200.0,2196585.0,2196896.0,2197206.0,2197538.0,2197914.0,2198204.0,2198492.0,2198825.0,2199248.0,2199505.0,2199866.0,2200174.0,2200507.0,2200790.0,2201083.0,2201363.0,2201821.0,2202196.0,2202615.0,2202987.0,2203406.0,2203856.0,2204241.0,2204602.0,2204888.0,2205384.0,2205791.0,2206218.0,2206562.0,2206927.0,2207281.0,2207587.0,2207947.0,2208247.0,2208606.0,2208922.0,2209232.0,2209546.0,2209854.0,2210179.0,2210415.0,2210773.0,2211122.0,2211435
wO3A4sgFVKk,,,,,,,,,,,,,,,,,,,,,,,,,,,,,,,,,,,,,,,,,,,,,,,,,,,,,,,,,,,,,51268.0,52798.0,54302.0,55673.0,57439.0,59490.0,61372.0,63247.0,64895.0,66502.0,67964.0,69138.0,70493.0,71702.0,73570.0,74571.0,75465.0,76337.0,77297.0,78299.0,79159.0,80049.0,81010.0,81972.0,82965.0,83944.0,84757.0,85602.0,86258.0,87079.0,87738.0,88365.0,89007.0,89704.0,90250.0,90832.0,91388.0,91895.0,92334.0,92908.0,93338.0,93833.0,94372.0,95054.0,95694.0,96188.0,96787.0,97287.0,97794.0,98294.0,98761.0,99244.0,99757.0,100178.0,100555.0,100980.0,101390.0,101787.0,102166.0,102547.0,102903.0,103234.0,103536.0,103866.0,104163.0,104477.0,104779.0,105035.0,105298.0,105537.0,105830.0,106034.0,106318.0,106566.0,106861.0,107160.0,107516
xSx4g9c4yZU,,,,,,,,,,,,,,,,,,,,,,,,,,,,,,,,,,,,,,,,,,,,,,,,,,,,,,,,,,,,,,22518.0,22626.0,22762.0,22890.0,22985.0,23072.0,23187.0,23303.0,23443.0,23598.0,23766.0,23860.0,23949.0,24164.0,24287.0,24452.0,24578.0,24702.0,24823.0,24934.0,25044.0,25171.0,25322.0,25447.0,25615.0,25694.0,25795.0,25905.0,26008.0,26136.0,26280.0,26419.0,26519.0,26625.0,26746.0,26872.0,26967.0,27069.0,27193.0,27271.0,27398.0,27525.0,27641.0,27718.0,27791.0,27888.0,27941.0,28033.0,28140.0,28253.0,28372.0,28589.0,28745.0,28870.0,28992.0,29143.0,29331.0,29499.0,29607.0,29843.0,29986.0,30137.0,30261.0,30401.0,30550.0,30709.0,30850.0,30948.0,31081.0,31243.0,31406.0,31549.0,31686.0,31799.0,31886.0,31994
VseIEV6xl1c,,,,,,,,,,,,,,,,,,,,,,,,,,,,,,,,,,,,,,,,,,,,,,,,,,,,,,,,,,,,,,3748.0,3761.0,3786.0,3806.0,3818.0,3837.0,3860.0,3879.0,3916.0,3958.0,3979.0,3998.0,4006.0,4032.0,4048.0,4064.0,4074.0,4080.0,4092.0,4107.0,4115.0,4118.0,4122.0,4128.0,4137.0,4145.0,4150.0,4159.0,4166.0,4172.0,4177.0,4182.0,4193.0,4204.0,4212.0,4216.0,4225.0,4230.0,4235.0,4239.0,4245.0,4246.0,4250.0,4254.0,4257.0,4257.0,4258.0,4260.0,4264.0,4267.0,4268.0,4272.0,4275.0,4278.0,4279.0,4281.0,4286.0,4290.0,4298.0,4300.0,4302.0,4308.0,4313.0,4319.0,4321.0,4329.0,4337.0,4343.0,4354.0,4373.0,4380.0,4387.0,4392.0,4398.0,4403.0,4412
qDpEcO1hlZE,,,,,,,,,,,,,,,,,,,,,,,,,,,,,,,,,,,,,,,,,,,,,,,,,,,,,,,,,,,,,,939009.0,952305.0,965343.0,977543.0,988627.0,998237.0,1008618.0,1019300.0,1030361.0,1040856.0,1051389.0,1061015.0,1069528.0,1089968.0,1099792.0,1110034.0,1120086.0,1129054.0,1137512.0,1145795.0,1154628.0,1163246.0,1171362.0,1179098.0,1186276.0,1192250.0,1199115.0,1206582.0,1214219.0,1221943.0,1229217.0,1236179.0,1242802.0,1249627.0,1257482.0,1265006.0,1271963.0,1279745.0,1287929.0,1295248.0,1303007.0,1311161.0,1319421.0,1327443.0,1335210.0,1342314.0,1348754.0,1355468.0,1362645.0,1369753.0,1377204.0,1385007.0,1392003.0,1398419.0,1405389.0,1412820.0,1420358.0,1427732.0,1434971.0,1441281.0,1446901.0,1453233.0,1459998.0,1466910.0,1473860.0,1480319.0,1486876.0,1493463.0,1502019.0,1512701.0,1523580.0,1533863.0,1543749.0,1552419.0,1559632.0,1567043
pAgRuO6h7OE,,,,,,,,,,,,,,,,,,,,,,,,,,,,,,,,,,,,,,,,,,,,,,,,,,,,,,,,,,,,,,4273360.0,4273996.0,4274585.0,4275193.0,4275844.0,4276427.0,4276980.0,4277480.0,4285634.0,4296838.0,4305577.0,4309730.0,4312485.0,4315919.0,4317528.0,4318836.0,4319826.0,4320764.0,4321744.0,4322599.0,4323414.0,4324193.0,4324797.0,4325430.0,4326092.0,4326739.0,4327343.0,4327946.0,4328575.0,4329161.0,4329757.0,4330389.0,4330986.0,4331623.0,4332086.0,4332578.0,4333079.0,4333560.0,4333988.0,4334565.0,4335065.0,4335549.0,4335969.0,4336363.0,4336687.0,4337128.0,4337563.0,4337912.0,4338363.0,4338821.0,4339197.0,4339547.0,4339898.0,4340305.0,4340653.0,4341027.0,4341367.0,4341740.0,4342108.0,4342487.0,4342841.0,4343193.0,4343523.0,4343777.0,4343985.0,4344250.0,4344502.0,4344758.0,4345049.0,4345305.0,4345663.0,4345974.0,4346467.0,4346899.0,4347305.0,4347981
4quKTg17A94,,,,,,,,,,,,,,,,,,,,,,,,,,,,,,,,,,,,,,,,,,,,,,,,,,,,,,,,,,,,,,87228.0,87937.0,88533.0,89174.0,89782.0,90316.0,90815.0,91370.0,91920.0,92488.0,93027.0,93583.0,94132.0,95077.0,95526.0,96027.0,96522.0,97006.0,97475.0,97901.0,98436.0,98910.0,99386.0,99850.0,100366.0,100832.0,101228.0,101627.0,102075.0,102498.0,102857.0,103327.0,103734.0,104132.0,104561.0,104942.0,105335.0,105673.0,106017.0,106335.0,106717.0,107067.0,107348.0,107643.0,107976.0,108287.0,108653.0,108942.0,109276.0,109603.0,109967.0,110296.0,110618.0,110956.0,111288.0,111608.0,111912.0,112222.0,112573.0,112900.0,113228.0,113516.0,113852.0,114212.0,114513.0,114870.0,115199.0,115551.0,115859.0,116217.0,116555.0,116866.0,117217.0,117570.0,117882.0,118221
obqsSgY4oU8,,,,,,,,,,,,,,,,,,,,,,,,,,,,,,,,,,,,,,,,,,,,,,,,,,,,,,,,,,,,,,1340985.0,1342844.0,1355300.0,1363504.0,1368146.0,1371588.0,1374066.0,1376062.0,1378341.0,1381229.0,1383884.0,1386260.0,1388438.0,1391784.0,1393476.0,1395155.0,1396764.0,1398346.0,1399893.0,1401423.0,1402787.0,1404253.0,1405583.0,1406850.0,1408515.0,1410253.0,1411798.0,1413307.0,1414752.0,1416123.0,1417592.0,1419057.0,1420634.0,1422151.0,1423768.0,1425604.0,1427183.0,1428653.0,1429962.0,1431276.0,1432451.0,1433536.0,1434580.0,1435673.0,1436636.0,1437687.0,1438740.0,1439684.0,1440812.0,1441876.0,1442877.0,1443782.0,1444797.0,1445834.0,1446844.0,1447862.0,1448846.0,1449832.0,1450798.0,1451758.0,1452674.0,1453512.0,1454377.0,1455099.0,1455838.0,1456571.0,1457384.0,1458165.0,1458924.0,1459721.0,1460516.0,1461285.0,1462312.0,1463150.0,1464099.0,1465249
1dhp-wdsyGY,,,,,,,,,,,,,,,,,,,,,,,,,,,,,,,,,,,,,,,,,,,,,,,,,,,,,,,,,,,,,,15746.0,16002.0,16201.0,16416.0,16662.0,16806.0,17062.0,17301.0,17650.0,17970.0,18230.0,18436.0,18611.0,19086.0,19329.0,19595.0,19812.0,20020.0,20213.0,20467.0,20704.0,20964.0,21270.0,21601.0,22021.0,22378.0,22758.0,23079.0,23338.0,23618.0,23899.0,24159.0,24406.0,24642.0,24990.0,25219.0,25473.0,25756.0,26034.0,26279.0,26622.0,26990.0,27292.0,27517.0,27789.0,28024.0,28243.0,28564.0,28829.0,29113.0,29321.0,29597.0,29855.0,30051.0,30273.0,30483.0,30759.0,31063.0,31322.0,31604.0,31781.0,32030.0,32260.0,32539.0,32814.0,33099.0,33302.0,33471.0,33732.0,33956.0,34212.0,34423.0,34657.0,34824.0,34980.0,35162
pe3EWBY7SIc,,,,,,,,,,,,,,,,,,,,,,,,,,,,,,,,,,,,,,,,,,,,,,,,,,,,,,,,,,,,,,164757.0,705999.0,1506718.0,1640384.0,1722407.0,1775796.0,1819219.0,1854632.0,1879134.0,1901316.0,1920666.0,1938103.0,1953877.0,1983026.0,1996968.0,2012037.0,2028408.0,2054932.0,2082111.0,2110286.0,2139995.0,2170175.0,2199694.0,2214985.0,2225066.0,2233206.0,2241752.0,2249889.0,2258396.0,2266849.0,2274721.0,2282028.0,2288862.0,2295402.0,2301799.0,2307880.0,2313821.0,2319604.0,2325460.0,2331078.0,2336902.0,2342276.0,2347310.0,2352426.0,2357102.0,2361820.0,2366855.0,2371409.0,2376136.0,2380490.0,2384854.0,2388925.0,2393109.0,2396981.0,2400782.0,2404310.0,2407999.0,2412164.0,2417134.0,2421870.0,2426137.0,2430145.0,2434360.0,2438050.0,2441973.0,2446223.0,2451243.0,2456236.0,2460899.0,2465217.0,2469465.0,2473793.0,2478006.0,2481963.0,2485666.0,2489332
cQESe4Jc0rE,,,,,,,,,,,,,,,,,,,,,,,,,,,,,,,,,,,,,,,,,,,,,,,,,,,,,,,,,,,,,,419994.0,2129586.0,3999908.0,5843943.0,7833320.0,9967640.0,11911729.0,13815303.0,15913018.0,17942624.0,19942696.0,22003732.0,23586667.0,23589095.0,23592459.0,23595877.0,23598789.0,23601141.0,23603781.0,23607710.0,23616600.0,23619678.0,23650079.0,23658166.0,23689157.0,23690444.0,23691773.0,23693011.0,23694292.0,23695675.0,23696855.0,23698073.0,23699198.0,23700292.0,23701405.0,23702396.0,23703332.0,23704230.0,23705172.0,23706099.0,23706941.0,23708749.0,23713934.0,23714975.0,23715671.0,23716441.0,23717282.0,23718083.0,23718794.0,23719397.0,23720005.0,23720617.0,23721277.0,23721947.0,23722563.0,23723107.0,23723653.0,23724171.0,23724745.0,23725280.0,23725845.0,23726340.0,23726753.0,23727238.0,23727647.0,23728058.0,23728474.0,23728894.0,23729289.0,23729665.0,23730044.0,23730509.0,23731000.0,23731488.0,23731974.0,23732558
w7oZ9zoBemM,,,,,,,,,,,,,,,,,,,,,,,,,,,,,,,,,,,,,,,,,,,,,,,,,,,,,,,,,,,,,,3199423.0,3227084.0,3255274.0,3285366.0,3319535.0,3350759.0,3378224.0,3403442.0,3431322.0,3458301.0,3483606.0,3511042.0,3536407.0,3585951.0,3613225.0,3641199.0,3675507.0,3709125.0,3737119.0,3761054.0,3785228.0,3809577.0,3833482.0,3857042.0,3881096.0,3902730.0,3922726.0,3943040.0,3963929.0,3985031.0,4004962.0,4024455.0,4043905.0,4062764.0,4081059.0,4098564.0,4115535.0,4132182.0,4149428.0,4166198.0,4180918.0,4194871.0,4208871.0,4223395.0,4238674.0,4255113.0,4271190.0,4286222.0,4300303.0,4314719.0,4330689.0,4346965.0,4363593.0,4380347.0,4396503.0,4412384.0,4428557.0,4445049.0,4461851.0,4477060.0,4491469.0,4505577.0,4519015.0,4531355.0,4543566.0,4556558.0,4569895.0,4583423.0,4596494.0,4609195.0,4621881.0,4635355.0,4648061.0,4661732.0,4674743.0,4687312
VMJZi579yRA,,,,,,,,,,,,,,,,,,,,,,,,,,,,,,,,,,,,,,,,,,,,,,,,,,,,,,,,,,,,,,2444645.0,2454598.0,2482785.0,2498238.0,2514005.0,2514134.0,2514850.0,2515266.0,2516029.0,2516674.0,2517301.0,2518009.0,2518672.0,2520057.0,2520727.0,2521459.0,2522129.0,2522678.0,2523391.0,2524092.0,2524805.0,2525414.0,2526005.0,2526665.0,2527287.0,2527859.0,2528530.0,2529193.0,2529734.0,2530226.0,2530771.0,2531229.0,2531704.0,2532158.0,2532670.0,2533170.0,2533677.0,2534041.0,2534362.0,2534710.0,2535197.0,2535525.0,2535877.0,2536228.0,2536553.0,2536928.0,2537235.0,2537543.0,2537844.0,2538177.0,2538438.0,2538754.0,2539025.0,2539306.0,2539541.0,2539811.0,2540093.0,2540345.0,2540600.0,2540861.0,2541134.0,2541455.0,2541694.0,2541951.0,2542198.0,2542409.0,2542614.0,2542911.0,2543132.0,2543338.0,2543561.0,2543737.0,2544017.0,2544202.0,2544447.0,2544671
j-KceXc9xYE,,,,,,,,,,,,,,,,,,,,,,,,,,,,,,,,,,,,,,,,,,,,,,,,,,,,,,,,,,,,,,224867.0,225564.0,226238.0,226959.0,227563.0,228125.0,228775.0,229404.0,230038.0,230556.0,231119.0,231634.0,232196.0,233307.0,233739.0,234178.0,234643.0,235152.0,235524.0,236019.0,236461.0,236961.0,237394.0,237858.0,238293.0,238667.0,239060.0,239579.0,240062.0,240461.0,240967.0,241405.0,241812.0,242236.0,242749.0,243214.0,243628.0,244096.0,244558.0,244928.0,245340.0,245717.0,246071.0,246428.0,246787.0,247111.0,247450.0,247794.0,248119.0,248445.0,248754.0,249073.0,249346.0,249617.0,249977.0,250273.0,250578.0,250857.0,251161.0,251530.0,251867.0,252183.0,252516.0,252840.0,253123.0,253550.0,253919.0,254268.0,254558.0,254853.0,255174.0,255474.0,255817.0,256169.0,256431.0,256707
C-6VN7S6QDc,,,,,,,,,,,,,,,,,,,,,,,,,,,,,,,,,,,,,,,,,,,,,,,,,,,,,,,,,,,,,,754835.0,759815.0,764880.0,770268.0,774922.0,779090.0,784482.0,788850.0,793478.0,798126.0,802378.0,806040.0,809349.0,818152.0,822423.0,826670.0,830634.0,834088.0,837418.0,841317.0,845268.0,849212.0,852790.0,856681.0,860045.0,862483.0,866137.0,869712.0,873302.0,876775.0,880017.0,882893.0,885787.0,889655.0,893665.0,897424.0,901031.0,905193.0,908709.0,911756.0,915938.0,920749.0,925443.0,930364.0,936109.0,942770.0,949006.0,956101.0,962398.0,968518.0,974466.0,980676.0,986151.0,990975.0,997100.0,1003741.0,1011285.0,1019260.0,1025559.0,1031138.0,1035756.0,1041317.0,1046408.0,1051641.0,1057005.0,1063577.0,1068390.0,1073299.0,1078961.0,1084651.0,1089986.0,1094887.0,1099979.0,1104337.0,1108154.0,1112519
--O5u5ln6-8,,,,,,,,,,,,,,,,,,,,,,,,,,,,,,,,,,,,,,,,,,,,,,,,,,,,,,,,,,,,,,72753.0,73185.0,73599.0,74020.0,74745.0,75388.0,75862.0,76163.0,76592.0,76899.0,77358.0,77953.0,78406.0,79359.0,79779.0,80290.0,80782.0,81438.0,82081.0,82571.0,82987.0,83339.0,83755.0,84256.0,84794.0,85326.0,85789.0,86132.0,86466.0,86759.0,87096.0,87583.0,88061.0,88394.0,88748.0,89088.0,89316.0,89769.0,90208.0,90635.0,90973.0,91272.0,91610.0,91927.0,92295.0,92676.0,93103.0,93382.0,93653.0,93938.0,94336.0,94679.0,95152.0,95592.0,95956.0,96349.0,96714.0,97078.0,97610.0,98120.0,98646.0,99022.0,99568.0,99886.0,100186.0,100514.0,100909.0,101248.0,101547.0,101817.0,102084.0,102345.0,102621.0,103005.0,103438.0,103710
oz25mlh1OS0,,,,,,,,,,,,,,,,,,,,,,,,,,,,,,,,,,,,,,,,,,,,,,,,,,,,,,,,,,,,,,7968.0,8059.0,8136.0,8223.0,8303.0,8382.0,8449.0,8504.0,8571.0,8654.0,8769.0,8886.0,8961.0,9086.0,9144.0,9197.0,9237.0,9274.0,9313.0,9351.0,9379.0,9416.0,9456.0,9485.0,9520.0,9555.0,9592.0,9634.0,9657.0,9676.0,9716.0,9748.0,9801.0,9836.0,9875.0,9925.0,9959.0,9995.0,10030.0,10065.0,10091.0,10110.0,10140.0,10161.0,10199.0,10232.0,10261.0,10292.0,10316.0,10352.0,10382.0,10406.0,10455.0,10493.0,10539.0,10582.0,10616.0,10638.0,10683.0,10732.0,10773.0,10802.0,10835.0,10855.0,10882.0,10906.0,10936.0,10974.0,11008.0,11052.0,11082.0,11124.0,11166.0,11198.0,11239.0,11291
i_05y4X_yF0,,,,,,,,,,,,,,,,,,,,,,,,,,,,,,,,,,,,,,,,,,,,,,,,,,,,,,,,,,,,,,178038.0,178628.0,179189.0,179725.0,180348.0,180941.0,181598.0,186057.0,190184.0,196468.0,204493.0,209387.0,213201.0,219602.0,222841.0,225557.0,229755.0,233116.0,237673.0,245511.0,252688.0,256889.0,260430.0,264382.0,267620.0,267866.0,268146.0,268396.0,268624.0,268859.0,269064.0,269235.0,271647.0,273531.0,276680.0,279898.0,282248.0,284273.0,287634.0,291786.0,294801.0,296996.0,299393.0,301591.0,303705.0,305954.0,307672.0,309645.0,311542.0,312786.0,314168.0,315738.0,317132.0,318426.0,321762.0,325604.0,331905.0,336400.0,336947.0,337230.0,337498.0,341806.0,346649.0,352411.0,357669.0,365514.0,371401.0,377635.0,386025.0,386663.0,386896.0,387194.0,396264.0,410627.0,420457.0,430577
SERjkTtiKe8,,,,,,,,,,,,,,,,,,,,,,,,,,,,,,,,,,,,,,,,,,,,,,,,,,,,,,,,,,,,,,97341.0,97618.0,97880.0,98227.0,98542.0,98845.0,99053.0,99242.0,99373.0,99524.0,99665.0,99822.0,99950.0,100213.0,100360.0,100501.0,100629.0,100772.0,100931.0,101039.0,101146.0,101260.0,101344.0,101440.0,101533.0,101641.0,101738.0,101834.0,101931.0,102041.0,102131.0,102211.0,102308.0,102405.0,102490.0,102564.0,102651.0,102746.0,102839.0,102912.0,103006.0,103101.0,103162.0,103222.0,103295.0,103376.0,103467.0,103536.0,103627.0,103712.0,103782.0,103849.0,103935.0,104010.0,104061.0,104117.0,104184.0,104241.0,104312.0,104368.0,104426.0,104482.0,104522.0,104559.0,104607.0,104647.0,104701.0,104753.0,104789.0,104838.0,104872.0,104910.0,105000.0,105047.0,105103.0,105157
bIuQqKZge7c,,,,,,,,,,,,,,,,,,,,,,,,,,,,,,,,,,,,,,,,,,,,,,,,,,,,,,,,,,,,,,10067.0,10081.0,10091.0,10103.0,10124.0,10145.0,10163.0,10170.0,10182.0,10192.0,10208.0,10224.0,10250.0,10279.0,10290.0,10303.0,10325.0,10345.0,10369.0,10388.0,10402.0,10409.0,10417.0,10421.0,10429.0,10441.0,10444.0,10457.0,10459.0,10472.0,10478.0,10505.0,10516.0,10532.0,10562.0,10573.0,10584.0,10596.0,10633.0,10659.0,10672.0,10685.0,10702.0,10708.0,10713.0,10730.0,10738.0,10758.0,10772.0,10788.0,10798.0,10814.0,10826.0,10836.0,10840.0,10847.0,10856.0,10861.0,10871.0,10888.0,10898.0,10908.0,10921.0,10928.0,10949.0,10970.0,10992.0,11004.0,11028.0,11042.0,11062.0,11077.0,11096.0,11113.0,11140.0,11148
j-lMql36j8c,,,,,,,,,,,,,,,,,,,,,,,,,,,,,,,,,,,,,,,,,,,,,,,,,,,,,,,,,,,,,,105141.0,105497.0,105904.0,106246.0,106583.0,106963.0,107246.0,107571.0,107978.0,108429.0,108917.0,109384.0,109834.0,110681.0,111069.0,111558.0,111958.0,112427.0,112877.0,113285.0,113742.0,114229.0,114596.0,115027.0,115499.0,115870.0,116362.0,116874.0,117262.0,117793.0,118236.0,118616.0,119075.0,119552.0,119931.0,120212.0,120654.0,121034.0,121408.0,121782.0,122158.0,122484.0,122801.0,123077.0,123442.0,123792.0,124103.0,124421.0,124692.0,124960.0,125227.0,125486.0,125742.0,126087.0,126319.0,126649.0,126937.0,127211.0,127453.0,127797.0,128019.0,128323.0,128576.0,128842.0,129069.0,129287.0,129600.0,129852.0,130145.0,130386.0,130605.0,130915.0,131194.0,131464.0,131685.0,131907
_zHsVAmk3kI,,,,,,,,,,,,,,,,,,,,,,,,,,,,,,,,,,,,,,,,,,,,,,,,,,,,,,,,,,,,,,16692.0,16841.0,16980.0,17084.0,17246.0,17348.0,17472.0,17619.0,17768.0,17883.0,18020.0,18153.0,18281.0,18642.0,18822.0,18984.0,19122.0,19206.0,19335.0,19457.0,19552.0,19644.0,19777.0,19885.0,19961.0,20029.0,20118.0,20202.0,20304.0,20403.0,20498.0,20596.0,20680.0,20780.0,20898.0,21007.0,21162.0,21288.0,21429.0,21569.0,21722.0,21887.0,22051.0,22177.0,22286.0,22389.0,22473.0,22564.0,22647.0,22726.0,22803.0,22910.0,22985.0,23056.0,23128.0,23238.0,23334.0,23422.0,23508.0,23584.0,23653.0,23723.0,23814.0,23924.0,24048.0,24149.0,24226.0,24318.0,24423.0,24542.0,24695.0,24783.0,24904.0,25028.0,25180.0,25357
zmAs8oS3_bw,,,,,,,,,,,,,,,,,,,,,,,,,,,,,,,,,,,,,,,,,,,,,,,,,,,,,,,,,,,,,,2154.0,2162.0,2179.0,2194.0,2203.0,2216.0,2225.0,2234.0,2242.0,2252.0,2265.0,2279.0,2285.0,2302.0,2309.0,2317.0,2323.0,2332.0,2336.0,2347.0,2350.0,2354.0,2357.0,2366.0,2371.0,2372.0,2376.0,2379.0,2388.0,2391.0,2391.0,2392.0,2394.0,2396.0,2403.0,2406.0,2408.0,2414.0,2415.0,2416.0,2419.0,2421.0,2427.0,2429.0,2428.0,2430.0,2434.0,2436.0,2441.0,2446.0,2448.0,2451.0,2451.0,2452.0,2452.0,2458.0,2460.0,2461.0,2463.0,2466.0,2466.0,2467.0,2470.0,2470.0,2471.0,2472.0,2474.0,2475.0,2476.0,2477.0,2479.0,2481.0,2483.0,2484.0,2485.0,2484
QwZz22c7GqE,,,,,,,,,,,,,,,,,,,,,,,,,,,,,,,,,,,,,,,,,,,,,,,,,,,,,,,,,,,,,,639.0,733.0,831.0,982.0,1118.0,1295.0,1491.0,1729.0,1813.0,1851.0,1929.0,2015.0,2101.0,2417.0,2553.0,2743.0,2903.0,3036.0,3215.0,3377.0,3541.0,3726.0,3935.0,4135.0,4328.0,4446.0,4643.0,4829.0,5027.0,5151.0,5279.0,5408.0,5511.0,5591.0,5687.0,5751.0,5849.0,5942.0,6143.0,6207.0,6253.0,6287.0,6336.0,6367.0,6399.0,6426.0,6451.0,6484.0,6507.0,6542.0,6566.0,6592.0,6621.0,6644.0,6672.0,6696.0,6733.0,6766.0,6805.0,6819.0,6838.0,6875.0,6904.0,6942.0,6976.0,7020.0,7046.0,7077.0,7123.0,7164.0,7218.0,7266.0,7317.0,7348.0,7372.0,7430
2tSb1qUnOy0,,,,,,,,,,,,,,,,,,,,,,,,,,,,,,,,,,,,,,,,,,,,,,,,,,,,,,,,,,,,,,195236.0,196451.0,197819.0,199154.0,200232.0,201340.0,202330.0,203527.0,204590.0,205731.0,206894.0,208063.0,209103.0,211315.0,212462.0,213383.0,214489.0,215464.0,216367.0,217381.0,218387.0,219292.0,220159.0,220861.0,221746.0,222441.0,223212.0,224008.0,224807.0,225605.0,226416.0,227127.0,227784.0,228421.0,229269.0,230013.0,230583.0,231255.0,231753.0,232251.0,232803.0,233286.0,233917.0,234421.0,234987.0,235420.0,235903.0,236343.0,236877.0,237404.0,237893.0,238339.0,238747.0,239138.0,239615.0,240071.0,240508.0,240998.0,241386.0,241746.0,242080.0,242516.0,242877.0,243240.0,243673.0,244019.0,244372.0,244651.0,245014.0,245411.0,245809.0,246148.0,246533.0,246908.0,247261.0,247618
LWCQQVqKGbU,,,,,,,,,,,,,,,,,,,,,,,,,,,,,,,,,,,,,,,,,,,,,,,,,,,,,,,,,,,,,,16064.0,16216.0,16237.0,16369.0,16522.0,16662.0,16718.0,16791.0,16912.0,17002.0,17126.0,17172.0,17249.0,17424.0,17499.0,17592.0,17677.0,17785.0,17884.0,17979.0,18096.0,18231.0,18346.0,18467.0,18591.0,18698.0,18813.0,18907.0,18981.0,19064.0,19149.0,19234.0,19310.0,19401.0,19498.0,19602.0,19687.0,19787.0,19860.0,19923.0,19990.0,20064.0,20181.0,20270.0,20377.0,20485.0,20606.0,20734.0,20844.0,20933.0,21018.0,21109.0,21172.0,21248.0,21310.0,21390.0,21477.0,21588.0,21737.0,22209.0,22461.0,22675.0,22864.0,23071.0,23249.0,23359.0,23466.0,23611.0,23717.0,23847.0,23936.0,24011.0,24095.0,24186.0,24273.0,24341
zmAedelGSu0,,,,,,,,,,,,,,,,,,,,,,,,,,,,,,,,,,,,,,,,,,,,,,,,,,,,,,,,,,,,,,270527.0,273075.0,275397.0,277528.0,279313.0,280777.0,282442.0,284330.0,285936.0,287673.0,288981.0,290297.0,291485.0,294023.0,295351.0,296511.0,297803.0,299053.0,300319.0,301568.0,302789.0,303777.0,304749.0,305784.0,306697.0,307376.0,308199.0,309167.0,309986.0,310827.0,311907.0,312628.0,313372.0,314238.0,315171.0,316534.0,318889.0,320974.0,323237.0,324257.0,325537.0,328135.0,330415.0,332686.0,333577.0,333727.0,333316.0,333059.0,333198.0,333518.0,333860.0,333742.0,333670.0,333674.0,334416.0,335210.0,336035.0,336927.0,338160.0,339739.0,341924.0,343321.0,344380.0,345529.0,346782.0,348097.0,349311.0,350347.0,351674.0,353202.0,354923.0,356462.0,358035.0,359333.0,360389.0,361425
lyQeRW9_D64,,,,,,,,,,,,,,,,,,,,,,,,,,,,,,,,,,,,,,,,,,,,,,,,,,,,,,,,,,,,,,33514.0,34017.0,34450.0,34880.0,35312.0,35630.0,36026.0,36315.0,36614.0,36881.0,37163.0,37402.0,37603.0,38129.0,38370.0,38559.0,38792.0,38964.0,39150.0,39356.0,39541.0,39707.0,39868.0,40055.0,40217.0,40361.0,40515.0,40710.0,40864.0,41024.0,41167.0,41289.0,41400.0,41500.0,41603.0,41693.0,41782.0,41887.0,41952.0,42038.0,42118.0,42202.0,42294.0,42375.0,42462.0,42545.0,42638.0,42722.0,42804.0,42912.0,42977.0,43054.0,43117.0,43170.0,43246.0,43284.0,43361.0,43420.0,43489.0,43561.0,43612.0,43681.0,43745.0,43822.0,43872.0,43923.0,43973.0,44044.0,44087.0,44143.0,44191.0,44237.0,44314.0,44349.0,44393.0,44455
M77LOyP41N8,,,,,,,,,,,,,,,,,,,,,,,,,,,,,,,,,,,,,,,,,,,,,,,,,,,,,,,,,,,,,,23847.0,24144.0,24605.0,25128.0,25496.0,25759.0,25913.0,25937.0,25878.0,25825.0,25987.0,26128.0,26250.0,26511.0,26652.0,26782.0,26908.0,27022.0,27110.0,27228.0,27342.0,27445.0,27549.0,27624.0,27719.0,27785.0,27889.0,27982.0,28075.0,28248.0,28394.0,28475.0,28553.0,28655.0,28739.0,28826.0,28920.0,29007.0,29103.0,29197.0,29309.0,29390.0,29524.0,29595.0,29675.0,29756.0,29844.0,29923.0,29996.0,30052.0,30131.0,30184.0,30270.0,30353.0,30429.0,30500.0,30569.0,30628.0,30664.0,30696.0,30728.0,30763.0,30805.0,30846.0,30887.0,30914.0,30947.0,30980.0,31020.0,31045.0,31059.0,31096.0,31121.0,31144.0,31163.0,31192
S15aSoTZT2g,,,,,,,,,,,,,,,,,,,,,,,,,,,,,,,,,,,,,,,,,,,,,,,,,,,,,,,,,,,,,,23715.0,23821.0,23938.0,24049.0,24183.0,24303.0,24417.0,24515.0,24596.0,24703.0,24776.0,24881.0,24978.0,25179.0,25284.0,25353.0,25426.0,25495.0,25584.0,25685.0,25748.0,25833.0,25899.0,25964.0,26055.0,26120.0,26185.0,26255.0,26331.0,26394.0,26465.0,26526.0,26593.0,26662.0,26750.0,26806.0,26876.0,26964.0,27047.0,27134.0,27244.0,27293.0,27358.0,27429.0,27488.0,27571.0,27661.0,27726.0,27801.0,27872.0,27913.0,27984.0,28067.0,28133.0,28190.0,28257.0,28324.0,28394.0,28479.0,28580.0,28654.0,28729.0,28800.0,28852.0,28917.0,28987.0,29035.0,29100.0,29155.0,29214.0,29277.0,29338.0,29410.0,29478.0,29565.0,29630
lp8Y7q9yr74,,,,,,,,,,,,,,,,,,,,,,,,,,,,,,,,,,,,,,,,,,,,,,,,,,,,,,,,,,,,,,1110.0,1117.0,1123.0,1131.0,1144.0,1153.0,1159.0,1169.0,1174.0,1179.0,1183.0,1186.0,1190.0,1197.0,1201.0,1204.0,1207.0,1209.0,1210.0,1210.0,1216.0,1222.0,1251.0,1273.0,1288.0,1296.0,1299.0,1309.0,1313.0,1322.0,1332.0,1338.0,1339.0,1341.0,1345.0,1348.0,1351.0,1353.0,1356.0,1358.0,1361.0,1362.0,1363.0,1368.0,1369.0,1371.0,1376.0,1377.0,1378.0,1383.0,1387.0,1387.0,1390.0,1393.0,1394.0,1395.0,1401.0,1407.0,1411.0,1414.0,1419.0,1424.0,1424.0,1424.0,1425.0,1427.0,1433.0,1434.0,1434.0,1434.0,1435.0,1438.0,1440.0,1442.0,1445.0,1448
gfXAQnuIW_M,,,,,,,,,,,,,,,,,,,,,,,,,,,,,,,,,,,,,,,,,,,,,,,,,,,,,,,,,,,,,,606.0,608.0,620.0,629.0,635.0,652.0,661.0,668.0,673.0,676.0,680.0,690.0,696.0,705.0,707.0,714.0,718.0,738.0,740.0,743.0,748.0,752.0,754.0,762.0,762.0,765.0,769.0,773.0,781.0,782.0,784.0,786.0,788.0,790.0,791.0,794.0,794.0,796.0,800.0,801.0,801.0,805.0,806.0,808.0,809.0,811.0,811.0,811.0,811.0,814.0,814.0,815.0,816.0,826.0,827.0,831.0,831.0,832.0,832.0,835.0,836.0,840.0,848.0,850.0,856.0,861.0,865.0,869.0,875.0,880.0,882.0,884.0,884.0,886.0,888.0,888
7Nm3ZFOlKik,,,,,,,,,,,,,,,,,,,,,,,,,,,,,,,,,,,,,,,,,,,,,,,,,,,,,,,,,,,,,,301.0,302.0,304.0,304.0,304.0,309.0,309.0,310.0,310.0,310.0,311.0,313.0,316.0,317.0,318.0,318.0,320.0,320.0,321.0,321.0,322.0,323.0,327.0,328.0,332.0,333.0,338.0,339.0,339.0,342.0,344.0,345.0,346.0,347.0,349.0,349.0,349.0,351.0,351.0,351.0,351.0,352.0,352.0,353.0,354.0,354.0,355.0,355.0,356.0,357.0,357.0,360.0,363.0,364.0,364.0,365.0,365.0,365.0,366.0,367.0,367.0,367.0,367.0,370.0,373.0,374.0,376.0,376.0,377.0,377.0,378.0,379.0,383.0,385.0,385.0,385
CTrgQ1U0EKA,,,,,,,,,,,,,,,,,,,,,,,,,,,,,,,,,,,,,,,,,,,,,,,,,,,,,,,,,,,,,,27014.0,27271.0,27508.0,27771.0,28067.0,28283.0,28449.0,28636.0,28823.0,29052.0,29212.0,29399.0,29578.0,29971.0,30109.0,30295.0,30464.0,30685.0,30873.0,31020.0,31200.0,31368.0,31531.0,31743.0,31910.0,32085.0,32261.0,32465.0,32622.0,32808.0,32983.0,33137.0,33321.0,33464.0,33651.0,33851.0,34010.0,34143.0,34326.0,34486.0,34705.0,34884.0,35088.0,35284.0,35510.0,35711.0,35870.0,36052.0,36246.0,36438.0,36631.0,36823.0,37079.0,37344.0,37513.0,37746.0,38096.0,38333.0,38593.0,38827.0,39019.0,39232.0,39415.0,39708.0,39950.0,40163.0,40353.0,40587.0,40815.0,41116.0,41406.0,41689.0,42013.0,42412.0,42708.0,42967
npOGe6j5V9E,,,,,,,,,,,,,,,,,,,,,,,,,,,,,,,,,,,,,,,,,,,,,,,,,,,,,,,,,,,,,,101500.0,102400.0,103307.0,104032.0,104638.0,105182.0,105736.0,106339.0,107022.0,107724.0,108871.0,109681.0,110289.0,111835.0,112590.0,113469.0,114171.0,114872.0,115524.0,116164.0,116841.0,117461.0,118012.0,118649.0,119117.0,119644.0,120288.0,120942.0,121547.0,122188.0,122771.0,123157.0,123579.0,124052.0,124467.0,124947.0,125376.0,125796.0,126209.0,126527.0,126891.0,127401.0,127885.0,128362.0,128817.0,129201.0,129566.0,129921.0,130255.0,130586.0,130916.0,131236.0,131564.0,131767.0,132124.0,132443.0,132765.0,133106.0,133458.0,133757.0,133983.0,134262.0,134572.0,134974.0,135327.0,135786.0,136121.0,136437.0,136783.0,137163.0,137517.0,137947.0,138539.0,138920.0,139233.0,139567
WLcuwy8wx80,,,,,,,,,,,,,,,,,,,,,,,,,,,,,,,,,,,,,,,,,,,,,,,,,,,,,,,,,,,,,,6206.0,6333.0,6466.0,6598.0,6758.0,6883.0,7060.0,7209.0,7364.0,7526.0,7672.0,7789.0,7902.0,8151.0,8318.0,8477.0,8606.0,8674.0,8762.0,8899.0,9003.0,9137.0,9246.0,9342.0,9411.0,9511.0,9585.0,9659.0,9745.0,9829.0,9892.0,9943.0,10015.0,10095.0,10167.0,10225.0,10294.0,10365.0,10425.0,10486.0,10540.0,10611.0,10689.0,10739.0,10795.0,10864.0,10922.0,10982.0,11050.0,11124.0,11181.0,11255.0,11331.0,11403.0,11479.0,11579.0,11691.0,11787.0,11919.0,12002.0,12093.0,12180.0,12243.0,12350.0,12447.0,12550.0,12610.0,12693.0,12910.0,13161.0,13570.0,13877.0,14133.0,14359.0,14554.0,14742
0JKI59x_fZo,,,,,,,,,,,,,,,,,,,,,,,,,,,,,,,,,,,,,,,,,,,,,,,,,,,,,,,,,,,,,,13615.0,13866.0,14110.0,14359.0,14592.0,14793.0,14970.0,15139.0,15319.0,15651.0,16086.0,16443.0,16695.0,17314.0,17587.0,17838.0,18082.0,18376.0,18622.0,18833.0,19035.0,19278.0,19449.0,19666.0,19864.0,20052.0,20237.0,20484.0,20655.0,20841.0,21210.0,21458.0,21653.0,21886.0,22136.0,22339.0,22603.0,22834.0,23042.0,23268.0,23470.0,23683.0,23979.0,24192.0,24441.0,24705.0,24978.0,25284.0,25620.0,25962.0,26303.0,26680.0,27044.0,27401.0,27696.0,28258.0,28709.0,29075.0,29319.0,29667.0,29934.0,30254.0,30540.0,30797.0,31160.0,31496.0,31985.0,32361.0,32774.0,33214.0,33678.0,34130.0,34571.0,34990.0,35368.0,35889
JC4UOrmdNZY,,,,,,,,,,,,,,,,,,,,,,,,,,,,,,,,,,,,,,,,,,,,,,,,,,,,,,,,,,,,,,16561.0,16632.0,16714.0,16767.0,16832.0,16878.0,16929.0,16985.0,17015.0,17048.0,17096.0,17137.0,17169.0,17261.0,17283.0,17305.0,17322.0,17349.0,17380.0,17440.0,17459.0,17494.0,17570.0,17636.0,17671.0,17682.0,17720.0,17751.0,17806.0,17879.0,17932.0,17969.0,18042.0,18095.0,18153.0,18184.0,18238.0,18270.0,18297.0,18327.0,18350.0,18364.0,18389.0,18413.0,18431.0,18454.0,18473.0,18492.0,18506.0,18512.0,18527.0,18536.0,18548.0,18567.0,18595.0,18614.0,18647.0,18671.0,18690.0,18707.0,18729.0,18740.0,18754.0,18777.0,18800.0,18826.0,18841.0,18861.0,18894.0,18917.0,18935.0,18958.0,18982.0,19005.0,19020.0,19043
tUHmmMqV7pI,,,,,,,,,,,,,,,,,,,,,,,,,,,,,,,,,,,,,,,,,,,,,,,,,,,,,,,,,,,,,,472430.0,474749.0,477036.0,479058.0,481118.0,483032.0,484924.0,486851.0,488748.0,490583.0,492431.0,494071.0,495540.0,498827.0,500397.0,501966.0,503704.0,505361.0,506906.0,508565.0,510248.0,511818.0,513487.0,514922.0,516523.0,517908.0,519352.0,521241.0,522865.0,524619.0,529609.0,535239.0,539611.0,543495.0,547427.0,551574.0,555028.0,558184.0,561151.0,563367.0,565862.0,568271.0,570619.0,572951.0,575377.0,577509.0,579436.0,581412.0,583470.0,585389.0,587404.0,588979.0,590835.0,592398.0,593925.0,595589.0,597272.0,598753.0,600344.0,601782.0,603116.0,604496.0,605859.0,607215.0,608651.0,610105.0,611414.0,612695.0,614012.0,615441.0,616696.0,618210.0,619585.0,620748.0,621878.0,623136
aZF-sSghjmw,,,,,,,,,,,,,,,,,,,,,,,,,,,,,,,,,,,,,,,,,,,,,,,,,,,,,,,,,,,,,,518764.0,518829.0,518929.0,519004.0,519069.0,519132.0,519214.0,519281.0,519380.0,519449.0,519512.0,519562.0,519606.0,519729.0,519785.0,519836.0,519877.0,519914.0,519942.0,519990.0,520050.0,520084.0,520126.0,520175.0,520205.0,520233.0,520275.0,520312.0,520354.0,520391.0,520416.0,520439.0,520471.0,520510.0,520538.0,520569.0,520606.0,520629.0,520650.0,520679.0,520716.0,520734.0,520764.0,520807.0,520828.0,520851.0,520872.0,520892.0,520915.0,520943.0,520974.0,520989.0,521003.0,521030.0,521045.0,521074.0,521112.0,521128.0,521153.0,521187.0,521204.0,521237.0,521251.0,521276.0,521309.0,521337.0,521363.0,521398.0,521418.0,521446.0,521465.0,521492.0,521519.0,521543.0,521558.0,521570
HM7UMkgHPC4,,,,,,,,,,,,,,,,,,,,,,,,,,,,,,,,,,,,,,,,,,,,,,,,,,,,,,,,,,,,,,11629.0,44306.0,60512.0,71740.0,82760.0,93612.0,103190.0,111415.0,118458.0,122712.0,127405.0,131532.0,150188.0,349463.0,513541.0,660788.0,663080.0,666164.0,669402.0,710967.0,757607.0,816119.0,885151.0,958606.0,1031254.0,1033341.0,1035934.0,1038665.0,1041619.0,1045434.0,1049027.0,1051450.0,1053773.0,1055851.0,1058188.0,1060652.0,1063023.0,1065397.0,1068097.0,1070385.0,1072701.0,1074712.0,1076779.0,1078828.0,1080762.0,1082580.0,1084290.0,1086008.0,1087783.0,1089731.0,1091562.0,1093458.0,1095573.0,1097588.0,1099510.0,1101302.0,1102948.0,1104434.0,1106003.0,1107566.0,1109011.0,1110429.0,1111781.0,1113109.0,1114506.0,1115956.0,1117412.0,1118803.0,1120197.0,1121535.0,1122924.0,1124190.0,1125378.0,1126517.0,1127697.0,1128853
cz3nrT-wxO4,,,,,,,,,,,,,,,,,,,,,,,,,,,,,,,,,,,,,,,,,,,,,,,,,,,,,,,,,,,,,,1299.0,2226.0,2987.0,3675.0,4123.0,4595.0,5045.0,5686.0,5970.0,6160.0,6399.0,6623.0,6852.0,7346.0,7588.0,7966.0,8263.0,8461.0,8700.0,8930.0,9177.0,9381.0,9590.0,9886.0,10118.0,10342.0,10620.0,10947.0,11183.0,11430.0,11651.0,11815.0,11955.0,12108.0,12359.0,12621.0,12782.0,12950.0,13125.0,13334.0,13474.0,13608.0,13749.0,13868.0,13958.0,14046.0,14127.0,14228.0,14307.0,14415.0,14519.0,14635.0,14710.0,14772.0,14837.0,14898.0,14970.0,15067.0,15174.0,15255.0,15347.0,15431.0,15488.0,15607.0,15700.0,15774.0,15854.0,15914.0,16006.0,16106.0,16200.0,16294.0,16389.0,16487.0,16582.0,16724
AyQ2g0t8y1A,,,,,,,,,,,,,,,,,,,,,,,,,,,,,,,,,,,,,,,,,,,,,,,,,,,,,,,,,,,,,,658830.0,821231.0,947238.0,1000247.0,1026635.0,1098832.0,1114833.0,1127588.0,1138033.0,1151455.0,1164895.0,1179269.0,1191252.0,1210865.0,1218889.0,1226207.0,1233050.0,1239623.0,1245546.0,1250307.0,1255006.0,1260105.0,1266246.0,1271677.0,1276483.0,1280174.0,1283380.0,1286853.0,1290256.0,1293282.0,1296541.0,1299397.0,1302164.0,1305141.0,1308015.0,1310349.0,1312502.0,1315009.0,1317875.0,1319996.0,1322030.0,1324359.0,1327244.0,1330410.0,1333752.0,1337016.0,1339871.0,1342648.0,1345181.0,1347515.0,1349777.0,1352056.0,1354204.0,1356141.0,1357960.0,1359836.0,1361661.0,1363354.0,1364982.0,1366640.0,1368061.0,1369493.0,1370693.0,1371831.0,1373057.0,1374452.0,1375653.0,1376673.0,1377753.0,1378710.0,1379696.0,1380611.0,1381550.0,1382474.0,1383194.0,1384066
_8PYDtiaVmk,,,,,,,,,,,,,,,,,,,,,,,,,,,,,,,,,,,,,,,,,,,,,,,,,,,,,,,,,,,,,,28638.0,37501.0,42528.0,46498.0,49435.0,52420.0,54808.0,56691.0,58136.0,59433.0,60541.0,61569.0,62382.0,64136.0,64965.0,65759.0,66523.0,67108.0,67676.0,68210.0,68710.0,69167.0,69623.0,70097.0,70550.0,70915.0,71332.0,71743.0,72156.0,72560.0,72945.0,73267.0,73585.0,73882.0,74203.0,74509.0,74832.0,75097.0,75324.0,75563.0,75833.0,76075.0,76274.0,76458.0,76606.0,76766.0,76937.0,77118.0,77320.0,77496.0,77664.0,77837.0,78007.0,78153.0,78284.0,78433.0,78582.0,78712.0,78837.0,79004.0,79138.0,79285.0,79432.0,79605.0,79762.0,79974.0,80120.0,80278.0,80426.0,80574.0,80700.0,80841.0,81022.0,81151.0,81284.0,81441
9FEfUCWI5Jw,,,,,,,,,,,,,,,,,,,,,,,,,,,,,,,,,,,,,,,,,,,,,,,,,,,,,,,,,,,,,,,367.0,1569.0,2950.0,3799.0,4638.0,5401.0,6210.0,7151.0,7818.0,8234.0,8650.0,9141.0,10252.0,10495.0,10645.0,10770.0,10883.0,11000.0,11134.0,11218.0,11305.0,11437.0,11650.0,11842.0,11975.0,12078.0,12193.0,12300.0,12404.0,12509.0,12582.0,12667.0,12742.0,12801.0,12870.0,12943.0,13012.0,13067.0,13125.0,13230.0,13305.0,13362.0,13444.0,13511.0,13567.0,13606.0,13665.0,13707.0,13761.0,13809.0,13856.0,13898.0,13980.0,14027.0,14061.0,14093.0,14131.0,14207.0,14250.0,14285.0,14337.0,14380.0,14444.0,14482.0,14523.0,14566.0,14602.0,14639.0,14669.0,14710.0,14749.0,14775.0,14802.0,14829.0,14853
_o7mLf4oVkY,,,,,,,,,,,,,,,,,,,,,,,,,,,,,,,,,,,,,,,,,,,,,,,,,,,,,,,,,,,,,,,116.0,131.0,145.0,152.0,162.0,171.0,181.0,193.0,204.0,222.0,225.0,237.0,261.0,267.0,269.0,276.0,283.0,286.0,288.0,300.0,303.0,306.0,309.0,317.0,324.0,332.0,339.0,345.0,349.0,358.0,363.0,367.0,375.0,378.0,383.0,393.0,397.0,401.0,404.0,410.0,417.0,421.0,425.0,429.0,433.0,436.0,438.0,441.0,442.0,446.0,451.0,459.0,462.0,462.0,466.0,469.0,473.0,473.0,476.0,478.0,481.0,483.0,487.0,487.0,494.0,496.0,496.0,504.0,516.0,519.0,527.0,531.0,540.0,547.0,554
RiWbMezuiCs,,,,,,,,,,,,,,,,,,,,,,,,,,,,,,,,,,,,,,,,,,,,,,,,,,,,,,,,,,,,,,,3639.0,4574.0,5353.0,5974.0,6320.0,6679.0,7100.0,7394.0,7615.0,7803.0,7957.0,8075.0,8375.0,8494.0,8594.0,8667.0,8771.0,8822.0,8877.0,8930.0,8969.0,9012.0,9049.0,9095.0,9122.0,9167.0,9212.0,9242.0,9287.0,9316.0,9347.0,9381.0,9419.0,9441.0,9470.0,9503.0,9514.0,9534.0,9557.0,9589.0,9623.0,9651.0,9673.0,9692.0,9719.0,9748.0,9774.0,9802.0,9824.0,9842.0,9867.0,9894.0,9921.0,9948.0,9958.0,9974.0,9991.0,10013.0,10031.0,10045.0,10058.0,10079.0,10094.0,10108.0,10124.0,10147.0,10159.0,10174.0,10192.0,10270.0,10371.0,10431.0,10448.0,10493.0,10562
toz3MmGkypg,,,,,,,,,,,,,,,,,,,,,,,,,,,,,,,,,,,,,,,,,,,,,,,,,,,,,,,,,,,,,,,513.0,1495.0,2316.0,3053.0,4069.0,5080.0,6280.0,8646.0,9569.0,10030.0,10627.0,11164.0,12219.0,22944.0,24894.0,32358.0,40626.0,46174.0,46931.0,73425.0,73956.0,74526.0,75121.0,75541.0,96787.0,145867.0,197032.0,257507.0,317869.0,322593.0,322813.0,323072.0,323361.0,323692.0,324005.0,324291.0,324590.0,324798.0,325042.0,325283.0,325439.0,325683.0,325936.0,326205.0,326440.0,326647.0,326924.0,327163.0,327381.0,327627.0,327893.0,328104.0,328352.0,328569.0,328760.0,328965.0,329207.0,329405.0,329626.0,329832.0,330021.0,330246.0,330393.0,330569.0,330719.0,330878.0,331026.0,331184.0,331374.0,331609.0,331848.0,332091.0,332323.0,332595.0,332941
4W7qezZKB6g,,,,,,,,,,,,,,,,,,,,,,,,,,,,,,,,,,,,,,,,,,,,,,,,,,,,,,,,,,,,,,,720415.0,748781.0,763200.0,777378.0,792400.0,810993.0,827151.0,866324.0,924539.0,975945.0,1027662.0,1119479.0,1176727.0,1195066.0,1212715.0,1228210.0,1241826.0,1259263.0,1276881.0,1295773.0,1311781.0,1328260.0,1346685.0,1363640.0,1379180.0,1396377.0,1412191.0,1426856.0,1442640.0,1459753.0,1476588.0,1493007.0,1508438.0,1524649.0,1534750.0,1545694.0,1546116.0,1546532.0,1546974.0,1547344.0,1547723.0,1548115.0,1548619.0,1549028.0,1549406.0,1549690.0,1550122.0,1550542.0,1552026.0,1553645.0,1554128.0,1556170.0,1557876.0,1559587.0,1561407.0,1563120.0,1567112.0,1567295.0,1567534.0,1567686.0,1567993.0,1568330.0,1568665.0,1568904.0,1569106.0,1569353.0,1569619.0,1569864.0,1570150.0,1570506.0,1570742.0,1571035.0,1571282.0,1571531.0,1571778
FucT66Sb6Zc,,,,,,,,,,,,,,,,,,,,,,,,,,,,,,,,,,,,,,,,,,,,,,,,,,,,,,,,,,,,,,,,6094.0,6228.0,6328.0,6391.0,6445.0,6522.0,6587.0,6735.0,7047.0,7151.0,7234.0,8033.0,10713.0,11179.0,12567.0,13454.0,14549.0,15539.0,17099.0,18368.0,19958.0,21256.0,22569.0,24136.0,25170.0,25824.0,25981.0,26141.0,26344.0,26811.0,27482.0,27917.0,28087.0,28248.0,28365.0,28587.0,29193.0,29830.0,30321.0,30711.0,31097.0,31508.0,31817.0,32040.0,32226.0,32534.0,32793.0,32997.0,33221.0,33497.0,33716.0,33892.0,34099.0,34308.0,34543.0,34797.0,35017.0,35287.0,35500.0,35709.0,35906.0,36088.0,36282.0,36424.0,36592.0,36707.0,36844.0,36980.0,37111.0,37244.0,37432.0,37586.0,37719.0,37843
H81NsniDjTk,,,,,,,,,,,,,,,,,,,,,,,,,,,,,,,,,,,,,,,,,,,,,,,,,,,,,,,,,,,,,,,,558010.0,598465.0,639080.0,675478.0,714595.0,747121.0,772269.0,797173.0,820343.0,841762.0,860487.0,905439.0,925336.0,945628.0,964766.0,982400.0,997907.0,1013796.0,1029758.0,1045273.0,1061198.0,1076673.0,1090487.0,1101660.0,1133646.0,1153638.0,1169524.0,1184368.0,1197953.0,1210990.0,1224505.0,1241047.0,1257859.0,1276639.0,1292320.0,1309015.0,1327764.0,1343364.0,1364328.0,1382102.0,1397019.0,1411054.0,1425596.0,1437230.0,1447705.0,1459564.0,1471868.0,1483397.0,1495189.0,1507913.0,1521570.0,1533201.0,1546893.0,1561509.0,1577075.0,1589368.0,1600792.0,1611138.0,1620276.0,1629927.0,1639336.0,1648716.0,1657858.0,1667458.0,1674523.0,1680010.0,1687046.0,1693917.0,1701634.0,1711753.0,1722805.0,1732084.0,1739864.0,1748809
4TRS7y4qdWs,,,,,,,,,,,,,,,,,,,,,,,,,,,,,,,,,,,,,,,,,,,,,,,,,,,,,,,,,,,,,,,,,114774.0,172634.0,218863.0,263364.0,294544.0,318481.0,341552.0,359539.0,376723.0,390451.0,411075.0,417204.0,423429.0,429265.0,434660.0,439375.0,443753.0,447811.0,451679.0,455184.0,458957.0,462361.0,465024.0,467828.0,470763.0,473571.0,476219.0,478961.0,481568.0,484070.0,487052.0,490061.0,492574.0,494899.0,497034.0,499209.0,501186.0,503285.0,505257.0,507233.0,509173.0,511103.0,512881.0,514405.0,516359.0,518310.0,520130.0,521888.0,523704.0,525478.0,527086.0,528807.0,530398.0,532271.0,534115.0,535607.0,537025.0,538339.0,539746.0,540995.0,542316.0,543673.0,545048.0,546205.0,547215.0,548292.0,549382.0,550517.0,551628.0,552726.0,553859.0,554848.0,555873
xLNmyB1iCig,,,,,,,,,,,,,,,,,,,,,,,,,,,,,,,,,,,,,,,,,,,,,,,,,,,,,,,,,,,,,,,,,4579692.0,6159622.0,6509203.0,7989075.0,9221823.0,9943344.0,10111855.0,10256308.0,10372405.0,10454579.0,10574210.0,10628126.0,10691045.0,10748012.0,10804979.0,10859628.0,10908000.0,10959212.0,11003501.0,11046096.0,11085368.0,11125342.0,11160880.0,11194186.0,11225895.0,11258443.0,11290702.0,11321831.0,11350924.0,11377962.0,11402910.0,11429517.0,11453486.0,11477025.0,11503653.0,11528971.0,11551811.0,11573377.0,11592812.0,11611796.0,11631704.0,11651760.0,11671641.0,11690253.0,11707366.0,11724536.0,11741047.0,11758701.0,11775898.0,11793732.0,11810789.0,11826389.0,11841059.0,11856552.0,11871997.0,11889157.0,11906718.0,11923551.0,11938877.0,11953078.0,11966781.0,11980831.0,11995533.0,12010712.0,12025048.0,12038993.0,12052169.0,12066102.0,12080813.0,12095161.0,12109838.0,12124172.0,12137511
9x1JkpHbHRk,,,,,,,,,,,,,,,,,,,,,,,,,,,,,,,,,,,,,,,,,,,,,,,,,,,,,,,,,,,,,,,,,18496.0,19057.0,19592.0,20329.0,20671.0,20969.0,21262.0,21496.0,21710.0,21890.0,22178.0,22268.0,22308.0,22363.0,22386.0,22420.0,22465.0,22497.0,22574.0,22561.0,22631.0,22652.0,22666.0,22660.0,22681.0,22695.0,22718.0,22736.0,22791.0,22842.0,22893.0,22960.0,23002.0,23049.0,23061.0,23079.0,23106.0,23128.0,23148.0,23168.0,23195.0,23226.0,23257.0,23293.0,23333.0,23362.0,23399.0,23430.0,23460.0,23476.0,23511.0,23528.0,23549.0,23579.0,23602.0,23623.0,23646.0,23657.0,23679.0,23702.0,23716.0,23727.0,23754.0,23774.0,23800.0,23838.0,23887.0,23932.0,23944.0,23963.0,23989.0,24001.0,24016
ISOI-3n4_ac,,,,,,,,,,,,,,,,,,,,,,,,,,,,,,,,,,,,,,,,,,,,,,,,,,,,,,,,,,,,,,,,,28051.0,32405.0,40923.0,47852.0,53096.0,60509.0,64001.0,66402.0,68350.0,70057.0,72649.0,73936.0,75084.0,76019.0,76818.0,77554.0,78180.0,78708.0,79102.0,79534.0,79936.0,80599.0,81073.0,81560.0,82086.0,82574.0,83041.0,83526.0,84012.0,84526.0,84947.0,85255.0,85626.0,85974.0,86283.0,86648.0,87058.0,87384.0,87698.0,87962.0,88191.0,88379.0,88572.0,88825.0,89023.0,89306.0,89570.0,89799.0,90003.0,90205.0,90421.0,90589.0,90797.0,90989.0,91190.0,91483.0,91734.0,91947.0,92146.0,92366.0,92593.0,92780.0,92975.0,93288.0,93609.0,94175.0,94864.0,95497.0,96521.0,97877.0,98492.0,98928.0,99523
flC0Ajafv8Q,,,,,,,,,,,,,,,,,,,,,,,,,,,,,,,,,,,,,,,,,,,,,,,,,,,,,,,,,,,,,,,,,8485.0,14788.0,27351.0,59052.0,70045.0,77110.0,91509.0,101643.0,110633.0,111370.0,112034.0,112291.0,112511.0,112688.0,112872.0,112998.0,113117.0,113253.0,113357.0,113450.0,113529.0,113601.0,113706.0,113802.0,113882.0,113975.0,114048.0,114133.0,114206.0,114277.0,114354.0,114440.0,114541.0,114716.0,114842.0,114924.0,115000.0,115115.0,115191.0,115248.0,115304.0,115359.0,115414.0,115480.0,115531.0,115581.0,115643.0,115692.0,115748.0,115795.0,115835.0,115875.0,115912.0,115951.0,115996.0,116036.0,116070.0,116106.0,116158.0,116205.0,116234.0,116265.0,116297.0,116319.0,116353.0,116383.0,116404.0,116424.0,116443.0,116464.0,116522.0,116562.0,116594
Kh0IYZS9nXU,,,,,,,,,,,,,,,,,,,,,,,,,,,,,,,,,,,,,,,,,,,,,,,,,,,,,,,,,,,,,,,,,163312.0,471206.0,649175.0,781689.0,946826.0,1187705.0,1426784.0,1644541.0,1786268.0,1873093.0,2085064.0,2207664.0,2331033.0,2440732.0,2538366.0,2635235.0,2738595.0,2846963.0,2952951.0,3052641.0,3147760.0,3243315.0,3318324.0,3393915.0,3473273.0,3556915.0,3641347.0,3726755.0,3812007.0,3893255.0,3970841.0,4051844.0,4131307.0,4206662.0,4290523.0,4394250.0,4495356.0,4602847.0,4706809.0,4802590.0,4901544.0,4992721.0,5075362.0,5152834.0,5229249.0,5309511.0,5388667.0,5469342.0,5554847.0,5638227.0,5716375.0,5794632.0,5872487.0,5948565.0,6024844.0,6096941.0,6175197.0,6249674.0,6328613.0,6398456.0,6464327.0,6529791.0,6599866.0,6665765.0,6720668.0,6774697.0,6832203.0,6889499.0,6943966.0,6997083.0,7050642.0,7096917.0,7144555
iAhWq2jVRH4,,,,,,,,,,,,,,,,,,,,,,,,,,,,,,,,,,,,,,,,,,,,,,,,,,,,,,,,,,,,,,,,,3678.0,15250.0,29410.0,46219.0,61334.0,84736.0,123552.0,168635.0,195597.0,213015.0,252644.0,273673.0,295917.0,312401.0,324794.0,336882.0,350553.0,362913.0,373665.0,384423.0,394362.0,403698.0,411138.0,420891.0,430658.0,440559.0,449636.0,457554.0,463897.0,470436.0,477866.0,485289.0,491415.0,497387.0,503464.0,509276.0,515273.0,521314.0,527433.0,532976.0,538673.0,544162.0,548849.0,552833.0,557833.0,562372.0,566791.0,571069.0,575682.0,579666.0,583173.0,587153.0,591656.0,596383.0,601428.0,605819.0,610041.0,613555.0,617465.0,620862.0,624598.0,628616.0,632638.0,635483.0,637927.0,641402.0,644919.0,648307.0,651449.0,654516.0,657390.0,659751.0,662983
nMwSsHkjmfk,,,,,,,,,,,,,,,,,,,,,,,,,,,,,,,,,,,,,,,,,,,,,,,,,,,,,,,,,,,,,,,,,230789.0,331394.0,437632.0,516004.0,573356.0,644525.0,718743.0,777476.0,816767.0,849523.0,923298.0,961227.0,996439.0,1026415.0,1051153.0,1073444.0,1094296.0,1115291.0,1134661.0,1153503.0,1172813.0,1191831.0,1206857.0,1222752.0,1240225.0,1257138.0,1274582.0,1289867.0,1301982.0,1312280.0,1322994.0,1334530.0,1346442.0,1357843.0,1370980.0,1387861.0,1414973.0,1449032.0,1484665.0,1519620.0,1554363.0,1587900.0,1617814.0,1650484.0,1690404.0,1736404.0,1780760.0,1825597.0,1873336.0,1920648.0,1970107.0,2025985.0,2080304.0,2134212.0,2184628.0,2234747.0,2282540.0,2330970.0,2382872.0,2430933.0,2477796.0,2524995.0,2573880.0,2617333.0,2660705.0,2710669.0,2761742.0,2809379.0,2853409.0,2895545.0,2936354.0,2975451.0,3016267
wPvQXbgxJqk,,,,,,,,,,,,,,,,,,,,,,,,,,,,,,,,,,,,,,,,,,,,,,,,,,,,,,,,,,,,,,,,,1657.0,7785.0,14295.0,21240.0,29684.0,40348.0,49442.0,57953.0,64260.0,67637.0,74795.0,77887.0,81546.0,84866.0,88119.0,91034.0,94559.0,97700.0,100043.0,102185.0,104089.0,106053.0,107607.0,110036.0,112237.0,114180.0,116052.0,117814.0,119723.0,121431.0,123583.0,126176.0,128469.0,137248.0,146442.0,150257.0,152007.0,155312.0,159539.0,162958.0,164671.0,166428.0,167643.0,169138.0,170644.0,172128.0,173682.0,175075.0,176483.0,177531.0,178544.0,179493.0,180920.0,182111.0,183340.0,184347.0,185328.0,186264.0,187503.0,188616.0,189762.0,190941.0,192154.0,193241.0,194263.0,195480.0,196693.0,197966.0,199004.0,200121.0,201156.0,201857.0,202558
0K6tjifZzU4,,,,,,,,,,,,,,,,,,,,,,,,,,,,,,,,,,,,,,,,,,,,,,,,,,,,,,,,,,,,,,,,,463.0,1440.0,2661.0,3952.0,5208.0,7030.0,8859.0,10762.0,12616.0,13404.0,14761.0,15542.0,16719.0,19085.0,26820.0,28814.0,33347.0,40777.0,46197.0,51409.0,56274.0,62397.0,67832.0,78248.0,89665.0,100508.0,110567.0,117552.0,123320.0,128906.0,135503.0,144858.0,151800.0,158782.0,166435.0,172904.0,178753.0,184960.0,189880.0,194189.0,199192.0,203972.0,207284.0,209419.0,212159.0,214867.0,217589.0,220478.0,223569.0,226295.0,228440.0,230987.0,233677.0,236379.0,238614.0,241990.0,244552.0,246363.0,248475.0,250226.0,252207.0,254210.0,256499.0,257868.0,258855.0,259890.0,260858.0,261895.0,262811.0,263795.0,264754.0,265512.0,266400
R57IaRgtQ_g,,,,,,,,,,,,,,,,,,,,,,,,,,,,,,,,,,,,,,,,,,,,,,,,,,,,,,,,,,,,,,,,,,782.0,1634.0,2550.0,3439.0,4283.0,5289.0,6939.0,10783.0,11513.0,12458.0,12792.0,13194.0,13510.0,13823.0,14128.0,14515.0,14896.0,15264.0,15591.0,15971.0,16259.0,16487.0,16800.0,17227.0,17903.0,18488.0,18969.0,19345.0,19534.0,20369.0,22377.0,24125.0,24775.0,25398.0,25741.0,26128.0,26451.0,26804.0,27111.0,27358.0,27567.0,27735.0,27921.0,28060.0,28236.0,28404.0,28609.0,28735.0,28870.0,29005.0,29135.0,29266.0,29403.0,29567.0,29751.0,29918.0,30059.0,30189.0,30354.0,30543.0,30712.0,30915.0,31113.0,31286.0,31449.0,31609.0,31805.0,31955.0,32092.0,32229.0,32338.0,32455
RIjrFfKehis,,,,,,,,,,,,,,,,,,,,,,,,,,,,,,,,,,,,,,,,,,,,,,,,,,,,,,,,,,,,,,,,,,,145662.0,149362.0,152702.0,156179.0,159513.0,162868.0,167980.0,173327.0,180292.0,183563.0,186391.0,189182.0,192998.0,196507.0,198979.0,201265.0,203562.0,205843.0,208052.0,210795.0,213267.0,215103.0,216856.0,218560.0,220301.0,222141.0,224689.0,226920.0,228371.0,229824.0,231286.0,232831.0,234330.0,236545.0,238878.0,240447.0,242002.0,243722.0,245239.0,247116.0,250131.0,252830.0,254618.0,256837.0,259036.0,261433.0,263919.0,266674.0,269076.0,270654.0,272068.0,273509.0,274956.0,276882.0,278650.0,280174.0,281743.0,283066.0,284071.0,285026.0,286010.0,287305.0,288639.0,289696.0,290624.0,291569.0,292553.0,293565.0,294894.0,296218.0,297160
FeU8m9YEVSY,,,,,,,,,,,,,,,,,,,,,,,,,,,,,,,,,,,,,,,,,,,,,,,,,,,,,,,,,,,,,,,,,,,,2481381.0,5527339.0,6747993.0,8513806.0,10250821.0,10234847.0,10241132.0,10250302.0,10254492.0,10258990.0,10262819.0,10267881.0,10273030.0,10278572.0,10283905.0,10289345.0,10295335.0,10301034.0,10305933.0,10309170.0,10311407.0,10313797.0,10316270.0,10318552.0,10320630.0,10322510.0,10324337.0,10325939.0,10327651.0,10329261.0,10331142.0,10332492.0,10333778.0,10335040.0,10336325.0,10337452.0,10338482.0,10339460.0,10340408.0,10341483.0,10342543.0,10343593.0,10344489.0,10345390.0,10346368.0,10347245.0,10348078.0,10348908.0,10349802.0,10350573.0,10351414.0,10352167.0,10352989.0,10353820.0,10354627.0,10355489.0,10356240.0,10357015.0,10357800.0,10358603.0,10359529.0,10360343.0,10361103.0,10361831.0,10362568.0,10363296.0,10364102.0,10364903.0,10365737.0,10366619
RcU8cCdhNp4,,,,,,,,,,,,,,,,,,,,,,,,,,,,,,,,,,,,,,,,,,,,,,,,,,,,,,,,,,,,,,,,,,,,27747.0,95534.0,145827.0,182089.0,211911.0,243169.0,271502.0,314871.0,327294.0,352426.0,388166.0,430364.0,468262.0,503902.0,540065.0,573983.0,583289.0,591593.0,600015.0,607692.0,614510.0,622010.0,628311.0,634394.0,639648.0,643676.0,647610.0,651255.0,654829.0,657751.0,660863.0,663827.0,666547.0,668927.0,671678.0,674094.0,676665.0,679189.0,681888.0,684134.0,686020.0,688132.0,690441.0,692516.0,694616.0,696659.0,698498.0,700135.0,701826.0,703601.0,705471.0,707507.0,709819.0,711635.0,713492.0,715458.0,717343.0,719352.0,721247.0,723118.0,724978.0,726836.0,728737.0,730555.0,732379.0,734230.0,736226.0,737958.0,739720.0,741471
Gt0wRAFpwvg,,,,,,,,,,,,,,,,,,,,,,,,,,,,,,,,,,,,,,,,,,,,,,,,,,,,,,,,,,,,,,,,,,,,292262.0,740038.0,1369801.0,1862967.0,2372300.0,2906264.0,3457948.0,3497393.0,3509518.0,3520950.0,3531331.0,3541155.0,3550134.0,3559196.0,3570881.0,3578970.0,3586716.0,3594172.0,3601707.0,3608387.0,3615680.0,3622750.0,3629724.0,3636756.0,3643662.0,3650401.0,3656882.0,3665640.0,3678521.0,3687853.0,3697374.0,3706601.0,3716625.0,3725870.0,3734031.0,3740293.0,3745879.0,3751239.0,3756657.0,3762050.0,3767393.0,3772344.0,3776985.0,3781503.0,3785973.0,3789983.0,3794143.0,3798381.0,3802223.0,3805974.0,3809849.0,3813631.0,3817800.0,3822019.0,3826108.0,3829978.0,3833629.0,3837194.0,3840509.0,3843872.0,3847261.0,3850802.0,3854338.0,3857835.0,3861422.0,3864772.0,3868068.0,3871410.0,3874736.0,3878040
Gt0wRAFpwvg,,,,,,,,,,,,,,,,,,,,,,,,,,,,,,,,,,,,,,,,,,,,,,,,,,,,,,,,,,,,,,,,,,,,292262.0,740038.0,1369801.0,1862967.0,2372300.0,2906264.0,3457948.0,3497393.0,3509518.0,3520950.0,3531331.0,3541155.0,3550134.0,3559196.0,3570881.0,3578970.0,3586716.0,3594172.0,3601707.0,3608387.0,3615680.0,3622750.0,3629724.0,3636756.0,3643662.0,3650401.0,3656882.0,3665640.0,3678521.0,3687853.0,3697374.0,3706601.0,3716625.0,3725870.0,3734031.0,3740293.0,3745879.0,3751239.0,3756657.0,3762050.0,3767393.0,3772344.0,3776985.0,3781503.0,3785973.0,3789983.0,3794143.0,3798381.0,3802223.0,3805974.0,3809849.0,3813611.0,3817800.0,3822019.0,3826108.0,3829978.0,3833629.0,3837194.0,3840509.0,3843872.0,3847261.0,3850802.0,3854338.0,3857835.0,3861422.0,3864772.0,3868068.0,3871410.0,3874736.0,3878040
nXrQR-Tc_H4,,,,,,,,,,,,,,,,,,,,,,,,,,,,,,,,,,,,,,,,,,,,,,,,,,,,,,,,,,,,,,,,,,,,10726.0,11133.0,11507.0,11844.0,12122.0,12397.0,12621.0,13091.0,13282.0,13470.0,13651.0,13885.0,14058.0,14221.0,14365.0,14545.0,14697.0,14838.0,14994.0,15090.0,15236.0,15366.0,15488.0,15581.0,15675.0,15754.0,15835.0,15923.0,15997.0,16096.0,16180.0,16252.0,16358.0,16443.0,16543.0,16623.0,16707.0,16793.0,16872.0,16926.0,16986.0,17063.0,17111.0,17195.0,17256.0,17317.0,17378.0,17432.0,17488.0,17549.0,17661.0,17718.0,17795.0,17852.0,18556.0,19408.0,20167.0,20376.0,20513.0,20612.0,20708.0,20781.0,20846.0,20925.0,20990.0,21072.0,21175.0,21254.0,21321.0,21401
qwmNcmuXMVA,,,,,,,,,,,,,,,,,,,,,,,,,,,,,,,,,,,,,,,,,,,,,,,,,,,,,,,,,,,,,,,,,,,,13389.0,14705.0,16600.0,18491.0,19896.0,21072.0,21643.0,22475.0,22821.0,23158.0,23468.0,23778.0,24071.0,24283.0,24495.0,24765.0,24982.0,25346.0,25542.0,25706.0,25846.0,26011.0,26202.0,26358.0,26480.0,26619.0,26756.0,26888.0,27019.0,27126.0,27249.0,27377.0,27487.0,27610.0,27707.0,27838.0,27937.0,28055.0,28171.0,28289.0,28379.0,28452.0,28548.0,28634.0,28709.0,28782.0,28851.0,28938.0,29004.0,29073.0,29162.0,29250.0,29318.0,29389.0,29459.0,29523.0,29577.0,29625.0,29725.0,29792.0,29861.0,29931.0,29979.0,30059.0,30133.0,30213.0,30279.0,30358.0,30429.0,30493
LHUMzyMq084,,,,,,,,,,,,,,,,,,,,,,,,,,,,,,,,,,,,,,,,,,,,,,,,,,,,,,,,,,,,,,,,,,,,258606.0,913416.0,1806995.0,2679283.0,3591624.0,4482060.0,5183210.0,5287063.0,5321251.0,5355769.0,5386373.0,5417236.0,5443383.0,5466261.0,5487468.0,5507666.0,5526837.0,5546384.0,5568154.0,5585618.0,5602160.0,5617659.0,5632697.0,5647616.0,5662640.0,5676632.0,5689056.0,5700696.0,5712258.0,5723067.0,5733297.0,5743678.0,5753789.0,5763396.0,5772305.0,5780503.0,5788360.0,5796425.0,5804530.0,5813377.0,5821169.0,5828189.0,5835119.0,5841844.0,5848772.0,5856025.0,5863076.0,5869839.0,5876036.0,5882069.0,5888299.0,5894308.0,5900726.0,5907074.0,5913175.0,5919314.0,5925217.0,5930685.0,5936216.0,5941947.0,5947614.0,5952991.0,5958492.0,5963805.0,5969191.0,5974466.0,5979801.0,5985319.0,5990592.0,5995698
DzV97MXTZx8,,,,,,,,,,,,,,,,,,,,,,,,,,,,,,,,,,,,,,,,,,,,,,,,,,,,,,,,,,,,,,,,,,,,,1513835.0,1613511.0,1700538.0,1781082.0,1861171.0,1934366.0,1958176.0,1970860.0,1983947.0,1999815.0,2014392.0,2024798.0,2032632.0,2039810.0,2048226.0,2055382.0,2218244.0,2412339.0,2591963.0,2786202.0,2991929.0,3237419.0,3484234.0,3717834.0,3964786.0,4218579.0,4465297.0,4705157.0,4973329.0,5224924.0,5390931.0,5394701.0,5399853.0,5405091.0,5410142.0,5415172.0,5419786.0,5424357.0,5429073.0,5433790.0,5438157.0,5442305.0,5446047.0,5449663.0,5453323.0,5457104.0,5460713.0,5464154.0,5467447.0,5470809.0,5473916.0,5477053.0,5480240.0,5483358.0,5486151.0,5488711.0,5491164.0,5493500.0,5495625.0,5497913.0,5500033.0,5502156.0,5504184.0,5506217.0,5508230.0,5510301.0,5512435.0,5514671.0,5516717
KzxOtaHsQEQ,,,,,,,,,,,,,,,,,,,,,,,,,,,,,,,,,,,,,,,,,,,,,,,,,,,,,,,,,,,,,,,,,,,,,863.0,2222.0,3254.0,4091.0,4730.0,5190.0,6060.0,6389.0,6716.0,7021.0,7277.0,7483.0,7667.0,7881.0,8082.0,8257.0,8397.0,8530.0,8650.0,8752.0,8872.0,8998.0,9105.0,9196.0,9289.0,9378.0,9461.0,9584.0,9680.0,9756.0,9860.0,9926.0,10001.0,10068.0,10130.0,10189.0,10249.0,10320.0,10381.0,10438.0,10538.0,10587.0,10654.0,10702.0,10755.0,10798.0,10851.0,10890.0,10949.0,10995.0,11069.0,11125.0,11174.0,11225.0,11253.0,11298.0,11351.0,11397.0,11436.0,11485.0,11523.0,11551.0,11595.0,11640.0,11678.0,11712.0,11752.0,11794.0,11827
Wy4DRb1KfJ0,,,,,,,,,,,,,,,,,,,,,,,,,,,,,,,,,,,,,,,,,,,,,,,,,,,,,,,,,,,,,,,,,,,,,8066.0,27120.0,37596.0,42525.0,45216.0,47684.0,51340.0,52411.0,53361.0,54114.0,54794.0,55287.0,55736.0,56200.0,56557.0,56906.0,57153.0,57476.0,57719.0,58023.0,58307.0,58586.0,58825.0,59127.0,59361.0,59622.0,59867.0,60140.0,60390.0,60638.0,60807.0,61031.0,61211.0,61371.0,61519.0,61640.0,61759.0,61885.0,62052.0,62205.0,62337.0,62480.0,62607.0,62721.0,62815.0,62915.0,62997.0,63076.0,63158.0,63223.0,63305.0,63383.0,63452.0,63523.0,63595.0,63645.0,63724.0,63801.0,63884.0,63961.0,64020.0,64084.0,64135.0,64204.0,64264.0,64319.0,64362.0,64405.0,64461
pJ9voGp361g,,,,,,,,,,,,,,,,,,,,,,,,,,,,,,,,,,,,,,,,,,,,,,,,,,,,,,,,,,,,,,,,,,,,,2125.0,4259.0,6263.0,9744.0,17917.0,24672.0,39275.0,46469.0,53053.0,59847.0,66509.0,72715.0,79869.0,85972.0,93658.0,101225.0,108602.0,116341.0,116839.0,117214.0,117427.0,117639.0,117870.0,118056.0,118230.0,118394.0,118556.0,118715.0,118864.0,119011.0,119167.0,119356.0,119506.0,119682.0,119833.0,120035.0,120241.0,120402.0,120549.0,120718.0,120858.0,121000.0,121111.0,121236.0,121374.0,121518.0,121593.0,121703.0,121815.0,121920.0,122034.0,122144.0,122243.0,122338.0,122444.0,122550.0,122642.0,122750.0,122889.0,123003.0,123103.0,123331.0,123566.0,123773.0,123966.0,124122.0,124285.0,124388.0,124545
DzV97MXTZx8,,,,,,,,,,,,,,,,,,,,,,,,,,,,,,,,,,,,,,,,,,,,,,,,,,,,,,,,,,,,,,,,,,,,,1513835.0,1613511.0,1700538.0,1781082.0,1861171.0,1934366.0,1958176.0,1970860.0,1983947.0,1999815.0,2014392.0,2024798.0,2032632.0,2039810.0,2048226.0,2055382.0,2218244.0,2412339.0,2591963.0,2786202.0,2991929.0,3237419.0,3484234.0,3717834.0,3964786.0,4218579.0,4465297.0,4705157.0,4973329.0,5224924.0,5390931.0,5394701.0,5399853.0,5405091.0,5410142.0,5415172.0,5419786.0,5424357.0,5429073.0,5433790.0,5438157.0,5442305.0,5446047.0,5449663.0,5453323.0,5457104.0,5460713.0,5464154.0,5467447.0,5470809.0,5473916.0,5477053.0,5480240.0,5483358.0,5486151.0,5488711.0,5491164.0,5493500.0,5495625.0,5497913.0,5500033.0,5502156.0,5504184.0,5506217.0,5508230.0,5510301.0,5512435.0,5514671.0,5516717
iiHXtBLfMcw,,,,,,,,,,,,,,,,,,,,,,,,,,,,,,,,,,,,,,,,,,,,,,,,,,,,,,,,,,,,,,,,,,,,,,434532.0,796538.0,1090207.0,1088413.0,1489693.0,2507238.0,2996030.0,3038640.0,3082165.0,3129246.0,3176944.0,3226939.0,3277604.0,3325849.0,3377348.0,3421118.0,3465420.0,3510641.0,3553434.0,3609633.0,3615212.0,3615640.0,3616199.0,3616806.0,3617347.0,3618005.0,3618539.0,3619169.0,3619728.0,3620211.0,3620697.0,3621216.0,3621730.0,3622360.0,3622855.0,3623276.0,3623808.0,3624233.0,3624618.0,3625063.0,3625514.0,3626044.0,3626474.0,3626951.0,3627277.0,3627666.0,3628076.0,3628527.0,3629009.0,3629376.0,3629783.0,3630363.0,3630892.0,3631345.0,3631801.0,3631967.0,3632160.0,3632332.0,3632472.0,3632618.0,3632771.0,3632892.0,3633248.0,3633799.0,3634559.0,3635252.0,3636051.0,3637512
ioK78YucIjc,,,,,,,,,,,,,,,,,,,,,,,,,,,,,,,,,,,,,,,,,,,,,,,,,,,,,,,,,,,,,,,,,,,,,,144547.0,1913887.0,3044510.0,3716053.0,4435759.0,5998832.0,6709746.0,7156892.0,7636245.0,8078467.0,8553596.0,9085449.0,9730776.0,11375713.0,13173495.0,14914487.0,16685738.0,18345940.0,20367826.0,22234128.0,22433081.0,22443692.0,22453157.0,22463930.0,22474002.0,22490262.0,22865916.0,23235703.0,23548209.0,23713340.0,23762323.0,23769715.0,23776434.0,23782433.0,23788134.0,23794259.0,23801906.0,23808869.0,23814637.0,23820008.0,23824927.0,23829911.0,23834596.0,23840312.0,23846032.0,23850956.0,23855534.0,23859950.0,23864622.0,23869085.0,23873784.0,23878236.0,23882526.0,23887068.0,23891221.0,23895069.0,23899031.0,23903072.0,23907092.0,23910940.0,23914968.0,23918870.0,23922441.0,23926094.0,23929745.0,23933442.0,23936892.0,23940241
ItSKahBISg0,,,,,,,,,,,,,,,,,,,,,,,,,,,,,,,,,,,,,,,,,,,,,,,,,,,,,,,,,,,,,,,,,,,,,,412898.0,1391327.0,1942769.0,2550046.0,2994076.0,4034646.0,4282502.0,4512535.0,4724898.0,4945830.0,5165351.0,5376925.0,5590228.0,5790111.0,5985405.0,6193779.0,6438970.0,6669326.0,6900362.0,7147255.0,7422564.0,7720470.0,8041974.0,8381889.0,8712929.0,9016248.0,9332911.0,9639080.0,9938649.0,10259877.0,10616597.0,10976914.0,11302191.0,11612762.0,11919131.0,12234530.0,12568317.0,12957744.0,13333831.0,13668111.0,13995336.0,14313323.0,14626260.0,14948179.0,15329072.0,15735726.0,16077298.0,16399782.0,16758999.0,17152580.0,17647863.0,18194606.0,18722067.0,19187169.0,19613264.0,20011789.0,20417512.0,20823880.0,21262462.0,21677261.0,22030160.0,22365423.0,22707215.0,23065701.0,23434333.0,23879795.0,24319893.0,24670581
8_6UqnEjSU0,,,,,,,,,,,,,,,,,,,,,,,,,,,,,,,,,,,,,,,,,,,,,,,,,,,,,,,,,,,,,,,,,,,,,,26476.0,283133.0,562202.0,852181.0,1139983.0,1773186.0,1782664.0,1783105.0,1783975.0,1784757.0,1785377.0,1785949.0,1786387.0,1786834.0,1787262.0,1787749.0,1788119.0,1788479.0,1788844.0,1789210.0,1789579.0,1789890.0,1790191.0,1790446.0,1790762.0,1791045.0,1791321.0,1791544.0,1791828.0,1792046.0,1792272.0,1792534.0,1792748.0,1792962.0,1793280.0,1793466.0,1793702.0,1793849.0,1794022.0,1794169.0,1794354.0,1794532.0,1794689.0,1794863.0,1795058.0,1795233.0,1795407.0,1795558.0,1795756.0,1795922.0,1796117.0,1796316.0,1796484.0,1796650.0,1796836.0,1796952.0,1797062.0,1797199.0,1797311.0,1797426.0,1797561.0,1797700.0,1797848.0,1798032.0,1798255.0,1798426.0,1798624.0,1798905
ejbFkYmX7kg,,,,,,,,,,,,,,,,,,,,,,,,,,,,,,,,,,,,,,,,,,,,,,,,,,,,,,,,,,,,,,,,,,,,,,97249.0,1251850.0,2713323.0,4326516.0,5871414.0,8803790.0,8865991.0,8884830.0,8899879.0,8917885.0,8934959.0,8949165.0,8963778.0,8979796.0,8995976.0,9012000.0,9027850.0,9045091.0,9058511.0,9071302.0,9083801.0,9096036.0,9108017.0,9119492.0,9130440.0,9140598.0,9151278.0,9160952.0,9169816.0,9178439.0,9187786.0,9196701.0,9205012.0,9212556.0,9219681.0,9226812.0,9233957.0,9241409.0,9248428.0,9254586.0,9260763.0,9266861.0,9272924.0,9278920.0,9285110.0,9291484.0,9297277.0,9302514.0,9308169.0,9313859.0,9319772.0,9325764.0,9331675.0,9337377.0,9342493.0,9347425.0,9352554.0,9357761.0,9363136.0,9368081.0,9373005.0,9377824.0,9382499.0,9387457.0,9392386.0,9397426.0,9402187.0,9406568
h9roFEJv1sI,,,,,,,,,,,,,,,,,,,,,,,,,,,,,,,,,,,,,,,,,,,,,,,,,,,,,,,,,,,,,,,,,,,,,,118345.0,120142.0,121647.0,123317.0,124473.0,127837.0,129501.0,131274.0,133013.0,134605.0,135834.0,137190.0,138362.0,139368.0,140602.0,141838.0,142614.0,143446.0,144603.0,145600.0,146740.0,147818.0,149238.0,150553.0,151672.0,152555.0,153329.0,154295.0,155017.0,155931.0,156700.0,157646.0,158826.0,159858.0,160810.0,161890.0,162903.0,163812.0,164944.0,166343.0,167538.0,168673.0,170027.0,172189.0,174514.0,175843.0,176980.0,177989.0,178908.0,180098.0,181115.0,181926.0,182772.0,183789.0,184523.0,185410.0,186326.0,187308.0,188302.0,189204.0,190254.0,191243.0,192266.0,193187.0,194108.0,194915.0,195648.0,196449
8y3QgANqDz8,,,,,,,,,,,,,,,,,,,,,,,,,,,,,,,,,,,,,,,,,,,,,,,,,,,,,,,,,,,,,,,,,,,,,,20328.0,29857.0,36180.0,41764.0,45793.0,53094.0,56430.0,59842.0,63085.0,65982.0,68517.0,70690.0,72835.0,74853.0,76582.0,78184.0,79652.0,80874.0,82334.0,83870.0,85243.0,86552.0,87881.0,89209.0,90341.0,91505.0,92629.0,94389.0,96527.0,98766.0,100934.0,102948.0,104950.0,107022.0,109167.0,111191.0,113216.0,115367.0,117538.0,119639.0,122035.0,124648.0,127359.0,130515.0,133390.0,136016.0,138699.0,141595.0,144451.0,147664.0,150876.0,153836.0,156668.0,159633.0,162561.0,165580.0,169012.0,172505.0,175293.0,177901.0,180763.0,183630.0,186386.0,189637.0,192712.0,195650.0,198427.0,201488
0cLcsKaoXew,,,,,,,,,,,,,,,,,,,,,,,,,,,,,,,,,,,,,,,,,,,,,,,,,,,,,,,,,,,,,,,,,,,,,,32852.0,45790.0,52779.0,58223.0,62930.0,67655.0,68791.0,69855.0,70927.0,71681.0,72248.0,72773.0,73177.0,73550.0,73924.0,74526.0,75147.0,75539.0,75941.0,76305.0,76587.0,76898.0,77194.0,77503.0,77807.0,78058.0,78261.0,78454.0,78601.0,79044.0,79749.0,80223.0,80639.0,81046.0,81499.0,81878.0,82285.0,82519.0,82722.0,82943.0,83174.0,83447.0,83614.0,83751.0,83908.0,84027.0,84217.0,84378.0,84489.0,84621.0,84772.0,84902.0,85023.0,85140.0,85285.0,85398.0,85504.0,85640.0,85768.0,85994.0,86183.0,86385.0,86490.0,86601.0,86745.0,86842.0,86949.0,87048
NKh7ABN6iiM,,,,,,,,,,,,,,,,,,,,,,,,,,,,,,,,,,,,,,,,,,,,,,,,,,,,,,,,,,,,,,,,,,,,,,,59760.0,117068.0,159862.0,197824.0,278903.0,328012.0,367249.0,405592.0,430086.0,485241.0,526327.0,565990.0,611186.0,656993.0,715281.0,756959.0,801409.0,842433.0,864806.0,910846.0,949152.0,1011459.0,1038763.0,1087022.0,1141306.0,1165251.0,1241551.0,1268644.0,1299951.0,1307261.0,1307885.0,1308549.0,1309213.0,1309821.0,1310437.0,1310978.0,1311479.0,1312058.0,1312457.0,1312946.0,1313354.0,1313839.0,1314328.0,1314837.0,1315353.0,1315700.0,1316035.0,1316431.0,1316762.0,1317082.0,1317376.0,1317664.0,1317954.0,1318250.0,1318587.0,1318861.0,1319140.0,1319401.0,1319654.0,1319881.0,1320125.0,1320332.0,1320537.0,1320754.0,1321025.0,1321262.0,1321480
_BzRriQWPwc,,,,,,,,,,,,,,,,,,,,,,,,,,,,,,,,,,,,,,,,,,,,,,,,,,,,,,,,,,,,,,,,,,,,,,,1204.0,7559.0,10613.0,15182.0,28500.0,36036.0,42408.0,45321.0,47422.0,49320.0,51855.0,55370.0,58388.0,61377.0,64762.0,67994.0,71100.0,76569.0,83493.0,91649.0,98157.0,104097.0,108381.0,112598.0,117971.0,123710.0,128269.0,132538.0,137316.0,142173.0,147082.0,152923.0,157785.0,162121.0,167472.0,173815.0,178075.0,180925.0,184129.0,187814.0,190972.0,194194.0,197686.0,200618.0,202980.0,205644.0,208285.0,210987.0,214108.0,218119.0,221746.0,224318.0,227087.0,229613.0,232828.0,236080.0,239809.0,245016.0,250203.0,254524.0,258696.0,262312.0,265429.0,268774.0,272343.0,275186.0,277714
m18dRRu9-V4,,,,,,,,,,,,,,,,,,,,,,,,,,,,,,,,,,,,,,,,,,,,,,,,,,,,,,,,,,,,,,,,,,,,,,,771807.0,7478497.0,15191945.0,15770290.0,15997231.0,16120303.0,16232237.0,16337682.0,16431176.0,16501258.0,16560418.0,16618192.0,16673229.0,16725054.0,16773443.0,16821264.0,16863873.0,16904827.0,16943153.0,16982998.0,17027828.0,17071135.0,17113532.0,17154860.0,17193159.0,17231603.0,17267805.0,17303438.0,17339534.0,17376561.0,17411756.0,17444239.0,17475130.0,17505049.0,17535794.0,17566358.0,17598348.0,17628079.0,17655342.0,17681297.0,17706529.0,17731355.0,17755045.0,17779808.0,17803970.0,17826061.0,17847553.0,17869779.0,17892370.0,17916033.0,17939642.0,17962810.0,17984419.0,18005622.0,18026010.0,18047726.0,18069679.0,18092098.0,18113910.0,18135525.0,18156753.0,18178323.0,18200258.0,18222371.0,18245147.0,18266871.0,18288197
uCfhl1g-Ndw,,,,,,,,,,,,,,,,,,,,,,,,,,,,,,,,,,,,,,,,,,,,,,,,,,,,,,,,,,,,,,,,,,,,,,,1764.0,5826.0,7450.0,8259.0,9781.0,10588.0,12311.0,22571.0,25520.0,26710.0,27405.0,27887.0,28536.0,29002.0,29393.0,29725.0,29985.0,30234.0,30450.0,30703.0,30919.0,31083.0,31276.0,31453.0,31629.0,31804.0,31965.0,32135.0,32343.0,32546.0,32726.0,32889.0,33065.0,33256.0,33381.0,33545.0,33674.0,33820.0,33946.0,34085.0,34189.0,34291.0,34397.0,34469.0,34528.0,34593.0,34652.0,34707.0,34764.0,34826.0,34909.0,34966.0,35047.0,35118.0,35195.0,35268.0,35337.0,35391.0,35433.0,35484.0,35534.0,35614.0,35647.0,35711.0,35764.0,35806.0,35871
cNVN9zUZTFU,,,,,,,,,,,,,,,,,,,,,,,,,,,,,,,,,,,,,,,,,,,,,,,,,,,,,,,,,,,,,,,,,,,,,,,216.0,259.0,327.0,357.0,393.0,412.0,415.0,420.0,424.0,442.0,465.0,484.0,490.0,493.0,501.0,505.0,509.0,512.0,522.0,534.0,537.0,546.0,550.0,552.0,555.0,561.0,564.0,571.0,572.0,576.0,579.0,581.0,584.0,586.0,588.0,589.0,590.0,605.0,614.0,621.0,622.0,624.0,626.0,628.0,637.0,645.0,645.0,647.0,650.0,654.0,657.0,660.0,663.0,666.0,666.0,667.0,668.0,671.0,674.0,676.0,676.0,681.0,684.0,687.0,688.0,690.0,691
yMzkPaFuXAc,,,,,,,,,,,,,,,,,,,,,,,,,,,,,,,,,,,,,,,,,,,,,,,,,,,,,,,,,,,,,,,,,,,,,,,769.0,1044.0,1268.0,1373.0,1555.0,1615.0,1674.0,1784.0,1829.0,1848.0,1864.0,1882.0,1906.0,1927.0,1943.0,1978.0,1994.0,2009.0,2027.0,2039.0,2051.0,2077.0,2094.0,2108.0,2117.0,2132.0,2143.0,2154.0,2164.0,2175.0,2186.0,2200.0,2213.0,2223.0,2236.0,2252.0,2262.0,2271.0,2277.0,2291.0,2304.0,2319.0,2326.0,2331.0,2346.0,2361.0,2370.0,2384.0,2394.0,2400.0,2405.0,2415.0,2423.0,2431.0,2438.0,2441.0,2448.0,2458.0,2467.0,2472.0,2481.0,2490.0,2496.0,2508.0,2514.0,2520.0,2536
6j5dWsWh88s,,,,,,,,,,,,,,,,,,,,,,,,,,,,,,,,,,,,,,,,,,,,,,,,,,,,,,,,,,,,,,,,,,,,,,,36444.0,53173.0,129191.0,161854.0,251861.0,306410.0,340818.0,387574.0,425236.0,468052.0,488839.0,509504.0,529121.0,549905.0,566002.0,583568.0,593248.0,601839.0,608705.0,619876.0,627450.0,637858.0,646200.0,655902.0,657837.0,657922.0,658054.0,658197.0,658352.0,658464.0,658587.0,658678.0,658808.0,658900.0,658995.0,659125.0,659241.0,659311.0,659406.0,659492.0,659583.0,659647.0,659726.0,659780.0,659849.0,659926.0,660003.0,660075.0,660152.0,660212.0,660273.0,660360.0,660470.0,660544.0,660594.0,660639.0,660722.0,660782.0,660845.0,660917.0,660969.0,661024.0,661082.0,661149.0,661191.0,661242.0,661299
tSCde4Aa2lg,,,,,,,,,,,,,,,,,,,,,,,,,,,,,,,,,,,,,,,,,,,,,,,,,,,,,,,,,,,,,,,,,,,,,,,967.0,3218.0,10882.0,15048.0,23436.0,30406.0,38119.0,42887.0,45294.0,46380.0,47494.0,48768.0,50116.0,51492.0,52673.0,53632.0,54297.0,55135.0,56101.0,57165.0,58190.0,59143.0,60023.0,60740.0,61528.0,62341.0,63170.0,64117.0,65618.0,67592.0,69462.0,71515.0,73439.0,75193.0,76926.0,78643.0,80187.0,81748.0,83064.0,84134.0,85230.0,86341.0,87378.0,88482.0,89474.0,90357.0,91426.0,92658.0,93930.0,95437.0,96989.0,98370.0,100006.0,101583.0,103625.0,105699.0,107523.0,109665.0,111882.0,114222.0,116479.0,119339.0,122026.0,124826.0,127108.0,129025.0,131127
ROsltpV-JIE,,,,,,,,,,,,,,,,,,,,,,,,,,,,,,,,,,,,,,,,,,,,,,,,,,,,,,,,,,,,,,,,,,,,,,,,2918.0,11251.0,24736.0,59523.0,75928.0,93423.0,114530.0,125520.0,132741.0,140770.0,152282.0,160712.0,170339.0,176468.0,181846.0,185437.0,190236.0,194707.0,199073.0,203491.0,207677.0,211263.0,214753.0,218610.0,222983.0,226584.0,230809.0,234227.0,237936.0,241764.0,245652.0,249660.0,253069.0,256124.0,259142.0,261419.0,263109.0,265321.0,267724.0,270389.0,272920.0,275704.0,278387.0,280549.0,283007.0,285701.0,288337.0,290695.0,293133.0,295427.0,297202.0,299584.0,301555.0,303710.0,305778.0,308263.0,310191.0,311829.0,313492.0,315004.0,316601.0,317964.0,319291.0,320476.0,321451.0,322710
tk-63EQaVLI,,,,,,,,,,,,,,,,,,,,,,,,,,,,,,,,,,,,,,,,,,,,,,,,,,,,,,,,,,,,,,,,,,,,,,,,154.0,476.0,4986.0,9731.0,12734.0,16008.0,20461.0,23281.0,25413.0,26383.0,27608.0,29012.0,30377.0,31410.0,32367.0,33130.0,34382.0,35349.0,36804.0,37617.0,38203.0,38784.0,39222.0,39774.0,40366.0,40939.0,41880.0,42837.0,43612.0,44116.0,44758.0,45473.0,46291.0,47035.0,47845.0,48396.0,48666.0,48994.0,49352.0,49754.0,50227.0,50998.0,51605.0,52493.0,53590.0,54495.0,55108.0,55558.0,56343.0,56842.0,57301.0,57777.0,58523.0,59247.0,59691.0,60082.0,60474.0,60809.0,61032.0,61264.0,61488.0,61666.0,61876.0,62005.0,62147.0,62310
pWhZYfgc0IM,,,,,,,,,,,,,,,,,,,,,,,,,,,,,,,,,,,,,,,,,,,,,,,,,,,,,,,,,,,,,,,,,,,,,,,,1588.0,7663.0,20427.0,48759.0,65732.0,84087.0,104617.0,116833.0,125166.0,131426.0,137236.0,142445.0,146617.0,149809.0,152736.0,155166.0,158642.0,161576.0,164173.0,166846.0,169295.0,172047.0,174756.0,177625.0,180619.0,182927.0,186222.0,189628.0,191795.0,193172.0,194955.0,196478.0,197839.0,199102.0,200381.0,201412.0,202481.0,203620.0,204855.0,206051.0,207106.0,208261.0,209184.0,209889.0,211033.0,212377.0,213636.0,214819.0,215957.0,217049.0,218070.0,219274.0,220536.0,221826.0,222984.0,224057.0,225015.0,225895.0,226870.0,227788.0,228685.0,229557.0,230279.0,230926.0,231507.0,232156
nQGFMWcSgQg,,,,,,,,,,,,,,,,,,,,,,,,,,,,,,,,,,,,,,,,,,,,,,,,,,,,,,,,,,,,,,,,,,,,,,,,1137.0,3056.0,4654.0,6058.0,6712.0,7518.0,8448.0,8970.0,9327.0,9435.0,9488.0,9556.0,9625.0,9683.0,9737.0,9776.0,9818.0,9858.0,9896.0,9938.0,9962.0,9988.0,10009.0,10031.0,10055.0,10077.0,10100.0,10104.0,10141.0,10164.0,10177.0,10193.0,10224.0,10240.0,10258.0,10272.0,10282.0,10297.0,10307.0,10321.0,10332.0,10340.0,10351.0,10357.0,10364.0,10373.0,10384.0,10392.0,10399.0,10406.0,10416.0,10422.0,10426.0,10428.0,10430.0,10436.0,10445.0,10452.0,10456.0,10464.0,10470.0,10474.0,10479.0,10486.0,10493.0,10497
F-QSLxAyFes,,,,,,,,,,,,,,,,,,,,,,,,,,,,,,,,,,,,,,,,,,,,,,,,,,,,,,,,,,,,,,,,,,,,,,,,260521.0,677327.0,864289.0,1308698.0,1468002.0,1611084.0,1771953.0,1875948.0,1947591.0,2006966.0,2063136.0,2124494.0,2174451.0,2213810.0,2248218.0,2274636.0,2298649.0,2321287.0,2343735.0,2366012.0,2387747.0,2407733.0,2426836.0,2446322.0,2465905.0,2482832.0,2498929.0,2514943.0,2532246.0,2548754.0,2564732.0,2580535.0,2595422.0,2609892.0,2623602.0,2636446.0,2648820.0,2661725.0,2676139.0,2690509.0,2705498.0,2720138.0,2733673.0,2746029.0,2757960.0,2770035.0,2783482.0,2797033.0,2810794.0,2825566.0,2839998.0,2854849.0,2868163.0,2880709.0,2893542.0,2908025.0,2922279.0,2935431.0,2948247.0,2962411.0,2976231.0,2988823.0,3000719.0,3012151.0,3022447.0,3032415
ud3ZuQQ1Zlo,,,,,,,,,,,,,,,,,,,,,,,,,,,,,,,,,,,,,,,,,,,,,,,,,,,,,,,,,,,,,,,,,,,,,,,,,15634.0,47652.0,108604.0,139857.0,191866.0,226705.0,267816.0,278320.0,278444.0,278703.0,279019.0,279260.0,279465.0,279694.0,279909.0,280108.0,280271.0,280495.0,280626.0,280754.0,280911.0,281056.0,281175.0,281308.0,281443.0,281588.0,281672.0,281832.0,281916.0,281971.0,282036.0,282079.0,282131.0,282173.0,282232.0,282288.0,282326.0,282362.0,282416.0,282461.0,282507.0,282547.0,282585.0,282610.0,282627.0,282671.0,282714.0,282761.0,282796.0,282828.0,282850.0,282891.0,282923.0,282961.0,283001.0,283028.0,283066.0,283123.0,283140.0,283159.0,283207.0,283259.0,283288.0,283316.0,283352
_P7jeSQP1fY,,,,,,,,,,,,,,,,,,,,,,,,,,,,,,,,,,,,,,,,,,,,,,,,,,,,,,,,,,,,,,,,,,,,,,,,,69396.0,69849.0,71325.0,71877.0,72465.0,72977.0,73444.0,73905.0,74398.0,75024.0,75515.0,75972.0,76452.0,76853.0,77319.0,77853.0,78392.0,78878.0,79404.0,79843.0,80191.0,80545.0,80960.0,81399.0,81925.0,82182.0,82439.0,82691.0,82878.0,83105.0,83249.0,83382.0,83569.0,83769.0,83900.0,84013.0,84119.0,84242.0,84371.0,84505.0,84607.0,84727.0,84821.0,84924.0,85043.0,85152.0,85257.0,85397.0,85511.0,85640.0,85741.0,85842.0,85920.0,86038.0,86141.0,86236.0,86310.0,86404.0,86490.0,86574.0,86661.0,86747.0,86822.0,86900.0,86975
61MUBevD2KM,,,,,,,,,,,,,,,,,,,,,,,,,,,,,,,,,,,,,,,,,,,,,,,,,,,,,,,,,,,,,,,,,,,,,,,,,4428.0,12957.0,28786.0,33169.0,37921.0,41668.0,44771.0,47287.0,49521.0,51320.0,53224.0,54809.0,56437.0,57992.0,59376.0,60753.0,61885.0,63129.0,64286.0,65657.0,66995.0,68237.0,69201.0,70146.0,71161.0,71847.0,72432.0,73103.0,73679.0,74203.0,74806.0,75319.0,75918.0,76370.0,76912.0,77394.0,77753.0,78220.0,78685.0,79095.0,79572.0,80040.0,80463.0,80859.0,81183.0,81562.0,81882.0,82249.0,82584.0,82934.0,83284.0,83630.0,84004.0,84341.0,84707.0,85017.0,85382.0,85678.0,85979.0,86346.0,86595.0,86913.0,87242.0,87538.0,87878
ScdULYbnjOs,,,,,,,,,,,,,,,,,,,,,,,,,,,,,,,,,,,,,,,,,,,,,,,,,,,,,,,,,,,,,,,,,,,,,,,,,,383072.0,507327.0,556475.0,597906.0,649538.0,694110.0,721594.0,741380.0,758776.0,776316.0,791591.0,805398.0,819195.0,831713.0,846676.0,862477.0,878751.0,895904.0,910114.0,922981.0,936078.0,948496.0,960980.0,972396.0,982210.0,991996.0,1002018.0,1011470.0,1020017.0,1028295.0,1036259.0,1043921.0,1051385.0,1059879.0,1067421.0,1074105.0,1080507.0,1087157.0,1093715.0,1100369.0,1106811.0,1113137.0,1119004.0,1124974.0,1131454.0,1137741.0,1144305.0,1150570.0,1156491.0,1162286.0,1168105.0,1173700.0,1179300.0,1185134.0,1191026.0,1196958.0,1202512.0,1207564.0,1212684.0,1217860.0,1223280.0,1228500.0,1233654.0,1238631
zwOCGLpKC_M,,,,,,,,,,,,,,,,,,,,,,,,,,,,,,,,,,,,,,,,,,,,,,,,,,,,,,,,,,,,,,,,,,,,,,,,,,172.0,531.0,570.0,654.0,836.0,991.0,1180.0,1200.0,1215.0,1228.0,1236.0,1245.0,1249.0,1256.0,1263.0,1269.0,1273.0,1282.0,1287.0,1287.0,1293.0,1298.0,1302.0,1304.0,1308.0,1312.0,1321.0,1326.0,1330.0,1333.0,1336.0,1337.0,1337.0,1339.0,1340.0,1344.0,1347.0,1348.0,1351.0,1352.0,1354.0,1358.0,1360.0,1362.0,1364.0,1368.0,1373.0,1374.0,1378.0,1385.0,1387.0,1389.0,1394.0,1402.0,1409.0,1412.0,1471.0,1533.0,1587.0,1623.0,1671.0,1724.0,1765.0,1791
4-ba6z64nlQ,,,,,,,,,,,,,,,,,,,,,,,,,,,,,,,,,,,,,,,,,,,,,,,,,,,,,,,,,,,,,,,,,,,,,,,,,,,703101.0,1653649.0,1956905.0,3002685.0,3697192.0,4440578.0,5184453.0,5795657.0,6399465.0,7053974.0,7891834.0,8872123.0,9676015.0,10198131.0,10397681.0,11531206.0,12783815.0,13712693.0,14118094.0,14495475.0,14632192.0,14635450.0,14640597.0,14646203.0,14651502.0,14656604.0,14661523.0,14666272.0,14670555.0,14674616.0,14678462.0,14682403.0,14686461.0,14690208.0,14693688.0,14696647.0,14699585.0,14702420.0,14705198.0,14708273.0,14710989.0,14713445.0,14715859.0,14718304.0,14720969.0,14723644.0,14726251.0,14728709.0,14731043.0,14733340.0,14735466.0,14737636.0,14740145.0,14742816.0,14745211.0,14747646.0,14749980.0,14752271.0,14754475.0,14756826.0,14759127.0,14761380.0,14763599
9MSkAK58J7I,,,,,,,,,,,,,,,,,,,,,,,,,,,,,,,,,,,,,,,,,,,,,,,,,,,,,,,,,,,,,,,,,,,,,,,,,,,473460.0,501223.0,504571.0,506458.0,508752.0,510930.0,513390.0,515579.0,517429.0,518839.0,520079.0,521228.0,522202.0,523157.0,543009.0,585719.0,633111.0,678995.0,693118.0,704505.0,706497.0,707272.0,707920.0,708610.0,709357.0,710139.0,710871.0,711725.0,712558.0,713265.0,714097.0,714910.0,715751.0,716473.0,717169.0,717730.0,718401.0,718993.0,719611.0,720285.0,720841.0,721395.0,721936.0,722495.0,723078.0,723613.0,724132.0,724626.0,725125.0,725559.0,725969.0,726428.0,726858.0,727281.0,727812.0,728338.0,728817.0,729380.0,729927.0,730501.0,731039.0,731628.0,732156
RyDxz9qlhA8,,,,,,,,,,,,,,,,,,,,,,,,,,,,,,,,,,,,,,,,,,,,,,,,,,,,,,,,,,,,,,,,,,,,,,,,,,,85065.0,110315.0,138389.0,164180.0,186643.0,203321.0,213611.0,223379.0,231242.0,238739.0,245027.0,250218.0,254058.0,257746.0,261698.0,265492.0,268571.0,271249.0,274215.0,276579.0,278949.0,281664.0,284302.0,286397.0,289409.0,293404.0,295929.0,298932.0,302104.0,305466.0,308129.0,310702.0,312906.0,315185.0,317678.0,319813.0,321427.0,323114.0,324682.0,326241.0,328099.0,329999.0,331525.0,333194.0,335213.0,337394.0,339155.0,340774.0,342634.0,344383.0,346254.0,348016.0,349998.0,351888.0,353527.0,355622.0,358048.0,360523.0,362726.0,364898.0,366880.0,368341.0,369868
JnNeRXpzf6A,,,,,,,,,,,,,,,,,,,,,,,,,,,,,,,,,,,,,,,,,,,,,,,,,,,,,,,,,,,,,,,,,,,,,,,,,,,5635.0,5957.0,6289.0,6587.0,6827.0,7006.0,7246.0,7478.0,7704.0,7946.0,8227.0,8380.0,8524.0,8724.0,8951.0,9071.0,9273.0,9467.0,9609.0,9726.0,9851.0,9972.0,10095.0,10255.0,10377.0,10460.0,10532.0,10630.0,10698.0,10794.0,10895.0,10993.0,11061.0,11131.0,11207.0,11290.0,11389.0,11459.0,11538.0,11602.0,11640.0,11733.0,11793.0,11851.0,11950.0,12010.0,12070.0,12131.0,12213.0,12268.0,12358.0,12407.0,12478.0,12532.0,12584.0,12655.0,12724.0,12791.0,12855.0,12914.0,12950.0,13009.0,13072
zjENKAVRrcs,,,,,,,,,,,,,,,,,,,,,,,,,,,,,,,,,,,,,,,,,,,,,,,,,,,,,,,,,,,,,,,,,,,,,,,,,,,4709.0,13679.0,27332.0,47669.0,68947.0,90103.0,102097.0,108498.0,114840.0,120918.0,126608.0,132014.0,135922.0,139252.0,142061.0,144192.0,146420.0,148487.0,150714.0,152854.0,154475.0,156200.0,157484.0,158715.0,160682.0,162632.0,164192.0,166968.0,169746.0,172478.0,174856.0,177321.0,178897.0,180534.0,182569.0,183946.0,185855.0,187707.0,189984.0,192062.0,193480.0,195514.0,197209.0,199104.0,201059.0,203840.0,206306.0,207882.0,210401.0,212988.0,215644.0,218198.0,221174.0,222814.0,223736.0,224784.0,225784.0,226490.0,227070.0,227705.0,228248.0,228750.0,229230
sAGD0C8nuOk,,,,,,,,,,,,,,,,,,,,,,,,,,,,,,,,,,,,,,,,,,,,,,,,,,,,,,,,,,,,,,,,,,,,,,,,,,,16043.0,56071.0,120387.0,194233.0,243394.0,279819.0,325584.0,370336.0,404965.0,437696.0,465313.0,485349.0,496792.0,507532.0,519502.0,531160.0,542798.0,551884.0,558902.0,565268.0,573068.0,580936.0,588333.0,597794.0,608802.0,621723.0,631320.0,643328.0,657103.0,670767.0,681498.0,689160.0,695197.0,699545.0,705222.0,714848.0,722252.0,731287.0,739836.0,747120.0,752470.0,759163.0,769188.0,781951.0,795856.0,808975.0,820229.0,828954.0,839360.0,847001.0,855958.0,864428.0,874290.0,881056.0,886117.0,891630.0,897268.0,903505.0,909276.0,914720.0,919342.0,922812.0,926762
-RUZUakN4nI,,,,,,,,,,,,,,,,,,,,,,,,,,,,,,,,,,,,,,,,,,,,,,,,,,,,,,,,,,,,,,,,,,,,,,,,,,,54474.0,100310.0,140460.0,179677.0,219349.0,255947.0,290372.0,316899.0,341483.0,365157.0,389922.0,409189.0,421028.0,434913.0,448650.0,462880.0,477171.0,491874.0,505973.0,517073.0,528607.0,539226.0,548869.0,558900.0,570768.0,581841.0,590876.0,602545.0,615011.0,628308.0,641729.0,657839.0,675958.0,690134.0,704788.0,715866.0,726405.0,735979.0,746783.0,755942.0,763060.0,772437.0,782617.0,792889.0,803975.0,813168.0,822208.0,830298.0,840208.0,847823.0,856929.0,865947.0,875810.0,884446.0,890977.0,898743.0,906022.0,913809.0,921792.0,929844.0,937056.0,942988.0,950681
YIjvuYeaiZQ,,,,,,,,,,,,,,,,,,,,,,,,,,,,,,,,,,,,,,,,,,,,,,,,,,,,,,,,,,,,,,,,,,,,,,,,,,,78735.0,117964.0,135269.0,164536.0,194413.0,227049.0,243023.0,251493.0,251761.0,251924.0,252164.0,252366.0,252523.0,252698.0,252887.0,253053.0,253213.0,253372.0,253474.0,253611.0,253723.0,253861.0,254013.0,254170.0,254288.0,254402.0,254501.0,254624.0,254699.0,254811.0,254927.0,255017.0,255112.0,255190.0,255283.0,255370.0,255443.0,255535.0,255618.0,255683.0,255760.0,255842.0,255903.0,255973.0,256046.0,256101.0,256162.0,256221.0,256291.0,256326.0,256355.0,256383.0,256420.0,256454.0,256484.0,256545.0,256586.0,256641.0,256679.0,256737.0,256804.0,256862.0,256911
DwhQzQigrw0,,,,,,,,,,,,,,,,,,,,,,,,,,,,,,,,,,,,,,,,,,,,,,,,,,,,,,,,,,,,,,,,,,,,,,,,,,,1174.0,1296.0,1365.0,1425.0,1466.0,1536.0,1577.0,1615.0,1692.0,1755.0,1819.0,1859.0,1905.0,1948.0,1982.0,2024.0,2057.0,2093.0,2125.0,2169.0,2197.0,2223.0,2257.0,2285.0,2309.0,2335.0,2360.0,2376.0,2414.0,2455.0,2473.0,2498.0,2518.0,2547.0,2569.0,2597.0,2616.0,2637.0,2659.0,2673.0,2695.0,2719.0,2736.0,2750.0,2769.0,2781.0,2799.0,2827.0,2849.0,2919.0,2944.0,2972.0,2995.0,3012.0,3025.0,3032.0,3050.0,3073.0,3086.0,3101.0,3118.0,3129.0,3149
dLGfgnA7f68,,,,,,,,,,,,,,,,,,,,,,,,,,,,,,,,,,,,,,,,,,,,,,,,,,,,,,,,,,,,,,,,,,,,,,,,,,,10792.0,16769.0,21020.0,24536.0,27542.0,30119.0,32586.0,35196.0,37318.0,38768.0,39722.0,40577.0,41280.0,42047.0,42842.0,43614.0,44327.0,44932.0,45451.0,45936.0,46437.0,46908.0,47546.0,48123.0,48693.0,49163.0,49578.0,50030.0,50504.0,50864.0,51253.0,51581.0,51874.0,52099.0,52423.0,52709.0,52943.0,53174.0,53331.0,53542.0,53708.0,53967.0,54171.0,54351.0,54503.0,54695.0,54838.0,54985.0,55135.0,55297.0,55458.0,55626.0,55777.0,55922.0,56043.0,56210.0,56351.0,56498.0,56642.0,56775.0,56900.0,56992.0,57097
pZxrtHizb98,,,,,,,,,,,,,,,,,,,,,,,,,,,,,,,,,,,,,,,,,,,,,,,,,,,,,,,,,,,,,,,,,,,,,,,,,,,453418.0,802594.0,1503657.0,2194279.0,3104088.0,3619340.0,4053275.0,4057952.0,4060207.0,4062437.0,4064908.0,4067348.0,4069595.0,4072067.0,4074383.0,4076165.0,4077818.0,4079356.0,4080696.0,4081996.0,4083349.0,4084644.0,4085731.0,4087061.0,4088466.0,4089599.0,4090658.0,4091714.0,4092583.0,4093470.0,4094346.0,4095358.0,4096294.0,4097123.0,4097921.0,4098775.0,4099657.0,4100503.0,4101300.0,4101984.0,4102735.0,4103409.0,4104054.0,4104660.0,4105273.0,4105905.0,4106390.0,4107010.0,4107561.0,4107998.0,4108618.0,4109177.0,4109704.0,4110265.0,4110619.0,4111035.0,4111422.0,4111860.0,4112207.0,4112709.0,4113119.0,4113503.0,4113962
8nBgDvhZdTU,,,,,,,,,,,,,,,,,,,,,,,,,,,,,,,,,,,,,,,,,,,,,,,,,,,,,,,,,,,,,,,,,,,,,,,,,,,3054.0,6140.0,8755.0,12019.0,13886.0,15456.0,16733.0,17867.0,18608.0,19159.0,19704.0,20050.0,20352.0,20602.0,20854.0,21092.0,21339.0,21581.0,21758.0,21974.0,22175.0,22350.0,22537.0,22693.0,22858.0,23016.0,23140.0,23303.0,23436.0,23566.0,23713.0,23850.0,23957.0,24059.0,24155.0,24250.0,24335.0,24449.0,24549.0,24618.0,24709.0,24782.0,24851.0,24931.0,25004.0,25173.0,25305.0,25431.0,25529.0,25591.0,25672.0,25757.0,25865.0,25941.0,26008.0,26095.0,26145.0,26207.0,26250.0,26300.0,26351.0,26406.0,26444
971SdN1aojk,,,,,,,,,,,,,,,,,,,,,,,,,,,,,,,,,,,,,,,,,,,,,,,,,,,,,,,,,,,,,,,,,,,,,,,,,,,1843.0,2680.0,3169.0,3418.0,3690.0,3933.0,4169.0,4311.0,4411.0,4511.0,4613.0,4703.0,4861.0,5096.0,5281.0,5403.0,5512.0,5587.0,5620.0,5685.0,5806.0,5838.0,5880.0,5951.0,5996.0,6032.0,6063.0,6133.0,6183.0,6220.0,6263.0,6283.0,6309.0,6332.0,6359.0,6392.0,6459.0,6494.0,6523.0,6543.0,6572.0,6610.0,6643.0,6676.0,6704.0,6727.0,6740.0,6761.0,6792.0,6817.0,6841.0,6865.0,6880.0,6896.0,6912.0,6924.0,6953.0,6967.0,6977.0,6992.0,7002.0,7018.0,7033
qPWlHgx_Oc0,,,,,,,,,,,,,,,,,,,,,,,,,,,,,,,,,,,,,,,,,,,,,,,,,,,,,,,,,,,,,,,,,,,,,,,,,,,,37586.0,163218.0,225980.0,429630.0,606298.0,753155.0,882956.0,1005959.0,1160909.0,1322144.0,1460961.0,1590437.0,1735901.0,1859069.0,2012101.0,2024707.0,2027807.0,2030949.0,2033678.0,2057540.0,2107143.0,2151967.0,2196508.0,2282783.0,2359149.0,2420797.0,2431195.0,2434080.0,2435358.0,2436596.0,2437965.0,2439298.0,2440433.0,2441531.0,2442749.0,2443920.0,2445064.0,2446132.0,2447304.0,2448407.0,2449530.0,2450682.0,2451883.0,2453068.0,2454429.0,2455734.0,2457080.0,2458378.0,2459583.0,2460652.0,2461696.0,2462669.0,2463622.0,2464497.0,2465346.0,2466228.0,2467155.0,2468016.0,2468995.0,2469812.0,2470560.0,2471273
3yjLE7Z_lDs,,,,,,,,,,,,,,,,,,,,,,,,,,,,,,,,,,,,,,,,,,,,,,,,,,,,,,,,,,,,,,,,,,,,,,,,,,,,155.0,1888.0,2330.0,3681.0,5403.0,6640.0,8615.0,9687.0,10044.0,10175.0,10272.0,10356.0,10522.0,10664.0,10773.0,10880.0,10926.0,10989.0,11012.0,11048.0,11091.0,11132.0,11166.0,11211.0,11246.0,11293.0,11341.0,11388.0,11443.0,11484.0,11535.0,11588.0,11637.0,11732.0,11769.0,11805.0,11878.0,11921.0,11970.0,12003.0,12054.0,12095.0,12140.0,12190.0,12257.0,12363.0,12466.0,12561.0,12662.0,12786.0,12888.0,13011.0,13097.0,13140.0,13212.0,13283.0,13354.0,13419.0,13456.0,13497.0,13514.0,13537
r13VjeHj8z0,,,,,,,,,,,,,,,,,,,,,,,,,,,,,,,,,,,,,,,,,,,,,,,,,,,,,,,,,,,,,,,,,,,,,,,,,,,,277858.0,399164.0,454244.0,483309.0,508563.0,549892.0,623209.0,686645.0,720161.0,742228.0,762793.0,781877.0,801044.0,817584.0,834084.0,850591.0,866155.0,882118.0,898961.0,915627.0,931721.0,947408.0,962369.0,978064.0,996569.0,1015732.0,1033328.0,1050581.0,1066688.0,1082296.0,1096811.0,1111605.0,1124923.0,1136761.0,1148585.0,1160000.0,1170630.0,1181518.0,1193047.0,1204277.0,1214083.0,1224077.0,1234783.0,1245367.0,1260706.0,1276806.0,1292882.0,1309006.0,1321782.0,1335029.0,1347373.0,1359901.0,1373919.0,1386517.0,1399293.0,1410864.0,1421934.0,1434491.0,1448787.0,1465584.0,1479404.0,1491768
YgcyK6x1ZvU,,,,,,,,,,,,,,,,,,,,,,,,,,,,,,,,,,,,,,,,,,,,,,,,,,,,,,,,,,,,,,,,,,,,,,,,,,,,419.0,2154.0,3255.0,4164.0,5775.0,8998.0,11622.0,14535.0,19353.0,23954.0,26520.0,30612.0,31509.0,31497.0,31541.0,31596.0,31656.0,31685.0,31716.0,31749.0,31766.0,31849.0,31951.0,32000.0,32030.0,32048.0,32101.0,32136.0,32166.0,32203.0,32220.0,32242.0,32259.0,32286.0,32299.0,32318.0,32332.0,32350.0,32372.0,32391.0,32410.0,32421.0,32435.0,32446.0,32469.0,32481.0,32492.0,32505.0,32523.0,32537.0,32554.0,32581.0,32588.0,32602.0,32615.0,32632.0,32658.0,32670.0,32685.0,32698.0,32715.0,32727
8uV7o3STxhc,,,,,,,,,,,,,,,,,,,,,,,,,,,,,,,,,,,,,,,,,,,,,,,,,,,,,,,,,,,,,,,,,,,,,,,,,,,,179.0,229.0,253.0,282.0,300.0,320.0,350.0,389.0,422.0,462.0,509.0,527.0,557.0,564.0,571.0,577.0,584.0,591.0,596.0,598.0,598.0,600.0,603.0,608.0,609.0,611.0,618.0,622.0,622.0,625.0,626.0,629.0,631.0,633.0,635.0,640.0,640.0,642.0,643.0,644.0,645.0,647.0,647.0,649.0,650.0,650.0,652.0,655.0,658.0,659.0,659.0,660.0,662.0,665.0,665.0,665.0,667.0,667.0,667.0,671.0,671.0,672
CGketww5RLk,,,,,,,,,,,,,,,,,,,,,,,,,,,,,,,,,,,,,,,,,,,,,,,,,,,,,,,,,,,,,,,,,,,,,,,,,,,,,6735.0,6810.0,6895.0,6972.0,6987.0,7052.0,7084.0,7141.0,7177.0,7220.0,7268.0,7313.0,7378.0,7393.0,7438.0,7476.0,7509.0,7549.0,7566.0,7605.0,7642.0,7663.0,7693.0,7713.0,7750.0,7778.0,7807.0,7833.0,7867.0,7905.0,7937.0,7954.0,7988.0,8014.0,8038.0,8059.0,8075.0,8108.0,8120.0,8152.0,8163.0,8182.0,8191.0,8206.0,8223.0,8246.0,8267.0,8285.0,8295.0,8318.0,8334.0,8351.0,8371.0,8388.0,8398.0,8415.0,8431.0,8445.0,8457.0,8466.0,8488
ZgeH3GkD_U0,,,,,,,,,,,,,,,,,,,,,,,,,,,,,,,,,,,,,,,,,,,,,,,,,,,,,,,,,,,,,,,,,,,,,,,,,,,,,22561.0,22612.0,22642.0,22698.0,22745.0,22803.0,22853.0,22889.0,22915.0,22943.0,22973.0,23023.0,23058.0,23104.0,23134.0,23181.0,23210.0,23234.0,23262.0,23291.0,23315.0,23351.0,23398.0,23453.0,23524.0,23574.0,23635.0,23682.0,23734.0,23788.0,23829.0,23865.0,23898.0,23934.0,23974.0,24013.0,24052.0,24075.0,24092.0,24135.0,24165.0,24181.0,24213.0,24240.0,24308.0,24370.0,24434.0,24480.0,24551.0,24619.0,24676.0,24707.0,24729.0,24744.0,24773.0,24791.0,24818.0,24845.0,24871.0,24886.0,24903
icW0nFygkrM,,,,,,,,,,,,,,,,,,,,,,,,,,,,,,,,,,,,,,,,,,,,,,,,,,,,,,,,,,,,,,,,,,,,,,,,,,,,,1456011.0,1465464.0,1473642.0,1480476.0,1486128.0,1491426.0,1496486.0,1501455.0,1506168.0,1510726.0,1515181.0,1519868.0,1524361.0,1528589.0,1532543.0,1537317.0,1541525.0,1545477.0,1549454.0,1553362.0,1556948.0,1560458.0,1564334.0,1568083.0,1571235.0,1574172.0,1576922.0,1579899.0,1583091.0,1586396.0,1589458.0,1592519.0,1595389.0,1597983.0,1600602.0,1603318.0,1605918.0,1608531.0,1610988.0,1613534.0,1616082.0,1618742.0,1621843.0,1625015.0,1628352.0,1631527.0,1634652.0,1637704.0,1640621.0,1643571.0,1646772.0,1649906.0,1652963.0,1655961.0,1659391.0,1662673.0,1666252.0,1670052.0,1673364.0,1676289.0,1679338
icW0nFygkrM,,,,,,,,,,,,,,,,,,,,,,,,,,,,,,,,,,,,,,,,,,,,,,,,,,,,,,,,,,,,,,,,,,,,,,,,,,,,,1456011.0,1465464.0,1473642.0,1480476.0,1486128.0,1491426.0,1496486.0,1501455.0,1506168.0,1510726.0,1515181.0,1519868.0,1524361.0,1528589.0,1532543.0,1537317.0,1541525.0,1545477.0,1549454.0,1553362.0,1556948.0,1560458.0,1564334.0,1568083.0,1571235.0,1574172.0,1576922.0,1579899.0,1583091.0,1586396.0,1589458.0,1592519.0,1595389.0,1597983.0,1600602.0,1603318.0,1605918.0,1608531.0,1610988.0,1613534.0,1616082.0,1618742.0,1621843.0,1625015.0,1628352.0,1631527.0,1634652.0,1637704.0,1640621.0,1643571.0,1646772.0,1649906.0,1652963.0,1655961.0,1659391.0,1662673.0,1666252.0,1670052.0,1673364.0,1676289.0,1679338
IMQBEabuciY,,,,,,,,,,,,,,,,,,,,,,,,,,,,,,,,,,,,,,,,,,,,,,,,,,,,,,,,,,,,,,,,,,,,,,,,,,,,,162569.0,163541.0,164657.0,165340.0,166317.0,167342.0,168386.0,169075.0,169648.0,170227.0,170614.0,171120.0,171599.0,172187.0,172859.0,173398.0,173773.0,174166.0,174504.0,174902.0,175251.0,175498.0,175885.0,176294.0,176620.0,176985.0,177359.0,177779.0,178158.0,178481.0,178809.0,179127.0,179464.0,179809.0,180180.0,180540.0,180908.0,181277.0,181574.0,181904.0,182297.0,182905.0,183518.0,183973.0,184393.0,184633.0,184889.0,185189.0,185566.0,185887.0,186253.0,186506.0,186652.0,186839.0,187035.0,187259.0,187456.0,187652.0,187845.0,188029.0,188230
5zW4P_WpJ-U,,,,,,,,,,,,,,,,,,,,,,,,,,,,,,,,,,,,,,,,,,,,,,,,,,,,,,,,,,,,,,,,,,,,,,,,,,,,,563897.0,564506.0,565172.0,565765.0,566211.0,566794.0,567316.0,567730.0,568249.0,568783.0,569174.0,569555.0,570011.0,570447.0,570846.0,571103.0,571473.0,571783.0,572100.0,572418.0,572813.0,573100.0,573453.0,573758.0,574017.0,574238.0,574571.0,574876.0,575289.0,575639.0,575943.0,576192.0,576506.0,576940.0,577312.0,577653.0,577972.0,578309.0,578570.0,578893.0,579313.0,579710.0,580091.0,580603.0,581059.0,581349.0,581636.0,581942.0,582282.0,582734.0,583084.0,583531.0,584105.0,584616.0,585093.0,585558.0,585969.0,586360.0,586747.0,587079.0,587421
HQsLcakiWXo,,,,,,,,,,,,,,,,,,,,,,,,,,,,,,,,,,,,,,,,,,,,,,,,,,,,,,,,,,,,,,,,,,,,,,,,,,,,,34147.0,35500.0,36556.0,37353.0,38539.0,39712.0,40341.0,40434.0,40529.0,40604.0,40687.0,40788.0,40886.0,40979.0,41073.0,41140.0,41166.0,41192.0,41228.0,41249.0,41276.0,41319.0,41366.0,42067.0,42986.0,43780.0,44679.0,45680.0,46721.0,47720.0,48643.0,49756.0,50549.0,51716.0,52657.0,53544.0,54476.0,55441.0,56327.0,56931.0,57855.0,58765.0,59761.0,60946.0,62158.0,63331.0,64534.0,65737.0,67064.0,68184.0,69147.0,69183.0,69242.0,69429.0,70419.0,71265.0,72270.0,73320.0,74329.0,75150.0,76037
6J7K9Wi8uJ4,,,,,,,,,,,,,,,,,,,,,,,,,,,,,,,,,,,,,,,,,,,,,,,,,,,,,,,,,,,,,,,,,,,,,,,,,,,,,251184.0,263872.0,273041.0,281031.0,286976.0,295650.0,306666.0,318979.0,332853.0,345101.0,355425.0,367720.0,378252.0,389081.0,397689.0,398385.0,399278.0,400002.0,400699.0,401388.0,401984.0,402556.0,403163.0,403719.0,404333.0,404838.0,405319.0,405752.0,406185.0,406646.0,407078.0,407535.0,407899.0,408302.0,408717.0,409103.0,409476.0,409799.0,410177.0,410523.0,410831.0,411176.0,411528.0,411872.0,412238.0,412592.0,412921.0,413207.0,413509.0,413798.0,414141.0,414519.0,414824.0,415127.0,415427.0,415740.0,415998.0,416298.0,416688.0,417015.0,417279
MW-oLdhz8aI,,,,,,,,,,,,,,,,,,,,,,,,,,,,,,,,,,,,,,,,,,,,,,,,,,,,,,,,,,,,,,,,,,,,,,,,,,,,,25750.0,27463.0,28857.0,30267.0,31651.0,33182.0,34665.0,36055.0,37291.0,38312.0,39286.0,40377.0,41555.0,42850.0,43986.0,44982.0,45781.0,46696.0,47610.0,48690.0,50009.0,51106.0,52091.0,52998.0,53885.0,54812.0,55742.0,56614.0,57479.0,58297.0,58956.0,59634.0,60354.0,61189.0,61965.0,62594.0,63333.0,63953.0,64406.0,65011.0,65564.0,66033.0,66551.0,67022.0,67391.0,67778.0,68196.0,68625.0,69018.0,69534.0,69954.0,70347.0,70674.0,71087.0,71490.0,71841.0,72219.0,72537.0,72930.0,73280.0,73647
FF5oFEcF-xY,,,,,,,,,,,,,,,,,,,,,,,,,,,,,,,,,,,,,,,,,,,,,,,,,,,,,,,,,,,,,,,,,,,,,,,,,,,,,89092.0,96145.0,99698.0,101914.0,105796.0,110242.0,114291.0,118210.0,121398.0,123788.0,125479.0,128118.0,130804.0,133440.0,136109.0,138394.0,140458.0,142426.0,144661.0,147197.0,148978.0,150586.0,152744.0,154823.0,156831.0,158931.0,160687.0,162526.0,164372.0,165971.0,167301.0,168329.0,169523.0,170937.0,172182.0,173183.0,174470.0,175552.0,176611.0,177746.0,178768.0,179814.0,180934.0,182285.0,183647.0,184867.0,186499.0,188082.0,189610.0,191021.0,192653.0,193658.0,194433.0,195250.0,196097.0,196965.0,197728.0,198452.0,198985.0,199679.0,200374
KbD9w7oMXLw,,,,,,,,,,,,,,,,,,,,,,,,,,,,,,,,,,,,,,,,,,,,,,,,,,,,,,,,,,,,,,,,,,,,,,,,,,,,,481.0,531.0,557.0,568.0,577.0,591.0,629.0,659.0,669.0,678.0,690.0,700.0,704.0,706.0,721.0,728.0,733.0,736.0,739.0,747.0,751.0,757.0,758.0,763.0,770.0,771.0,779.0,785.0,792.0,798.0,800.0,806.0,810.0,818.0,824.0,838.0,841.0,850.0,859.0,863.0,873.0,884.0,898.0,906.0,913.0,915.0,921.0,926.0,927.0,931.0,938.0,948.0,952.0,958.0,969.0,978.0,986.0,997.0,1009.0,1020.0,1025
2v_b0rBgr1s,,,,,,,,,,,,,,,,,,,,,,,,,,,,,,,,,,,,,,,,,,,,,,,,,,,,,,,,,,,,,,,,,,,,,,,,,,,,,112.0,129.0,134.0,142.0,158.0,167.0,171.0,187.0,199.0,210.0,213.0,221.0,232.0,240.0,248.0,252.0,261.0,262.0,267.0,274.0,282.0,289.0,292.0,296.0,305.0,307.0,313.0,318.0,318.0,323.0,327.0,331.0,331.0,335.0,337.0,343.0,345.0,347.0,349.0,350.0,352.0,354.0,357.0,357.0,360.0,362.0,363.0,368.0,371.0,372.0,378.0,379.0,383.0,395.0,406.0,420.0,434.0,444.0,456.0,470.0,489
mI88XaC5DiU,,,,,,,,,,,,,,,,,,,,,,,,,,,,,,,,,,,,,,,,,,,,,,,,,,,,,,,,,,,,,,,,,,,,,,,,,,,,,25652.0,28796.0,42414.0,47915.0,55921.0,62945.0,67893.0,70726.0,72777.0,74691.0,76227.0,77580.0,78744.0,79787.0,80709.0,81517.0,82351.0,83151.0,83772.0,84269.0,84745.0,85173.0,85575.0,85949.0,86424.0,86856.0,87195.0,87541.0,87839.0,88063.0,88347.0,88610.0,88879.0,89180.0,89532.0,89860.0,90092.0,90356.0,90615.0,90869.0,91126.0,91378.0,91646.0,91962.0,92288.0,92584.0,92875.0,93215.0,93523.0,93814.0,94117.0,94375.0,94652.0,94954.0,95262.0,95538.0,95756.0,95976.0,96151.0,96320.0,96478
qd-CuEYh6lw,,,,,,,,,,,,,,,,,,,,,,,,,,,,,,,,,,,,,,,,,,,,,,,,,,,,,,,,,,,,,,,,,,,,,,,,,,,,,875.0,1031.0,1235.0,1545.0,1963.0,2371.0,2837.0,3036.0,3091.0,3144.0,3189.0,3244.0,3279.0,3338.0,3392.0,3414.0,3454.0,3470.0,3498.0,3515.0,3553.0,3585.0,3611.0,3630.0,3653.0,3671.0,3692.0,3701.0,3712.0,3727.0,3738.0,3761.0,3784.0,3808.0,3821.0,3834.0,3848.0,3861.0,3869.0,3887.0,3899.0,3913.0,3920.0,3937.0,3942.0,3945.0,3955.0,3962.0,3966.0,3979.0,3989.0,4001.0,4010.0,4018.0,4025.0,4032.0,4041.0,4044.0,4053.0,4065.0,4076
Y8aqyy0kpHA,,,,,,,,,,,,,,,,,,,,,,,,,,,,,,,,,,,,,,,,,,,,,,,,,,,,,,,,,,,,,,,,,,,,,,,,,,,,,4789.0,5442.0,6108.0,6543.0,7062.0,7461.0,7798.0,8094.0,8227.0,8412.0,8554.0,8750.0,8930.0,9097.0,9257.0,9379.0,9507.0,9643.0,9777.0,9881.0,10005.0,10154.0,10261.0,10377.0,10466.0,10582.0,10673.0,10761.0,10834.0,10917.0,10990.0,11050.0,11130.0,11184.0,11259.0,11324.0,11388.0,11459.0,11519.0,11571.0,11619.0,11683.0,11762.0,11804.0,11861.0,11915.0,11960.0,11991.0,12037.0,12069.0,12105.0,12149.0,12180.0,12223.0,12256.0,12304.0,12340.0,12374.0,12401.0,12434.0,12472
2SHkpzwi_-o,,,,,,,,,,,,,,,,,,,,,,,,,,,,,,,,,,,,,,,,,,,,,,,,,,,,,,,,,,,,,,,,,,,,,,,,,,,,,488892.0,1498982.0,1926546.0,2347378.0,2703161.0,3127443.0,3527662.0,3933023.0,4251413.0,4539559.0,4698356.0,4825812.0,4976828.0,5096534.0,5134689.0,5169703.0,5197747.0,5262763.0,5268192.0,5268576.0,5268883.0,5269234.0,5269587.0,5269876.0,5270197.0,5270503.0,5270786.0,5271138.0,5271470.0,5271820.0,5272189.0,5272543.0,5272904.0,5273228.0,5273419.0,5273628.0,5273813.0,5274006.0,5274176.0,5274348.0,5274516.0,5274753.0,5275093.0,5275663.0,5276336.0,5276853.0,5277263.0,5277599.0,5277740.0,5277897.0,5278051.0,5278205.0,5278305.0,5278465.0,5278582.0,5278700.0,5278840.0,5278997.0,5279166.0,5279324.0,5279459
E9PARNJYNM0,,,,,,,,,,,,,,,,,,,,,,,,,,,,,,,,,,,,,,,,,,,,,,,,,,,,,,,,,,,,,,,,,,,,,,,,,,,,,4518.0,18927.0,41976.0,71950.0,100602.0,117194.0,129557.0,140101.0,148100.0,154006.0,159097.0,166206.0,172664.0,179100.0,184255.0,188397.0,191591.0,194667.0,198265.0,202021.0,205228.0,209039.0,212421.0,216183.0,219031.0,222679.0,226182.0,229720.0,232599.0,235625.0,238102.0,242526.0,247567.0,256401.0,276720.0,305305.0,335109.0,358121.0,367824.0,373311.0,378621.0,383968.0,389402.0,394216.0,398112.0,400999.0,403965.0,406250.0,408679.0,411033.0,413457.0,415605.0,417335.0,419772.0,422337.0,424968.0,427246.0,429427.0,431367.0,433126.0,435076
pFKNeC5-MiM,,,,,,,,,,,,,,,,,,,,,,,,,,,,,,,,,,,,,,,,,,,,,,,,,,,,,,,,,,,,,,,,,,,,,,,,,,,,,,,38803.0,39800.0,40686.0,41557.0,42337.0,43115.0,43821.0,44433.0,45019.0,45669.0,46399.0,47156.0,47867.0,48412.0,48950.0,49519.0,50080.0,50630.0,51157.0,51629.0,52145.0,52591.0,53048.0,53469.0,53928.0,54326.0,54677.0,55115.0,55416.0,55779.0,56132.0,56471.0,56865.0,57260.0,57597.0,57920.0,58217.0,58597.0,59012.0,59417.0,59751.0,60092.0,60428.0,60772.0,61047.0,61369.0,61709.0,62066.0,62382.0,62667.0,62900.0,63192.0,63470.0,63772.0,64070.0,64394.0,64674.0,64904.0,65572
FG5cO26pzb4,,,,,,,,,,,,,,,,,,,,,,,,,,,,,,,,,,,,,,,,,,,,,,,,,,,,,,,,,,,,,,,,,,,,,,,,,,,,,,,316.0,334.0,360.0,381.0,405.0,443.0,468.0,503.0,526.0,554.0,576.0,616.0,639.0,653.0,661.0,667.0,676.0,684.0,691.0,698.0,707.0,721.0,728.0,736.0,746.0,747.0,748.0,755.0,757.0,758.0,762.0,769.0,770.0,775.0,779.0,779.0,783.0,784.0,784.0,786.0,787.0,794.0,800.0,803.0,810.0,813.0,816.0,816.0,817.0,819.0,830.0,841.0,859.0,864.0,876.0,889.0,899.0,907.0,911
JFhVuvzWEVI,,,,,,,,,,,,,,,,,,,,,,,,,,,,,,,,,,,,,,,,,,,,,,,,,,,,,,,,,,,,,,,,,,,,,,,,,,,,,,,13816.0,24187.0,56775.0,89765.0,130936.0,177068.0,191961.0,192222.0,192447.0,192615.0,192813.0,192999.0,193149.0,193250.0,193384.0,193506.0,193595.0,193701.0,193787.0,193879.0,193989.0,194080.0,194152.0,194204.0,194271.0,194327.0,194372.0,194416.0,194455.0,194497.0,194528.0,194572.0,194636.0,194699.0,194754.0,194806.0,194863.0,194900.0,194936.0,194975.0,195027.0,195077.0,195111.0,195142.0,195174.0,195220.0,195258.0,195284.0,195308.0,195329.0,195367.0,195444.0,195487.0,195518.0,195560.0,195587.0,195617.0,195649.0,195691
lUJ3JEAp-II,,,,,,,,,,,,,,,,,,,,,,,,,,,,,,,,,,,,,,,,,,,,,,,,,,,,,,,,,,,,,,,,,,,,,,,,,,,,,,,91070.0,653923.0,860166.0,1501068.0,1529048.0,1546627.0,1559806.0,1572311.0,1582076.0,1591667.0,1617620.0,1653185.0,1782473.0,1790002.0,1795033.0,1799611.0,1804021.0,1808050.0,1811647.0,1815118.0,1818553.0,1821544.0,1824317.0,1827008.0,1829620.0,1832194.0,1834713.0,1837200.0,1839294.0,1841217.0,1843146.0,1845082.0,1847111.0,1849080.0,1850833.0,1852418.0,1853962.0,1855607.0,1857225.0,1858866.0,1860423.0,1861946.0,1863328.0,1864584.0,1865890.0,1867191.0,1868442.0,1869847.0,1871230.0,1872382.0,1873522.0,1874854.0,1876043.0,1877262.0,1878390.0,1879673.0,1880733.0,1881737.0,1882950
Wo4cQlVHPFc,,,,,,,,,,,,,,,,,,,,,,,,,,,,,,,,,,,,,,,,,,,,,,,,,,,,,,,,,,,,,,,,,,,,,,,,,,,,,,,13723.0,13787.0,13844.0,13919.0,13984.0,14050.0,14100.0,14156.0,14194.0,14267.0,14321.0,14409.0,14471.0,14523.0,14556.0,14601.0,14661.0,14727.0,14799.0,14862.0,14913.0,14997.0,15051.0,15126.0,15207.0,15262.0,15315.0,15398.0,15446.0,15488.0,15546.0,15606.0,15675.0,15738.0,15831.0,15910.0,15967.0,16034.0,16170.0,16324.0,16495.0,16656.0,16794.0,16943.0,17110.0,17278.0,17588.0,17919.0,18241.0,18492.0,18721.0,19070.0,19542.0,19754.0,19977.0,20240.0,20427.0,20576.0,20740
DiS9MZV2ZuI,,,,,,,,,,,,,,,,,,,,,,,,,,,,,,,,,,,,,,,,,,,,,,,,,,,,,,,,,,,,,,,,,,,,,,,,,,,,,,,13250.0,17043.0,20319.0,239548.0,798151.0,1579822.0,2354287.0,3088970.0,3904864.0,4808958.0,5661690.0,5873667.0,5873318.0,5873180.0,5873528.0,5874094.0,5874533.0,5874934.0,5875299.0,5875633.0,5875879.0,5876107.0,5876393.0,5876579.0,5876812.0,5877074.0,5877345.0,5877608.0,5877851.0,5878067.0,5878223.0,5878436.0,5878613.0,5878784.0,5878960.0,5879198.0,5879392.0,5879530.0,5879683.0,5879849.0,5880136.0,5880553.0,5880999.0,5881302.0,5881654.0,5881918.0,5882143.0,5882474.0,5882737.0,5883054.0,5883294.0,5883515.0,5883727.0,5884019.0,5884264.0,5884483.0,5884738.0,5884916.0,5885076
NlQlHpSq9Tk,,,,,,,,,,,,,,,,,,,,,,,,,,,,,,,,,,,,,,,,,,,,,,,,,,,,,,,,,,,,,,,,,,,,,,,,,,,,,,,155.0,294.0,397.0,472.0,557.0,650.0,730.0,814.0,852.0,896.0,928.0,969.0,999.0,1043.0,1075.0,1111.0,1125.0,1153.0,1167.0,1178.0,1190.0,1212.0,1234.0,1254.0,1264.0,1277.0,1295.0,1306.0,1327.0,1342.0,1362.0,1375.0,1396.0,1407.0,1421.0,1441.0,1452.0,1466.0,1488.0,1516.0,1532.0,1554.0,1582.0,1595.0,1614.0,1625.0,1647.0,1661.0,1678.0,1699.0,1714.0,1763.0,1832.0,1916.0,1994.0,2088.0,2168.0,2215.0,2332
ACPODVhhACY,,,,,,,,,,,,,,,,,,,,,,,,,,,,,,,,,,,,,,,,,,,,,,,,,,,,,,,,,,,,,,,,,,,,,,,,,,,,,,,,1113231.0,1114119.0,1115032.0,1116038.0,1116873.0,1117629.0,1118561.0,1119323.0,1120214.0,1121167.0,1121909.0,1122627.0,1123551.0,1124302.0,1125193.0,1126019.0,1126798.0,1127538.0,1128303.0,1128934.0,1129634.0,1130284.0,1130958.0,1131730.0,1132454.0,1133208.0,1133805.0,1134432.0,1135134.0,1135920.0,1136564.0,1137204.0,1137844.0,1138407.0,1138968.0,1139570.0,1140119.0,1140708.0,1141302.0,1141869.0,1142436.0,1143004.0,1143585.0,1144075.0,1144548.0,1144960.0,1145353.0,1145790.0,1146248.0,1146622.0,1147049.0,1147506.0,1147888.0,1148320.0,1148701.0,1149128.0,1149694.0,1151665
8a90HBQs3FU,,,,,,,,,,,,,,,,,,,,,,,,,,,,,,,,,,,,,,,,,,,,,,,,,,,,,,,,,,,,,,,,,,,,,,,,,,,,,,,,,7236.0,28397.0,49730.0,69545.0,88347.0,108504.0,126041.0,141556.0,154544.0,160263.0,165591.0,171154.0,175576.0,179239.0,182867.0,186591.0,189993.0,193160.0,196276.0,200054.0,203476.0,207817.0,212061.0,215629.0,219822.0,224208.0,228036.0,230549.0,232786.0,236866.0,252258.0,261565.0,267458.0,278549.0,285810.0,291812.0,301115.0,310103.0,319546.0,337850.0,350442.0,359553.0,371142.0,384995.0,402542.0,415725.0,427505.0,442377.0,461870.0,475033.0,495114.0,515781.0,535145.0,554118.0,568659.0,578344.0,588008
x0FwbTiD3iA,,,,,,,,,,,,,,,,,,,,,,,,,,,,,,,,,,,,,,,,,,,,,,,,,,,,,,,,,,,,,,,,,,,,,,,,,,,,,,,,,1088928.0,2899506.0,4855087.0,6723752.0,8246752.0,9833462.0,11432399.0,12247248.0,12396813.0,12540453.0,12673131.0,12796825.0,12899694.0,12990116.0,13075556.0,13156874.0,13229197.0,13298796.0,13367895.0,13433155.0,13493489.0,13550307.0,13602602.0,13651746.0,13700526.0,13749485.0,13801988.0,13851160.0,13896422.0,13938852.0,13980211.0,14021126.0,14059510.0,14098665.0,14135878.0,14170011.0,14203309.0,14236895.0,14270048.0,14305008.0,14338456.0,14370570.0,14400674.0,14428264.0,14453503.0,14481330.0,14510917.0,14543861.0,14576750.0,14608983.0,14641859.0,14676199.0,14709655.0,14743074.0,14777528.0,14809377.0,14842641
y8omlVISMfU,,,,,,,,,,,,,,,,,,,,,,,,,,,,,,,,,,,,,,,,,,,,,,,,,,,,,,,,,,,,,,,,,,,,,,,,,,,,,,,,,4845.0,6826.0,8098.0,8943.0,9509.0,10011.0,10338.0,10648.0,11014.0,11266.0,11538.0,11749.0,11954.0,12160.0,12330.0,12495.0,12664.0,12798.0,12945.0,13077.0,13221.0,13334.0,13470.0,13562.0,13657.0,13755.0,13852.0,13931.0,14019.0,14117.0,14181.0,14273.0,14355.0,14443.0,14513.0,14575.0,14648.0,14721.0,14785.0,14848.0,14896.0,14955.0,15038.0,15094.0,15171.0,15232.0,15283.0,15350.0,15410.0,15503.0,15585.0,15659.0,15719.0,15782.0,15847.0,15906.0,15974
JrXdLoA8L7Y,,,,,,,,,,,,,,,,,,,,,,,,,,,,,,,,,,,,,,,,,,,,,,,,,,,,,,,,,,,,,,,,,,,,,,,,,,,,,,,,,97.0,262.0,490.0,665.0,827.0,1084.0,1490.0,3526.0,5019.0,5335.0,5670.0,5960.0,6269.0,6550.0,6800.0,6978.0,7166.0,7317.0,7485.0,7668.0,7922.0,8193.0,8394.0,8566.0,8706.0,8870.0,9003.0,9102.0,9213.0,9333.0,9465.0,9598.0,9687.0,9756.0,9819.0,9927.0,10013.0,10080.0,10144.0,10213.0,10274.0,10335.0,10414.0,10480.0,10563.0,10635.0,10715.0,10768.0,10818.0,10850.0,10890.0,10945.0,11019.0,11073.0,11128.0,11154.0,11199
MH04dQ-1wY8,,,,,,,,,,,,,,,,,,,,,,,,,,,,,,,,,,,,,,,,,,,,,,,,,,,,,,,,,,,,,,,,,,,,,,,,,,,,,,,,,891.0,3113.0,4139.0,5239.0,7787.0,10631.0,12643.0,16541.0,18696.0,19060.0,19450.0,20613.0,21309.0,22019.0,22705.0,23355.0,23854.0,24306.0,24820.0,25593.0,27166.0,28328.0,29723.0,32125.0,33394.0,34022.0,35087.0,36619.0,37791.0,38922.0,39692.0,40368.0,41135.0,41934.0,42556.0,43456.0,44482.0,45246.0,46576.0,49470.0,51447.0,52613.0,54608.0,56405.0,58095.0,59933.0,62028.0,64019.0,67203.0,69154.0,70178.0,71162.0,72128.0,73171.0,73932.0,74250.0,74537
J7OhGsGbaM4,,,,,,,,,,,,,,,,,,,,,,,,,,,,,,,,,,,,,,,,,,,,,,,,,,,,,,,,,,,,,,,,,,,,,,,,,,,,,,,,,387886.0,1192375.0,1979714.0,3007731.0,4076064.0,5134038.0,6451759.0,6552944.0,6566549.0,6581084.0,6595287.0,6608187.0,6619284.0,6629158.0,6636061.0,6641861.0,6647020.0,6652374.0,6657400.0,6662232.0,6666767.0,6671032.0,6674960.0,6678625.0,6682083.0,6685290.0,6688507.0,6691580.0,6694610.0,6697491.0,6700312.0,6703011.0,6705729.0,6708333.0,6710709.0,6713077.0,6715148.0,6717284.0,6719359.0,6721521.0,6723429.0,6725333.0,6727182.0,6729063.0,6731074.0,6732969.0,6734950.0,6736863.0,6738834.0,6740873.0,6742734.0,6744573.0,6746334.0,6748135.0,6749887.0,6751578.0,6753327
SVtiAnU7JnM,,,,,,,,,,,,,,,,,,,,,,,,,,,,,,,,,,,,,,,,,,,,,,,,,,,,,,,,,,,,,,,,,,,,,,,,,,,,,,,,,38995.0,112763.0,180264.0,239116.0,320122.0,384313.0,442164.0,505425.0,571920.0,629321.0,666164.0,713783.0,766262.0,822735.0,866657.0,902157.0,941495.0,978943.0,1021624.0,1065703.0,1125360.0,1177552.0,1226931.0,1280077.0,1316942.0,1352877.0,1390895.0,1431399.0,1473560.0,1513044.0,1549256.0,1585337.0,1620957.0,1655635.0,1690367.0,1727194.0,1768503.0,1815897.0,1856463.0,1899164.0,1941949.0,1967730.0,1987600.0,2007061.0,2011258.0,2013690.0,2016461.0,2018795.0,2021265.0,2023334.0,2025314.0,2027279.0,2029131.0,2051678.0,2053511.0,2067006.0,2136973
P2llSm9tZvA,,,,,,,,,,,,,,,,,,,,,,,,,,,,,,,,,,,,,,,,,,,,,,,,,,,,,,,,,,,,,,,,,,,,,,,,,,,,,,,,,,192122.0,251623.0,301620.0,345335.0,384098.0,413578.0,441653.0,465223.0,488714.0,510620.0,531965.0,548871.0,565200.0,580931.0,596178.0,610901.0,624923.0,638603.0,651455.0,664428.0,677992.0,690910.0,704389.0,718653.0,733112.0,746734.0,759995.0,774125.0,788035.0,802234.0,816574.0,829313.0,841348.0,853164.0,865313.0,877717.0,891222.0,904409.0,917436.0,930423.0,943047.0,956112.0,969777.0,982703.0,996327.0,1009605.0,1021342.0,1032896.0,1045313.0,1056718.0,1068031.0,1078935.0,1090223.0,1100995.0,1111335.0,1121924
DdGXfZaSpwY,,,,,,,,,,,,,,,,,,,,,,,,,,,,,,,,,,,,,,,,,,,,,,,,,,,,,,,,,,,,,,,,,,,,,,,,,,,,,,,,,,11240017.0,11240791.0,11241558.0,11242303.0,11243269.0,11244114.0,11244892.0,11245923.0,11247070.0,11247959.0,11248745.0,11249561.0,11250329.0,11251066.0,11251724.0,11252307.0,11252894.0,11253419.0,11253891.0,11254430.0,11254918.0,11255571.0,11256114.0,11256598.0,11257135.0,11257598.0,11258053.0,11258454.0,11258856.0,11259247.0,11259566.0,11259886.0,11260240.0,11260545.0,11260815.0,11261117.0,11261445.0,11261751.0,11262090.0,11262403.0,11262715.0,11263034.0,11263304.0,11263571.0,11263855.0,11264154.0,11264473.0,11264768.0,11265030.0,11265306.0,11265641.0,11265955.0,11266217.0,11266478.0,11266808.0,11267076
ZTXWmB--TUA,,,,,,,,,,,,,,,,,,,,,,,,,,,,,,,,,,,,,,,,,,,,,,,,,,,,,,,,,,,,,,,,,,,,,,,,,,,,,,,,,,118480.0,130200.0,139461.0,147825.0,156047.0,164476.0,173336.0,182033.0,191096.0,199890.0,209740.0,220161.0,230638.0,241454.0,251862.0,262005.0,273032.0,286625.0,304475.0,322501.0,339716.0,356341.0,373212.0,390803.0,408156.0,426242.0,442612.0,458107.0,473909.0,488699.0,504153.0,521608.0,542644.0,562885.0,580501.0,598632.0,616950.0,636261.0,662143.0,689413.0,716390.0,741008.0,763768.0,787338.0,811726.0,837340.0,858796.0,875189.0,888802.0,901790.0,914997.0,927789.0,941170.0,956295.0,970596.0,981741
TUHZKn78E5I,,,,,,,,,,,,,,,,,,,,,,,,,,,,,,,,,,,,,,,,,,,,,,,,,,,,,,,,,,,,,,,,,,,,,,,,,,,,,,,,,,,50597.0,176053.0,244463.0,317407.0,410737.0,485986.0,530998.0,548779.0,555052.0,559116.0,562391.0,565320.0,568001.0,570619.0,572997.0,574848.0,576776.0,578411.0,579885.0,581447.0,582752.0,584052.0,585473.0,586763.0,587850.0,588944.0,590227.0,591232.0,592328.0,593345.0,594302.0,595134.0,595945.0,596729.0,597564.0,598582.0,599516.0,600380.0,601059.0,601735.0,602590.0,603333.0,604067.0,604836.0,605563.0,606191.0,606886.0,607593.0,608307.0,609060.0,609932.0,610712.0,611404.0,612124.0,612847
swuhhziz3dM,,,,,,,,,,,,,,,,,,,,,,,,,,,,,,,,,,,,,,,,,,,,,,,,,,,,,,,,,,,,,,,,,,,,,,,,,,,,,,,,,,,656762.0,1298773.0,1543694.0,1751658.0,1934798.0,2068457.0,2191710.0,2296209.0,2376605.0,2444083.0,2504487.0,2562012.0,2617188.0,2668188.0,2715650.0,2758965.0,2802190.0,2846007.0,2887016.0,2927581.0,2964164.0,2997159.0,3029974.0,3060592.0,3090678.0,3118861.0,3148275.0,3179126.0,3209234.0,3239732.0,3269583.0,3296016.0,3320198.0,3344066.0,3367166.0,3390884.0,3414200.0,3437013.0,3460975.0,3483438.0,3506319.0,3527738.0,3548525.0,3569609.0,3592820.0,3612993.0,3629894.0,3647189.0,3664258.0,3680854.0,3697642.0,3714280.0,3730202.0,3745533.0,3760905
pLKOEfMc09E,,,,,,,,,,,,,,,,,,,,,,,,,,,,,,,,,,,,,,,,,,,,,,,,,,,,,,,,,,,,,,,,,,,,,,,,,,,,,,,,,,,411835.0,1908135.0,3434012.0,4794650.0,6275391.0,7125791.0,7179633.0,7203878.0,7225352.0,7240041.0,7249307.0,7257496.0,7265999.0,7274161.0,7281605.0,7286597.0,7290962.0,7294884.0,7298933.0,7302956.0,7306261.0,7309346.0,7312520.0,7315752.0,7318850.0,7321327.0,7323966.0,7326639.0,7328953.0,7331256.0,7333459.0,7335532.0,7337370.0,7339202.0,7341038.0,7342871.0,7344805.0,7347144.0,7349133.0,7350999.0,7352779.0,7354524.0,7356196.0,7357845.0,7359367.0,7360971.0,7362406.0,7363931.0,7365326.0,7366878.0,7368449.0,7369856.0,7371205.0,7372494.0,7373771
x4ofq8se8B0,,,,,,,,,,,,,,,,,,,,,,,,,,,,,,,,,,,,,,,,,,,,,,,,,,,,,,,,,,,,,,,,,,,,,,,,,,,,,,,,,,,274.0,314.0,339.0,346.0,358.0,370.0,388.0,408.0,434.0,466.0,483.0,497.0,523.0,535.0,543.0,567.0,580.0,600.0,607.0,618.0,628.0,642.0,661.0,672.0,682.0,692.0,700.0,710.0,720.0,729.0,741.0,746.0,754.0,767.0,787.0,801.0,827.0,861.0,919.0,957.0,987.0,1010.0,1028.0,1037.0,1050.0,1060.0,1074.0,1081.0,1090.0,1096.0,1104.0,1109.0,1113.0,1121.0,1128
qN0QYe1lMnk,,,,,,,,,,,,,,,,,,,,,,,,,,,,,,,,,,,,,,,,,,,,,,,,,,,,,,,,,,,,,,,,,,,,,,,,,,,,,,,,,,,1633.0,6467.0,6886.0,7080.0,7188.0,10005.0,11362.0,11505.0,11601.0,11503.0,11569.0,11621.0,11668.0,11706.0,11747.0,11797.0,11838.0,11865.0,11887.0,11912.0,11950.0,11984.0,12000.0,12029.0,12051.0,12071.0,12084.0,12103.0,12125.0,12139.0,12188.0,12241.0,12265.0,12288.0,12315.0,12332.0,12352.0,12377.0,12393.0,12406.0,12422.0,12431.0,12450.0,12470.0,12485.0,12590.0,12623.0,12640.0,12737.0,12758.0,12797.0,12810.0,12818.0,12849.0,12868
kG68WXnzSbQ,,,,,,,,,,,,,,,,,,,,,,,,,,,,,,,,,,,,,,,,,,,,,,,,,,,,,,,,,,,,,,,,,,,,,,,,,,,,,,,,,,,452685.0,886208.0,1229514.0,1574864.0,1672503.0,1778137.0,1888082.0,1999129.0,2111935.0,2215934.0,2328195.0,2431648.0,2536677.0,2552709.0,2563116.0,2573356.0,2582624.0,2591311.0,2599648.0,2608607.0,2616383.0,2624083.0,2632606.0,2645776.0,2659703.0,2670538.0,2680386.0,2690047.0,2699217.0,2708102.0,2715961.0,2722667.0,2728505.0,2734277.0,2739829.0,2745507.0,2750652.0,2755767.0,2760634.0,2765226.0,2769750.0,2774009.0,2778004.0,2781878.0,2785409.0,2788811.0,2791995.0,2795742.0,2799777.0,2803800.0,2807422.0,2811068.0,2814393.0,2817544.0,2821224
tExRQj5h5H0,,,,,,,,,,,,,,,,,,,,,,,,,,,,,,,,,,,,,,,,,,,,,,,,,,,,,,,,,,,,,,,,,,,,,,,,,,,,,,,,,,,33450.0,60195.0,88701.0,128470.0,153932.0,171536.0,190267.0,203319.0,211748.0,219484.0,225700.0,230760.0,235338.0,239407.0,242571.0,245467.0,248768.0,252008.0,254502.0,257377.0,259665.0,261856.0,264071.0,266190.0,267800.0,269343.0,271085.0,272772.0,274454.0,276129.0,277833.0,279395.0,280816.0,282110.0,283830.0,285545.0,286914.0,288871.0,290519.0,291989.0,293797.0,295567.0,297660.0,299613.0,301282.0,302588.0,303551.0,304536.0,305685.0,306760.0,307818.0,308819.0,309895.0,310621.0,311649
A8VJqH1emaw,,,,,,,,,,,,,,,,,,,,,,,,,,,,,,,,,,,,,,,,,,,,,,,,,,,,,,,,,,,,,,,,,,,,,,,,,,,,,,,,,,,,,,,,,,,,,,,,,,,,,,,,,,,,,,,,,,,,,,,,,,,,,,,,,,,,,,,,,
5IpijccabU4,,,,,,,,,,,,,,,,,,,,,,,,,,,,,,,,,,,,,,,,,,,,,,,,,,,,,,,,,,,,,,,,,,,,,,,,,,,,,,,,,,,14729.0,24290.0,34373.0,47455.0,52809.0,57045.0,61125.0,174959.0,274242.0,392004.0,506296.0,599483.0,715337.0,853987.0,1203915.0,1381247.0,1607176.0,1801946.0,1983414.0,2164336.0,2322861.0,2473393.0,2509307.0,2510013.0,2510616.0,2511310.0,2512200.0,2513146.0,2514201.0,2514962.0,2515831.0,2516476.0,2517029.0,2517508.0,2518007.0,2518541.0,2518995.0,2519478.0,2519892.0,2520317.0,2520781.0,2521195.0,2521674.0,2522172.0,2522562.0,2522941.0,2523396.0,2523823.0,2524238.0,2524621.0,2525084.0,2525483.0,2525830.0,2526179.0,2526590
kG68WXnzSbQ,,,,,,,,,,,,,,,,,,,,,,,,,,,,,,,,,,,,,,,,,,,,,,,,,,,,,,,,,,,,,,,,,,,,,,,,,,,,,,,,,,,452685.0,886208.0,1229514.0,1574864.0,1672503.0,1778137.0,1888082.0,1999129.0,2111935.0,2215934.0,2328195.0,2431648.0,2536677.0,2552709.0,2563116.0,2573356.0,2582624.0,2591311.0,2599648.0,2608607.0,2616383.0,2624083.0,2632606.0,2645776.0,2659703.0,2670538.0,2680386.0,2690047.0,2699217.0,2708102.0,2715961.0,2722667.0,2728505.0,2734277.0,2739829.0,2745507.0,2750652.0,2755767.0,2760634.0,2765226.0,2769750.0,2774009.0,2778004.0,2781878.0,2785409.0,2788811.0,2791995.0,2795742.0,2799777.0,2803800.0,2807422.0,2811068.0,2814393.0,2817544.0,2821224
wLjzdSye6Rg,,,,,,,,,,,,,,,,,,,,,,,,,,,,,,,,,,,,,,,,,,,,,,,,,,,,,,,,,,,,,,,,,,,,,,,,,,,,,,,,,,,,93.0,93.0,93.0,94.0,94.0,94.0,94.0,94.0,96.0,97.0,97.0,97.0,97.0,97.0,97.0,97.0,97.0,99.0,99.0,99.0,99.0,99.0,99.0,99.0,99.0,99.0,99.0,99.0,99.0,99.0,99.0,99.0,99.0,99.0,99.0,100.0,100.0,100.0,100.0,100.0,100.0,101.0,101.0,102.0,102.0,102.0,102.0,102.0,102.0,102.0,103.0,103.0,103.0,103
VS5tx9LrLo0,,,,,,,,,,,,,,,,,,,,,,,,,,,,,,,,,,,,,,,,,,,,,,,,,,,,,,,,,,,,,,,,,,,,,,,,,,,,,,,,,,,,211065.0,1803249.0,3677608.0,5334637.0,6419896.0,6417316.0,6462712.0,6767233.0,7053781.0,7319685.0,7594592.0,7605542.0,7607173.0,7608712.0,7610282.0,7611869.0,7613336.0,7614740.0,7616061.0,7617262.0,7618310.0,7619329.0,7620304.0,7621301.0,7622303.0,7623264.0,7624248.0,7625111.0,7626026.0,7626884.0,7627704.0,7628671.0,7629388.0,7630033.0,7630718.0,7631392.0,7632024.0,7632552.0,7633264.0,7633837.0,7634286.0,7634819.0,7635326.0,7635873.0,7636315.0,7636779.0,7637314.0,7637819.0,7638350.0,7638870.0,7639382.0,7639845.0,7640256.0,7640814
C9OxiWmYSyM,,,,,,,,,,,,,,,,,,,,,,,,,,,,,,,,,,,,,,,,,,,,,,,,,,,,,,,,,,,,,,,,,,,,,,,,,,,,,,,,,,,,100585.0,104720.0,109081.0,113834.0,119587.0,125247.0,131553.0,137328.0,142555.0,146457.0,150252.0,154475.0,158915.0,162731.0,166525.0,171472.0,177819.0,183467.0,189385.0,196216.0,203178.0,209955.0,216600.0,223190.0,228144.0,234859.0,240830.0,246254.0,251366.0,257136.0,262545.0,267056.0,271866.0,277296.0,282701.0,288555.0,294148.0,299985.0,304893.0,310463.0,314899.0,319291.0,324141.0,329596.0,335001.0,341959.0,348166.0,353218.0,358426.0,363237.0,368356.0,373639.0,377788.0,381691
QPp3WTt0ivM,,,,,,,,,,,,,,,,,,,,,,,,,,,,,,,,,,,,,,,,,,,,,,,,,,,,,,,,,,,,,,,,,,,,,,,,,,,,,,,,,,,,1071.0,1116.0,1151.0,1171.0,1197.0,1221.0,1248.0,1330.0,1353.0,1376.0,1391.0,1405.0,1420.0,1432.0,1447.0,1449.0,1457.0,1465.0,1470.0,1493.0,1507.0,1525.0,1535.0,1543.0,1547.0,1557.0,1563.0,1567.0,1576.0,1587.0,1604.0,1615.0,1620.0,1626.0,1675.0,1699.0,1710.0,1720.0,1731.0,1739.0,1753.0,1760.0,1766.0,1772.0,1780.0,1786.0,1790.0,1791.0,1794.0,1805.0,1819.0,1831.0,1835.0,1836
qg4KF1DQuuk,,,,,,,,,,,,,,,,,,,,,,,,,,,,,,,,,,,,,,,,,,,,,,,,,,,,,,,,,,,,,,,,,,,,,,,,,,,,,,,,,,,,27936.0,43990.0,54604.0,63827.0,72102.0,78900.0,85456.0,91080.0,95295.0,98568.0,101993.0,105533.0,109068.0,112397.0,115071.0,117801.0,120503.0,123133.0,126043.0,129166.0,131758.0,134779.0,137610.0,139906.0,142066.0,144313.0,146646.0,148588.0,150424.0,152339.0,153901.0,155423.0,157160.0,158951.0,160699.0,162708.0,164871.0,166757.0,168387.0,170227.0,171895.0,173532.0,175131.0,176848.0,178282.0,179681.0,181479.0,183495.0,185535.0,187278.0,189152.0,190972.0,192478.0,193707
wu7b0oYIMG4,,,,,,,,,,,,,,,,,,,,,,,,,,,,,,,,,,,,,,,,,,,,,,,,,,,,,,,,,,,,,,,,,,,,,,,,,,,,,,,,,,,,1926.0,4395.0,5637.0,6261.0,6963.0,7557.0,8114.0,8701.0,9296.0,9789.0,10190.0,10483.0,10854.0,11101.0,11415.0,11610.0,11901.0,12111.0,12326.0,12579.0,12819.0,12994.0,13224.0,13455.0,13609.0,13758.0,13907.0,14099.0,14246.0,14402.0,14563.0,14682.0,14895.0,15087.0,15264.0,15441.0,15623.0,15732.0,15857.0,15969.0,16164.0,16371.0,16568.0,16774.0,16996.0,17190.0,17351.0,17540.0,17699.0,17842.0,18021.0,18186.0,18316.0,18459
msOGCJC-EgI,,,,,,,,,,,,,,,,,,,,,,,,,,,,,,,,,,,,,,,,,,,,,,,,,,,,,,,,,,,,,,,,,,,,,,,,,,,,,,,,,,,,2136.0,5958.0,7994.0,9215.0,10261.0,11242.0,12172.0,12909.0,13400.0,13759.0,14076.0,14420.0,14796.0,15119.0,15415.0,15716.0,15927.0,16149.0,16376.0,16560.0,16740.0,16940.0,17090.0,17225.0,17389.0,17540.0,17682.0,17850.0,17977.0,18098.0,18217.0,18322.0,18432.0,18539.0,18655.0,18765.0,18849.0,18936.0,19020.0,19096.0,19147.0,19222.0,19290.0,19351.0,19406.0,19448.0,19510.0,19566.0,20023.0,30828.0,34023.0,34827.0,34812.0,34868
b4iVv91Z6lY,,,,,,,,,,,,,,,,,,,,,,,,,,,,,,,,,,,,,,,,,,,,,,,,,,,,,,,,,,,,,,,,,,,,,,,,,,,,,,,,,,,,69592698.0,72492813.0,74910502.0,76925157.0,78861328.0,80702197.0,82479448.0,84609001.0,86268079.0,87767986.0,89184307.0,90449101.0,91654526.0,92917011.0,94052727.0,95151242.0,96308497.0,97444753.0,98470653.0,99473206.0,100456528.0,101350017.0,102209741.0,103077443.0,103862229.0,104566666.0,105241143.0,105902997.0,106574060.0,107216429.0,107881608.0,108541936.0,109131434.0,109701821.0,110286677.0,110850013.0,111428181.0,112016292.0,112559721.0,113077782.0,113611380.0,114121079.0,114637208.0,115199852.0,115750468.0,116260620.0,116725392.0,117204461.0,117681669.0,118167358.0,118677448.0,119205502.0,119722019.0,120202302
KYAsgMDTu6c,,,,,,,,,,,,,,,,,,,,,,,,,,,,,,,,,,,,,,,,,,,,,,,,,,,,,,,,,,,,,,,,,,,,,,,,,,,,,,,,,,,,885.0,1356.0,2676.0,4381.0,6061.0,7287.0,8860.0,9749.0,10121.0,10383.0,10583.0,10723.0,10946.0,11121.0,11300.0,11469.0,11624.0,11770.0,11930.0,12100.0,12256.0,12463.0,12645.0,12755.0,12835.0,13049.0,13713.0,16398.0,18140.0,18659.0,21634.0,22542.0,22727.0,22819.0,22890.0,22970.0,23093.0,23145.0,23178.0,23239.0,23270.0,23308.0,23347.0,23380.0,23418.0,23445.0,23475.0,23491.0,23519.0,23555.0,23593.0,23606.0,23615.0,23628
6At0eXB8PTQ,,,,,,,,,,,,,,,,,,,,,,,,,,,,,,,,,,,,,,,,,,,,,,,,,,,,,,,,,,,,,,,,,,,,,,,,,,,,,,,,,,,,2714.0,7512.0,13136.0,18785.0,26467.0,30510.0,34263.0,38229.0,41300.0,42704.0,43760.0,44668.0,45557.0,46350.0,47195.0,47821.0,48498.0,48959.0,49480.0,49995.0,50373.0,50690.0,51129.0,51466.0,51779.0,52141.0,52443.0,52729.0,53067.0,53357.0,53601.0,53837.0,54051.0,54249.0,54479.0,54698.0,54985.0,55206.0,55360.0,55532.0,55817.0,56101.0,56304.0,56493.0,56684.0,56830.0,56955.0,57169.0,57381.0,57584.0,57859.0,58129.0,58406.0,58609
RHKpIJbwIa8,,,,,,,,,,,,,,,,,,,,,,,,,,,,,,,,,,,,,,,,,,,,,,,,,,,,,,,,,,,,,,,,,,,,,,,,,,,,,,,,,,,,550.0,2020.0,4697.0,5902.0,9241.0,12631.0,17407.0,21243.0,24280.0,25997.0,27487.0,29569.0,31653.0,33461.0,34679.0,36338.0,38586.0,40332.0,42316.0,43764.0,45729.0,46981.0,47958.0,48817.0,49684.0,50436.0,51120.0,51804.0,52511.0,53431.0,54256.0,54856.0,55529.0,56056.0,56605.0,57130.0,57813.0,58305.0,58641.0,59126.0,59524.0,59990.0,60505.0,61034.0,61446.0,61760.0,62145.0,62678.0,63164.0,63579.0,64012.0,64395.0,64686.0,64927
kS0lwh7obpA,,,,,,,,,,,,,,,,,,,,,,,,,,,,,,,,,,,,,,,,,,,,,,,,,,,,,,,,,,,,,,,,,,,,,,,,,,,,,,,,,,,,993.0,3703.0,7235.0,9642.0,13584.0,17704.0,22402.0,26755.0,31974.0,35082.0,38035.0,41491.0,44764.0,47781.0,50488.0,53624.0,57563.0,61434.0,66476.0,71159.0,75035.0,78754.0,82679.0,85622.0,87889.0,90131.0,93231.0,95644.0,97981.0,100708.0,103027.0,104893.0,106945.0,108855.0,110826.0,112694.0,114391.0,115883.0,117104.0,118590.0,119884.0,121451.0,122964.0,124731.0,125814.0,126747.0,127653.0,128538.0,129344.0,130162.0,130901.0,131544.0,132233.0,132965
jvOFx6wOkg0,,,,,,,,,,,,,,,,,,,,,,,,,,,,,,,,,,,,,,,,,,,,,,,,,,,,,,,,,,,,,,,,,,,,,,,,,,,,,,,,,,,,2009.0,6730.0,15328.0,26588.0,39473.0,51179.0,65096.0,81075.0,96161.0,105374.0,112617.0,120197.0,129477.0,137627.0,143835.0,152643.0,164857.0,172582.0,181096.0,189494.0,199017.0,208118.0,216159.0,222586.0,227581.0,233859.0,240455.0,247429.0,254063.0,261189.0,267551.0,272411.0,278286.0,284510.0,290100.0,294537.0,297925.0,301099.0,304639.0,309472.0,313814.0,318733.0,323122.0,327725.0,331510.0,334710.0,338098.0,341281.0,344604.0,347966.0,351434.0,355789.0,358634.0,361851
1Ni-fIXHqE8,,,,,,,,,,,,,,,,,,,,,,,,,,,,,,,,,,,,,,,,,,,,,,,,,,,,,,,,,,,,,,,,,,,,,,,,,,,,,,,,,,,,8624.0,19627.0,29862.0,38674.0,48045.0,56767.0,65102.0,73044.0,80324.0,85755.0,90553.0,95689.0,101069.0,105973.0,110234.0,114986.0,120137.0,124237.0,129377.0,134080.0,138378.0,142561.0,146736.0,150554.0,153924.0,157471.0,161207.0,164729.0,168423.0,172041.0,175459.0,178039.0,181072.0,184057.0,186954.0,190096.0,193090.0,195862.0,198097.0,200842.0,203352.0,206419.0,209349.0,212672.0,215245.0,217218.0,219408.0,221541.0,223816.0,225973.0,227883.0,229577.0,230994.0,232822
2_tA7-GQH1A,,,,,,,,,,,,,,,,,,,,,,,,,,,,,,,,,,,,,,,,,,,,,,,,,,,,,,,,,,,,,,,,,,,,,,,,,,,,,,,,,,,,,47146.0,75817.0,102332.0,130655.0,145408.0,165784.0,181418.0,191411.0,194579.0,197585.0,200439.0,203233.0,206013.0,208164.0,210179.0,212661.0,215065.0,217410.0,219668.0,221768.0,223983.0,226201.0,228048.0,229707.0,231536.0,233678.0,236021.0,238377.0,238884.0,239248.0,239744.0,240108.0,240478.0,240814.0,241148.0,241528.0,242041.0,242421.0,242794.0,243174.0,243518.0,243842.0,244328.0,244670.0,244965.0,245257.0,245543.0,245884.0,246246.0,246585.0,246867.0,247107.0,247552
MaCtXQwta_E,,,,,,,,,,,,,,,,,,,,,,,,,,,,,,,,,,,,,,,,,,,,,,,,,,,,,,,,,,,,,,,,,,,,,,,,,,,,,,,,,,,,,7897.0,24154.0,56798.0,102424.0,138020.0,170933.0,199563.0,222433.0,233925.0,239978.0,246219.0,252509.0,257615.0,262607.0,267363.0,273836.0,279323.0,285218.0,290194.0,295018.0,299268.0,303523.0,306643.0,309451.0,312328.0,315840.0,318983.0,322295.0,325534.0,328889.0,331163.0,333208.0,335257.0,337988.0,341362.0,346643.0,352029.0,356979.0,363288.0,368826.0,374643.0,379636.0,384728.0,391491.0,395974.0,400414.0,404289.0,407261.0,410129.0,412796.0,415535.0,417643.0,419885
SZlfyoPC_c8,,,,,,,,,,,,,,,,,,,,,,,,,,,,,,,,,,,,,,,,,,,,,,,,,,,,,,,,,,,,,,,,,,,,,,,,,,,,,,,,,,,,,3185.0,10242.0,17304.0,22121.0,26429.0,32704.0,39062.0,45125.0,50472.0,55646.0,60748.0,66002.0,70793.0,75679.0,80376.0,85516.0,86214.0,86467.0,86768.0,87038.0,87356.0,87626.0,87922.0,88227.0,88422.0,88646.0,88906.0,89172.0,89754.0,89995.0,90219.0,90431.0,90644.0,90840.0,90971.0,91152.0,91297.0,91427.0,91560.0,91678.0,91787.0,91918.0,92006.0,92091.0,92174.0,92288.0,92364.0,92460.0,92539.0,92614.0,92689.0,92748.0,92828
bQtykP25A-g,,,,,,,,,,,,,,,,,,,,,,,,,,,,,,,,,,,,,,,,,,,,,,,,,,,,,,,,,,,,,,,,,,,,,,,,,,,,,,,,,,,,,8606.0,40587.0,75760.0,95562.0,129346.0,173589.0,191328.0,209381.0,220649.0,250995.0,275661.0,355225.0,467238.0,515116.0,639149.0,735809.0,761318.0,770076.0,778540.0,786161.0,794356.0,802069.0,809007.0,815925.0,821172.0,826110.0,830677.0,835003.0,839207.0,842986.0,846239.0,849886.0,853329.0,857058.0,860877.0,865167.0,869169.0,872342.0,875972.0,880295.0,884735.0,889040.0,893635.0,898482.0,902984.0,906828.0,910268.0,913497.0,916523.0,919584.0,922312.0,924558.0,926659
8j5WQOjY34Q,,,,,,,,,,,,,,,,,,,,,,,,,,,,,,,,,,,,,,,,,,,,,,,,,,,,,,,,,,,,,,,,,,,,,,,,,,,,,,,,,,,,,858254.0,967767.0,1053074.0,1162779.0,1270423.0,1379583.0,1480835.0,1573833.0,1655192.0,1728178.0,1811547.0,1892532.0,1972277.0,2047021.0,2127637.0,2208301.0,2278935.0,2359820.0,2437202.0,2511028.0,2585558.0,2657799.0,2721023.0,2774692.0,2834310.0,2889454.0,2943420.0,2997683.0,3053594.0,3104516.0,3148164.0,3196185.0,3237778.0,3279514.0,3322622.0,3364803.0,3406210.0,3441419.0,3481439.0,3514591.0,3551896.0,3593221.0,3655175.0,3692349.0,3718792.0,3749631.0,3779384.0,3807534.0,3834313.0,3861813.0,3886732.0,3906313.0,3926839
XmXy-4oN5Lc,,,,,,,,,,,,,,,,,,,,,,,,,,,,,,,,,,,,,,,,,,,,,,,,,,,,,,,,,,,,,,,,,,,,,,,,,,,,,,,,,,,,,39156.0,79438.0,103198.0,125610.0,142853.0,158525.0,173120.0,187471.0,199519.0,208852.0,217603.0,225792.0,232805.0,238936.0,245610.0,253311.0,259639.0,266619.0,273174.0,279199.0,284582.0,289823.0,294795.0,298790.0,302733.0,306795.0,310547.0,314243.0,317972.0,321493.0,324395.0,327203.0,329940.0,332610.0,335356.0,338743.0,341922.0,344634.0,347771.0,350460.0,353163.0,355762.0,358559.0,360954.0,363048.0,365156.0,367138.0,369191.0,371157.0,373284.0,375309.0,377083.0,378655
1mlDoj5ZsDY,,,,,,,,,,,,,,,,,,,,,,,,,,,,,,,,,,,,,,,,,,,,,,,,,,,,,,,,,,,,,,,,,,,,,,,,,,,,,,,,,,,,,1521.0,4787.0,7332.0,11975.0,17731.0,23374.0,28857.0,33053.0,34604.0,35553.0,36839.0,37978.0,38960.0,39977.0,41471.0,44662.0,45817.0,46871.0,47914.0,48805.0,49871.0,50818.0,51554.0,52062.0,52563.0,52975.0,53406.0,53846.0,54258.0,54722.0,54997.0,55321.0,55652.0,56009.0,56442.0,56976.0,57456.0,57829.0,58192.0,58624.0,59142.0,59656.0,60178.0,60674.0,61297.0,61696.0,62240.0,62845.0,63400.0,63848.0,64263.0,64573.0,64966
EU8zYwRc9js,,,,,,,,,,,,,,,,,,,,,,,,,,,,,,,,,,,,,,,,,,,,,,,,,,,,,,,,,,,,,,,,,,,,,,,,,,,,,,,,,,,,,43835.0,95777.0,113060.0,125638.0,135166.0,144767.0,153505.0,163354.0,170505.0,175692.0,180166.0,184834.0,189334.0,193861.0,198539.0,201976.0,205181.0,208219.0,210963.0,213516.0,216004.0,218319.0,220756.0,222987.0,224889.0,226785.0,228490.0,230291.0,231957.0,233925.0,235877.0,237321.0,238580.0,239875.0,241242.0,243051.0,244745.0,246369.0,247829.0,249204.0,250538.0,251836.0,253171.0,254691.0,256184.0,257393.0,258658.0,259900.0,261143.0,262356.0,263580.0,264893.0,266007
SGpWyUFdG2w,,,,,,,,,,,,,,,,,,,,,,,,,,,,,,,,,,,,,,,,,,,,,,,,,,,,,,,,,,,,,,,,,,,,,,,,,,,,,,,,,,,,,10654.0,31490.0,44241.0,60221.0,74934.0,87307.0,98436.0,110527.0,120106.0,129097.0,140121.0,152372.0,163352.0,173010.0,183248.0,193827.0,202431.0,213250.0,221371.0,228701.0,235599.0,242641.0,249122.0,255402.0,262710.0,270098.0,277133.0,283580.0,289861.0,295426.0,300123.0,305586.0,310966.0,316353.0,321907.0,327361.0,332383.0,337006.0,342538.0,346822.0,351408.0,356233.0,361309.0,365479.0,369050.0,373064.0,376598.0,380061.0,383576.0,387070.0,390172.0,392896.0,395742
ZoI7nREAwPw,,,,,,,,,,,,,,,,,,,,,,,,,,,,,,,,,,,,,,,,,,,,,,,,,,,,,,,,,,,,,,,,,,,,,,,,,,,,,,,,,,,,,,13155.0,13823.0,14444.0,15183.0,15810.0,16438.0,17039.0,17580.0,18085.0,18644.0,19136.0,19749.0,20389.0,21070.0,21896.0,22587.0,23354.0,24060.0,24638.0,25279.0,25954.0,26519.0,27109.0,27613.0,28204.0,28783.0,29277.0,29735.0,30320.0,30725.0,31106.0,31515.0,31852.0,32248.0,32647.0,33123.0,33479.0,33808.0,34157.0,34503.0,34839.0,35132.0,35486.0,35802.0,36193.0,36636.0,37053.0,37416.0,37767.0,38110.0,38447.0,38759
gZt_jJh1vUI,,,,,,,,,,,,,,,,,,,,,,,,,,,,,,,,,,,,,,,,,,,,,,,,,,,,,,,,,,,,,,,,,,,,,,,,,,,,,,,,,,,,,,,2502.0,2606.0,2693.0,2769.0,2860.0,2938.0,2995.0,3070.0,3138.0,3208.0,3278.0,3367.0,3444.0,3494.0,3556.0,3615.0,3670.0,3726.0,3783.0,3852.0,3921.0,3994.0,4069.0,4118.0,4190.0,4241.0,4292.0,4333.0,4397.0,4442.0,4497.0,4535.0,4598.0,4651.0,4712.0,4785.0,4845.0,4870.0,4895.0,4927.0,4947.0,4979.0,4999.0,5042.0,5073.0,5109.0,5143.0,5170.0,5200.0,5239.0,5274
bMihQ2wLKMI,,,,,,,,,,,,,,,,,,,,,,,,,,,,,,,,,,,,,,,,,,,,,,,,,,,,,,,,,,,,,,,,,,,,,,,,,,,,,,,,,,,,,,,,,2031.0,2375.0,2595.0,2785.0,2987.0,3177.0,3275.0,3382.0,3484.0,3561.0,3624.0,3698.0,3795.0,3861.0,3900.0,3951.0,3981.0,4039.0,4099.0,4164.0,4202.0,4248.0,4303.0,4347.0,4368.0,4400.0,4418.0,4445.0,4473.0,4500.0,4525.0,4550.0,4579.0,4600.0,4627.0,4652.0,4687.0,4717.0,4736.0,4748.0,4759.0,4766.0,4779.0,4794.0,4812.0,4825.0,4845.0,4861.0,4875
pN0Po0OdF44,,,,,,,,,,,,,,,,,,,,,,,,,,,,,,,,,,,,,,,,,,,,,,,,,,,,,,,,,,,,,,,,,,,,,,,,,,,,,,,,,,,,,,,4674.0,4710.0,4736.0,4753.0,4779.0,4826.0,4845.0,4876.0,4887.0,4902.0,4934.0,4954.0,4970.0,4991.0,5029.0,5048.0,5082.0,5102.0,5115.0,5140.0,5148.0,5157.0,5164.0,5174.0,5182.0,5191.0,5202.0,5216.0,5221.0,5252.0,5264.0,5272.0,5284.0,5292.0,5297.0,5308.0,5311.0,5317.0,5320.0,5323.0,5329.0,5331.0,5336.0,5342.0,5347.0,5353.0,5362.0,5373.0,5386.0,5394.0,5405
vYCZ4xYvsac,,,,,,,,,,,,,,,,,,,,,,,,,,,,,,,,,,,,,,,,,,,,,,,,,,,,,,,,,,,,,,,,,,,,,,,,,,,,,,,,,,,,,,,133874.0,217750.0,288754.0,374215.0,449186.0,573441.0,674796.0,739312.0,809406.0,876183.0,925551.0,960665.0,992650.0,1019985.0,1039887.0,1061597.0,1081310.0,1099132.0,1115506.0,1130441.0,1143394.0,1153766.0,1166577.0,1179118.0,1191940.0,1204610.0,1219021.0,1231552.0,1241131.0,1252612.0,1262205.0,1271475.0,1281155.0,1289353.0,1297113.0,1303292.0,1311147.0,1318070.0,1325370.0,1332612.0,1340180.0,1345822.0,1350157.0,1355087.0,1359906.0,1365044.0,1370499.0,1375654.0,1380083.0,1383718.0,1387680
7NlrzMwoU0U,,,,,,,,,,,,,,,,,,,,,,,,,,,,,,,,,,,,,,,,,,,,,,,,,,,,,,,,,,,,,,,,,,,,,,,,,,,,,,,,,,,,,,,354.0,2630.0,5479.0,19292.0,29563.0,44007.0,59231.0,68374.0,72651.0,76125.0,80256.0,84312.0,88495.0,94150.0,97402.0,100775.0,103288.0,105539.0,107983.0,110683.0,113106.0,114059.0,115338.0,116367.0,117512.0,118443.0,119735.0,120614.0,121319.0,122215.0,123024.0,123913.0,125120.0,126224.0,127040.0,127885.0,128931.0,129790.0,130657.0,131541.0,132590.0,133301.0,133872.0,134544.0,135300.0,136103.0,136888.0,137708.0,138381.0,138887.0,139454
yiPTOpGWaeM,,,,,,,,,,,,,,,,,,,,,,,,,,,,,,,,,,,,,,,,,,,,,,,,,,,,,,,,,,,,,,,,,,,,,,,,,,,,,,,,,,,,,,,,777270.0,2351968.0,4083574.0,6032550.0,7853097.0,8033997.0,8069559.0,8102868.0,8129011.0,8149946.0,8168904.0,8184147.0,8196093.0,8208200.0,8219384.0,8228686.0,8237783.0,8246852.0,8256791.0,8265571.0,8273136.0,8280800.0,8288064.0,8294524.0,8300836.0,8307068.0,8312691.0,8317991.0,8323281.0,8328737.0,8334022.0,8339149.0,8344270.0,8349115.0,8353862.0,8358736.0,8363144.0,8367237.0,8371349.0,8375703.0,8379366.0,8382712.0,8386141.0,8389493.0,8392706.0,8395946.0,8399148.0,8402197.0,8405057.0,8408169
x7wLlK9MMN4,,,,,,,,,,,,,,,,,,,,,,,,,,,,,,,,,,,,,,,,,,,,,,,,,,,,,,,,,,,,,,,,,,,,,,,,,,,,,,,,,,,,,,,,368965.0,940522.0,1126225.0,1240411.0,1328774.0,1409332.0,1475322.0,1534292.0,1577883.0,1609757.0,1638798.0,1664845.0,1695354.0,1720630.0,1742147.0,1761126.0,1778564.0,1794699.0,1812036.0,1827089.0,1841585.0,1854978.0,1867997.0,1880385.0,1893277.0,1904611.0,1915911.0,1926721.0,1936677.0,1946504.0,1956221.0,1965974.0,1975628.0,1985216.0,1993963.0,2002890.0,2010637.0,2017557.0,2024717.0,2032215.0,2039559.0,2046342.0,2053736.0,2061332.0,2068141.0,2075015.0,2081604.0,2087945.0,2094120.0,2100252
jyUGIDbK12I,,,,,,,,,,,,,,,,,,,,,,,,,,,,,,,,,,,,,,,,,,,,,,,,,,,,,,,,,,,,,,,,,,,,,,,,,,,,,,,,,,,,,,,,48146.0,77675.0,96230.0,112188.0,128539.0,142921.0,157376.0,166667.0,172191.0,177118.0,181497.0,185409.0,188794.0,191917.0,195489.0,198855.0,202152.0,205461.0,208875.0,211964.0,214606.0,217697.0,220637.0,223610.0,226412.0,229149.0,231547.0,233685.0,235845.0,238136.0,240504.0,242930.0,245075.0,247168.0,248966.0,251039.0,253366.0,255688.0,258006.0,260330.0,262428.0,264319.0,266333.0,268806.0,271026.0,273305.0,275677.0,277807.0,279900.0,282567
CAS-rXb-cZs,,,,,,,,,,,,,,,,,,,,,,,,,,,,,,,,,,,,,,,,,,,,,,,,,,,,,,,,,,,,,,,,,,,,,,,,,,,,,,,,,,,,,,,,6231.0,6235.0,6239.0,6247.0,6251.0,6253.0,6254.0,6258.0,6265.0,6271.0,6278.0,6288.0,6291.0,6294.0,6300.0,6304.0,6313.0,6319.0,6330.0,6334.0,6343.0,6347.0,6351.0,6354.0,6355.0,6361.0,6365.0,6370.0,6372.0,6376.0,6382.0,6387.0,6390.0,6393.0,6395.0,6397.0,6404.0,6411.0,6417.0,6421.0,6422.0,6424.0,6433.0,6455.0,6479.0,6501.0,6522.0,6537.0,6559.0,6569
S2qaSh1_sg8,,,,,,,,,,,,,,,,,,,,,,,,,,,,,,,,,,,,,,,,,,,,,,,,,,,,,,,,,,,,,,,,,,,,,,,,,,,,,,,,,,,,,,,,82643.0,82699.0,82751.0,82823.0,82891.0,82941.0,82991.0,83042.0,83109.0,83158.0,83220.0,83295.0,83347.0,83414.0,83476.0,83540.0,83595.0,83671.0,83732.0,83777.0,83818.0,83866.0,83907.0,83947.0,83986.0,84029.0,84061.0,84089.0,84109.0,84141.0,84177.0,84201.0,84240.0,84270.0,84318.0,84375.0,84415.0,84445.0,84482.0,84521.0,84571.0,84613.0,84663.0,84711.0,84744.0,84781.0,84817.0,84861.0,84910.0,84942
-Wa0StGAjqY,,,,,,,,,,,,,,,,,,,,,,,,,,,,,,,,,,,,,,,,,,,,,,,,,,,,,,,,,,,,,,,,,,,,,,,,,,,,,,,,,,,,,,,,28211.0,29121.0,29812.0,30217.0,30763.0,31260.0,31749.0,32160.0,32764.0,33305.0,33818.0,34396.0,35202.0,35930.0,37004.0,37948.0,38796.0,39515.0,40097.0,40500.0,40867.0,41230.0,41796.0,42228.0,42696.0,43204.0,43711.0,44258.0,44741.0,45284.0,45867.0,46663.0,47505.0,48140.0,48743.0,49273.0,49957.0,50700.0,51407.0,51993.0,52747.0,53405.0,53960.0,54352.0,54681.0,55143.0,55438.0,55725.0,55992.0,56236
P_iyAH59kCs,,,,,,,,,,,,,,,,,,,,,,,,,,,,,,,,,,,,,,,,,,,,,,,,,,,,,,,,,,,,,,,,,,,,,,,,,,,,,,,,,,,,,,,,2549.0,6394.0,9434.0,11948.0,13928.0,16138.0,18135.0,20569.0,22515.0,24130.0,25662.0,28008.0,30775.0,32834.0,35510.0,37831.0,39799.0,42341.0,44516.0,46245.0,47146.0,48521.0,49838.0,50724.0,51799.0,52710.0,53464.0,54134.0,54814.0,55422.0,56057.0,56728.0,57454.0,58126.0,58643.0,59251.0,59742.0,60281.0,60799.0,61441.0,61890.0,62284.0,62668.0,62986.0,63269.0,63546.0,63837.0,64103.0,64295.0,64524
BjIIlpUmhOQ,,,,,,,,,,,,,,,,,,,,,,,,,,,,,,,,,,,,,,,,,,,,,,,,,,,,,,,,,,,,,,,,,,,,,,,,,,,,,,,,,,,,,,,,4414.0,8278.0,10784.0,12717.0,14169.0,15985.0,17268.0,18227.0,19412.0,20499.0,21657.0,22711.0,23871.0,24978.0,26453.0,27164.0,27670.0,28115.0,28560.0,28952.0,29269.0,29648.0,30093.0,30474.0,30797.0,31181.0,31479.0,31663.0,31923.0,32193.0,32419.0,32605.0,32812.0,32997.0,33204.0,33361.0,33532.0,33668.0,33810.0,33926.0,34038.0,34148.0,34239.0,34309.0,34387.0,34463.0,34533.0,34606.0,34668.0,34749
dmsw-tEenZ0,,,,,,,,,,,,,,,,,,,,,,,,,,,,,,,,,,,,,,,,,,,,,,,,,,,,,,,,,,,,,,,,,,,,,,,,,,,,,,,,,,,,,,,,40051.0,126500.0,160976.0,191782.0,212554.0,233499.0,254317.0,269320.0,281030.0,291068.0,300654.0,308706.0,316574.0,323447.0,329931.0,335738.0,341029.0,345424.0,349274.0,352979.0,356370.0,360051.0,363221.0,365942.0,368968.0,371203.0,373290.0,374991.0,376686.0,378181.0,379480.0,380759.0,382111.0,383282.0,384218.0,385234.0,386251.0,387385.0,389047.0,391191.0,394024.0,396231.0,398886.0,401696.0,404567.0,408572.0,413426.0,417612.0,422486.0,428269
Gk3sKhxTN74,,,,,,,,,,,,,,,,,,,,,,,,,,,,,,,,,,,,,,,,,,,,,,,,,,,,,,,,,,,,,,,,,,,,,,,,,,,,,,,,,,,,,,,,,45873.0,86585.0,186024.0,188135.0,190187.0,193340.0,195487.0,197039.0,198121.0,198961.0,199680.0,200375.0,201162.0,201844.0,202465.0,203091.0,203729.0,204298.0,204824.0,205319.0,205770.0,206255.0,206731.0,207137.0,207520.0,207902.0,208245.0,208523.0,208872.0,209180.0,209471.0,209774.0,210000.0,210293.0,210552.0,210760.0,210962.0,211148.0,211324.0,211513.0,211738.0,211914.0,212080.0,212281.0,212555.0,212798.0,213011.0,213216.0,213496
AMwK8YGZGnU,,,,,,,,,,,,,,,,,,,,,,,,,,,,,,,,,,,,,,,,,,,,,,,,,,,,,,,,,,,,,,,,,,,,,,,,,,,,,,,,,,,,,,,,,180550.0,879820.0,5652121.0,8984425.0,9700645.0,9770104.0,9841726.0,9911403.0,9968557.0,13769893.0,18131873.0,19600919.0,19921145.0,20347646.0,20377603.0,20405709.0,20433695.0,20460917.0,20488601.0,20513439.0,20536749.0,20558460.0,20580465.0,20601787.0,20622578.0,20644099.0,20664298.0,20682804.0,20701480.0,20722638.0,20742797.0,20764906.0,20786446.0,20806950.0,20825554.0,20843655.0,20859249.0,20874926.0,20890737.0,20907680.0,20923750.0,20941017.0,20956741.0,20971901.0,20987176.0,21003098.0,21019878.0,21033955.0,21047549
bafIMw8apHs,,,,,,,,,,,,,,,,,,,,,,,,,,,,,,,,,,,,,,,,,,,,,,,,,,,,,,,,,,,,,,,,,,,,,,,,,,,,,,,,,,,,,,,,,2876.0,28435.0,79164.0,125398.0,183442.0,236726.0,289255.0,345324.0,402546.0,438445.0,438575.0,439169.0,439794.0,440553.0,449873.0,468791.0,487671.0,510895.0,531395.0,554319.0,576444.0,598873.0,622437.0,644731.0,667851.0,690506.0,712715.0,734672.0,756274.0,758349.0,758172.0,758326.0,758388.0,758584.0,758799.0,758966.0,759110.0,759246.0,759405.0,759579.0,759725.0,759866.0,760027.0,760135.0,760284.0,760425.0,760550.0,760658.0,760760
aKulGTx2hzY,,,,,,,,,,,,,,,,,,,,,,,,,,,,,,,,,,,,,,,,,,,,,,,,,,,,,,,,,,,,,,,,,,,,,,,,,,,,,,,,,,,,,,,,,2944.0,8178.0,10523.0,11685.0,12787.0,13860.0,14954.0,15558.0,15980.0,16335.0,16599.0,16844.0,17197.0,17478.0,17677.0,17936.0,20408.0,26685.0,32424.0,44003.0,50567.0,58560.0,64354.0,69418.0,74897.0,80046.0,85976.0,91863.0,97649.0,102011.0,107645.0,112950.0,113133.0,113227.0,113342.0,113412.0,113502.0,113593.0,113665.0,113755.0,113816.0,113905.0,113984.0,114048.0,114116.0,114196.0,114258.0,114309.0,114378
wTeVeqqz1kI,,,,,,,,,,,,,,,,,,,,,,,,,,,,,,,,,,,,,,,,,,,,,,,,,,,,,,,,,,,,,,,,,,,,,,,,,,,,,,,,,,,,,,,,,17788.0,17829.0,17858.0,17882.0,17895.0,17910.0,17933.0,17943.0,17970.0,17994.0,18010.0,18026.0,18040.0,18061.0,18084.0,18102.0,18123.0,18132.0,18152.0,18166.0,18178.0,18192.0,18207.0,18226.0,18243.0,18263.0,18278.0,18292.0,18308.0,18324.0,18337.0,18352.0,18359.0,18373.0,18376.0,18381.0,18399.0,18405.0,18411.0,18420.0,18436.0,18444.0,18458.0,18473.0,18487.0,18505.0,18524.0,18548.0,18558
mD_zpce3fr8,,,,,,,,,,,,,,,,,,,,,,,,,,,,,,,,,,,,,,,,,,,,,,,,,,,,,,,,,,,,,,,,,,,,,,,,,,,,,,,,,,,,,,,,,183.0,210.0,225.0,243.0,251.0,267.0,278.0,286.0,301.0,311.0,328.0,334.0,336.0,347.0,352.0,353.0,354.0,358.0,361.0,362.0,363.0,364.0,363.0,363.0,364.0,365.0,366.0,367.0,368.0,370.0,372.0,373.0,373.0,375.0,375.0,375.0,375.0,375.0,375.0,377.0,379.0,384.0,398.0,406.0,411.0,430.0,444.0,458.0,477
mfX0Zhm9PUA,,,,,,,,,,,,,,,,,,,,,,,,,,,,,,,,,,,,,,,,,,,,,,,,,,,,,,,,,,,,,,,,,,,,,,,,,,,,,,,,,,,,,,,,,,6836.0,19738.0,48465.0,72258.0,90573.0,103894.0,111960.0,118565.0,121643.0,124258.0,127400.0,130306.0,133954.0,137719.0,140616.0,143107.0,145696.0,147599.0,149176.0,150888.0,152628.0,154320.0,155911.0,157961.0,159973.0,161698.0,163276.0,165216.0,167889.0,171445.0,175637.0,179529.0,182452.0,185864.0,188413.0,191713.0,194359.0,197001.0,198805.0,200522.0,202292.0,203935.0,205860.0,207473.0,209183.0,210617.0,211837.0,212947
472MqaZF3kg,,,,,,,,,,,,,,,,,,,,,,,,,,,,,,,,,,,,,,,,,,,,,,,,,,,,,,,,,,,,,,,,,,,,,,,,,,,,,,,,,,,,,,,,,,55192.0,142478.0,212282.0,256228.0,311170.0,370163.0,465037.0,546740.0,611908.0,665154.0,718757.0,769651.0,774988.0,775829.0,776312.0,776920.0,777658.0,778357.0,779011.0,779644.0,780191.0,780730.0,781287.0,781756.0,782188.0,782547.0,782917.0,783322.0,783700.0,784014.0,784405.0,784749.0,785084.0,785343.0,785626.0,785857.0,786140.0,786398.0,786659.0,786881.0,787131.0,787330.0,787501.0,787774.0,787999.0,788265.0,788502.0,788720
lvpNFKmAN3w,,,,,,,,,,,,,,,,,,,,,,,,,,,,,,,,,,,,,,,,,,,,,,,,,,,,,,,,,,,,,,,,,,,,,,,,,,,,,,,,,,,,,,,,,,12774.0,16480.0,18755.0,21783.0,25336.0,29019.0,31389.0,33435.0,35827.0,37709.0,39479.0,40910.0,42207.0,47671.0,82651.0,128470.0,164634.0,193453.0,212432.0,235008.0,265221.0,290483.0,312638.0,330613.0,343199.0,354014.0,366555.0,378312.0,378590.0,378818.0,379101.0,379315.0,379528.0,379747.0,379983.0,449957.0,543047.0,606508.0,644827.0,681681.0,715808.0,724730.0,724858.0,725085.0,725239.0,725434.0,725567.0,725705
-pJUkl65xy4,,,,,,,,,,,,,,,,,,,,,,,,,,,,,,,,,,,,,,,,,,,,,,,,,,,,,,,,,,,,,,,,,,,,,,,,,,,,,,,,,,,,,,,,,,14164.0,20418.0,25626.0,28389.0,30692.0,32931.0,35272.0,37249.0,38623.0,39937.0,41264.0,42471.0,43802.0,44802.0,45491.0,46044.0,46738.0,47333.0,47866.0,48317.0,48811.0,49180.0,49511.0,49866.0,50148.0,50455.0,50738.0,51003.0,51230.0,51538.0,51822.0,52123.0,52398.0,52691.0,52912.0,53169.0,53432.0,53718.0,53906.0,54065.0,54264.0,54444.0,54676.0,54882.0,55047.0,55193.0,55297.0,55393
stvqgbukKPg,,,,,,,,,,,,,,,,,,,,,,,,,,,,,,,,,,,,,,,,,,,,,,,,,,,,,,,,,,,,,,,,,,,,,,,,,,,,,,,,,,,,,,,,,,8674.0,37535.0,54593.0,64731.0,74014.0,90815.0,107507.0,122071.0,133858.0,145230.0,156915.0,166504.0,177922.0,189780.0,200326.0,210099.0,219592.0,228220.0,235986.0,245716.0,255617.0,265066.0,273636.0,282691.0,290550.0,297824.0,306321.0,314482.0,322249.0,330430.0,338788.0,346814.0,354184.0,363876.0,371137.0,379050.0,386632.0,394866.0,402308.0,408794.0,415948.0,422431.0,429188.0,436191.0,442800.0,448906.0,453745.0,458602
K-F7906Jq9U,,,,,,,,,,,,,,,,,,,,,,,,,,,,,,,,,,,,,,,,,,,,,,,,,,,,,,,,,,,,,,,,,,,,,,,,,,,,,,,,,,,,,,,,,,,2577944.0,4579335.0,6157197.0,8054635.0,10440886.0,12392520.0,12471100.0,12544079.0,12605323.0,12660232.0,12708375.0,12770302.0,12839575.0,12891593.0,12935761.0,12979817.0,13020968.0,13058511.0,13095016.0,13124744.0,13151552.0,13178962.0,13206419.0,13232560.0,13257216.0,13280996.0,13302408.0,13323812.0,13345142.0,13366198.0,13386460.0,13405946.0,13425460.0,13443566.0,13461589.0,13479539.0,13497211.0,13514639.0,13531880.0,13549783.0,13567171.0,13583858.0,13599975.0,13616711.0,13632853.0,13648542.0,13664528
y2_dysO89B0,,,,,,,,,,,,,,,,,,,,,,,,,,,,,,,,,,,,,,,,,,,,,,,,,,,,,,,,,,,,,,,,,,,,,,,,,,,,,,,,,,,,,,,,,,,3142.0,4037.0,4653.0,5151.0,5604.0,5962.0,6224.0,6419.0,6605.0,6805.0,6981.0,7088.0,7231.0,7416.0,7528.0,7669.0,7775.0,7908.0,8006.0,8111.0,8198.0,8296.0,8394.0,8486.0,8593.0,8713.0,8850.0,9077.0,9332.0,9570.0,9727.0,9902.0,10054.0,10168.0,10272.0,10347.0,10442.0,10518.0,10594.0,10670.0,10736.0,10793.0,10860.0,10927.0,10993.0,11086.0,11172
xP_nrIzsH-8,,,,,,,,,,,,,,,,,,,,,,,,,,,,,,,,,,,,,,,,,,,,,,,,,,,,,,,,,,,,,,,,,,,,,,,,,,,,,,,,,,,,,,,,,,,21438.0,125496.0,188177.0,224804.0,251142.0,325007.0,389407.0,436496.0,484254.0,520832.0,555692.0,585265.0,606182.0,620248.0,631008.0,639483.0,647505.0,654888.0,661482.0,669940.0,678592.0,685827.0,693657.0,702348.0,711040.0,718803.0,726163.0,733666.0,741055.0,747760.0,753979.0,759218.0,764017.0,768988.0,773108.0,777186.0,781074.0,784701.0,787913.0,791177.0,794421.0,798038.0,801490.0,806211.0,809871.0,813641.0,818429
5NuJlWcuITs,,,,,,,,,,,,,,,,,,,,,,,,,,,,,,,,,,,,,,,,,,,,,,,,,,,,,,,,,,,,,,,,,,,,,,,,,,,,,,,,,,,,,,,,,,,1623.0,2913.0,3476.0,3889.0,4139.0,4457.0,4732.0,5065.0,5377.0,5540.0,5666.0,5780.0,5866.0,5983.0,6064.0,6126.0,6211.0,6265.0,6322.0,6380.0,6422.0,6467.0,6522.0,6576.0,6619.0,6654.0,6694.0,6728.0,6764.0,6841.0,6892.0,6933.0,6957.0,6994.0,7034.0,7063.0,7091.0,7121.0,7153.0,7191.0,7223.0,7254.0,7281.0,7322.0,7351.0,7392.0,7424
5NuJlWcuITs,,,,,,,,,,,,,,,,,,,,,,,,,,,,,,,,,,,,,,,,,,,,,,,,,,,,,,,,,,,,,,,,,,,,,,,,,,,,,,,,,,,,,,,,,,,1623.0,2913.0,3476.0,3889.0,4139.0,4457.0,4732.0,5065.0,5377.0,5540.0,5666.0,5780.0,5866.0,5983.0,6064.0,6129.0,6216.0,6264.0,6326.0,6380.0,6422.0,6467.0,6522.0,6576.0,6619.0,6654.0,6694.0,6728.0,6764.0,6841.0,6892.0,6933.0,6957.0,6994.0,7034.0,7062.0,7093.0,7121.0,7156.0,7191.0,7223.0,7254.0,7281.0,7322.0,7351.0,7392.0,7424
qotGIY7DZTc,,,,,,,,,,,,,,,,,,,,,,,,,,,,,,,,,,,,,,,,,,,,,,,,,,,,,,,,,,,,,,,,,,,,,,,,,,,,,,,,,,,,,,,,,,,24182.0,53368.0,97815.0,129566.0,160701.0,190175.0,216766.0,235213.0,250421.0,264930.0,280012.0,297822.0,313804.0,327790.0,338611.0,350124.0,360328.0,367752.0,377494.0,386999.0,396218.0,404595.0,414428.0,423191.0,430056.0,438132.0,446239.0,454909.0,465191.0,474366.0,482954.0,489450.0,497224.0,502588.0,508622.0,514694.0,520919.0,526604.0,531836.0,537636.0,543269.0,548946.0,554879.0,561223.0,566390.0,570863.0,575921
n5k0_F9iJJo,,,,,,,,,,,,,,,,,,,,,,,,,,,,,,,,,,,,,,,,,,,,,,,,,,,,,,,,,,,,,,,,,,,,,,,,,,,,,,,,,,,,,,,,,,,62628.0,70071.0,74419.0,77717.0,80899.0,83639.0,86286.0,88488.0,89956.0,91252.0,92619.0,93896.0,95095.0,96130.0,97111.0,98013.0,98820.0,99632.0,100310.0,101055.0,101882.0,102569.0,103209.0,103783.0,104336.0,104952.0,105603.0,106364.0,107031.0,108043.0,108780.0,109467.0,110232.0,110915.0,111560.0,112183.0,112710.0,113259.0,113810.0,114346.0,114887.0,115392.0,115834.0,116370.0,116874.0,117285.0,117751
giRRt-26SYI,,,,,,,,,,,,,,,,,,,,,,,,,,,,,,,,,,,,,,,,,,,,,,,,,,,,,,,,,,,,,,,,,,,,,,,,,,,,,,,,,,,,,,,,,,,7847.0,11435.0,13015.0,16820.0,21561.0,27077.0,31024.0,34880.0,36393.0,37468.0,38273.0,39398.0,40761.0,41951.0,42730.0,43324.0,43855.0,44449.0,45039.0,45586.0,46058.0,46497.0,46915.0,47492.0,47916.0,48316.0,48764.0,49154.0,49573.0,49847.0,50115.0,50371.0,50659.0,50901.0,51169.0,51447.0,51850.0,52069.0,52227.0,52414.0,52574.0,52750.0,53002.0,53188.0,53346.0,53483.0,53653
2EFwncas9Z4,,,,,,,,,,,,,,,,,,,,,,,,,,,,,,,,,,,,,,,,,,,,,,,,,,,,,,,,,,,,,,,,,,,,,,,,,,,,,,,,,,,,,,,,,,,,44318.0,174451.0,312503.0,478882.0,606494.0,783710.0,871546.0,1043493.0,1151159.0,1166805.0,1182276.0,1197315.0,1210710.0,1223439.0,1235508.0,1246549.0,1256639.0,1267106.0,1277312.0,1286696.0,1296006.0,1304795.0,1313094.0,1320683.0,1327731.0,1334754.0,1342140.0,1349683.0,1356788.0,1363499.0,1369753.0,1376215.0,1382491.0,1388003.0,1473809.0,1519182.0,1621373.0,1743902.0,1871233.0,1968698.0,2118815.0,2222523.0,2346745.0,2471336.0,2570366.0,2660245
V_GcryUV3Io,,,,,,,,,,,,,,,,,,,,,,,,,,,,,,,,,,,,,,,,,,,,,,,,,,,,,,,,,,,,,,,,,,,,,,,,,,,,,,,,,,,,,,,,,,,,41947.0,167582.0,247978.0,325110.0,405459.0,488530.0,659921.0,834343.0,1001107.0,1135167.0,1301576.0,1486728.0,1666712.0,1842786.0,2014549.0,2167034.0,2294455.0,2439397.0,2581599.0,2717347.0,2851167.0,2985339.0,3111282.0,3215092.0,3326326.0,3423207.0,3523584.0,3628685.0,3736264.0,3835226.0,3918104.0,4010273.0,4088895.0,4170036.0,4246539.0,4325944.0,4392488.0,4446781.0,4505128.0,4561496.0,4616123.0,4668228.0,4720951.0,4768288.0,4805117.0,4844889
QJwZyyQwIpU,,,,,,,,,,,,,,,,,,,,,,,,,,,,,,,,,,,,,,,,,,,,,,,,,,,,,,,,,,,,,,,,,,,,,,,,,,,,,,,,,,,,,,,,,,,,451.0,1145.0,1435.0,1720.0,1852.0,1978.0,2065.0,2137.0,3404.0,3479.0,3556.0,3640.0,3718.0,3793.0,3848.0,3909.0,3996.0,4106.0,4195.0,4231.0,4277.0,4317.0,4353.0,4407.0,4437.0,4464.0,4505.0,4535.0,4592.0,4658.0,4690.0,4714.0,4749.0,4774.0,4811.0,4849.0,4884.0,4906.0,4955.0,4984.0,5006.0,5031.0,5051.0,5075.0,5101.0,5123
uwJWPrqe5EM,,,,,,,,,,,,,,,,,,,,,,,,,,,,,,,,,,,,,,,,,,,,,,,,,,,,,,,,,,,,,,,,,,,,,,,,,,,,,,,,,,,,,,,,,,,,22683.0,39073.0,48937.0,57349.0,65089.0,72075.0,77893.0,81744.0,84684.0,87213.0,89819.0,91614.0,93284.0,94728.0,96100.0,97302.0,98371.0,99518.0,100594.0,101483.0,102395.0,103251.0,104151.0,104934.0,105647.0,106359.0,107037.0,107677.0,108378.0,109078.0,109637.0,110258.0,110821.0,111347.0,111831.0,112406.0,112912.0,113324.0,113903.0,114370.0,114843.0,115267.0,115731.0,116135.0,116523.0,116889
z6qyEfH2D-o,,,,,,,,,,,,,,,,,,,,,,,,,,,,,,,,,,,,,,,,,,,,,,,,,,,,,,,,,,,,,,,,,,,,,,,,,,,,,,,,,,,,,,,,,,,,60993.0,181358.0,296680.0,356503.0,424102.0,500256.0,564330.0,637272.0,713054.0,748021.0,787702.0,837180.0,879701.0,916565.0,949299.0,979138.0,1004842.0,1033856.0,1064216.0,1092330.0,1119750.0,1146991.0,1171644.0,1192648.0,1216219.0,1240592.0,1266105.0,1294942.0,1324441.0,1348683.0,1370840.0,1396725.0,1424016.0,1451241.0,1475181.0,1499739.0,1517371.0,1530533.0,1544469.0,1558622.0,1573145.0,1587177.0,1600542.0,1612912.0,1623589.0,1635381
S1bfg8s4OV8,,,,,,,,,,,,,,,,,,,,,,,,,,,,,,,,,,,,,,,,,,,,,,,,,,,,,,,,,,,,,,,,,,,,,,,,,,,,,,,,,,,,,,,,,,,,181341.0,289653.0,376030.0,444093.0,512873.0,583864.0,660809.0,729102.0,752773.0,771951.0,793956.0,819499.0,843936.0,865236.0,881625.0,896537.0,909816.0,921565.0,931358.0,941571.0,951906.0,964733.0,978221.0,988576.0,998228.0,1008825.0,1019300.0,1030503.0,1040975.0,1051567.0,1061465.0,1071890.0,1082093.0,1092728.0,1102798.0,1115739.0,1125531.0,1133631.0,1143585.0,1156158.0,1168177.0,1177985.0,1186576.0,1195469.0,1201953.0,1207737
kcpmKTnAHFM,,,,,,,,,,,,,,,,,,,,,,,,,,,,,,,,,,,,,,,,,,,,,,,,,,,,,,,,,,,,,,,,,,,,,,,,,,,,,,,,,,,,,,,,,,,,173510.0,175034.0,176335.0,177676.0,178978.0,179897.0,181028.0,182023.0,182968.0,184026.0,184997.0,185832.0,186635.0,187401.0,188213.0,189146.0,189933.0,190580.0,191297.0,191988.0,192832.0,193545.0,194267.0,195048.0,195671.0,196324.0,196902.0,197603.0,198175.0,198830.0,199514.0,200248.0,200953.0,201633.0,202225.0,202724.0,203322.0,204025.0,204566.0,205035.0,205526.0,205983.0,206544.0,207092.0,207646.0,208186
pDL_MH2DsEY,,,,,,,,,,,,,,,,,,,,,,,,,,,,,,,,,,,,,,,,,,,,,,,,,,,,,,,,,,,,,,,,,,,,,,,,,,,,,,,,,,,,,,,,,,,,26409.0,26574.0,26751.0,26895.0,27085.0,27260.0,27410.0,27531.0,27724.0,27922.0,28118.0,28271.0,28394.0,28559.0,28694.0,28842.0,28980.0,29119.0,29248.0,29380.0,29537.0,29636.0,29778.0,29910.0,30031.0,30145.0,30263.0,30398.0,30530.0,30655.0,30783.0,30895.0,31025.0,31114.0,31230.0,31325.0,31410.0,31491.0,31631.0,31856.0,32091.0,32267.0,32430.0,32562.0,32674.0,32797
bIlVqNb8mYs,,,,,,,,,,,,,,,,,,,,,,,,,,,,,,,,,,,,,,,,,,,,,,,,,,,,,,,,,,,,,,,,,,,,,,,,,,,,,,,,,,,,,,,,,,,,135494.0,136831.0,138192.0,139548.0,140871.0,142054.0,143074.0,143918.0,145170.0,146144.0,147197.0,148022.0,148886.0,149666.0,150427.0,151316.0,152244.0,153022.0,153661.0,154529.0,155081.0,155844.0,156750.0,157571.0,158207.0,158965.0,159737.0,160431.0,161118.0,161797.0,162477.0,163158.0,163808.0,164438.0,165005.0,165406.0,166069.0,166668.0,167230.0,167690.0,168307.0,168805.0,169340.0,169899.0,170383.0,170954
iSXjamHaMH8,,,,,,,,,,,,,,,,,,,,,,,,,,,,,,,,,,,,,,,,,,,,,,,,,,,,,,,,,,,,,,,,,,,,,,,,,,,,,,,,,,,,,,,,,,,,92244.0,93172.0,94155.0,95188.0,96096.0,96934.0,97486.0,98348.0,99149.0,99809.0,100551.0,101128.0,101791.0,102322.0,102989.0,103626.0,104320.0,104767.0,105378.0,105942.0,106443.0,107045.0,107660.0,108198.0,108714.0,109172.0,109740.0,110254.0,110785.0,111291.0,111824.0,112435.0,112988.0,113460.0,113916.0,114341.0,114766.0,115205.0,115583.0,115900.0,116366.0,116753.0,117169.0,117584.0,118050.0,118508
2qU19-8hk0g,,,,,,,,,,,,,,,,,,,,,,,,,,,,,,,,,,,,,,,,,,,,,,,,,,,,,,,,,,,,,,,,,,,,,,,,,,,,,,,,,,,,,,,,,,,,53983.0,64031.0,70692.0,74366.0,77404.0,80433.0,83371.0,87352.0,93224.0,98219.0,101741.0,104741.0,106855.0,109483.0,112975.0,119310.0,125355.0,128962.0,132757.0,136947.0,140622.0,144308.0,150437.0,156293.0,159347.0,162042.0,165010.0,168112.0,173988.0,179049.0,183597.0,187422.0,191432.0,193709.0,195935.0,198259.0,201982.0,205372.0,207260.0,208772.0,210322.0,211846.0,213447.0,216290.0,219353.0,221185
HRtza6h12yU,,,,,,,,,,,,,,,,,,,,,,,,,,,,,,,,,,,,,,,,,,,,,,,,,,,,,,,,,,,,,,,,,,,,,,,,,,,,,,,,,,,,,,,,,,,,18147.0,23885.0,30537.0,35134.0,36946.0,38553.0,39956.0,41526.0,43316.0,44867.0,46450.0,47493.0,48303.0,49002.0,49959.0,50602.0,51090.0,51659.0,52327.0,52957.0,53656.0,54242.0,54863.0,55340.0,55968.0,56703.0,57371.0,58006.0,58842.0,59467.0,60031.0,60738.0,61298.0,62024.0,62689.0,63426.0,63982.0,64474.0,65272.0,66164.0,67020.0,67686.0,68355.0,69062.0,69641.0,70205
qrzKsS-4lZo,,,,,,,,,,,,,,,,,,,,,,,,,,,,,,,,,,,,,,,,,,,,,,,,,,,,,,,,,,,,,,,,,,,,,,,,,,,,,,,,,,,,,,,,,,,,285048.0,373522.0,572954.0,949508.0,1328741.0,1563624.0,1665844.0,1963609.0,2488887.0,2656004.0,2937519.0,3145439.0,3492809.0,3899276.0,4194561.0,4593201.0,4976180.0,5079278.0,5082581.0,5086269.0,5132794.0,5137148.0,5141652.0,5146270.0,5150370.0,5154237.0,5157964.0,5161641.0,5165695.0,5169406.0,5172774.0,5176167.0,5179077.0,5181539.0,5184091.0,5186915.0,5189540.0,5191915.0,5194027.0,5196150.0,5198283.0,5200061.0,5202012.0,5204282.0,5206313.0,5208081
npuDCtzhF1k,,,,,,,,,,,,,,,,,,,,,,,,,,,,,,,,,,,,,,,,,,,,,,,,,,,,,,,,,,,,,,,,,,,,,,,,,,,,,,,,,,,,,,,,,,,,76.0,90.0,126.0,141.0,153.0,181.0,192.0,254.0,266.0,270.0,272.0,275.0,277.0,279.0,287.0,300.0,305.0,307.0,309.0,310.0,311.0,311.0,313.0,314.0,315.0,316.0,317.0,318.0,318.0,318.0,323.0,326.0,327.0,328.0,328.0,330.0,331.0,333.0,334.0,334.0,336.0,336.0,338.0,339.0,339.0,342
vBifhZtfELE,,,,,,,,,,,,,,,,,,,,,,,,,,,,,,,,,,,,,,,,,,,,,,,,,,,,,,,,,,,,,,,,,,,,,,,,,,,,,,,,,,,,,,,,,,,,1107.0,1566.0,2112.0,2871.0,3442.0,4137.0,4686.0,5200.0,5388.0,5531.0,5669.0,5875.0,12032.0,20340.0,27853.0,33753.0,40217.0,47834.0,53264.0,55024.0,56751.0,58267.0,60176.0,61325.0,62498.0,63202.0,63920.0,65396.0,65981.0,66407.0,66632.0,66981.0,67327.0,67689.0,68017.0,68252.0,68353.0,68399.0,68441.0,68474.0,68518.0,68559.0,68596.0,68635.0,68657.0,68674
ZB-tSt_8M7M,,,,,,,,,,,,,,,,,,,,,,,,,,,,,,,,,,,,,,,,,,,,,,,,,,,,,,,,,,,,,,,,,,,,,,,,,,,,,,,,,,,,,,,,,,,,202096.0,397694.0,652095.0,705461.0,754888.0,893849.0,1213423.0,1583879.0,1624585.0,1664923.0,1694139.0,1729821.0,1768733.0,1803094.0,1808618.0,1811170.0,1813505.0,1816000.0,1818340.0,1820587.0,1822931.0,1825090.0,1826990.0,1828797.0,1830574.0,1832315.0,1833995.0,1835675.0,1837429.0,1839103.0,1840603.0,1842026.0,1843560.0,1844871.0,1846271.0,1847757.0,1849008.0,1850116.0,1851455.0,1852703.0,1853893.0,1855227.0,1856533.0,1857781.0,1859024.0,1860377
fxCe-dQZtIc,,,,,,,,,,,,,,,,,,,,,,,,,,,,,,,,,,,,,,,,,,,,,,,,,,,,,,,,,,,,,,,,,,,,,,,,,,,,,,,,,,,,,,,,,,,,445.0,812.0,1029.0,1214.0,1372.0,1501.0,1607.0,1716.0,1790.0,1868.0,1924.0,1983.0,2019.0,2054.0,2090.0,2123.0,2150.0,2178.0,2213.0,2244.0,2272.0,2304.0,2324.0,2345.0,2372.0,2398.0,2422.0,2448.0,2471.0,2495.0,2515.0,2532.0,2548.0,2563.0,2576.0,2591.0,2600.0,2616.0,2625.0,2631.0,2640.0,2656.0,2669.0,2684.0,2705.0,2717
HJYm0RlFnXE,,,,,,,,,,,,,,,,,,,,,,,,,,,,,,,,,,,,,,,,,,,,,,,,,,,,,,,,,,,,,,,,,,,,,,,,,,,,,,,,,,,,,,,,,,,,20450.0,65955.0,105348.0,136964.0,168579.0,195374.0,216896.0,230600.0,239055.0,245549.0,250713.0,254494.0,257317.0,259687.0,261265.0,262915.0,264679.0,266176.0,267733.0,269383.0,270706.0,271953.0,273294.0,274720.0,275832.0,276870.0,277957.0,278973.0,279986.0,280879.0,281911.0,282622.0,283334.0,283559.0,283716.0,283879.0,284037.0,284190.0,284423.0,284717.0,285410.0,286061.0,287746.0,288467.0,289524.0,291817
P8lUsa619bc,,,,,,,,,,,,,,,,,,,,,,,,,,,,,,,,,,,,,,,,,,,,,,,,,,,,,,,,,,,,,,,,,,,,,,,,,,,,,,,,,,,,,,,,,,,,96.0,240.0,471.0,521.0,580.0,633.0,670.0,695.0,721.0,746.0,789.0,818.0,837.0,858.0,887.0,908.0,926.0,946.0,1008.0,1050.0,1070.0,1080.0,1086.0,1094.0,1108.0,1119.0,1132.0,1145.0,1165.0,1178.0,1184.0,1202.0,1214.0,1222.0,1233.0,1242.0,1264.0,1276.0,1289.0,1297.0,1310.0,1323.0,1334.0,1370.0,1387.0,1404
Cp3ejSQk7tg,,,,,,,,,,,,,,,,,,,,,,,,,,,,,,,,,,,,,,,,,,,,,,,,,,,,,,,,,,,,,,,,,,,,,,,,,,,,,,,,,,,,,,,,,,,,,7471.0,19577.0,27556.0,32895.0,36411.0,39231.0,41295.0,43027.0,44436.0,45632.0,46667.0,47690.0,48576.0,49445.0,50265.0,51020.0,51832.0,52573.0,53232.0,53918.0,54637.0,55393.0,55977.0,56519.0,57087.0,57706.0,58192.0,58706.0,59126.0,59537.0,59932.0,60238.0,60600.0,60920.0,61260.0,61563.0,61811.0,62062.0,62264.0,62515.0,62786.0,63090.0,63390.0,63657.0,63861
UOfJCZDqQb0,,,,,,,,,,,,,,,,,,,,,,,,,,,,,,,,,,,,,,,,,,,,,,,,,,,,,,,,,,,,,,,,,,,,,,,,,,,,,,,,,,,,,,,,,,,,,20964.0,23229.0,25256.0,27598.0,29843.0,32466.0,35245.0,37562.0,39789.0,41578.0,43045.0,44203.0,45054.0,45987.0,46933.0,47508.0,47930.0,48406.0,48872.0,49164.0,49482.0,49810.0,50096.0,50308.0,50563.0,50804.0,51018.0,51229.0,51434.0,51593.0,51746.0,51893.0,52027.0,52164.0,52285.0,52386.0,52505.0,52613.0,52751.0,52893.0,53040.0,53169.0,53294.0,53411.0,53524
Kx6-6lLEc6U,,,,,,,,,,,,,,,,,,,,,,,,,,,,,,,,,,,,,,,,,,,,,,,,,,,,,,,,,,,,,,,,,,,,,,,,,,,,,,,,,,,,,,,,,,,,,88424.0,99905.0,108792.0,118533.0,128708.0,139643.0,151097.0,159593.0,165277.0,170217.0,175036.0,180393.0,188409.0,194195.0,199276.0,202708.0,205574.0,208241.0,211109.0,213291.0,215079.0,216655.0,217915.0,219079.0,220355.0,221247.0,222434.0,223483.0,224498.0,225507.0,226382.0,227298.0,228125.0,228961.0,229733.0,230418.0,231067.0,231724.0,232305.0,232889.0,233473.0,234027.0,234582.0,234920.0,235417
ygYPwsjyCzQ,,,,,,,,,,,,,,,,,,,,,,,,,,,,,,,,,,,,,,,,,,,,,,,,,,,,,,,,,,,,,,,,,,,,,,,,,,,,,,,,,,,,,,,,,,,,,,,1437306.0,7069223.0,13123006.0,18878206.0,23094888.0,27166919.0,30568084.0,31187225.0,32040644.0,32576365.0,33125035.0,33815591.0,34570394.0,35522602.0,35798407.0,36142803.0,36279019.0,36415721.0,36556447.0,36695988.0,36829548.0,36949604.0,37072280.0,37193326.0,37313344.0,37434235.0,37548641.0,37656497.0,37765129.0,37877745.0,37980947.0,38084137.0,38190723.0,38296250.0,38394278.0,38494757.0,38592774.0,38688226.0,38785949.0,38882131.0,38975990.0,39065748.0,39155932
uflGpiktsHU,,,,,,,,,,,,,,,,,,,,,,,,,,,,,,,,,,,,,,,,,,,,,,,,,,,,,,,,,,,,,,,,,,,,,,,,,,,,,,,,,,,,,,,,,,,,,,,37054.0,58461.0,65954.0,70870.0,74784.0,77665.0,80070.0,82192.0,83079.0,83738.0,84244.0,84641.0,84998.0,85237.0,85467.0,85664.0,85883.0,86062.0,86212.0,86330.0,86462.0,86557.0,86678.0,86808.0,86899.0,87036.0,87149.0,87276.0,87348.0,87411.0,87457.0,87520.0,87576.0,87628.0,87688.0,87732.0,87797.0,87871.0,87954.0,87973.0,88001.0,88056.0,88124
OZ44P4JU87E,,,,,,,,,,,,,,,,,,,,,,,,,,,,,,,,,,,,,,,,,,,,,,,,,,,,,,,,,,,,,,,,,,,,,,,,,,,,,,,,,,,,,,,,,,,,,,,87281.0,238891.0,347991.0,426123.0,523610.0,662644.0,768438.0,846398.0,914737.0,964021.0,1013905.0,1063663.0,1107623.0,1147092.0,1190711.0,1231376.0,1258798.0,1285092.0,1311329.0,1337300.0,1360338.0,1385299.0,1410428.0,1435851.0,1462518.0,1491624.0,1519536.0,1546416.0,1577447.0,1599542.0,1622461.0,1646708.0,1673372.0,1696412.0,1717504.0,1740656.0,1763129.0,1784611.0,1803720.0,1823161.0,1843434.0,1859608.0,1875529
b9M9-BtreL4,,,,,,,,,,,,,,,,,,,,,,,,,,,,,,,,,,,,,,,,,,,,,,,,,,,,,,,,,,,,,,,,,,,,,,,,,,,,,,,,,,,,,,,,,,,,,,,87864.0,101618.0,116752.0,135125.0,149323.0,168319.0,189212.0,205815.0,228683.0,245211.0,265813.0,286110.0,305693.0,319496.0,332132.0,344403.0,356494.0,377003.0,393736.0,412891.0,425781.0,436525.0,445375.0,459158.0,472247.0,484521.0,501048.0,512840.0,526669.0,537722.0,550912.0,570039.0,588087.0,603632.0,610144.0,617072.0,624174.0,632355.0,640067.0,647596.0,655650.0,663111.0,670586
Wtifc7TTHEQ,,,,,,,,,,,,,,,,,,,,,,,,,,,,,,,,,,,,,,,,,,,,,,,,,,,,,,,,,,,,,,,,,,,,,,,,,,,,,,,,,,,,,,,,,,,,,,,5878.0,57826.0,109062.0,164012.0,212607.0,263647.0,314870.0,367480.0,418659.0,468685.0,517113.0,565683.0,618196.0,625353.0,628948.0,632218.0,635261.0,638037.0,641546.0,644866.0,647853.0,651389.0,654159.0,657004.0,659690.0,663255.0,666121.0,667771.0,669615.0,671374.0,673097.0,675028.0,677063.0,679480.0,681307.0,683083.0,686681.0,690166.0,694281.0,699149.0,703605.0,707262.0,711377
KuigNsDB8zw,,,,,,,,,,,,,,,,,,,,,,,,,,,,,,,,,,,,,,,,,,,,,,,,,,,,,,,,,,,,,,,,,,,,,,,,,,,,,,,,,,,,,,,,,,,,,,,15847.0,76222.0,151839.0,262108.0,365042.0,530200.0,550181.0,554592.0,557519.0,586422.0,769059.0,773494.0,775227.0,776488.0,777874.0,779053.0,780279.0,781638.0,782899.0,784208.0,785188.0,786170.0,787267.0,788253.0,789208.0,790046.0,790851.0,791671.0,792489.0,793213.0,793884.0,794536.0,795224.0,795805.0,796291.0,796797.0,797259.0,797792.0,798298.0,798736.0,799241.0,799604.0,800227
vopGeyv646g,,,,,,,,,,,,,,,,,,,,,,,,,,,,,,,,,,,,,,,,,,,,,,,,,,,,,,,,,,,,,,,,,,,,,,,,,,,,,,,,,,,,,,,,,,,,,,,,3546.0,6859.0,7690.0,8047.0,8511.0,8921.0,9181.0,9374.0,9569.0,9727.0,9809.0,9902.0,9984.0,10065.0,10144.0,10208.0,10279.0,10330.0,10397.0,10456.0,10502.0,10560.0,10601.0,10642.0,10676.0,10704.0,10731.0,10749.0,10778.0,10801.0,10819.0,10850.0,10866.0,10891.0,10908.0,10924.0,10942.0,10964.0,10984.0,10994.0,11009.0,11031
SNn_H_Q2moo,,,,,,,,,,,,,,,,,,,,,,,,,,,,,,,,,,,,,,,,,,,,,,,,,,,,,,,,,,,,,,,,,,,,,,,,,,,,,,,,,,,,,,,,,,,,,,,,516221.0,1201493.0,1566220.0,1932467.0,2239587.0,2484263.0,2722326.0,2937215.0,3138312.0,3330645.0,3524880.0,3709577.0,3872509.0,4034178.0,4201915.0,4372961.0,4542461.0,4713333.0,4888444.0,5042728.0,5181227.0,5317096.0,5449706.0,5579135.0,5721094.0,5840961.0,5943457.0,6044317.0,6140734.0,6223863.0,6304545.0,6389513.0,6467571.0,6536312.0,6604643.0,6671073.0,6736797.0,6800081.0,6865188.0,6931844.0,6991162.0,7051974
MfipEXSvtjg,,,,,,,,,,,,,,,,,,,,,,,,,,,,,,,,,,,,,,,,,,,,,,,,,,,,,,,,,,,,,,,,,,,,,,,,,,,,,,,,,,,,,,,,,,,,,,,,140470.0,606030.0,981322.0,1184415.0,1320170.0,1415713.0,1488537.0,1539724.0,1574553.0,1609613.0,1645540.0,1679059.0,1708890.0,1735177.0,1760647.0,1795611.0,1836474.0,1877970.0,1917716.0,1952003.0,1981947.0,2012434.0,2043887.0,2074114.0,2104707.0,2134254.0,2163059.0,2189731.0,2216293.0,2241290.0,2266569.0,2292694.0,2318808.0,2343888.0,2367576.0,2390721.0,2413471.0,2435981.0,2457930.0,2480089.0,2500393.0,2520393
23m3sKBgf7E,,,,,,,,,,,,,,,,,,,,,,,,,,,,,,,,,,,,,,,,,,,,,,,,,,,,,,,,,,,,,,,,,,,,,,,,,,,,,,,,,,,,,,,,,,,,,,,,936.0,1138.0,1364.0,1643.0,1986.0,2161.0,2192.0,2251.0,2303.0,2351.0,2405.0,2428.0,2435.0,2447.0,2470.0,2482.0,2494.0,2497.0,2503.0,2508.0,2510.0,2522.0,2529.0,2534.0,2543.0,2543.0,2550.0,2554.0,2555.0,2556.0,2562.0,2563.0,2565.0,2570.0,2570.0,2573.0,2575.0,2581.0,2583.0,2590.0,2599.0,2607
-QBw5I4kn3g,,,,,,,,,,,,,,,,,,,,,,,,,,,,,,,,,,,,,,,,,,,,,,,,,,,,,,,,,,,,,,,,,,,,,,,,,,,,,,,,,,,,,,,,,,,,,,,,2430.0,3141.0,3778.0,4018.0,4209.0,4339.0,4478.0,4555.0,4604.0,4626.0,4664.0,4721.0,4760.0,4806.0,4836.0,4885.0,4908.0,4925.0,4944.0,4960.0,4985.0,5001.0,5013.0,5027.0,5044.0,5052.0,5067.0,5082.0,5094.0,5107.0,5123.0,5143.0,5165.0,5182.0,5205.0,5216.0,5227.0,5244.0,5257.0,5277.0,5289.0,5305
rWzLBz2O4L8,,,,,,,,,,,,,,,,,,,,,,,,,,,,,,,,,,,,,,,,,,,,,,,,,,,,,,,,,,,,,,,,,,,,,,,,,,,,,,,,,,,,,,,,,,,,,,,,1588.0,2182.0,3034.0,4434.0,6122.0,7571.0,8578.0,9386.0,9826.0,10003.0,10147.0,10251.0,10356.0,10477.0,10565.0,10668.0,10754.0,10866.0,10975.0,11072.0,11167.0,11258.0,11366.0,11537.0,11899.0,11999.0,12103.0,12334.0,12575.0,12729.0,12871.0,12974.0,13088.0,13202.0,13293.0,13372.0,13562.0,13654.0,13709.0,13780.0,13821.0,13953
6S-_nPxtTnY,,,,,,,,,,,,,,,,,,,,,,,,,,,,,,,,,,,,,,,,,,,,,,,,,,,,,,,,,,,,,,,,,,,,,,,,,,,,,,,,,,,,,,,,,,,,,,,,46171.0,71281.0,93345.0,117728.0,151320.0,177920.0,207940.0,236093.0,256149.0,273746.0,290193.0,303871.0,316610.0,332798.0,347700.0,362298.0,376307.0,390371.0,402973.0,413853.0,427343.0,439473.0,451399.0,464161.0,474077.0,483012.0,490086.0,498778.0,506476.0,516091.0,525180.0,534698.0,542129.0,548245.0,556094.0,563841.0,571789.0,579209.0,586442.0,592427.0,597929.0,605351
7IGZhI_1E6g,,,,,,,,,,,,,,,,,,,,,,,,,,,,,,,,,,,,,,,,,,,,,,,,,,,,,,,,,,,,,,,,,,,,,,,,,,,,,,,,,,,,,,,,,,,,,,,,436.0,533.0,586.0,628.0,681.0,726.0,768.0,795.0,821.0,831.0,846.0,851.0,858.0,878.0,887.0,905.0,913.0,919.0,924.0,932.0,936.0,942.0,946.0,945.0,951.0,955.0,965.0,969.0,976.0,979.0,983.0,984.0,985.0,989.0,991.0,995.0,1002.0,1004.0,1009.0,1011.0,1015.0,1019
yHsJpkQtaus,,,,,,,,,,,,,,,,,,,,,,,,,,,,,,,,,,,,,,,,,,,,,,,,,,,,,,,,,,,,,,,,,,,,,,,,,,,,,,,,,,,,,,,,,,,,,,,,9287.0,11747.0,13926.0,17625.0,21759.0,26244.0,30524.0,33836.0,36735.0,39930.0,43377.0,46657.0,49852.0,53434.0,56228.0,59103.0,61968.0,65097.0,67772.0,69991.0,72226.0,74246.0,76851.0,79312.0,81370.0,83693.0,86135.0,88498.0,90770.0,92773.0,94911.0,97131.0,98745.0,100165.0,101447.0,102692.0,104046.0,105444.0,106885.0,108447.0,109932.0,111504
7abcAxCg2LA,,,,,,,,,,,,,,,,,,,,,,,,,,,,,,,,,,,,,,,,,,,,,,,,,,,,,,,,,,,,,,,,,,,,,,,,,,,,,,,,,,,,,,,,,,,,,,,,250.0,293.0,332.0,351.0,371.0,401.0,424.0,441.0,454.0,461.0,463.0,481.0,473.0,487.0,488.0,495.0,496.0,500.0,507.0,504.0,509.0,513.0,529.0,529.0,520.0,523.0,525.0,526.0,529.0,535.0,534.0,536.0,536.0,537.0,540.0,540.0,545.0,544.0,544.0,545.0,545.0,549
2yj0FlkF6VE,,,,,,,,,,,,,,,,,,,,,,,,,,,,,,,,,,,,,,,,,,,,,,,,,,,,,,,,,,,,,,,,,,,,,,,,,,,,,,,,,,,,,,,,,,,,,,,,62199.0,159530.0,226715.0,278767.0,360212.0,425090.0,454891.0,473362.0,488597.0,501925.0,513705.0,523187.0,531794.0,546963.0,568929.0,585411.0,599586.0,611658.0,621953.0,631119.0,641900.0,650165.0,657600.0,664539.0,670386.0,675727.0,681104.0,686402.0,690874.0,695455.0,700262.0,704822.0,708147.0,711087.0,714511.0,717874.0,721188.0,724238.0,727299.0,729882.0,732381.0,735202
oEcfOzYWLSY,,,,,,,,,,,,,,,,,,,,,,,,,,,,,,,,,,,,,,,,,,,,,,,,,,,,,,,,,,,,,,,,,,,,,,,,,,,,,,,,,,,,,,,,,,,,,,,,1032588.0,1038661.0,1044542.0,1048430.0,1051486.0,1054003.0,1056269.0,1058266.0,1059890.0,1061368.0,1062607.0,1063885.0,1064976.0,1065973.0,1066884.0,1067842.0,1068658.0,1069454.0,1070210.0,1071061.0,1071855.0,1072683.0,1073835.0,1074707.0,1075460.0,1076169.0,1077018.0,1077680.0,1078422.0,1079096.0,1079627.0,1080143.0,1080677.0,1081341.0,1081911.0,1082519.0,1082950.0,1083503.0,1083969.0,1084464.0,1085061.0,1085685
OIGPIiPplTc,,,,,,,,,,,,,,,,,,,,,,,,,,,,,,,,,,,,,,,,,,,,,,,,,,,,,,,,,,,,,,,,,,,,,,,,,,,,,,,,,,,,,,,,,,,,,,,,,135855.0,879863.0,1219122.0,1479254.0,1762030.0,1896507.0,2071469.0,2226529.0,2338291.0,2444650.0,2550619.0,2654857.0,2698491.0,2764598.0,2819773.0,2874382.0,2928685.0,2981457.0,3030522.0,3032848.0,3035031.0,3037155.0,3039352.0,3041634.0,3044127.0,3046694.0,3048856.0,3050677.0,3052476.0,3054313.0,3055956.0,3058058.0,3059815.0,3061749.0,3063465.0,3065219.0,3067204.0,3069137.0,3071365.0,3073282.0,3075030
wRZ1MdBoUq0,,,,,,,,,,,,,,,,,,,,,,,,,,,,,,,,,,,,,,,,,,,,,,,,,,,,,,,,,,,,,,,,,,,,,,,,,,,,,,,,,,,,,,,,,,,,,,,,,520217.0,1856181.0,2987404.0,4010486.0,5094676.0,6168907.0,6246869.0,6257940.0,6269196.0,6279333.0,6286775.0,6293922.0,6300678.0,6308313.0,6315495.0,6322647.0,6330333.0,6336836.0,6343032.0,6348678.0,6354181.0,6359318.0,6364737.0,6370804.0,6376552.0,6382170.0,6387469.0,6392387.0,6396737.0,6401213.0,6406104.0,6411542.0,6417094.0,6422366.0,6427464.0,6432476.0,6437660.0,6442858.0,6448250.0,6453630.0,6458712
1vcwOOfbr7g,,,,,,,,,,,,,,,,,,,,,,,,,,,,,,,,,,,,,,,,,,,,,,,,,,,,,,,,,,,,,,,,,,,,,,,,,,,,,,,,,,,,,,,,,,,,,,,,,1119.0,2287.0,2827.0,3241.0,3618.0,3939.0,4211.0,4521.0,4764.0,5010.0,5179.0,5337.0,5430.0,5563.0,5671.0,5755.0,5870.0,5922.0,6012.0,6095.0,6187.0,6265.0,6354.0,6399.0,6435.0,6498.0,6534.0,6572.0,6613.0,6667.0,6716.0,6752.0,6782.0,6819.0,6853.0,6885.0,6932.0,6975.0,7012.0,7036.0,7075
rsZwrTNklos,,,,,,,,,,,,,,,,,,,,,,,,,,,,,,,,,,,,,,,,,,,,,,,,,,,,,,,,,,,,,,,,,,,,,,,,,,,,,,,,,,,,,,,,,,,,,,,,,880011.0,3140140.0,6335600.0,9889334.0,17162725.0,18057337.0,18262571.0,18374133.0,18572516.0,18783508.0,18976628.0,19170510.0,19192619.0,19206222.0,19219633.0,19232175.0,19243323.0,19255022.0,19265429.0,19275872.0,19285672.0,19295158.0,19305781.0,19316794.0,19328480.0,19339673.0,19351915.0,19364014.0,19374531.0,19385505.0,19395938.0,19407480.0,19418252.0,19428173.0,19437833.0,19447164.0,19456891.0,19467054.0,19478153.0,19488775.0,19499158
62BGFV9A2Ig,,,,,,,,,,,,,,,,,,,,,,,,,,,,,,,,,,,,,,,,,,,,,,,,,,,,,,,,,,,,,,,,,,,,,,,,,,,,,,,,,,,,,,,,,,,,,,,,,2137.0,7288.0,11303.0,16552.0,21064.0,24556.0,28266.0,31425.0,32736.0,33650.0,34420.0,35131.0,35763.0,36481.0,37132.0,37607.0,38253.0,38827.0,39381.0,39853.0,40290.0,40789.0,41241.0,41756.0,42211.0,42652.0,43119.0,43601.0,44066.0,44513.0,45020.0,45497.0,45802.0,46185.0,46568.0,46939.0,47421.0,47860.0,48284.0,48605.0,49011
ZJm1CtGefsk,,,,,,,,,,,,,,,,,,,,,,,,,,,,,,,,,,,,,,,,,,,,,,,,,,,,,,,,,,,,,,,,,,,,,,,,,,,,,,,,,,,,,,,,,,,,,,,,,1293.0,1772.0,2527.0,3421.0,3732.0,4096.0,4488.0,4870.0,5353.0,5770.0,6119.0,6508.0,6977.0,7440.0,7946.0,8579.0,9285.0,9953.0,10597.0,11263.0,12050.0,12813.0,13637.0,14635.0,15549.0,16393.0,17386.0,18260.0,19178.0,20219.0,21320.0,22283.0,23134.0,24235.0,25397.0,26387.0,27503.0,28717.0,29811.0,30688.0,31926
_F8i7y5D_aM,,,,,,,,,,,,,,,,,,,,,,,,,,,,,,,,,,,,,,,,,,,,,,,,,,,,,,,,,,,,,,,,,,,,,,,,,,,,,,,,,,,,,,,,,,,,,,,,,786.0,1257.0,1538.0,2057.0,2983.0,4587.0,5912.0,7117.0,7507.0,7645.0,7800.0,7921.0,7995.0,8088.0,8403.0,8564.0,8651.0,8744.0,8826.0,8939.0,9007.0,9060.0,9081.0,9119.0,9153.0,9178.0,9200.0,9224.0,9260.0,9288.0,9316.0,9333.0,9350.0,9365.0,9384.0,9401.0,9425.0,9458.0,9497.0,9553.0,9578
knsvd1s25hQ,,,,,,,,,,,,,,,,,,,,,,,,,,,,,,,,,,,,,,,,,,,,,,,,,,,,,,,,,,,,,,,,,,,,,,,,,,,,,,,,,,,,,,,,,,,,,,,,,15894.0,74916.0,141086.0,219866.0,267252.0,355053.0,420626.0,479634.0,507882.0,512982.0,517647.0,521204.0,524208.0,526830.0,529374.0,531807.0,533649.0,535432.0,537085.0,538612.0,539789.0,540950.0,542140.0,543496.0,544566.0,545435.0,546260.0,546989.0,547690.0,548351.0,548980.0,549698.0,550522.0,551131.0,551709.0,552266.0,552823.0,553345.0,553937.0,554438.0,554923
aylyn0E-PbA,,,,,,,,,,,,,,,,,,,,,,,,,,,,,,,,,,,,,,,,,,,,,,,,,,,,,,,,,,,,,,,,,,,,,,,,,,,,,,,,,,,,,,,,,,,,,,,,,,,,,,,,,,,,,,,,,,,,,,,,,,,,,,,,,,,,,,,,,
YEMBk076jGM,,,,,,,,,,,,,,,,,,,,,,,,,,,,,,,,,,,,,,,,,,,,,,,,,,,,,,,,,,,,,,,,,,,,,,,,,,,,,,,,,,,,,,,,,,,,,,,,,,343436.0,2480884.0,4637431.0,6191575.0,8251998.0,10157634.0,12127804.0,14391640.0,15623325.0,17528100.0,20169586.0,21224009.0,22340115.0,24378263.0,27364382.0,28053848.0,28409109.0,28455233.0,28499690.0,28546601.0,28593406.0,28640109.0,28687092.0,28729683.0,28769535.0,28808392.0,28844403.0,28876370.0,28908769.0,28942499.0,28973450.0,29001975.0,29029260.0,29055736.0,29081719.0,29108588.0,29136675.0,29162574.0,29185111.0,29206208
7F1ET2XHQfk,,,,,,,,,,,,,,,,,,,,,,,,,,,,,,,,,,,,,,,,,,,,,,,,,,,,,,,,,,,,,,,,,,,,,,,,,,,,,,,,,,,,,,,,,,,,,,,,,,14.0,7105399.0,10075584.0,12213778.0,13874430.0,15250599.0,16444860.0,17526554.0,18473477.0,19427732.0,20430453.0,21202492.0,21974671.0,22750684.0,23547213.0,24384802.0,25346911.0,26296611.0,27066771.0,27765352.0,28498788.0,29219918.0,30040309.0,30908538.0,31776150.0,32490396.0,33099375.0,33709754.0,34339154.0,34975625.0,35701433.0,36443119.0,37040976.0,37565034.0,38097206.0,38671474.0,39265472.0,39947827.0,40669492.0,41241224
dKmPEhJ4wjY,,,,,,,,,,,,,,,,,,,,,,,,,,,,,,,,,,,,,,,,,,,,,,,,,,,,,,,,,,,,,,,,,,,,,,,,,,,,,,,,,,,,,,,,,,,,,,,,,,3176102.0,4687731.0,5794561.0,6661831.0,7411688.0,8117311.0,8713186.0,9236840.0,9664087.0,10099157.0,10712008.0,11259344.0,11768639.0,12235350.0,12711471.0,13162160.0,13641147.0,14079781.0,14470152.0,14839277.0,15165252.0,15471861.0,15794822.0,16108395.0,16395393.0,16650853.0,16904279.0,17153879.0,17405623.0,17663889.0,17921797.0,18157406.0,18377593.0,18597825.0,18810419.0,19017718.0,19231253.0,19447075.0,19651318.0,19836026
tCnVbA-f7qA,,,,,,,,,,,,,,,,,,,,,,,,,,,,,,,,,,,,,,,,,,,,,,,,,,,,,,,,,,,,,,,,,,,,,,,,,,,,,,,,,,,,,,,,,,,,,,,,,,1326.0,1328.0,1330.0,1331.0,1333.0,1334.0,1335.0,1335.0,1339.0,1341.0,1343.0,1343.0,1345.0,1347.0,1348.0,1348.0,1348.0,1349.0,1351.0,1352.0,1352.0,1354.0,1354.0,1355.0,1358.0,1358.0,1359.0,1360.0,1363.0,1364.0,1366.0,1366.0,1367.0,1369.0,1370.0,1373.0,1376.0,1377.0,1378.0,1382
tzGw9LOZhDA,,,,,,,,,,,,,,,,,,,,,,,,,,,,,,,,,,,,,,,,,,,,,,,,,,,,,,,,,,,,,,,,,,,,,,,,,,,,,,,,,,,,,,,,,,,,,,,,,,217221.0,227090.0,239074.0,252448.0,267417.0,282142.0,297010.0,314816.0,337768.0,368821.0,409972.0,461729.0,517102.0,576196.0,640075.0,701259.0,762159.0,820034.0,874577.0,942765.0,1024915.0,1113699.0,1208054.0,1302769.0,1396429.0,1482310.0,1557193.0,1632490.0,1710542.0,1792224.0,1880504.0,1975746.0,2057574.0,2132988.0,2209849.0,2292478.0,2380454.0,2476549.0,2578986.0,2673564
MTjaH8Nk4m8,,,,,,,,,,,,,,,,,,,,,,,,,,,,,,,,,,,,,,,,,,,,,,,,,,,,,,,,,,,,,,,,,,,,,,,,,,,,,,,,,,,,,,,,,,,,,,,,,,482.0,508.0,545.0,577.0,582.0,602.0,624.0,630.0,648.0,656.0,666.0,670.0,675.0,680.0,684.0,689.0,695.0,697.0,696.0,697.0,702.0,703.0,708.0,716.0,723.0,726.0,732.0,733.0,734.0,736.0,739.0,742.0,743.0,749.0,752.0,755.0,757.0,758.0,764.0,768
bMqP5bv1emI,,,,,,,,,,,,,,,,,,,,,,,,,,,,,,,,,,,,,,,,,,,,,,,,,,,,,,,,,,,,,,,,,,,,,,,,,,,,,,,,,,,,,,,,,,,,,,,,,,8.0,132.0,5555.0,9249.0,16734.0,24756.0,33820.0,44556.0,57124.0,68733.0,82318.0,95456.0,107385.0,119386.0,130148.0,138555.0,138607.0,138723.0,138808.0,138886.0,138957.0,139029.0,139091.0,139163.0,139227.0,139280.0,139324.0,139348.0,139422.0,139454.0,139485.0,139518.0,139544.0,139558.0,139583.0,139619.0,139681.0,139720.0,139747.0,139771
Jaew7AqWaJQ,,,,,,,,,,,,,,,,,,,,,,,,,,,,,,,,,,,,,,,,,,,,,,,,,,,,,,,,,,,,,,,,,,,,,,,,,,,,,,,,,,,,,,,,,,,,,,,,,,,1719.0,2550.0,4034.0,5679.0,7822.0,10047.0,12112.0,13833.0,15580.0,17307.0,17612.0,17718.0,17798.0,17872.0,17970.0,18032.0,18107.0,18144.0,18207.0,18259.0,18317.0,18357.0,18405.0,18454.0,18503.0,18544.0,18581.0,18608.0,18635.0,18662.0,18691.0,18716.0,18741.0,18755.0,18779.0,18803.0,18849.0,18883.0,18908
hHAQcVqbJ6g,,,,,,,,,,,,,,,,,,,,,,,,,,,,,,,,,,,,,,,,,,,,,,,,,,,,,,,,,,,,,,,,,,,,,,,,,,,,,,,,,,,,,,,,,,,,,,,,,,,146.0,201.0,246.0,326.0,381.0,433.0,506.0,657.0,759.0,831.0,914.0,1033.0,1184.0,1327.0,1477.0,1560.0,1664.0,1783.0,1955.0,2157.0,2306.0,2463.0,2637.0,2839.0,3047.0,3210.0,3401.0,3625.0,3851.0,4165.0,4427.0,4698.0,4959.0,,,,,,
QWhHYopwlaE,,,,,,,,,,,,,,,,,,,,,,,,,,,,,,,,,,,,,,,,,,,,,,,,,,,,,,,,,,,,,,,,,,,,,,,,,,,,,,,,,,,,,,,,,,,,,,,,,,,57141.0,156095.0,249264.0,412161.0,607273.0,732902.0,846890.0,957364.0,1029708.0,1086325.0,1141542.0,1169454.0,1182055.0,1192482.0,1202234.0,1212904.0,1221009.0,1228867.0,1237659.0,1246535.0,1256040.0,1265333.0,1277974.0,1290257.0,1302005.0,1313216.0,1324904.0,1335606.0,1346195.0,1353755.0,1359620.0,1365409.0,1370838.0,1376510.0,1381559.0,1386125.0,1390504.0,1394777.0,1399506
kiCi4-plFUA,,,,,,,,,,,,,,,,,,,,,,,,,,,,,,,,,,,,,,,,,,,,,,,,,,,,,,,,,,,,,,,,,,,,,,,,,,,,,,,,,,,,,,,,,,,,,,,,,,,7080.0,53421.0,108746.0,161499.0,232198.0,301377.0,364526.0,435441.0,479358.0,516658.0,563881.0,605845.0,645568.0,682625.0,721913.0,757027.0,789247.0,828538.0,869282.0,909195.0,948521.0,979362.0,1012472.0,1044853.0,1085379.0,1118067.0,1155478.0,1191047.0,1225731.0,1256362.0,1283763.0,1317535.0,1348961.0,1378677.0,1408459.0,1436845.0,1462736.0,1488181.0,1517347
GVaA2Avsb4k,,,,,,,,,,,,,,,,,,,,,,,,,,,,,,,,,,,,,,,,,,,,,,,,,,,,,,,,,,,,,,,,,,,,,,,,,,,,,,,,,,,,,,,,,,,,,,,,,,,177341.0,608259.0,1113309.0,1278087.0,1562670.0,1739067.0,1870189.0,1942309.0,1988268.0,2045336.0,2065363.0,2094707.0,2165008.0,2226367.0,2301319.0,2328086.0,2367962.0,2400254.0,2420918.0,2431411.0,2439893.0,2447220.0,2453584.0,2459583.0,2465560.0,2470942.0,2475245.0,2479397.0,2483602.0,2487138.0,2490315.0,2493416.0,2496460.0,2499371.0,2502087.0,2504823.0,2507386.0,2509542.0,2511452
cB068G7jseg,,,,,,,,,,,,,,,,,,,,,,,,,,,,,,,,,,,,,,,,,,,,,,,,,,,,,,,,,,,,,,,,,,,,,,,,,,,,,,,,,,,,,,,,,,,,,,,,,,,18229.0,68314.0,91477.0,108743.0,128795.0,146877.0,159528.0,169436.0,179481.0,187141.0,193218.0,198632.0,203450.0,207916.0,212427.0,217292.0,221831.0,225873.0,229703.0,233255.0,236778.0,240710.0,244290.0,247566.0,250803.0,253673.0,256229.0,258743.0,261028.0,263577.0,266083.0,268401.0,270529.0,272694.0,275528.0,278480.0,281181.0,283703.0,285870
Uhfzm92uZ_I,,,,,,,,,,,,,,,,,,,,,,,,,,,,,,,,,,,,,,,,,,,,,,,,,,,,,,,,,,,,,,,,,,,,,,,,,,,,,,,,,,,,,,,,,,,,,,,,,,,81.0,2114.0,3969.0,6250.0,10343.0,14775.0,20836.0,29033.0,33653.0,37397.0,41782.0,44831.0,47643.0,50633.0,53443.0,56024.0,58271.0,60760.0,63167.0,65282.0,67448.0,69493.0,71613.0,73383.0,75538.0,77696.0,79972.0,82261.0,84667.0,85920.0,86844.0,87894.0,88720.0,89433.0,90125.0,90731.0,91311.0,91808.0,92346
K1Pq_LETafQ,,,,,,,,,,,,,,,,,,,,,,,,,,,,,,,,,,,,,,,,,,,,,,,,,,,,,,,,,,,,,,,,,,,,,,,,,,,,,,,,,,,,,,,,,,,,,,,,,,,,1482.0,7566.0,26732.0,43629.0,57978.0,70575.0,85079.0,95795.0,102401.0,110945.0,116870.0,122649.0,127440.0,132214.0,136257.0,139454.0,142920.0,146320.0,148936.0,151459.0,153879.0,155884.0,157588.0,159716.0,162254.0,165245.0,168331.0,171396.0,173006.0,174083.0,175274.0,176410.0,177485.0,178566.0,179637.0,180609.0,181322.0,182100
0PZ4fElBkS8,,,,,,,,,,,,,,,,,,,,,,,,,,,,,,,,,,,,,,,,,,,,,,,,,,,,,,,,,,,,,,,,,,,,,,,,,,,,,,,,,,,,,,,,,,,,,,,,,,,,11753.0,69545.0,128741.0,181379.0,234413.0,281135.0,328821.0,372209.0,401959.0,432505.0,453194.0,471600.0,487320.0,502247.0,516632.0,530677.0,546372.0,561264.0,574773.0,587926.0,600058.0,613334.0,627739.0,644664.0,660224.0,676363.0,693607.0,710992.0,725894.0,740730.0,757338.0,772698.0,786604.0,800916.0,814046.0,826079.0,838119.0,851359
9tCLAEcRW5M,,,,,,,,,,,,,,,,,,,,,,,,,,,,,,,,,,,,,,,,,,,,,,,,,,,,,,,,,,,,,,,,,,,,,,,,,,,,,,,,,,,,,,,,,,,,,,,,,,,,,63805.0,65102.0,66207.0,67091.0,67860.0,68551.0,69451.0,70138.0,70708.0,71249.0,71867.0,72465.0,73013.0,73623.0,74168.0,74624.0,75037.0,75384.0,75801.0,76146.0,76717.0,77192.0,77634.0,78320.0,78762.0,79092.0,79568.0,80079.0,80545.0,80877.0,81167.0,81496.0,81821.0,82128.0,82431.0,82679.0,82916
kK4kGeB5mQs,,,,,,,,,,,,,,,,,,,,,,,,,,,,,,,,,,,,,,,,,,,,,,,,,,,,,,,,,,,,,,,,,,,,,,,,,,,,,,,,,,,,,,,,,,,,,,,,,,,,,,68975.0,199716.0,260555.0,301712.0,328649.0,348626.0,364782.0,380212.0,392557.0,403250.0,412477.0,420223.0,427313.0,433521.0,439069.0,444476.0,449426.0,453999.0,459370.0,464225.0,468069.0,471746.0,475264.0,478177.0,480926.0,483550.0,486193.0,488973.0,491798.0,494322.0,496744.0,499170.0,501607.0,503842.0,506017.0,508360
8hU6P7MmRyk,,,,,,,,,,,,,,,,,,,,,,,,,,,,,,,,,,,,,,,,,,,,,,,,,,,,,,,,,,,,,,,,,,,,,,,,,,,,,,,,,,,,,,,,,,,,,,,,,,,,,,4882674.0,8609373.0,12811092.0,18653618.0,23454821.0,29408578.0,37116470.0,38187793.0,38235042.0,38284219.0,38336518.0,38380801.0,38420169.0,38458114.0,38491714.0,38521963.0,38549910.0,38576322.0,38604343.0,38632559.0,38659733.0,38682631.0,38705005.0,38725593.0,38743967.0,38760905.0,38777877.0,38793749.0,38809847.0,38824388.0,38838699.0,38853050.0,38867035.0,38881555.0,38896259.0,38910689
Q120WlxVxdk,,,,,,,,,,,,,,,,,,,,,,,,,,,,,,,,,,,,,,,,,,,,,,,,,,,,,,,,,,,,,,,,,,,,,,,,,,,,,,,,,,,,,,,,,,,,,,,,,,,,,,799257.0,1171077.0,1454791.0,1698100.0,1911789.0,2099105.0,2255312.0,2413678.0,2519701.0,2594699.0,2662587.0,2721965.0,2775174.0,2823485.0,2865911.0,2902619.0,2938862.0,2974339.0,3006079.0,3035591.0,3062388.0,3087623.0,3113837.0,3138298.0,3161317.0,3184960.0,3208370.0,3230378.0,3252083.0,3273462.0,3293477.0,3313411.0,3334519.0,3356673.0,3378019.0,3398258
cX0TF4A7ulQ,,,,,,,,,,,,,,,,,,,,,,,,,,,,,,,,,,,,,,,,,,,,,,,,,,,,,,,,,,,,,,,,,,,,,,,,,,,,,,,,,,,,,,,,,,,,,,,,,,,,,,8339.0,9181.0,9896.0,10613.0,11414.0,12118.0,12804.0,13541.0,13953.0,14096.0,14287.0,14435.0,14544.0,14645.0,14751.0,14873.0,14976.0,15065.0,15131.0,15227.0,15341.0,15438.0,15671.0,15847.0,15966.0,16040.0,16120.0,16183.0,16236.0,16288.0,16361.0,16417.0,16506.0,16563.0,16607.0,16657
rp-AiX_r6gU,,,,,,,,,,,,,,,,,,,,,,,,,,,,,,,,,,,,,,,,,,,,,,,,,,,,,,,,,,,,,,,,,,,,,,,,,,,,,,,,,,,,,,,,,,,,,,,,,,,,,,1974.0,6765.0,9422.0,11179.0,12423.0,13328.0,13913.0,14406.0,14801.0,15147.0,15495.0,15874.0,16264.0,16629.0,16912.0,17142.0,17387.0,17552.0,17729.0,17949.0,18145.0,18312.0,18545.0,18692.0,18843.0,19005.0,19158.0,19313.0,19427.0,19516.0,19629.0,19732.0,19832.0,19942.0,20052.0,20147
Xk0dFAkAhgo,,,,,,,,,,,,,,,,,,,,,,,,,,,,,,,,,,,,,,,,,,,,,,,,,,,,,,,,,,,,,,,,,,,,,,,,,,,,,,,,,,,,,,,,,,,,,,,,,,,,,,16216.0,16613.0,17129.0,17494.0,17917.0,18166.0,18491.0,18736.0,19010.0,19270.0,19598.0,19890.0,20114.0,20453.0,20768.0,21071.0,21402.0,21809.0,22368.0,22785.0,23158.0,23542.0,23959.0,24487.0,24989.0,25475.0,25895.0,26338.0,26836.0,27252.0,27778.0,28220.0,28667.0,29051.0,29384.0,29703
_WDhLMNAukc,,,,,,,,,,,,,,,,,,,,,,,,,,,,,,,,,,,,,,,,,,,,,,,,,,,,,,,,,,,,,,,,,,,,,,,,,,,,,,,,,,,,,,,,,,,,,,,,,,,,,,45856.0,47444.0,48788.0,50065.0,51341.0,52511.0,53335.0,54530.0,55511.0,56433.0,57378.0,58269.0,59170.0,59858.0,60535.0,61296.0,62004.0,62660.0,63367.0,63953.0,64549.0,65113.0,65582.0,66128.0,66647.0,67156.0,67654.0,68118.0,68698.0,69263.0,69841.0,70455.0,71026.0,71560.0,71981.0,72487
9eDb53_yTyM,,,,,,,,,,,,,,,,,,,,,,,,,,,,,,,,,,,,,,,,,,,,,,,,,,,,,,,,,,,,,,,,,,,,,,,,,,,,,,,,,,,,,,,,,,,,,,,,,,,,,,20905.0,21279.0,21619.0,21963.0,22242.0,22445.0,22657.0,22897.0,23120.0,23341.0,23572.0,23813.0,24014.0,24220.0,24428.0,24638.0,24832.0,25025.0,25198.0,25334.0,25471.0,25613.0,25741.0,25913.0,26080.0,26209.0,26334.0,26473.0,26648.0,26847.0,27016.0,27225.0,27438.0,27700.0,27909.0,28105
ukcanytrH3s,,,,,,,,,,,,,,,,,,,,,,,,,,,,,,,,,,,,,,,,,,,,,,,,,,,,,,,,,,,,,,,,,,,,,,,,,,,,,,,,,,,,,,,,,,,,,,,,,,,,,,7437.0,7719.0,7970.0,8175.0,8425.0,8616.0,8804.0,9033.0,9208.0,9403.0,9568.0,9761.0,9927.0,10093.0,10269.0,10461.0,10623.0,10744.0,10852.0,10987.0,11077.0,11209.0,11334.0,11423.0,11522.0,11662.0,11760.0,11859.0,11950.0,12063.0,12172.0,12280.0,12420.0,12524.0,12600.0,12684
sJRDdnkomhw,,,,,,,,,,,,,,,,,,,,,,,,,,,,,,,,,,,,,,,,,,,,,,,,,,,,,,,,,,,,,,,,,,,,,,,,,,,,,,,,,,,,,,,,,,,,,,,,,,,,,,270.0,280.0,290.0,306.0,314.0,320.0,333.0,339.0,350.0,359.0,369.0,378.0,385.0,388.0,393.0,396.0,400.0,408.0,412.0,414.0,417.0,419.0,421.0,422.0,423.0,425.0,428.0,430.0,433.0,435.0,436.0,438.0,440.0,442.0,445.0,447
s4wPrKom3cw,,,,,,,,,,,,,,,,,,,,,,,,,,,,,,,,,,,,,,,,,,,,,,,,,,,,,,,,,,,,,,,,,,,,,,,,,,,,,,,,,,,,,,,,,,,,,,,,,,,,,,373567.0,383739.0,391174.0,396738.0,401450.0,404968.0,407729.0,410122.0,412171.0,413945.0,415583.0,417158.0,418696.0,420045.0,421119.0,422147.0,423177.0,424051.0,424790.0,425498.0,426122.0,426741.0,427341.0,427907.0,428411.0,428856.0,429319.0,429777.0,430250.0,430679.0,431089.0,431514.0,431941.0,432369.0,432753.0,433270
qw5SpCyQNLQ,,,,,,,,,,,,,,,,,,,,,,,,,,,,,,,,,,,,,,,,,,,,,,,,,,,,,,,,,,,,,,,,,,,,,,,,,,,,,,,,,,,,,,,,,,,,,,,,,,,,,,384.0,529.0,725.0,893.0,9016.0,14341.0,18753.0,24073.0,25896.0,26427.0,27387.0,28891.0,30069.0,30988.0,31891.0,32542.0,33252.0,34054.0,35142.0,36220.0,37202.0,38499.0,39323.0,40171.0,41021.0,41948.0,42264.0,42480.0,42718.0,42904.0,43103.0,43260.0,43393.0,43590.0,43783.0,43959
w6vKt3MsnPE,,,,,,,,,,,,,,,,,,,,,,,,,,,,,,,,,,,,,,,,,,,,,,,,,,,,,,,,,,,,,,,,,,,,,,,,,,,,,,,,,,,,,,,,,,,,,,,,,,,,,,19019.0,26170.0,31498.0,35715.0,38830.0,41624.0,44618.0,47364.0,48990.0,50320.0,51534.0,52742.0,53809.0,54738.0,55619.0,56457.0,57191.0,57968.0,58608.0,59214.0,59675.0,60116.0,60647.0,61244.0,61963.0,62681.0,63326.0,63932.0,64602.0,65363.0,66278.0,67006.0,67658.0,68432.0,68996.0,69724
teGrm3A3b6g,,,,,,,,,,,,,,,,,,,,,,,,,,,,,,,,,,,,,,,,,,,,,,,,,,,,,,,,,,,,,,,,,,,,,,,,,,,,,,,,,,,,,,,,,,,,,,,,,,,,,,804.0,1022.0,1240.0,1362.0,1494.0,1612.0,1760.0,1991.0,2265.0,2477.0,2647.0,2827.0,3015.0,3213.0,3422.0,3654.0,3787.0,3902.0,3998.0,4091.0,4172.0,4311.0,4384.0,4462.0,4548.0,4608.0,4671.0,4734.0,4794.0,4868.0,4906.0,4961.0,5035.0,5069.0,5104.0,5158
0JW2A0GqB5U,,,,,,,,,,,,,,,,,,,,,,,,,,,,,,,,,,,,,,,,,,,,,,,,,,,,,,,,,,,,,,,,,,,,,,,,,,,,,,,,,,,,,,,,,,,,,,,,,,,,,,6108.0,7116.0,15246.0,20699.0,23074.0,26494.0,26646.0,29988.0,30140.0,33712.0,42124.0,48478.0,52164.0,52268.0,56053.0,64068.0,64169.0,68272.0,73023.0,77415.0,81028.0,84463.0,88646.0,88748.0,92845.0,97634.0,97671.0,110724.0,110789.0,122502.0,122531.0,122562.0,122598.0,124468.0,124482.0,124498
vnAH7q-N_-Q,,,,,,,,,,,,,,,,,,,,,,,,,,,,,,,,,,,,,,,,,,,,,,,,,,,,,,,,,,,,,,,,,,,,,,,,,,,,,,,,,,,,,,,,,,,,,,,,,,,,,,7648.0,23277.0,30983.0,33322.0,35340.0,37622.0,50773.0,69117.0,97491.0,129737.0,154190.0,162727.0,163429.0,163999.0,164569.0,165077.0,165565.0,166072.0,166599.0,167022.0,167361.0,167695.0,168103.0,168335.0,168574.0,168834.0,169089.0,169321.0,169559.0,169808.0,170032.0,170300.0,170568.0,170823.0,171069.0,171321
KaOumNboHz4,,,,,,,,,,,,,,,,,,,,,,,,,,,,,,,,,,,,,,,,,,,,,,,,,,,,,,,,,,,,,,,,,,,,,,,,,,,,,,,,,,,,,,,,,,,,,,,,,,,,,,5770.0,12573.0,27117.0,38535.0,54046.0,64870.0,71621.0,79339.0,83652.0,86279.0,89536.0,92857.0,95528.0,97546.0,99822.0,101917.0,103967.0,105668.0,107571.0,109226.0,110432.0,111996.0,113307.0,114744.0,116180.0,117472.0,118354.0,119053.0,119834.0,120555.0,121348.0,122039.0,122682.0,123292.0,123850.0,124513
dLkfa-X_H9E,,,,,,,,,,,,,,,,,,,,,,,,,,,,,,,,,,,,,,,,,,,,,,,,,,,,,,,,,,,,,,,,,,,,,,,,,,,,,,,,,,,,,,,,,,,,,,,,,,,,,,16621.0,44774.0,59398.0,70445.0,79967.0,88078.0,95350.0,102788.0,109630.0,116338.0,122531.0,129238.0,136313.0,142778.0,148448.0,153084.0,158536.0,164226.0,168144.0,171363.0,174132.0,177044.0,179377.0,181792.0,184197.0,186411.0,188508.0,190464.0,192592.0,194598.0,196582.0,198509.0,200330.0,202064.0,203598.0,205276
iYkraEzsQ1g,,,,,,,,,,,,,,,,,,,,,,,,,,,,,,,,,,,,,,,,,,,,,,,,,,,,,,,,,,,,,,,,,,,,,,,,,,,,,,,,,,,,,,,,,,,,,,,,,,,,,,20881.0,60517.0,120917.0,190982.0,261637.0,347597.0,430033.0,499895.0,562407.0,619140.0,681707.0,742069.0,801181.0,860674.0,925172.0,991090.0,1052907.0,1108144.0,1152658.0,1197621.0,1244228.0,1297298.0,1350478.0,1360322.0,1366138.0,1372413.0,1378480.0,1384072.0,1388892.0,1393386.0,1397407.0,1424160.0,1509735.0,1563905.0,1673862.0,1843502
FLw8FIdBunI,,,,,,,,,,,,,,,,,,,,,,,,,,,,,,,,,,,,,,,,,,,,,,,,,,,,,,,,,,,,,,,,,,,,,,,,,,,,,,,,,,,,,,,,,,,,,,,,,,,,,,6001.0,24980.0,40858.0,54000.0,71433.0,86509.0,99502.0,115766.0,126289.0,133977.0,141752.0,148712.0,154044.0,158060.0,161483.0,163818.0,165912.0,167862.0,169533.0,171159.0,172557.0,174274.0,175508.0,176975.0,178427.0,179849.0,180786.0,181624.0,182568.0,183410.0,184255.0,185035.0,185763.0,186325.0,186824.0,187362
nNR74qU3VXA,,,,,,,,,,,,,,,,,,,,,,,,,,,,,,,,,,,,,,,,,,,,,,,,,,,,,,,,,,,,,,,,,,,,,,,,,,,,,,,,,,,,,,,,,,,,,,,,,,,,,,,19651.0,104183.0,169936.0,195160.0,223425.0,272026.0,350107.0,426956.0,479231.0,516678.0,545545.0,571215.0,596121.0,619046.0,638737.0,655850.0,670332.0,683690.0,694583.0,704647.0,712305.0,718670.0,724060.0,729436.0,734770.0,739320.0,743457.0,747565.0,751491.0,755369.0,759628.0,763747.0,767935.0,772125.0,776435
Q79ML1vOCcU,,,,,,,,,,,,,,,,,,,,,,,,,,,,,,,,,,,,,,,,,,,,,,,,,,,,,,,,,,,,,,,,,,,,,,,,,,,,,,,,,,,,,,,,,,,,,,,,,,,,,,,723.0,2232.0,3097.0,4906.0,6754.0,7891.0,8934.0,11133.0,12770.0,13141.0,13455.0,13713.0,13959.0,14138.0,14319.0,14564.0,14752.0,14950.0,15104.0,15324.0,15495.0,15663.0,15808.0,15956.0,16090.0,16213.0,16299.0,16376.0,16444.0,16551.0,16650.0,16728.0,16805.0,16886.0,16958
WoPlpIz2P0I,,,,,,,,,,,,,,,,,,,,,,,,,,,,,,,,,,,,,,,,,,,,,,,,,,,,,,,,,,,,,,,,,,,,,,,,,,,,,,,,,,,,,,,,,,,,,,,,,,,,,,,1578.0,8953.0,19802.0,34669.0,47069.0,61115.0,77831.0,94110.0,102800.0,109469.0,116216.0,121708.0,126429.0,131791.0,136613.0,140880.0,144987.0,148141.0,151117.0,153751.0,156777.0,159444.0,162226.0,165233.0,168552.0,171687.0,174271.0,177382.0,181414.0,185699.0,189837.0,193982.0,197558.0,200637.0,204498
cjmUDgmzUWw,,,,,,,,,,,,,,,,,,,,,,,,,,,,,,,,,,,,,,,,,,,,,,,,,,,,,,,,,,,,,,,,,,,,,,,,,,,,,,,,,,,,,,,,,,,,,,,,,,,,,,,3308.0,10730.0,736881.0,739585.0,741148.0,742947.0,744558.0,745927.0,746994.0,747642.0,748286.0,748862.0,749379.0,749885.0,750379.0,750832.0,751210.0,751587.0,751941.0,752273.0,752619.0,752891.0,753110.0,753392.0,753629.0,753875.0,754139.0,754391.0,754657.0,754920.0,755187.0,755479.0,755707.0,755938.0,756115
e-bwzm8-xnU,,,,,,,,,,,,,,,,,,,,,,,,,,,,,,,,,,,,,,,,,,,,,,,,,,,,,,,,,,,,,,,,,,,,,,,,,,,,,,,,,,,,,,,,,,,,,,,,,,,,,,,,678635.0,2758467.0,3903134.0,4425803.0,4987365.0,7789086.0,9486209.0,10564624.0,10701047.0,10842496.0,10970747.0,11101890.0,11222257.0,11309264.0,11391757.0,11471229.0,11575780.0,11680372.0,11796565.0,11906700.0,12007930.0,12023845.0,12034159.0,12044880.0,12056320.0,12066480.0,12075963.0,12085881.0,12104787.0,12124777.0,12137860.0,12158577.0,12270095.0,12341351
8_HPIJfRbpI,,,,,,,,,,,,,,,,,,,,,,,,,,,,,,,,,,,,,,,,,,,,,,,,,,,,,,,,,,,,,,,,,,,,,,,,,,,,,,,,,,,,,,,,,,,,,,,,,,,,,,,,4066.0,7035.0,8919.0,10342.0,11706.0,12980.0,14727.0,16028.0,17122.0,17776.0,18374.0,18848.0,21028.0,33174.0,116512.0,116461.0,116796.0,117734.0,118343.0,118980.0,119507.0,119957.0,120346.0,120685.0,121034.0,121345.0,121597.0,121855.0,122138.0,122426.0,122717.0,122969.0,123259.0,123492
BJfKLlFySQs,,,,,,,,,,,,,,,,,,,,,,,,,,,,,,,,,,,,,,,,,,,,,,,,,,,,,,,,,,,,,,,,,,,,,,,,,,,,,,,,,,,,,,,,,,,,,,,,,,,,,,,,141.0,373.0,485.0,569.0,620.0,648.0,679.0,705.0,740.0,788.0,811.0,856.0,884.0,907.0,924.0,947.0,965.0,981.0,997.0,1020.0,1033.0,1048.0,1062.0,1080.0,1086.0,1098.0,1133.0,1148.0,1160.0,1172.0,1184.0,1195.0,1203.0,1212
tqnRgZIWORI,,,,,,,,,,,,,,,,,,,,,,,,,,,,,,,,,,,,,,,,,,,,,,,,,,,,,,,,,,,,,,,,,,,,,,,,,,,,,,,,,,,,,,,,,,,,,,,,,,,,,,,,2618.0,20804.0,38907.0,65659.0,89028.0,113985.0,136784.0,164036.0,181454.0,193112.0,201805.0,208432.0,216530.0,224788.0,233261.0,240824.0,245958.0,250658.0,253997.0,258048.0,261694.0,266404.0,270804.0,275238.0,278899.0,282150.0,286362.0,290198.0,294023.0,297801.0,301460.0,305126.0,308058.0,312001
2GOl_ku6-Hs,,,,,,,,,,,,,,,,,,,,,,,,,,,,,,,,,,,,,,,,,,,,,,,,,,,,,,,,,,,,,,,,,,,,,,,,,,,,,,,,,,,,,,,,,,,,,,,,,,,,,,,,6107.0,66471.0,131231.0,298124.0,486831.0,491894.0,495474.0,498750.0,536500.0,538341.0,540074.0,541303.0,542480.0,543668.0,544785.0,545692.0,546508.0,547367.0,548059.0,548779.0,549403.0,550089.0,551021.0,551913.0,552749.0,553548.0,554523.0,555275.0,556007.0,556753.0,557439.0,558114.0,558705.0,559325
6GUKqEfiX1I,,,,,,,,,,,,,,,,,,,,,,,,,,,,,,,,,,,,,,,,,,,,,,,,,,,,,,,,,,,,,,,,,,,,,,,,,,,,,,,,,,,,,,,,,,,,,,,,,,,,,,,,8640.0,28101.0,429078.0,434686.0,453164.0,529506.0,539459.0,628615.0,635784.0,645012.0,654729.0,664029.0,702723.0,752017.0,754540.0,757390.0,760514.0,762354.0,763702.0,764852.0,765917.0,766964.0,767904.0,768876.0,769865.0,770847.0,771760.0,772524.0,773318.0,774133.0,774956.0,775736.0,776429.0,777132
AEjI1n2Tgv0,,,,,,,,,,,,,,,,,,,,,,,,,,,,,,,,,,,,,,,,,,,,,,,,,,,,,,,,,,,,,,,,,,,,,,,,,,,,,,,,,,,,,,,,,,,,,,,,,,,,,,,,8005.0,8027.0,8057.0,8073.0,8089.0,8111.0,8128.0,8158.0,8173.0,8197.0,8217.0,8230.0,8255.0,8270.0,8286.0,8299.0,8325.0,8346.0,8366.0,8386.0,8400.0,8417.0,8440.0,8458.0,8471.0,8491.0,8514.0,8531.0,8561.0,8573.0,8592.0,8609.0,8627.0,8642
GKu20OT657k,,,,,,,,,,,,,,,,,,,,,,,,,,,,,,,,,,,,,,,,,,,,,,,,,,,,,,,,,,,,,,,,,,,,,,,,,,,,,,,,,,,,,,,,,,,,,,,,,,,,,,,,31902.0,85173.0,133794.0,169717.0,201159.0,241545.0,290413.0,325380.0,359496.0,391626.0,417327.0,439116.0,466791.0,500979.0,535393.0,569331.0,600920.0,630401.0,654034.0,688362.0,722718.0,766390.0,809508.0,848961.0,878291.0,904856.0,937554.0,966329.0,992443.0,1016090.0,1038139.0,1055877.0,1070278.0,1088879
PfsK2VFci5Q,,,,,,,,,,,,,,,,,,,,,,,,,,,,,,,,,,,,,,,,,,,,,,,,,,,,,,,,,,,,,,,,,,,,,,,,,,,,,,,,,,,,,,,,,,,,,,,,,,,,,,,,1588.0,112006.0,207074.0,322695.0,408426.0,409042.0,410480.0,411873.0,413062.0,413764.0,414371.0,414882.0,415330.0,415597.0,415890.0,416136.0,416408.0,416651.0,416841.0,417064.0,417289.0,417465.0,417649.0,417825.0,418001.0,418176.0,418371.0,418512.0,418688.0,418848.0,419022.0,419171.0,419315.0,419442
XgplTOjZatA,,,,,,,,,,,,,,,,,,,,,,,,,,,,,,,,,,,,,,,,,,,,,,,,,,,,,,,,,,,,,,,,,,,,,,,,,,,,,,,,,,,,,,,,,,,,,,,,,,,,,,,,8913.0,28084.0,42665.0,55598.0,66439.0,76658.0,89140.0,100162.0,107483.0,112798.0,117835.0,122567.0,127581.0,131906.0,135668.0,139206.0,143492.0,147261.0,150413.0,153437.0,156499.0,159211.0,162136.0,164984.0,167714.0,170361.0,173301.0,175921.0,178535.0,181035.0,183527.0,185917.0,188016.0,190252
t2gJ2szo-60,,,,,,,,,,,,,,,,,,,,,,,,,,,,,,,,,,,,,,,,,,,,,,,,,,,,,,,,,,,,,,,,,,,,,,,,,,,,,,,,,,,,,,,,,,,,,,,,,,,,,,,,,217.0,,,,,,,,,,,,,,,,,,,,,,,,,,,,,,,,
xnwOfIiZ-zQ,,,,,,,,,,,,,,,,,,,,,,,,,,,,,,,,,,,,,,,,,,,,,,,,,,,,,,,,,,,,,,,,,,,,,,,,,,,,,,,,,,,,,,,,,,,,,,,,,,,,,,,,,12204.0,568867.0,860195.0,1654957.0,2583823.0,2595940.0,2605266.0,2912696.0,2919866.0,2926384.0,2932087.0,2937128.0,2942186.0,2946850.0,2951066.0,2954976.0,2958362.0,2961180.0,2963784.0,2966529.0,2968794.0,2970932.0,2973152.0,2974957.0,2976630.0,2978396.0,2979961.0,2981472.0,2982921.0,2984364.0,2985683.0,2987015.0,2988355
Jv0vqhWRbe8,,,,,,,,,,,,,,,,,,,,,,,,,,,,,,,,,,,,,,,,,,,,,,,,,,,,,,,,,,,,,,,,,,,,,,,,,,,,,,,,,,,,,,,,,,,,,,,,,,,,,,,,,2031006.0,2053094.0,2076931.0,2099173.0,2119546.0,2140700.0,2161545.0,2181728.0,2201799.0,2222189.0,2241100.0,2257003.0,2272550.0,2290064.0,2306697.0,2324557.0,2349449.0,2371737.0,2391597.0,2409486.0,2426208.0,2443021.0,2460177.0,2475603.0,2489143.0,2501994.0,2514721.0,2526889.0,2539132.0,2552160.0,2566612.0,2581055.0,2594425
ZNdMrUCOLqQ,,,,,,,,,,,,,,,,,,,,,,,,,,,,,,,,,,,,,,,,,,,,,,,,,,,,,,,,,,,,,,,,,,,,,,,,,,,,,,,,,,,,,,,,,,,,,,,,,,,,,,,,,2268119.0,2270539.0,2272986.0,2275214.0,2277026.0,2278781.0,2280548.0,2282261.0,2283893.0,2285673.0,2287521.0,2289240.0,2290891.0,2292699.0,2294515.0,2296751.0,2298764.0,2300674.0,2302421.0,2304063.0,2305720.0,2307419.0,2309140.0,2310914.0,2312815.0,2314460.0,2316097.0,2317618.0,2319237.0,2320950.0,2322958.0,2324819.0,2326339
kPHG7TbAVXQ,,,,,,,,,,,,,,,,,,,,,,,,,,,,,,,,,,,,,,,,,,,,,,,,,,,,,,,,,,,,,,,,,,,,,,,,,,,,,,,,,,,,,,,,,,,,,,,,,,,,,,,,,15892.0,18202.0,19865.0,20878.0,21818.0,22826.0,23900.0,24583.0,25284.0,25825.0,26351.0,26807.0,27190.0,28225.0,28571.0,28872.0,29363.0,29651.0,30054.0,30278.0,30510.0,30691.0,30892.0,31055.0,31200.0,31334.0,31456.0,31559.0,31663.0,31783.0,31880.0,31964.0,32052
9OXa07b_Uac,,,,,,,,,,,,,,,,,,,,,,,,,,,,,,,,,,,,,,,,,,,,,,,,,,,,,,,,,,,,,,,,,,,,,,,,,,,,,,,,,,,,,,,,,,,,,,,,,,,,,,,,,3560.0,3986.0,4278.0,4480.0,4673.0,4885.0,5095.0,5216.0,5371.0,5529.0,5646.0,5778.0,5887.0,5991.0,6134.0,6257.0,6324.0,6366.0,6434.0,6478.0,6538.0,6586.0,6625.0,6666.0,6718.0,6744.0,6781.0,6800.0,6829.0,6852.0,6880.0,6911.0,6940
n4eYZv1QlSM,,,,,,,,,,,,,,,,,,,,,,,,,,,,,,,,,,,,,,,,,,,,,,,,,,,,,,,,,,,,,,,,,,,,,,,,,,,,,,,,,,,,,,,,,,,,,,,,,,,,,,,,,9123.0,30857.0,37971.0,46830.0,55684.0,64335.0,73571.0,83099.0,91688.0,95791.0,98705.0,101479.0,103978.0,106143.0,108205.0,110113.0,111854.0,113491.0,115103.0,116915.0,118694.0,120496.0,122474.0,124595.0,126530.0,128628.0,130730.0,132731.0,135081.0,137519.0,139856.0,142454.0,145131
V0wcIPdbm_A,,,,,,,,,,,,,,,,,,,,,,,,,,,,,,,,,,,,,,,,,,,,,,,,,,,,,,,,,,,,,,,,,,,,,,,,,,,,,,,,,,,,,,,,,,,,,,,,,,,,,,,,,839.0,2414.0,4979.0,8029.0,10859.0,13951.0,17011.0,20185.0,22461.0,23075.0,23652.0,24274.0,24802.0,25260.0,25696.0,26072.0,26481.0,26743.0,27054.0,27414.0,27819.0,28238.0,28595.0,28987.0,29330.0,29813.0,30237.0,30691.0,31191.0,31698.0,32132.0,32476.0,32963
tP7djdhTUUE,,,,,,,,,,,,,,,,,,,,,,,,,,,,,,,,,,,,,,,,,,,,,,,,,,,,,,,,,,,,,,,,,,,,,,,,,,,,,,,,,,,,,,,,,,,,,,,,,,,,,,,,,2601.0,7647.0,16992.0,30821.0,49396.0,56360.0,67630.0,83099.0,91955.0,104352.0,105252.0,105685.0,106105.0,106501.0,106867.0,107233.0,107539.0,107806.0,108071.0,108334.0,108622.0,108970.0,109284.0,109505.0,109714.0,109934.0,110145.0,110308.0,110496.0,110634.0,110789.0,110893.0,110981
_wd-uFI3Njc,,,,,,,,,,,,,,,,,,,,,,,,,,,,,,,,,,,,,,,,,,,,,,,,,,,,,,,,,,,,,,,,,,,,,,,,,,,,,,,,,,,,,,,,,,,,,,,,,,,,,,,,,137.0,450.0,5919.0,11038.0,15318.0,19480.0,23940.0,30955.0,35706.0,36395.0,36756.0,37077.0,37244.0,37467.0,37655.0,37869.0,38116.0,38305.0,38519.0,38715.0,38994.0,39241.0,39404.0,39474.0,39520.0,39569.0,39604.0,39642.0,39667.0,39694.0,39721.0,39758.0,39781
fcFlHmkY-ZI,,,,,,,,,,,,,,,,,,,,,,,,,,,,,,,,,,,,,,,,,,,,,,,,,,,,,,,,,,,,,,,,,,,,,,,,,,,,,,,,,,,,,,,,,,,,,,,,,,,,,,,,,12142.0,48361.0,67226.0,105555.0,138138.0,158519.0,182085.0,234645.0,288753.0,321838.0,333999.0,345564.0,355554.0,358239.0,360643.0,362082.0,363271.0,364333.0,365355.0,366285.0,371831.0,383564.0,398292.0,411002.0,454373.0,466705.0,495139.0,518673.0,538237.0,564253.0,594811.0,612889.0,636293
04l_GY_v5Wk,,,,,,,,,,,,,,,,,,,,,,,,,,,,,,,,,,,,,,,,,,,,,,,,,,,,,,,,,,,,,,,,,,,,,,,,,,,,,,,,,,,,,,,,,,,,,,,,,,,,,,,,,,77600.0,248642.0,423281.0,563156.0,699525.0,838128.0,974695.0,1108231.0,1234420.0,1365893.0,1478042.0,1485476.0,1492843.0,1499744.0,1507734.0,1514399.0,1519988.0,1524926.0,1530190.0,1535064.0,1540065.0,1544701.0,1549991.0,1554858.0,1559712.0,1564567.0,1569109.0,1573553.0,1578065.0,1582565.0,1586953.0,1591031
X1O6JR4BXU0,,,,,,,,,,,,,,,,,,,,,,,,,,,,,,,,,,,,,,,,,,,,,,,,,,,,,,,,,,,,,,,,,,,,,,,,,,,,,,,,,,,,,,,,,,,,,,,,,,,,,,,,,,796.0,805.0,827.0,835.0,847.0,855.0,871.0,877.0,900.0,909.0,932.0,944.0,963.0,1014.0,1048.0,1087.0,1108.0,1125.0,1151.0,1175.0,1189.0,1196.0,1221.0,1230.0,1250.0,1258.0,1269.0,1293.0,1313.0,1381.0,1422.0,1468
FX5YsDRRwiw,,,,,,,,,,,,,,,,,,,,,,,,,,,,,,,,,,,,,,,,,,,,,,,,,,,,,,,,,,,,,,,,,,,,,,,,,,,,,,,,,,,,,,,,,,,,,,,,,,,,,,,,,,99762.0,322848.0,650102.0,1013104.0,1362221.0,1739474.0,1819764.0,1831188.0,1838496.0,1845569.0,1852267.0,1857508.0,1862302.0,1866715.0,1871356.0,1875587.0,1879484.0,1883068.0,1886353.0,1889556.0,1892526.0,1895553.0,1898165.0,1900786.0,1903702.0,1908322.0,1911691.0,1914360.0,1917187.0,1919838.0,1922456.0,1926057
qSewOUTWues,,,,,,,,,,,,,,,,,,,,,,,,,,,,,,,,,,,,,,,,,,,,,,,,,,,,,,,,,,,,,,,,,,,,,,,,,,,,,,,,,,,,,,,,,,,,,,,,,,,,,,,,,,10375.0,14932.0,19974.0,24624.0,29152.0,32237.0,34404.0,36442.0,38491.0,40258.0,41957.0,43641.0,45411.0,46992.0,48538.0,50195.0,51803.0,53148.0,54689.0,56194.0,57503.0,58728.0,60004.0,61380.0,62670.0,63975.0,65153.0,66284.0,67430.0,68907.0,70355.0,71678
zxs0N9_94Zs,,,,,,,,,,,,,,,,,,,,,,,,,,,,,,,,,,,,,,,,,,,,,,,,,,,,,,,,,,,,,,,,,,,,,,,,,,,,,,,,,,,,,,,,,,,,,,,,,,,,,,,,,,230050.0,517832.0,690297.0,827309.0,950976.0,1079875.0,1204193.0,1348626.0,1493843.0,1630324.0,1742705.0,1800583.0,1856510.0,1908961.0,1967006.0,2028963.0,2085612.0,2136664.0,2187868.0,2240599.0,2300151.0,2366061.0,2440075.0,2512924.0,2573767.0,2631648.0,2695373.0,2754060.0,2816726.0,2883525.0,2950370.0,3012410
2mUjLyyZOW0,,,,,,,,,,,,,,,,,,,,,,,,,,,,,,,,,,,,,,,,,,,,,,,,,,,,,,,,,,,,,,,,,,,,,,,,,,,,,,,,,,,,,,,,,,,,,,,,,,,,,,,,,,1955578.0,3261303.0,4336488.0,5595513.0,6632226.0,6633617.0,6631548.0,6778445.0,7425009.0,8265154.0,9145914.0,9991475.0,10920385.0,11603199.0,11604029.0,11691154.0,11761085.0,11836146.0,11918306.0,11995290.0,12000872.0,12001723.0,12002603.0,12003504.0,12004329.0,12005181.0,12006073.0,12006958.0,12007748.0,12008515.0,12009181.0,12009846
E-DoiGgwze4,,,,,,,,,,,,,,,,,,,,,,,,,,,,,,,,,,,,,,,,,,,,,,,,,,,,,,,,,,,,,,,,,,,,,,,,,,,,,,,,,,,,,,,,,,,,,,,,,,,,,,,,,,127768.0,129686.0,131409.0,132952.0,134207.0,135504.0,136966.0,138656.0,140315.0,141858.0,143178.0,144393.0,145565.0,146692.0,147637.0,148511.0,149345.0,150193.0,150942.0,151738.0,152563.0,153410.0,154233.0,155024.0,155793.0,156519.0,157260.0,157970.0,158787.0,159603.0,160325.0,161180
Uw15hkEiTjw,,,,,,,,,,,,,,,,,,,,,,,,,,,,,,,,,,,,,,,,,,,,,,,,,,,,,,,,,,,,,,,,,,,,,,,,,,,,,,,,,,,,,,,,,,,,,,,,,,,,,,,,,,243253.0,243277.0,243295.0,243305.0,243332.0,243349.0,243370.0,243387.0,243407.0,243622.0,243646.0,243678.0,243698.0,243718.0,243745.0,243759.0,243779.0,243799.0,243816.0,243833.0,243851.0,243865.0,243875.0,243888.0,243903.0,243911.0,243934.0,243946.0,243959.0,243977.0,243999.0,244006
bwANnNaPGgk,,,,,,,,,,,,,,,,,,,,,,,,,,,,,,,,,,,,,,,,,,,,,,,,,,,,,,,,,,,,,,,,,,,,,,,,,,,,,,,,,,,,,,,,,,,,,,,,,,,,,,,,,,5617.0,5679.0,5735.0,5787.0,5840.0,5895.0,5942.0,6009.0,6049.0,6082.0,6124.0,6145.0,6176.0,6208.0,6270.0,6323.0,6468.0,6748.0,6798.0,6857.0,6898.0,6940.0,6965.0,6982.0,7138.0,7329.0,7523.0,7658.0,7761.0,7823.0,7879.0,7951
RJmuGJKSYK8,,,,,,,,,,,,,,,,,,,,,,,,,,,,,,,,,,,,,,,,,,,,,,,,,,,,,,,,,,,,,,,,,,,,,,,,,,,,,,,,,,,,,,,,,,,,,,,,,,,,,,,,,,21210.0,80800.0,123716.0,163501.0,204496.0,246319.0,295535.0,344364.0,375836.0,399880.0,425718.0,452926.0,480432.0,506379.0,531496.0,554652.0,578208.0,605277.0,628142.0,651052.0,672973.0,693364.0,711285.0,729331.0,751832.0,772349.0,791377.0,808421.0,824472.0,839725.0,857996.0,877251
cJ-h5gxPmHs,,,,,,,,,,,,,,,,,,,,,,,,,,,,,,,,,,,,,,,,,,,,,,,,,,,,,,,,,,,,,,,,,,,,,,,,,,,,,,,,,,,,,,,,,,,,,,,,,,,,,,,,,,,300.0,592.0,727.0,839.0,932.0,1022.0,1088.0,1135.0,1203.0,1266.0,1320.0,1362.0,1396.0,1437.0,1475.0,1501.0,1537.0,1564.0,1583.0,1601.0,1615.0,1650.0,1699.0,1733.0,1762.0,1779.0,1806.0,1838.0,1879.0,1895.0,1922
GWgJFJJVyl0,,,,,,,,,,,,,,,,,,,,,,,,,,,,,,,,,,,,,,,,,,,,,,,,,,,,,,,,,,,,,,,,,,,,,,,,,,,,,,,,,,,,,,,,,,,,,,,,,,,,,,,,,,,224.0,737.0,904.0,1049.0,1143.0,1225.0,1327.0,1393.0,1477.0,1546.0,1602.0,1651.0,1684.0,1727.0,1781.0,1812.0,1851.0,1876.0,1901.0,1933.0,1967.0,2018.0,2091.0,2136.0,2172.0,2201.0,2246.0,2283.0,2339.0,2363.0,2390
P5TKt6l1Tz8,,,,,,,,,,,,,,,,,,,,,,,,,,,,,,,,,,,,,,,,,,,,,,,,,,,,,,,,,,,,,,,,,,,,,,,,,,,,,,,,,,,,,,,,,,,,,,,,,,,,,,,,,,,47.0,81.0,96.0,120.0,142.0,160.0,182.0,194.0,200.0,215.0,226.0,235.0,242.0,255.0,276.0,285.0,296.0,310.0,321.0,327.0,333.0,343.0,346.0,349.0,356.0,361.0,366.0,373.0,381.0,385.0,387
CzpCZPD8Xmc,,,,,,,,,,,,,,,,,,,,,,,,,,,,,,,,,,,,,,,,,,,,,,,,,,,,,,,,,,,,,,,,,,,,,,,,,,,,,,,,,,,,,,,,,,,,,,,,,,,,,,,,,,,405.0,459.0,481.0,495.0,523.0,589.0,657.0,735.0,786.0,842.0,884.0,954.0,1013.0,1155.0,1257.0,1308.0,1400.0,1479.0,1591.0,1749.0,1893.0,2019.0,2053.0,2087.0,2128.0,2182.0,2214.0,2239.0,2282.0,2310.0,2358
YZ8hlzxVwb8,,,,,,,,,,,,,,,,,,,,,,,,,,,,,,,,,,,,,,,,,,,,,,,,,,,,,,,,,,,,,,,,,,,,,,,,,,,,,,,,,,,,,,,,,,,,,,,,,,,,,,,,,,,1495.0,2258.0,2835.0,3464.0,4125.0,5149.0,6030.0,6711.0,6859.0,7035.0,7323.0,7625.0,7840.0,8190.0,8445.0,8669.0,8893.0,9095.0,9286.0,9506.0,9689.0,9806.0,9921.0,10046.0,10141.0,10228.0,10344.0,10409.0,10468.0,10520.0,10566
puY8TlKCenU,,,,,,,,,,,,,,,,,,,,,,,,,,,,,,,,,,,,,,,,,,,,,,,,,,,,,,,,,,,,,,,,,,,,,,,,,,,,,,,,,,,,,,,,,,,,,,,,,,,,,,,,,,,73720.0,115217.0,144864.0,169216.0,191684.0,213808.0,235948.0,256303.0,272980.0,285592.0,296829.0,307522.0,317205.0,328343.0,337172.0,345032.0,353781.0,363080.0,370913.0,378417.0,385726.0,394511.0,403058.0,410446.0,417264.0,424331.0,431444.0,438396.0,446812.0,454686.0,461220
ceJ0qvgaxmI,,,,,,,,,,,,,,,,,,,,,,,,,,,,,,,,,,,,,,,,,,,,,,,,,,,,,,,,,,,,,,,,,,,,,,,,,,,,,,,,,,,,,,,,,,,,,,,,,,,,,,,,,,,292.0,374.0,417.0,439.0,466.0,550.0,664.0,728.0,748.0,820.0,896.0,975.0,1059.0,1177.0,1261.0,1300.0,1410.0,1491.0,1610.0,1701.0,1859.0,1928.0,1971.0,2072.0,2202.0,2267.0,2359.0,2410.0,2453.0,2466.0,2506
UGYR8AhDDEg,,,,,,,,,,,,,,,,,,,,,,,,,,,,,,,,,,,,,,,,,,,,,,,,,,,,,,,,,,,,,,,,,,,,,,,,,,,,,,,,,,,,,,,,,,,,,,,,,,,,,,,,,,,,8247.0,32868.0,59705.0,87203.0,110595.0,132692.0,152461.0,172667.0,194069.0,213714.0,233355.0,252743.0,271123.0,290831.0,312322.0,317767.0,321958.0,326575.0,331085.0,334760.0,338615.0,343315.0,346795.0,350524.0,355418.0,361186.0,367091.0,373965.0,380711.0,386093
fnfaeIWp5lI,,,,,,,,,,,,,,,,,,,,,,,,,,,,,,,,,,,,,,,,,,,,,,,,,,,,,,,,,,,,,,,,,,,,,,,,,,,,,,,,,,,,,,,,,,,,,,,,,,,,,,,,,,,,214852.0,218579.0,221757.0,225366.0,228845.0,232681.0,236245.0,239155.0,242463.0,245944.0,249238.0,251991.0,255379.0,258776.0,261372.0,264987.0,267794.0,271100.0,274152.0,277077.0,279227.0,281067.0,283371.0,285756.0,288281.0,290697.0,293208.0,295755.0,297872.0,300201
3sKKVJ_jfAs,,,,,,,,,,,,,,,,,,,,,,,,,,,,,,,,,,,,,,,,,,,,,,,,,,,,,,,,,,,,,,,,,,,,,,,,,,,,,,,,,,,,,,,,,,,,,,,,,,,,,,,,,,,,120747.0,198071.0,289788.0,367592.0,446397.0,522208.0,589221.0,634702.0,682154.0,731799.0,781136.0,829066.0,869827.0,909371.0,950604.0,1002388.0,1046311.0,1091971.0,1134928.0,1177345.0,1211995.0,1247381.0,1291523.0,1334679.0,1375168.0,1413354.0,1451261.0,1484725.0,1526546.0,1577965
qMm0gWRpWFU,,,,,,,,,,,,,,,,,,,,,,,,,,,,,,,,,,,,,,,,,,,,,,,,,,,,,,,,,,,,,,,,,,,,,,,,,,,,,,,,,,,,,,,,,,,,,,,,,,,,,,,,,,,,2587.0,5450.0,9891.0,14515.0,19713.0,23721.0,27928.0,29759.0,30665.0,31702.0,32748.0,33775.0,34582.0,35191.0,35731.0,36287.0,36685.0,37130.0,37547.0,38006.0,38360.0,38669.0,39015.0,39389.0,39797.0,40140.0,40536.0,40824.0,41058.0,41375
uHRRrnhTDiQ,,,,,,,,,,,,,,,,,,,,,,,,,,,,,,,,,,,,,,,,,,,,,,,,,,,,,,,,,,,,,,,,,,,,,,,,,,,,,,,,,,,,,,,,,,,,,,,,,,,,,,,,,,,,41147.0,67629.0,90738.0,122556.0,206221.0,272048.0,341416.0,428890.0,509187.0,590613.0,667954.0,757691.0,863901.0,954086.0,1036417.0,1126877.0,1216950.0,1294136.0,1370156.0,1440241.0,1501443.0,1566269.0,1617309.0,1669163.0,1708503.0,1745055.0,1786786.0,1826205.0,1859158.0,1859145
7oxaTPvKP6g,,,,,,,,,,,,,,,,,,,,,,,,,,,,,,,,,,,,,,,,,,,,,,,,,,,,,,,,,,,,,,,,,,,,,,,,,,,,,,,,,,,,,,,,,,,,,,,,,,,,,,,,,,,,1246.0,1254.0,1262.0,1270.0,1275.0,1279.0,1295.0,1310.0,1314.0,1318.0,1323.0,1325.0,1325.0,1329.0,1335.0,1337.0,1342.0,1348.0,1354.0,1357.0,1360.0,1360.0,1363.0,1365.0,1366.0,1367.0,1370.0,1378.0,1385.0,1394
U6BDbXIah-Y,,,,,,,,,,,,,,,,,,,,,,,,,,,,,,,,,,,,,,,,,,,,,,,,,,,,,,,,,,,,,,,,,,,,,,,,,,,,,,,,,,,,,,,,,,,,,,,,,,,,,,,,,,,,,1764264.0,3559260.0,4344734.0,4938591.0,5411483.0,5823385.0,6302495.0,6761750.0,7132385.0,7525600.0,7965115.0,8649159.0,9428223.0,10277946.0,11799703.0,13201669.0,14319740.0,15563011.0,17378518.0,19195116.0,20932395.0,22283158.0,22726496.0,23135201.0,23542900.0,23965264.0,24422201.0,24882714.0,25305757
sadl9Ujgnms,,,,,,,,,,,,,,,,,,,,,,,,,,,,,,,,,,,,,,,,,,,,,,,,,,,,,,,,,,,,,,,,,,,,,,,,,,,,,,,,,,,,,,,,,,,,,,,,,,,,,,,,,,,,,346639.0,1229181.0,2288681.0,3515081.0,4547244.0,5779403.0,7097835.0,7330368.0,7332715.0,7336628.0,7341748.0,7347152.0,7351969.0,7356159.0,7360483.0,7364842.0,7368410.0,7371950.0,7375238.0,7378523.0,7381678.0,7384649.0,7387395.0,7389889.0,7392472.0,7394982.0,7397479.0,7400102.0,7403287
8wKz7rN2pAk,,,,,,,,,,,,,,,,,,,,,,,,,,,,,,,,,,,,,,,,,,,,,,,,,,,,,,,,,,,,,,,,,,,,,,,,,,,,,,,,,,,,,,,,,,,,,,,,,,,,,,,,,,,,,382988.0,417031.0,441552.0,463104.0,481194.0,496134.0,509097.0,522187.0,532385.0,541224.0,548664.0,555371.0,561349.0,566485.0,571805.0,576954.0,581477.0,585987.0,590234.0,594223.0,597716.0,601339.0,604710.0,607855.0,611089.0,614172.0,617109.0,619807.0,622596
VxzIGplyFNc,,,,,,,,,,,,,,,,,,,,,,,,,,,,,,,,,,,,,,,,,,,,,,,,,,,,,,,,,,,,,,,,,,,,,,,,,,,,,,,,,,,,,,,,,,,,,,,,,,,,,,,,,,,,,55913.0,75100.0,83699.0,91388.0,97143.0,101557.0,106474.0,109828.0,111775.0,113774.0,115842.0,117553.0,118922.0,120126.0,121348.0,122412.0,123391.0,124399.0,125577.0,126569.0,127351.0,128263.0,129075.0,129750.0,130492.0,131132.0,131873.0,132580.0,133243
YJ9s1dCYqV4,,,,,,,,,,,,,,,,,,,,,,,,,,,,,,,,,,,,,,,,,,,,,,,,,,,,,,,,,,,,,,,,,,,,,,,,,,,,,,,,,,,,,,,,,,,,,,,,,,,,,,,,,,,,,12713.0,12738.0,12758.0,12773.0,12794.0,12809.0,12816.0,12826.0,12833.0,12848.0,12859.0,12873.0,12888.0,12896.0,12903.0,12911.0,12922.0,12933.0,12945.0,12962.0,12969.0,12982.0,12996.0,13002.0,13014.0,13025.0,13034.0,13039.0,13051
v6QDpTMB23w,,,,,,,,,,,,,,,,,,,,,,,,,,,,,,,,,,,,,,,,,,,,,,,,,,,,,,,,,,,,,,,,,,,,,,,,,,,,,,,,,,,,,,,,,,,,,,,,,,,,,,,,,,,,,4684.0,6002.0,7989.0,10357.0,12818.0,15815.0,17118.0,18051.0,18790.0,20071.0,22486.0,24317.0,26686.0,28542.0,30533.0,32588.0,34617.0,36373.0,36765.0,37037.0,37252.0,37480.0,37702.0,37891.0,38078.0,38255.0,38412.0,38540.0,38660
QETyA3sR60Y,,,,,,,,,,,,,,,,,,,,,,,,,,,,,,,,,,,,,,,,,,,,,,,,,,,,,,,,,,,,,,,,,,,,,,,,,,,,,,,,,,,,,,,,,,,,,,,,,,,,,,,,,,,,,13025.0,22747.0,34757.0,46405.0,60134.0,64237.0,80904.0,83390.0,84110.0,84357.0,84665.0,84860.0,85030.0,85176.0,85339.0,85457.0,85579.0,85688.0,85814.0,85917.0,86003.0,86100.0,86195.0,86304.0,86382.0,86450.0,86521.0,86588.0,86654
UKxqiUMesc8,,,,,,,,,,,,,,,,,,,,,,,,,,,,,,,,,,,,,,,,,,,,,,,,,,,,,,,,,,,,,,,,,,,,,,,,,,,,,,,,,,,,,,,,,,,,,,,,,,,,,,,,,,,,,254.0,2336.0,3091.0,9471.0,12639.0,15165.0,17245.0,19004.0,19477.0,19917.0,20278.0,20754.0,21135.0,21412.0,21863.0,22197.0,22578.0,22982.0,23394.0,23727.0,23985.0,24282.0,24524.0,24721.0,24942.0,25162.0,25280.0,25373.0,25460
YaD9tfBeFfs,,,,,,,,,,,,,,,,,,,,,,,,,,,,,,,,,,,,,,,,,,,,,,,,,,,,,,,,,,,,,,,,,,,,,,,,,,,,,,,,,,,,,,,,,,,,,,,,,,,,,,,,,,,,,861.0,3538.0,7835.0,12591.0,16471.0,19855.0,22364.0,25346.0,28386.0,30218.0,31761.0,33166.0,34151.0,34777.0,35463.0,37113.0,38983.0,39859.0,40639.0,42967.0,48263.0,53092.0,56813.0,58129.0,58967.0,59754.0,60491.0,61011.0,61716
pkea5SglAHg,,,,,,,,,,,,,,,,,,,,,,,,,,,,,,,,,,,,,,,,,,,,,,,,,,,,,,,,,,,,,,,,,,,,,,,,,,,,,,,,,,,,,,,,,,,,,,,,,,,,,,,,,,,,,,20992.0,21078.0,21161.0,21236.0,21307.0,21376.0,21458.0,21551.0,21627.0,21701.0,21760.0,21798.0,21844.0,21908.0,21968.0,22034.0,22104.0,22182.0,22239.0,22307.0,22379.0,22439.0,22492.0,22579.0,22651.0,22713.0,22784.0,22857
wWvu34x2INc,,,,,,,,,,,,,,,,,,,,,,,,,,,,,,,,,,,,,,,,,,,,,,,,,,,,,,,,,,,,,,,,,,,,,,,,,,,,,,,,,,,,,,,,,,,,,,,,,,,,,,,,,,,,,,563579.0,2027947.0,3193509.0,4156907.0,4961361.0,5725702.0,6529377.0,7391150.0,8035951.0,8525116.0,9200444.0,9760788.0,10314015.0,10778576.0,11178750.0,11286873.0,11367363.0,11460764.0,11554448.0,11647703.0,11725558.0,11799484.0,11873441.0,11953961.0,12033592.0,12121351.0,12208229.0,12279550
O8dR2eWKq8A,,,,,,,,,,,,,,,,,,,,,,,,,,,,,,,,,,,,,,,,,,,,,,,,,,,,,,,,,,,,,,,,,,,,,,,,,,,,,,,,,,,,,,,,,,,,,,,,,,,,,,,,,,,,,,139895.0,1405658.0,2187641.0,2545002.0,2577543.0,2597412.0,2613648.0,2629993.0,2642348.0,2651351.0,2659992.0,2668066.0,2675754.0,2682424.0,2688620.0,2694100.0,2699511.0,2705275.0,2711163.0,2716652.0,2722278.0,2727398.0,2732227.0,2737145.0,2742347.0,2747286.0,2752096.0,2757795
aJMpcmUobD0,,,,,,,,,,,,,,,,,,,,,,,,,,,,,,,,,,,,,,,,,,,,,,,,,,,,,,,,,,,,,,,,,,,,,,,,,,,,,,,,,,,,,,,,,,,,,,,,,,,,,,,,,,,,,,4588.0,5278.0,5595.0,5873.0,6099.0,6355.0,6571.0,6829.0,7217.0,7212.0,7212.0,7212.0,7212.0,7212.0,7212.0,7212.0,7212.0,7212.0,7212.0,7212.0,7212.0,7212.0,7212.0,7212.0,7212.0,7212.0,7212.0,7212
m7tmgK3RR3g,,,,,,,,,,,,,,,,,,,,,,,,,,,,,,,,,,,,,,,,,,,,,,,,,,,,,,,,,,,,,,,,,,,,,,,,,,,,,,,,,,,,,,,,,,,,,,,,,,,,,,,,,,,,,,1541.0,1543.0,1548.0,1551.0,1551.0,1553.0,1553.0,1556.0,1557.0,1561.0,1573.0,1575.0,1577.0,1588.0,1593.0,1596.0,1602.0,1618.0,1623.0,1626.0,1631.0,1633.0,1639.0,1640.0,1642.0,1645.0,1648.0,1649
JUZQS-LhQY0,,,,,,,,,,,,,,,,,,,,,,,,,,,,,,,,,,,,,,,,,,,,,,,,,,,,,,,,,,,,,,,,,,,,,,,,,,,,,,,,,,,,,,,,,,,,,,,,,,,,,,,,,,,,,,1021.0,1030.0,1037.0,1041.0,1046.0,1051.0,1055.0,1059.0,1063.0,1067.0,1073.0,1076.0,1086.0,1092.0,1094.0,1097.0,1104.0,1109.0,1112.0,1116.0,1168.0,1233.0,1310.0,1384.0,1431.0,1497.0,1542.0,1579
om5Px6IVyEI,,,,,,,,,,,,,,,,,,,,,,,,,,,,,,,,,,,,,,,,,,,,,,,,,,,,,,,,,,,,,,,,,,,,,,,,,,,,,,,,,,,,,,,,,,,,,,,,,,,,,,,,,,,,,,413.0,548.0,646.0,691.0,752.0,782.0,809.0,837.0,860.0,875.0,895.0,918.0,931.0,956.0,964.0,989.0,1002.0,1020.0,1036.0,1043.0,1058.0,1063.0,1078.0,1085.0,1090.0,1090.0,1095.0,1104
5qGHUPfF3tM,,,,,,,,,,,,,,,,,,,,,,,,,,,,,,,,,,,,,,,,,,,,,,,,,,,,,,,,,,,,,,,,,,,,,,,,,,,,,,,,,,,,,,,,,,,,,,,,,,,,,,,,,,,,,,15051.0,53540.0,87400.0,105271.0,116893.0,126850.0,134678.0,141768.0,148678.0,152702.0,155948.0,158827.0,161163.0,182597.0,238315.0,245817.0,247652.0,249682.0,251522.0,253098.0,255200.0,256682.0,258317.0,260679.0,278313.0,300919.0,403715.0,517769
Dj5SOqo92OU,,,,,,,,,,,,,,,,,,,,,,,,,,,,,,,,,,,,,,,,,,,,,,,,,,,,,,,,,,,,,,,,,,,,,,,,,,,,,,,,,,,,,,,,,,,,,,,,,,,,,,,,,,,,,,78883.0,238465.0,336351.0,390547.0,431563.0,464699.0,494505.0,528654.0,558207.0,580674.0,600425.0,620329.0,637007.0,654269.0,676567.0,698281.0,718277.0,737783.0,762877.0,785036.0,808015.0,829613.0,849864.0,868347.0,885999.0,902292.0,916893.0,932328
nBBYmYvsbP0,,,,,,,,,,,,,,,,,,,,,,,,,,,,,,,,,,,,,,,,,,,,,,,,,,,,,,,,,,,,,,,,,,,,,,,,,,,,,,,,,,,,,,,,,,,,,,,,,,,,,,,,,,,,,,,9111026.0,9612458.0,10182077.0,10822214.0,11487012.0,11535018.0,11558317.0,11578072.0,11602447.0,11623484.0,11645137.0,11664883.0,11684149.0,11704518.0,11723367.0,11741275.0,11757402.0,11776668.0,11790907.0,11805434.0,11825060.0,11840108.0,11854944.0,11867087.0,11879123.0,11891201.0,11902560
HnBSiikXMjU,,,,,,,,,,,,,,,,,,,,,,,,,,,,,,,,,,,,,,,,,,,,,,,,,,,,,,,,,,,,,,,,,,,,,,,,,,,,,,,,,,,,,,,,,,,,,,,,,,,,,,,,,,,,,,,880.0,4408.0,5882.0,6963.0,7915.0,8774.0,9595.0,10446.0,12854.0,13508.0,14028.0,14432.0,14915.0,15355.0,15893.0,16365.0,16758.0,17268.0,17772.0,18211.0,34443.0,43501.0,44407.0,48197.0,53397.0,56979.0,60429
GWoKVMMLkuA,,,,,,,,,,,,,,,,,,,,,,,,,,,,,,,,,,,,,,,,,,,,,,,,,,,,,,,,,,,,,,,,,,,,,,,,,,,,,,,,,,,,,,,,,,,,,,,,,,,,,,,,,,,,,,,24071.0,85361.0,100040.0,118293.0,131382.0,144358.0,161088.0,175894.0,183683.0,187682.0,190948.0,193975.0,196943.0,199439.0,201622.0,203700.0,206244.0,208565.0,210716.0,212786.0,214721.0,216601.0,218442.0,220290.0,222024.0,223687.0,225539
5TG_4h29VIg,,,,,,,,,,,,,,,,,,,,,,,,,,,,,,,,,,,,,,,,,,,,,,,,,,,,,,,,,,,,,,,,,,,,,,,,,,,,,,,,,,,,,,,,,,,,,,,,,,,,,,,,,,,,,,,58255.0,117587.0,186519.0,257213.0,309528.0,358191.0,421593.0,472083.0,501325.0,529659.0,556095.0,580441.0,606552.0,630985.0,654391.0,677739.0,705044.0,729953.0,753197.0,779107.0,805741.0,829332.0,852164.0,875099.0,896882.0,916235.0,935373
dGkVTpg2ojY,,,,,,,,,,,,,,,,,,,,,,,,,,,,,,,,,,,,,,,,,,,,,,,,,,,,,,,,,,,,,,,,,,,,,,,,,,,,,,,,,,,,,,,,,,,,,,,,,,,,,,,,,,,,,,,306822.0,307578.0,308305.0,309130.0,309978.0,310603.0,311272.0,312093.0,312876.0,313717.0,314648.0,315521.0,316419.0,317312.0,318058.0,318719.0,319454.0,320439.0,321355.0,322180.0,323060.0,324066.0,324998.0,325762.0,326515.0,327189.0,327688
-aY63527pYo,,,,,,,,,,,,,,,,,,,,,,,,,,,,,,,,,,,,,,,,,,,,,,,,,,,,,,,,,,,,,,,,,,,,,,,,,,,,,,,,,,,,,,,,,,,,,,,,,,,,,,,,,,,,,,,355660.0,357049.0,358273.0,359587.0,360645.0,361668.0,362635.0,363641.0,364580.0,365395.0,366235.0,367002.0,367749.0,368367.0,368959.0,369480.0,369994.0,370498.0,371212.0,371944.0,372456.0,372925.0,373352.0,373800.0,374297.0,374763.0,375226
yoOJHtj2egE,,,,,,,,,,,,,,,,,,,,,,,,,,,,,,,,,,,,,,,,,,,,,,,,,,,,,,,,,,,,,,,,,,,,,,,,,,,,,,,,,,,,,,,,,,,,,,,,,,,,,,,,,,,,,,,40840.0,191933.0,267378.0,500962.0,878332.0,1103981.0,1392971.0,1709841.0,2053145.0,2183115.0,2186577.0,2190447.0,2193939.0,2197327.0,2200331.0,2202863.0,2203858.0,2204585.0,2205316.0,2206006.0,2206725.0,2207472.0,2208218.0,2208952.0,2209565.0,2210092.0,2210770
Ys3CILVbK2c,,,,,,,,,,,,,,,,,,,,,,,,,,,,,,,,,,,,,,,,,,,,,,,,,,,,,,,,,,,,,,,,,,,,,,,,,,,,,,,,,,,,,,,,,,,,,,,,,,,,,,,,,,,,,,,1346.0,1348.0,1349.0,1350.0,1353.0,1353.0,1356.0,1357.0,1359.0,1360.0,1364.0,1365.0,1366.0,1367.0,1368.0,1370.0,1370.0,1370.0,1371.0,1372.0,1374.0,1376.0,1405.0,1409.0,1415.0,1417.0,1417
qQEDjLd5ETw,,,,,,,,,,,,,,,,,,,,,,,,,,,,,,,,,,,,,,,,,,,,,,,,,,,,,,,,,,,,,,,,,,,,,,,,,,,,,,,,,,,,,,,,,,,,,,,,,,,,,,,,,,,,,,,28159.0,28372.0,28585.0,28783.0,28939.0,29091.0,29276.0,29429.0,29639.0,29831.0,29998.0,30124.0,30261.0,30402.0,30582.0,30762.0,30951.0,31069.0,31164.0,31288.0,31418.0,31564.0,31692.0,31834.0,31939.0,32021.0,32092
vHDuZUfrnT4,,,,,,,,,,,,,,,,,,,,,,,,,,,,,,,,,,,,,,,,,,,,,,,,,,,,,,,,,,,,,,,,,,,,,,,,,,,,,,,,,,,,,,,,,,,,,,,,,,,,,,,,,,,,,,,14970.0,34276.0,49754.0,62380.0,74116.0,86791.0,99684.0,111197.0,119937.0,125442.0,128047.0,130316.0,132578.0,134720.0,136858.0,139042.0,141030.0,142882.0,144458.0,146125.0,148218.0,150068.0,152616.0,155017.0,157023.0,158847.0,160709
nD08BQ-T80k,,,,,,,,,,,,,,,,,,,,,,,,,,,,,,,,,,,,,,,,,,,,,,,,,,,,,,,,,,,,,,,,,,,,,,,,,,,,,,,,,,,,,,,,,,,,,,,,,,,,,,,,,,,,,,,,5772.0,16978.0,27303.0,35082.0,41519.0,48178.0,55310.0,62418.0,66181.0,69220.0,71552.0,74161.0,76208.0,78314.0,80687.0,83368.0,85696.0,88330.0,91278.0,94245.0,97982.0,101372.0,104894.0,108431.0,111644.0,114203
wUugTlPlSNw,,,,,,,,,,,,,,,,,,,,,,,,,,,,,,,,,,,,,,,,,,,,,,,,,,,,,,,,,,,,,,,,,,,,,,,,,,,,,,,,,,,,,,,,,,,,,,,,,,,,,,,,,,,,,,,,2430.0,12579.0,30310.0,42981.0,55689.0,69583.0,82028.0,97580.0,107468.0,110857.0,113649.0,116993.0,119402.0,122014.0,124337.0,126768.0,128656.0,130559.0,132601.0,134470.0,136283.0,137711.0,139071.0,140250.0,141196.0,142289
oTh3icTtJ64,,,,,,,,,,,,,,,,,,,,,,,,,,,,,,,,,,,,,,,,,,,,,,,,,,,,,,,,,,,,,,,,,,,,,,,,,,,,,,,,,,,,,,,,,,,,,,,,,,,,,,,,,,,,,,,,4932.0,12496.0,14881.0,16543.0,17671.0,18700.0,19494.0,20165.0,20884.0,21526.0,21922.0,22299.0,22645.0,22908.0,23194.0,23491.0,23792.0,24024.0,24251.0,24487.0,24682.0,24898.0,25095.0,25312.0,25505.0,25859
a2grcJdfXmY,,,,,,,,,,,,,,,,,,,,,,,,,,,,,,,,,,,,,,,,,,,,,,,,,,,,,,,,,,,,,,,,,,,,,,,,,,,,,,,,,,,,,,,,,,,,,,,,,,,,,,,,,,,,,,,,,1303138.0,2481123.0,3374040.0,4049735.0,4579429.0,5112605.0,5593427.0,5967330.0,6255288.0,6496926.0,6712228.0,6927250.0,7121909.0,7308861.0,7529665.0,7776173.0,8009119.0,8206241.0,8393954.0,8576737.0,8760573.0,8945833.0,9143145.0,9341386.0,9505527
a2grcJdfXmY,,,,,,,,,,,,,,,,,,,,,,,,,,,,,,,,,,,,,,,,,,,,,,,,,,,,,,,,,,,,,,,,,,,,,,,,,,,,,,,,,,,,,,,,,,,,,,,,,,,,,,,,,,,,,,,,,1303138.0,2481123.0,3374040.0,4049735.0,4579429.0,5112605.0,5593427.0,5967330.0,6255288.0,6496926.0,6712228.0,6927250.0,7121909.0,7308861.0,7529665.0,7776173.0,8009119.0,8206241.0,8393954.0,8576737.0,8760573.0,8945833.0,9143145.0,9341386.0,9505527
7jr4H6M1hUU,,,,,,,,,,,,,,,,,,,,,,,,,,,,,,,,,,,,,,,,,,,,,,,,,,,,,,,,,,,,,,,,,,,,,,,,,,,,,,,,,,,,,,,,,,,,,,,,,,,,,,,,,,,,,,,,,6501.0,9149.0,11511.0,13687.0,15562.0,17125.0,19054.0,21271.0,22628.0,23854.0,25062.0,26257.0,27364.0,29223.0,32358.0,35160.0,37690.0,40280.0,42744.0,45215.0,47831.0,50430.0,52676.0,54777.0,57183
FmX81RnQNIM,,,,,,,,,,,,,,,,,,,,,,,,,,,,,,,,,,,,,,,,,,,,,,,,,,,,,,,,,,,,,,,,,,,,,,,,,,,,,,,,,,,,,,,,,,,,,,,,,,,,,,,,,,,,,,,,,272.0,307.0,342.0,383.0,495.0,759.0,1067.0,1486.0,1566.0,1608.0,1655.0,1708.0,1752.0,1796.0,1858.0,1913.0,1961.0,2018.0,2068.0,2118.0,2180.0,2228.0,2269.0,2324.0,2386
d0rNr_rDAzc,,,,,,,,,,,,,,,,,,,,,,,,,,,,,,,,,,,,,,,,,,,,,,,,,,,,,,,,,,,,,,,,,,,,,,,,,,,,,,,,,,,,,,,,,,,,,,,,,,,,,,,,,,,,,,,,,49011.0,58213.0,63927.0,68703.0,73182.0,77543.0,81813.0,84966.0,88165.0,91169.0,93418.0,95542.0,97482.0,98683.0,100236.0,100316.0,101215.0,101874.0,102433.0,102564.0,103094.0,103511.0,103872.0,104299.0,104767
43WPof6Scmw,,,,,,,,,,,,,,,,,,,,,,,,,,,,,,,,,,,,,,,,,,,,,,,,,,,,,,,,,,,,,,,,,,,,,,,,,,,,,,,,,,,,,,,,,,,,,,,,,,,,,,,,,,,,,,,,,24869.0,32445.0,36860.0,40757.0,44568.0,48140.0,51610.0,54909.0,56627.0,58075.0,59499.0,60746.0,61985.0,63273.0,64466.0,65342.0,65966.0,66626.0,67291.0,67924.0,68595.0,69187.0,69674.0,70192.0,70716
S-gqL53ys6c,,,,,,,,,,,,,,,,,,,,,,,,,,,,,,,,,,,,,,,,,,,,,,,,,,,,,,,,,,,,,,,,,,,,,,,,,,,,,,,,,,,,,,,,,,,,,,,,,,,,,,,,,,,,,,,,,124232.0,128219.0,131644.0,135106.0,138326.0,141591.0,145051.0,148159.0,150789.0,153547.0,156174.0,158419.0,160457.0,162789.0,165301.0,167563.0,169650.0,171880.0,174070.0,176119.0,178145.0,180400.0,182804.0,184835.0,186954
T9OeXyLzZlw,,,,,,,,,,,,,,,,,,,,,,,,,,,,,,,,,,,,,,,,,,,,,,,,,,,,,,,,,,,,,,,,,,,,,,,,,,,,,,,,,,,,,,,,,,,,,,,,,,,,,,,,,,,,,,,,,24579.0,24759.0,24954.0,25125.0,25239.0,25375.0,25477.0,25664.0,25820.0,26173.0,26357.0,26499.0,26635.0,26743.0,26866.0,26988.0,27076.0,27176.0,27255.0,27319.0,27406.0,27477.0,27550.0,27632.0,27687
20X2OC0OkbU,,,,,,,,,,,,,,,,,,,,,,,,,,,,,,,,,,,,,,,,,,,,,,,,,,,,,,,,,,,,,,,,,,,,,,,,,,,,,,,,,,,,,,,,,,,,,,,,,,,,,,,,,,,,,,,,,507.0,509.0,514.0,516.0,519.0,519.0,521.0,523.0,527.0,532.0,535.0,538.0,540.0,556.0,558.0,559.0,562.0,564.0,569.0,571.0,572.0,574.0,576.0,582.0,583
-XCN1YYLXss,,,,,,,,,,,,,,,,,,,,,,,,,,,,,,,,,,,,,,,,,,,,,,,,,,,,,,,,,,,,,,,,,,,,,,,,,,,,,,,,,,,,,,,,,,,,,,,,,,,,,,,,,,,,,,,,,160586.0,171742.0,180974.0,189526.0,197736.0,205753.0,213992.0,221557.0,228338.0,235018.0,242014.0,248682.0,254943.0,261822.0,268042.0,273845.0,279163.0,284590.0,289985.0,294989.0,299956.0,305254.0,310506.0,315240.0,320475
KyK5hMq97tY,,,,,,,,,,,,,,,,,,,,,,,,,,,,,,,,,,,,,,,,,,,,,,,,,,,,,,,,,,,,,,,,,,,,,,,,,,,,,,,,,,,,,,,,,,,,,,,,,,,,,,,,,,,,,,,,,428.0,431.0,434.0,435.0,435.0,439.0,443.0,445.0,448.0,449.0,451.0,452.0,453.0,460.0,461.0,463.0,465.0,467.0,472.0,474.0,477.0,483.0,489.0,494.0,497
Y7ttKwp76Dg,,,,,,,,,,,,,,,,,,,,,,,,,,,,,,,,,,,,,,,,,,,,,,,,,,,,,,,,,,,,,,,,,,,,,,,,,,,,,,,,,,,,,,,,,,,,,,,,,,,,,,,,,,,,,,,,,579.0,1430.0,1788.0,1986.0,2074.0,2150.0,2232.0,2304.0,2351.0,2393.0,2458.0,2515.0,2551.0,2607.0,2671.0,2730.0,2770.0,2829.0,2858.0,2885.0,2915.0,2935.0,2956.0,2976.0,3007
zkYeq7V30Pg,,,,,,,,,,,,,,,,,,,,,,,,,,,,,,,,,,,,,,,,,,,,,,,,,,,,,,,,,,,,,,,,,,,,,,,,,,,,,,,,,,,,,,,,,,,,,,,,,,,,,,,,,,,,,,,,,17613.0,126708.0,181138.0,255049.0,359103.0,433001.0,508482.0,618196.0,716210.0,801655.0,877905.0,966722.0,1029507.0,1141770.0,1197345.0,1197440.0,1209959.0,1210562.0,1213232.0,1213524.0,1213859.0,1214179.0,1214403.0,1214582.0,1214899
DaI8s1s3phM,,,,,,,,,,,,,,,,,,,,,,,,,,,,,,,,,,,,,,,,,,,,,,,,,,,,,,,,,,,,,,,,,,,,,,,,,,,,,,,,,,,,,,,,,,,,,,,,,,,,,,,,,,,,,,,,,9468.0,38591.0,91513.0,164169.0,251125.0,313585.0,374034.0,431007.0,478260.0,510839.0,549176.0,584366.0,621671.0,655540.0,693014.0,727206.0,759407.0,794923.0,827142.0,858423.0,887198.0,914387.0,939393.0,962962.0,990180
AJjVSg4Y7r4,,,,,,,,,,,,,,,,,,,,,,,,,,,,,,,,,,,,,,,,,,,,,,,,,,,,,,,,,,,,,,,,,,,,,,,,,,,,,,,,,,,,,,,,,,,,,,,,,,,,,,,,,,,,,,,,,183.0,706.0,1121.0,1722.0,2249.0,2807.0,3577.0,4760.0,5471.0,5648.0,5820.0,6020.0,6201.0,6398.0,6532.0,6679.0,6793.0,6943.0,7058.0,7181.0,7321.0,7453.0,7546.0,7649.0,7748
mOH1A0zZI2Y,,,,,,,,,,,,,,,,,,,,,,,,,,,,,,,,,,,,,,,,,,,,,,,,,,,,,,,,,,,,,,,,,,,,,,,,,,,,,,,,,,,,,,,,,,,,,,,,,,,,,,,,,,,,,,,,,29637.0,212972.0,383320.0,719167.0,1013463.0,1287065.0,1488338.0,1590515.0,1596444.0,1601272.0,1606082.0,1610655.0,1615424.0,1620043.0,1624437.0,1628052.0,1630998.0,1633753.0,1636280.0,1638612.0,1640886.0,1643274.0,1645649.0,1647356.0,1649150
HosGMY8IcGk,,,,,,,,,,,,,,,,,,,,,,,,,,,,,,,,,,,,,,,,,,,,,,,,,,,,,,,,,,,,,,,,,,,,,,,,,,,,,,,,,,,,,,,,,,,,,,,,,,,,,,,,,,,,,,,,,,630.0,2540.0,3477.0,4008.0,4562.0,4963.0,5199.0,5361.0,5475.0,5568.0,5631.0,5711.0,5784.0,5838.0,5880.0,5928.0,5977.0,6060.0,6111.0,6153.0,6196.0,6239.0,6291.0,6336
zpEcTuch36g,,,,,,,,,,,,,,,,,,,,,,,,,,,,,,,,,,,,,,,,,,,,,,,,,,,,,,,,,,,,,,,,,,,,,,,,,,,,,,,,,,,,,,,,,,,,,,,,,,,,,,,,,,,,,,,,,,12129.0,104909.0,214622.0,312749.0,402858.0,495512.0,597455.0,699074.0,764990.0,821098.0,866977.0,919500.0,967519.0,1022275.0,1076982.0,1136021.0,1211432.0,1285525.0,1358470.0,1430689.0,1501844.0,1567840.0,1633857.0,1713627
j1ppbHUneEk,,,,,,,,,,,,,,,,,,,,,,,,,,,,,,,,,,,,,,,,,,,,,,,,,,,,,,,,,,,,,,,,,,,,,,,,,,,,,,,,,,,,,,,,,,,,,,,,,,,,,,,,,,,,,,,,,,814.0,3028.0,5331.0,6518.0,7491.0,8530.0,9848.0,10872.0,11489.0,11872.0,12176.0,12413.0,12658.0,12855.0,13061.0,13254.0,13460.0,13637.0,13782.0,13953.0,14132.0,14276.0,14410.0,14554
TUlXhDrkb0M,,,,,,,,,,,,,,,,,,,,,,,,,,,,,,,,,,,,,,,,,,,,,,,,,,,,,,,,,,,,,,,,,,,,,,,,,,,,,,,,,,,,,,,,,,,,,,,,,,,,,,,,,,,,,,,,,,,34525.0,34796.0,35116.0,35456.0,35820.0,36072.0,36307.0,36562.0,36824.0,37135.0,37453.0,37788.0,38191.0,38557.0,38899.0,39289.0,39687.0,40015.0,40360.0,40735.0,41067.0,41356.0,41638
fDiGKBjGT1c,,,,,,,,,,,,,,,,,,,,,,,,,,,,,,,,,,,,,,,,,,,,,,,,,,,,,,,,,,,,,,,,,,,,,,,,,,,,,,,,,,,,,,,,,,,,,,,,,,,,,,,,,,,,,,,,,,,20535.0,23297.0,25075.0,26393.0,27560.0,28526.0,29461.0,30328.0,31751.0,33083.0,34434.0,35950.0,37507.0,38727.0,40400.0,42361.0,44443.0,46519.0,48527.0,50490.0,52122.0,53626.0,55769
DaXX_2Eg08Q,,,,,,,,,,,,,,,,,,,,,,,,,,,,,,,,,,,,,,,,,,,,,,,,,,,,,,,,,,,,,,,,,,,,,,,,,,,,,,,,,,,,,,,,,,,,,,,,,,,,,,,,,,,,,,,,,,,6874.0,11762.0,18483.0,24794.0,32581.0,42871.0,51066.0,55717.0,60575.0,63361.0,65374.0,67288.0,68885.0,70634.0,73455.0,76432.0,78901.0,81181.0,83136.0,85069.0,86873.0,88421.0,89865
JysxamgACVo,,,,,,,,,,,,,,,,,,,,,,,,,,,,,,,,,,,,,,,,,,,,,,,,,,,,,,,,,,,,,,,,,,,,,,,,,,,,,,,,,,,,,,,,,,,,,,,,,,,,,,,,,,,,,,,,,,,4318.0,12965.0,21448.0,27213.0,33152.0,43185.0,60250.0,70069.0,79742.0,87398.0,96127.0,103802.0,112065.0,117850.0,123397.0,130564.0,137046.0,142942.0,150522.0,157520.0,161943.0,166419.0,172781
z0Mgn0b5VfM,,,,,,,,,,,,,,,,,,,,,,,,,,,,,,,,,,,,,,,,,,,,,,,,,,,,,,,,,,,,,,,,,,,,,,,,,,,,,,,,,,,,,,,,,,,,,,,,,,,,,,,,,,,,,,,,,,,53.0,71.0,83.0,110.0,129.0,151.0,164.0,177.0,195.0,217.0,236.0,243.0,250.0,256.0,269.0,379.0,558.0,784.0,893.0,1062.0,1173.0,1210.0,1252
eQtMa9xjCo8,,,,,,,,,,,,,,,,,,,,,,,,,,,,,,,,,,,,,,,,,,,,,,,,,,,,,,,,,,,,,,,,,,,,,,,,,,,,,,,,,,,,,,,,,,,,,,,,,,,,,,,,,,,,,,,,,,,45138.0,113803.0,173361.0,219920.0,265599.0,322764.0,369767.0,389628.0,404496.0,416203.0,429672.0,439924.0,452587.0,462957.0,472938.0,484350.0,494585.0,504783.0,514196.0,522831.0,531979.0,540214.0,549993
dUbylctYQXg,,,,,,,,,,,,,,,,,,,,,,,,,,,,,,,,,,,,,,,,,,,,,,,,,,,,,,,,,,,,,,,,,,,,,,,,,,,,,,,,,,,,,,,,,,,,,,,,,,,,,,,,,,,,,,,,,,,7309.0,36368.0,74094.0,112432.0,155272.0,218213.0,281694.0,341824.0,392892.0,425928.0,459044.0,492188.0,527642.0,557417.0,582992.0,620369.0,647379.0,671224.0,693714.0,713575.0,729443.0,743269.0,760527
pG3gGw8qmhY,,,,,,,,,,,,,,,,,,,,,,,,,,,,,,,,,,,,,,,,,,,,,,,,,,,,,,,,,,,,,,,,,,,,,,,,,,,,,,,,,,,,,,,,,,,,,,,,,,,,,,,,,,,,,,,,,,,1704.0,12633.0,31738.0,63267.0,96805.0,129926.0,155442.0,179678.0,195145.0,205626.0,217177.0,229567.0,242985.0,253310.0,261317.0,270535.0,279198.0,288568.0,298682.0,309559.0,321150.0,331048.0,343026
vWENZpk7dno,,,,,,,,,,,,,,,,,,,,,,,,,,,,,,,,,,,,,,,,,,,,,,,,,,,,,,,,,,,,,,,,,,,,,,,,,,,,,,,,,,,,,,,,,,,,,,,,,,,,,,,,,,,,,,,,,,,90.0,372.0,632.0,739.0,888.0,1172.0,1515.0,1867.0,2243.0,2466.0,2594.0,2733.0,2812.0,2885.0,2915.0,2962.0,3001.0,3039.0,3064.0,3097.0,3127.0,3156.0,3182
smdAFbNOh4Q,,,,,,,,,,,,,,,,,,,,,,,,,,,,,,,,,,,,,,,,,,,,,,,,,,,,,,,,,,,,,,,,,,,,,,,,,,,,,,,,,,,,,,,,,,,,,,,,,,,,,,,,,,,,,,,,,,,278.0,508.0,965.0,1382.0,1418.0,1443.0,1462.0,1481.0,1496.0,1513.0,1531.0,1554.0,1574.0,1590.0,1602.0,1621.0,1629.0,1639.0,1649.0,1660.0,1676.0,1679.0,1685
MiO16KlMPaU,,,,,,,,,,,,,,,,,,,,,,,,,,,,,,,,,,,,,,,,,,,,,,,,,,,,,,,,,,,,,,,,,,,,,,,,,,,,,,,,,,,,,,,,,,,,,,,,,,,,,,,,,,,,,,,,,,,,1305547.0,4517706.0,6920003.0,12152340.0,14352150.0,17469680.0,20410654.0,20500491.0,20566391.0,20614327.0,20657275.0,20703507.0,20750743.0,20797352.0,20840877.0,20878925.0,20913527.0,20947165.0,20978022.0,21008524.0,21038609.0,21067615
9VH0hLImWjY,,,,,,,,,,,,,,,,,,,,,,,,,,,,,,,,,,,,,,,,,,,,,,,,,,,,,,,,,,,,,,,,,,,,,,,,,,,,,,,,,,,,,,,,,,,,,,,,,,,,,,,,,,,,,,,,,,,,62086.0,157623.0,197721.0,222225.0,241347.0,255904.0,268290.0,278982.0,287356.0,293859.0,299944.0,306993.0,313276.0,319129.0,325888.0,332441.0,337798.0,343335.0,348496.0,353485.0,357999.0,363103
A8d2Gx91zwk,,,,,,,,,,,,,,,,,,,,,,,,,,,,,,,,,,,,,,,,,,,,,,,,,,,,,,,,,,,,,,,,,,,,,,,,,,,,,,,,,,,,,,,,,,,,,,,,,,,,,,,,,,,,,,,,,,,,580552.0,2250510.0,3132076.0,4025631.0,5069683.0,5644707.0,5716062.0,5760139.0,5794154.0,5819122.0,5840343.0,5861987.0,5884093.0,5904885.0,5925554.0,5944395.0,5961162.0,5976640.0,5991544.0,6005868.0,6018573.0,6030543
PIgmxjozeCU,,,,,,,,,,,,,,,,,,,,,,,,,,,,,,,,,,,,,,,,,,,,,,,,,,,,,,,,,,,,,,,,,,,,,,,,,,,,,,,,,,,,,,,,,,,,,,,,,,,,,,,,,,,,,,,,,,,,820929.0,4174926.0,10272453.0,16602103.0,17898850.0,18942734.0,20017103.0,26952253.0,30377026.0,33299447.0,38053930.0,39743032.0,39797389.0,41077679.0,41130489.0,41608044.0,41648053.0,41686092.0,41719874.0,41752293.0,41782066.0,41812878
NsYJjBCPe0A,,,,,,,,,,,,,,,,,,,,,,,,,,,,,,,,,,,,,,,,,,,,,,,,,,,,,,,,,,,,,,,,,,,,,,,,,,,,,,,,,,,,,,,,,,,,,,,,,,,,,,,,,,,,,,,,,,,,31006.0,514005.0,624719.0,809603.0,1000438.0,1002585.0,1004290.0,1004889.0,1006554.0,1006956.0,1007344.0,1007700.0,1008038.0,1008270.0,1008517.0,1008738.0,1009113.0,1009490.0,1009998.0,1010390.0,1010722.0,1011072
ZSJamnmheuQ,,,,,,,,,,,,,,,,,,,,,,,,,,,,,,,,,,,,,,,,,,,,,,,,,,,,,,,,,,,,,,,,,,,,,,,,,,,,,,,,,,,,,,,,,,,,,,,,,,,,,,,,,,,,,,,,,,,,67144.0,104471.0,146210.0,227797.0,379260.0,531012.0,589410.0,631249.0,669722.0,709387.0,747646.0,793239.0,834032.0,870821.0,905426.0,937254.0,971183.0,1006773.0,1042303.0,1080863.0,1117394.0,1149535
hG7CgHP6NdI,,,,,,,,,,,,,,,,,,,,,,,,,,,,,,,,,,,,,,,,,,,,,,,,,,,,,,,,,,,,,,,,,,,,,,,,,,,,,,,,,,,,,,,,,,,,,,,,,,,,,,,,,,,,,,,,,,,,3528.0,3922.0,4093.0,4218.0,4388.0,4524.0,4588.0,4659.0,4717.0,4760.0,4815.0,4862.0,4923.0,4984.0,5062.0,5129.0,5197.0,5278.0,5340.0,5379.0,5418.0,5494
k3TODjcAKyU,,,,,,,,,,,,,,,,,,,,,,,,,,,,,,,,,,,,,,,,,,,,,,,,,,,,,,,,,,,,,,,,,,,,,,,,,,,,,,,,,,,,,,,,,,,,,,,,,,,,,,,,,,,,,,,,,,,,271.0,310.0,373.0,404.0,443.0,475.0,549.0,664.0,770.0,849.0,954.0,1013.0,1053.0,1098.0,1127.0,1154.0,1180.0,1204.0,1225.0,1263.0,1287.0,1315
5Qiv8xGkxP8,,,,,,,,,,,,,,,,,,,,,,,,,,,,,,,,,,,,,,,,,,,,,,,,,,,,,,,,,,,,,,,,,,,,,,,,,,,,,,,,,,,,,,,,,,,,,,,,,,,,,,,,,,,,,,,,,,,,3133.0,5426.0,6470.0,7263.0,8272.0,9454.0,10641.0,11692.0,12317.0,12758.0,13197.0,13523.0,13767.0,14010.0,14285.0,14493.0,14681.0,14838.0,14991.0,15155.0,15280.0,15490
cp77ALn_JgY,,,,,,,,,,,,,,,,,,,,,,,,,,,,,,,,,,,,,,,,,,,,,,,,,,,,,,,,,,,,,,,,,,,,,,,,,,,,,,,,,,,,,,,,,,,,,,,,,,,,,,,,,,,,,,,,,,,,,276553.0,1382566.0,2376569.0,3477459.0,4158784.0,5843934.0,6674767.0,6694388.0,6708570.0,6718549.0,6729925.0,6740192.0,6750498.0,6762423.0,6773213.0,6781845.0,6789188.0,6796720.0,6804118.0,6811195.0,6818761
kxa11rqAu1g,,,,,,,,,,,,,,,,,,,,,,,,,,,,,,,,,,,,,,,,,,,,,,,,,,,,,,,,,,,,,,,,,,,,,,,,,,,,,,,,,,,,,,,,,,,,,,,,,,,,,,,,,,,,,,,,,,,,,173812.0,771846.0,1251280.0,2032989.0,2780573.0,2891224.0,2962980.0,3025552.0,3057483.0,3077305.0,3100286.0,3120156.0,3137325.0,3155250.0,3171152.0,3187524.0,3202383.0,3221633.0,3235859.0,3257632.0,3320258
hESqfnz7BW4,,,,,,,,,,,,,,,,,,,,,,,,,,,,,,,,,,,,,,,,,,,,,,,,,,,,,,,,,,,,,,,,,,,,,,,,,,,,,,,,,,,,,,,,,,,,,,,,,,,,,,,,,,,,,,,,,,,,,12517.0,23333.0,28023.0,31058.0,33509.0,36023.0,37875.0,39461.0,40508.0,41391.0,42183.0,42843.0,43498.0,44147.0,44766.0,45516.0,46577.0,47300.0,47841.0,48328.0,48851
-SEKt_0pdHM,,,,,,,,,,,,,,,,,,,,,,,,,,,,,,,,,,,,,,,,,,,,,,,,,,,,,,,,,,,,,,,,,,,,,,,,,,,,,,,,,,,,,,,,,,,,,,,,,,,,,,,,,,,,,,,,,,,,,454386.0,1291107.0,1694612.0,2014947.0,2247629.0,2430896.0,2599376.0,2738623.0,2855509.0,2967259.0,3087811.0,3200968.0,3307486.0,3445476.0,3595564.0,3708593.0,3809500.0,3898518.0,3980733.0,4055628.0,4128040
-SEKt_0pdHM,,,,,,,,,,,,,,,,,,,,,,,,,,,,,,,,,,,,,,,,,,,,,,,,,,,,,,,,,,,,,,,,,,,,,,,,,,,,,,,,,,,,,,,,,,,,,,,,,,,,,,,,,,,,,,,,,,,,,454386.0,1291107.0,1694612.0,2014947.0,2247629.0,2430896.0,2599376.0,2738623.0,2855509.0,2967259.0,3087811.0,3200968.0,3307486.0,3445476.0,3595564.0,3708593.0,3809500.0,3898518.0,3980733.0,4055628.0,4128040
iC2SApZboFw,,,,,,,,,,,,,,,,,,,,,,,,,,,,,,,,,,,,,,,,,,,,,,,,,,,,,,,,,,,,,,,,,,,,,,,,,,,,,,,,,,,,,,,,,,,,,,,,,,,,,,,,,,,,,,,,,,,,,16123.0,22329.0,31621.0,44597.0,46036.0,46848.0,47693.0,48397.0,49116.0,49852.0,50598.0,51171.0,51791.0,52485.0,53207.0,53842.0,54318.0,54938.0,55414.0,55856.0,56284
DWuIHCKI3wk,,,,,,,,,,,,,,,,,,,,,,,,,,,,,,,,,,,,,,,,,,,,,,,,,,,,,,,,,,,,,,,,,,,,,,,,,,,,,,,,,,,,,,,,,,,,,,,,,,,,,,,,,,,,,,,,,,,,,783.0,3012.0,3663.0,6940.0,11215.0,14969.0,20481.0,24339.0,24704.0,24992.0,25263.0,25409.0,25495.0,25573.0,25637.0,25706.0,25757.0,25817.0,25856.0,25882.0,25923
Fs3SzkbxdPY,,,,,,,,,,,,,,,,,,,,,,,,,,,,,,,,,,,,,,,,,,,,,,,,,,,,,,,,,,,,,,,,,,,,,,,,,,,,,,,,,,,,,,,,,,,,,,,,,,,,,,,,,,,,,,,,,,,,,,85461.0,198874.0,872119.0,909353.0,936903.0,958598.0,978611.0,996323.0,1011473.0,1024582.0,1036552.0,1048136.0,1059005.0,1070447.0,1082238.0,1093710.0,1105755.0,1121194.0,1137911.0,1155326
L9-o_ZytJ20,,,,,,,,,,,,,,,,,,,,,,,,,,,,,,,,,,,,,,,,,,,,,,,,,,,,,,,,,,,,,,,,,,,,,,,,,,,,,,,,,,,,,,,,,,,,,,,,,,,,,,,,,,,,,,,,,,,,,,43159.0,1809869.0,1853815.0,3097547.0,3123011.0,3148623.0,3180889.0,3199248.0,3214201.0,3224941.0,3235284.0,3244635.0,3254212.0,3263038.0,3270784.0,3278375.0,3285926.0,3293533.0,3301541.0,3311037
4MmhtCroPEI,,,,,,,,,,,,,,,,,,,,,,,,,,,,,,,,,,,,,,,,,,,,,,,,,,,,,,,,,,,,,,,,,,,,,,,,,,,,,,,,,,,,,,,,,,,,,,,,,,,,,,,,,,,,,,,,,,,,,,46022.0,897155.0,2746301.0,3577418.0,4433411.0,4866144.0,5100973.0,5464501.0,5699114.0,6084637.0,6346156.0,7009524.0,7042710.0,7222928.0,7232639.0,7241589.0,7250074.0,7258495.0,7265744.0,7271951
4MmhtCroPEI,,,,,,,,,,,,,,,,,,,,,,,,,,,,,,,,,,,,,,,,,,,,,,,,,,,,,,,,,,,,,,,,,,,,,,,,,,,,,,,,,,,,,,,,,,,,,,,,,,,,,,,,,,,,,,,,,,,,,,46022.0,897155.0,2746301.0,3577418.0,4433411.0,4866144.0,5100973.0,5464501.0,5699114.0,6084637.0,6346156.0,7009524.0,7042710.0,7222928.0,7232639.0,7241589.0,7250074.0,7258495.0,7265744.0,7271951
5TudZQsVi7s,,,,,,,,,,,,,,,,,,,,,,,,,,,,,,,,,,,,,,,,,,,,,,,,,,,,,,,,,,,,,,,,,,,,,,,,,,,,,,,,,,,,,,,,,,,,,,,,,,,,,,,,,,,,,,,,,,,,,,83968.0,198814.0,355306.0,491798.0,566966.0,634660.0,679538.0,719609.0,764379.0,784722.0,789237.0,872271.0,876229.0,1045358.0,1091809.0,1182634.0,1190237.0,1238105.0,1240481.0,1248224
iuabZ3YmjKw,,,,,,,,,,,,,,,,,,,,,,,,,,,,,,,,,,,,,,,,,,,,,,,,,,,,,,,,,,,,,,,,,,,,,,,,,,,,,,,,,,,,,,,,,,,,,,,,,,,,,,,,,,,,,,,,,,,,,,4187.0,15090.0,42690.0,66959.0,118764.0,157327.0,165415.0,166084.0,166572.0,168209.0,168532.0,168816.0,169151.0,169446.0,169724.0,170048.0,170349.0,170645.0,170906.0,171157
Nm5jrXpPws8,,,,,,,,,,,,,,,,,,,,,,,,,,,,,,,,,,,,,,,,,,,,,,,,,,,,,,,,,,,,,,,,,,,,,,,,,,,,,,,,,,,,,,,,,,,,,,,,,,,,,,,,,,,,,,,,,,,,,,22490.0,77517.0,236606.0,364193.0,482450.0,580727.0,683973.0,787439.0,820808.0,841578.0,849723.0,871538.0,883905.0,897948.0,906123.0,917948.0,930616.0,944386.0,953889.0,963386
sfVO4X_xOu8,,,,,,,,,,,,,,,,,,,,,,,,,,,,,,,,,,,,,,,,,,,,,,,,,,,,,,,,,,,,,,,,,,,,,,,,,,,,,,,,,,,,,,,,,,,,,,,,,,,,,,,,,,,,,,,,,,,,,,220382.0,231255.0,241604.0,250945.0,260196.0,270758.0,279480.0,288008.0,297201.0,306160.0,313453.0,320470.0,328446.0,336759.0,344496.0,351784.0,358725.0,365105.0,372008.0,379413
AclBcmvaeKU,,,,,,,,,,,,,,,,,,,,,,,,,,,,,,,,,,,,,,,,,,,,,,,,,,,,,,,,,,,,,,,,,,,,,,,,,,,,,,,,,,,,,,,,,,,,,,,,,,,,,,,,,,,,,,,,,,,,,,13672.0,27624.0,47439.0,64924.0,79677.0,94171.0,106026.0,115862.0,121910.0,126730.0,130486.0,133872.0,137574.0,141032.0,144440.0,147737.0,151047.0,153855.0,156388.0,159369
iDAStwuWFTE,,,,,,,,,,,,,,,,,,,,,,,,,,,,,,,,,,,,,,,,,,,,,,,,,,,,,,,,,,,,,,,,,,,,,,,,,,,,,,,,,,,,,,,,,,,,,,,,,,,,,,,,,,,,,,,,,,,,,,122364.0,165541.0,233953.0,355893.0,446087.0,529711.0,614688.0,675809.0,745807.0,819451.0,902255.0,921165.0,924955.0,928865.0,931275.0,933493.0,935463.0,937158.0,938712.0,940175
PdZlUGBwaCc,,,,,,,,,,,,,,,,,,,,,,,,,,,,,,,,,,,,,,,,,,,,,,,,,,,,,,,,,,,,,,,,,,,,,,,,,,,,,,,,,,,,,,,,,,,,,,,,,,,,,,,,,,,,,,,,,,,,,,51813.0,100777.0,204057.0,302363.0,387592.0,481869.0,583075.0,675837.0,735759.0,814899.0,871417.0,917790.0,978913.0,1033984.0,1085589.0,1127828.0,1164248.0,1194551.0,1218135.0,1245897
cYYcoxDNoik,,,,,,,,,,,,,,,,,,,,,,,,,,,,,,,,,,,,,,,,,,,,,,,,,,,,,,,,,,,,,,,,,,,,,,,,,,,,,,,,,,,,,,,,,,,,,,,,,,,,,,,,,,,,,,,,,,,,,,108840.0,109011.0,109270.0,109533.0,109773.0,109985.0,110231.0,110430.0,110650.0,110850.0,111052.0,111346.0,111583.0,111841.0,111999.0,112184.0,112396.0,112591.0,112769.0,112930
x9v9uOp1nIg,,,,,,,,,,,,,,,,,,,,,,,,,,,,,,,,,,,,,,,,,,,,,,,,,,,,,,,,,,,,,,,,,,,,,,,,,,,,,,,,,,,,,,,,,,,,,,,,,,,,,,,,,,,,,,,,,,,,,,265531.0,267608.0,269530.0,271293.0,272904.0,274762.0,277105.0,279196.0,281432.0,283465.0,285343.0,286734.0,288605.0,290238.0,291706.0,293142.0,294535.0,295669.0,296794.0,298277
cd80sQ6k8og,,,,,,,,,,,,,,,,,,,,,,,,,,,,,,,,,,,,,,,,,,,,,,,,,,,,,,,,,,,,,,,,,,,,,,,,,,,,,,,,,,,,,,,,,,,,,,,,,,,,,,,,,,,,,,,,,,,,,,47556.0,49462.0,50793.0,52281.0,53466.0,65010.0,76187.0,88459.0,96278.0,98132.0,99381.0,100459.0,101611.0,102735.0,103688.0,104433.0,105254.0,105941.0,106596.0,107374
nQtWi1yT97k,,,,,,,,,,,,,,,,,,,,,,,,,,,,,,,,,,,,,,,,,,,,,,,,,,,,,,,,,,,,,,,,,,,,,,,,,,,,,,,,,,,,,,,,,,,,,,,,,,,,,,,,,,,,,,,,,,,,,,31139.0,46349.0,58407.0,70990.0,78849.0,85710.0,91756.0,97429.0,100884.0,103099.0,105024.0,106760.0,108469.0,110012.0,111434.0,112729.0,114097.0,115455.0,116675.0,118046
mMr52FVf6qk,,,,,,,,,,,,,,,,,,,,,,,,,,,,,,,,,,,,,,,,,,,,,,,,,,,,,,,,,,,,,,,,,,,,,,,,,,,,,,,,,,,,,,,,,,,,,,,,,,,,,,,,,,,,,,,,,,,,,,73463.0,2021483.0,2918355.0,3257115.0,3360478.0,3469657.0,3559600.0,3589651.0,3611316.0,3627831.0,3642850.0,3657041.0,3670762.0,3682047.0,3691868.0,3700613.0,3710143.0,3719699.0,3787672.0,3829165
-Rbf9Kls7qI,,,,,,,,,,,,,,,,,,,,,,,,,,,,,,,,,,,,,,,,,,,,,,,,,,,,,,,,,,,,,,,,,,,,,,,,,,,,,,,,,,,,,,,,,,,,,,,,,,,,,,,,,,,,,,,,,,,,,,2339.0,12677.0,29380.0,36741.0,48184.0,69335.0,95556.0,123516.0,143963.0,151320.0,157518.0,165065.0,174191.0,182598.0,189538.0,195857.0,202368.0,208393.0,213008.0,217635
bMhDJ0S0OBA,,,,,,,,,,,,,,,,,,,,,,,,,,,,,,,,,,,,,,,,,,,,,,,,,,,,,,,,,,,,,,,,,,,,,,,,,,,,,,,,,,,,,,,,,,,,,,,,,,,,,,,,,,,,,,,,,,,,,,,1650763.0,12394855.0,13917454.0,15161233.0,16371973.0,17629986.0,18706349.0,19499034.0,20398089.0,21411730.0,22390066.0,23291612.0,24171754.0,25030483.0,25931656.0,26866400.0,27893101.0,28934179.0,29845131
rvKKf1ZQd9A,,,,,,,,,,,,,,,,,,,,,,,,,,,,,,,,,,,,,,,,,,,,,,,,,,,,,,,,,,,,,,,,,,,,,,,,,,,,,,,,,,,,,,,,,,,,,,,,,,,,,,,,,,,,,,,,,,,,,,,727.0,1331.0,1761.0,2057.0,2290.0,2514.0,2697.0,2827.0,2986.0,3060.0,3105.0,3180.0,3230.0,3261.0,3416.0,3494.0,3557.0,3583.0,3629
9yfji_1kggs,,,,,,,,,,,,,,,,,,,,,,,,,,,,,,,,,,,,,,,,,,,,,,,,,,,,,,,,,,,,,,,,,,,,,,,,,,,,,,,,,,,,,,,,,,,,,,,,,,,,,,,,,,,,,,,,,,,,,,,1270.0,2362.0,2873.0,3137.0,3324.0,3511.0,3809.0,3998.0,4143.0,4287.0,4467.0,4597.0,4718.0,4813.0,4885.0,4964.0,5005.0,5061.0,5113
oqt0JmsuSdE,,,,,,,,,,,,,,,,,,,,,,,,,,,,,,,,,,,,,,,,,,,,,,,,,,,,,,,,,,,,,,,,,,,,,,,,,,,,,,,,,,,,,,,,,,,,,,,,,,,,,,,,,,,,,,,,,,,,,,,26000.0,52254.0,77400.0,98769.0,119913.0,137248.0,149794.0,157997.0,166028.0,173156.0,179688.0,187182.0,193297.0,199043.0,204299.0,209209.0,213091.0,216352.0,220468
HUuqvTfD3-w,,,,,,,,,,,,,,,,,,,,,,,,,,,,,,,,,,,,,,,,,,,,,,,,,,,,,,,,,,,,,,,,,,,,,,,,,,,,,,,,,,,,,,,,,,,,,,,,,,,,,,,,,,,,,,,,,,,,,,,53455.0,53466.0,53478.0,53486.0,53502.0,53510.0,53522.0,53529.0,53538.0,53546.0,53554.0,53577.0,53586.0,53589.0,53591.0,53597.0,53600.0,53607.0,53612
6eeGMatVNNw,,,,,,,,,,,,,,,,,,,,,,,,,,,,,,,,,,,,,,,,,,,,,,,,,,,,,,,,,,,,,,,,,,,,,,,,,,,,,,,,,,,,,,,,,,,,,,,,,,,,,,,,,,,,,,,,,,,,,,,2241.0,6086.0,8614.0,11471.0,18395.0,24466.0,32954.0,38112.0,40189.0,41092.0,42062.0,43753.0,45484.0,46395.0,46936.0,47545.0,48105.0,48619.0,49139
k7d3t4WwsmE,,,,,,,,,,,,,,,,,,,,,,,,,,,,,,,,,,,,,,,,,,,,,,,,,,,,,,,,,,,,,,,,,,,,,,,,,,,,,,,,,,,,,,,,,,,,,,,,,,,,,,,,,,,,,,,,,,,,,,,3334.0,6114.0,7810.0,9528.0,12228.0,15504.0,18186.0,20190.0,20888.0,21467.0,21913.0,22463.0,22926.0,23306.0,23687.0,24045.0,24459.0,24763.0,25128
kqA4JOf_Vrs,,,,,,,,,,,,,,,,,,,,,,,,,,,,,,,,,,,,,,,,,,,,,,,,,,,,,,,,,,,,,,,,,,,,,,,,,,,,,,,,,,,,,,,,,,,,,,,,,,,,,,,,,,,,,,,,,,,,,,,750.0,1323.0,1979.0,2809.0,4060.0,5501.0,7095.0,8617.0,9628.0,11064.0,12308.0,13167.0,13914.0,14470.0,15136.0,15663.0,16138.0,16530.0,16919
8VA4vJ7XG8k,,,,,,,,,,,,,,,,,,,,,,,,,,,,,,,,,,,,,,,,,,,,,,,,,,,,,,,,,,,,,,,,,,,,,,,,,,,,,,,,,,,,,,,,,,,,,,,,,,,,,,,,,,,,,,,,,,,,,,,3001.0,18752.0,50936.0,71534.0,100970.0,123979.0,150313.0,177689.0,208539.0,223913.0,232103.0,238325.0,243704.0,248911.0,253027.0,255793.0,257867.0,259561.0,261577
jGI-sy96hn0,,,,,,,,,,,,,,,,,,,,,,,,,,,,,,,,,,,,,,,,,,,,,,,,,,,,,,,,,,,,,,,,,,,,,,,,,,,,,,,,,,,,,,,,,,,,,,,,,,,,,,,,,,,,,,,,,,,,,,,169.0,401.0,590.0,652.0,692.0,800.0,853.0,912.0,959.0,992.0,1035.0,1088.0,1113.0,1139.0,1155.0,1169.0,1192.0,1222.0,1236
ARLezfeaaqk,,,,,,,,,,,,,,,,,,,,,,,,,,,,,,,,,,,,,,,,,,,,,,,,,,,,,,,,,,,,,,,,,,,,,,,,,,,,,,,,,,,,,,,,,,,,,,,,,,,,,,,,,,,,,,,,,,,,,,,,38.0,123.0,184.0,221.0,238.0,248.0,257.0,261.0,268.0,276.0,285.0,294.0,298.0,305.0,310.0,319.0,327.0,335
NtilymvB8YE,,,,,,,,,,,,,,,,,,,,,,,,,,,,,,,,,,,,,,,,,,,,,,,,,,,,,,,,,,,,,,,,,,,,,,,,,,,,,,,,,,,,,,,,,,,,,,,,,,,,,,,,,,,,,,,,,,,,,,,,2604.0,5920.0,9153.0,12360.0,15206.0,17533.0,18973.0,19932.0,20675.0,21239.0,21881.0,22553.0,23097.0,23616.0,23994.0,24272.0,24472.0,24710
YHG_5V_FGdY,,,,,,,,,,,,,,,,,,,,,,,,,,,,,,,,,,,,,,,,,,,,,,,,,,,,,,,,,,,,,,,,,,,,,,,,,,,,,,,,,,,,,,,,,,,,,,,,,,,,,,,,,,,,,,,,,,,,,,,,10173.0,22635.0,36437.0,54574.0,69643.0,85957.0,101636.0,113975.0,120592.0,125962.0,131016.0,134446.0,138111.0,141447.0,144492.0,146653.0,148465.0,150721
pdn7egxK0AU,,,,,,,,,,,,,,,,,,,,,,,,,,,,,,,,,,,,,,,,,,,,,,,,,,,,,,,,,,,,,,,,,,,,,,,,,,,,,,,,,,,,,,,,,,,,,,,,,,,,,,,,,,,,,,,,,,,,,,,,3250.0,4684.0,5441.0,6901.0,8171.0,9966.0,11567.0,12608.0,13280.0,14505.0,15778.0,16866.0,17968.0,18829.0,20666.0,21590.0,22289.0,23091
iTN61KGaUZA,,,,,,,,,,,,,,,,,,,,,,,,,,,,,,,,,,,,,,,,,,,,,,,,,,,,,,,,,,,,,,,,,,,,,,,,,,,,,,,,,,,,,,,,,,,,,,,,,,,,,,,,,,,,,,,,,,,,,,,,12716.0,84044.0,158695.0,313796.0,466407.0,647690.0,830080.0,1025049.0,1138216.0,1190160.0,1251979.0,1312708.0,1366736.0,1414956.0,1461700.0,1505467.0,1540656.0,1579174
sHRSiPhOT28,,,,,,,,,,,,,,,,,,,,,,,,,,,,,,,,,,,,,,,,,,,,,,,,,,,,,,,,,,,,,,,,,,,,,,,,,,,,,,,,,,,,,,,,,,,,,,,,,,,,,,,,,,,,,,,,,,,,,,,,,423990.0,976537.0,1164246.0,1394090.0,1733212.0,1871537.0,2011150.0,2136815.0,2245924.0,2346553.0,2440053.0,2540077.0,2646435.0,2779974.0,2930686.0,3077523.0,3296895
E2ITcPwUzig,,,,,,,,,,,,,,,,,,,,,,,,,,,,,,,,,,,,,,,,,,,,,,,,,,,,,,,,,,,,,,,,,,,,,,,,,,,,,,,,,,,,,,,,,,,,,,,,,,,,,,,,,,,,,,,,,,,,,,,,,307.0,308.0,308.0,309.0,310.0,310.0,311.0,312.0,313.0,314.0,314.0,316.0,319.0,322.0,322.0,322.0,323
kehGv-cauoM,,,,,,,,,,,,,,,,,,,,,,,,,,,,,,,,,,,,,,,,,,,,,,,,,,,,,,,,,,,,,,,,,,,,,,,,,,,,,,,,,,,,,,,,,,,,,,,,,,,,,,,,,,,,,,,,,,,,,,,,,251.0,252.0,252.0,253.0,253.0,254.0,254.0,255.0,257.0,258.0,257.0,257.0,257.0,258.0,259.0,259.0,261
GF3CYgXKOq8,,,,,,,,,,,,,,,,,,,,,,,,,,,,,,,,,,,,,,,,,,,,,,,,,,,,,,,,,,,,,,,,,,,,,,,,,,,,,,,,,,,,,,,,,,,,,,,,,,,,,,,,,,,,,,,,,,,,,,,,,125.0,126.0,126.0,126.0,126.0,127.0,128.0,128.0,129.0,129.0,129.0,129.0,129.0,131.0,131.0,132.0,133
6VhzQdBPiPg,,,,,,,,,,,,,,,,,,,,,,,,,,,,,,,,,,,,,,,,,,,,,,,,,,,,,,,,,,,,,,,,,,,,,,,,,,,,,,,,,,,,,,,,,,,,,,,,,,,,,,,,,,,,,,,,,,,,,,,,,145.0,153.0,154.0,154.0,155.0,155.0,155.0,166.0,170.0,177.0,173.0,178.0,181.0,185.0,188.0,190.0,192
QRpZZ0wlqVk,,,,,,,,,,,,,,,,,,,,,,,,,,,,,,,,,,,,,,,,,,,,,,,,,,,,,,,,,,,,,,,,,,,,,,,,,,,,,,,,,,,,,,,,,,,,,,,,,,,,,,,,,,,,,,,,,,,,,,,,,19035.0,22205.0,24969.0,27419.0,29121.0,30483.0,31766.0,33292.0,34935.0,36276.0,37627.0,39138.0,40839.0,42687.0,45219.0,47893.0,49724
mFEAnohDcKc,,,,,,,,,,,,,,,,,,,,,,,,,,,,,,,,,,,,,,,,,,,,,,,,,,,,,,,,,,,,,,,,,,,,,,,,,,,,,,,,,,,,,,,,,,,,,,,,,,,,,,,,,,,,,,,,,,,,,,,,,90.0,92.0,94.0,95.0,98.0,101.0,103.0,104.0,105.0,105.0,104.0,105.0,105.0,107.0,107.0,108.0,110
KtxGi1BUwno,,,,,,,,,,,,,,,,,,,,,,,,,,,,,,,,,,,,,,,,,,,,,,,,,,,,,,,,,,,,,,,,,,,,,,,,,,,,,,,,,,,,,,,,,,,,,,,,,,,,,,,,,,,,,,,,,,,,,,,,,57.0,80.0,105.0,158.0,249.0,331.0,464.0,512.0,563.0,599.0,603.0,606.0,612.0,620.0,622.0,627.0,628
6oXdQIRGnlM,,,,,,,,,,,,,,,,,,,,,,,,,,,,,,,,,,,,,,,,,,,,,,,,,,,,,,,,,,,,,,,,,,,,,,,,,,,,,,,,,,,,,,,,,,,,,,,,,,,,,,,,,,,,,,,,,,,,,,,,,1240.0,1931.0,3664.0,6157.0,10580.0,15069.0,20189.0,22647.0,24526.0,25268.0,25634.0,26571.0,27066.0,27425.0,27612.0,27738.0,27881
p4YstJMccms,,,,,,,,,,,,,,,,,,,,,,,,,,,,,,,,,,,,,,,,,,,,,,,,,,,,,,,,,,,,,,,,,,,,,,,,,,,,,,,,,,,,,,,,,,,,,,,,,,,,,,,,,,,,,,,,,,,,,,,,,556.0,947.0,1462.0,2535.0,4842.0,7594.0,10287.0,12100.0,13289.0,14457.0,15471.0,16351.0,17122.0,17813.0,18641.0,19239.0,19799
tHHN7xlf3XQ,,,,,,,,,,,,,,,,,,,,,,,,,,,,,,,,,,,,,,,,,,,,,,,,,,,,,,,,,,,,,,,,,,,,,,,,,,,,,,,,,,,,,,,,,,,,,,,,,,,,,,,,,,,,,,,,,,,,,,,,,67599.0,78028.0,85242.0,88893.0,92631.0,95489.0,97909.0,100004.0,101966.0,104137.0,105860.0,107352.0,108827.0,109993.0,110950.0,112081.0,113010
GZSZWsn8y3E,,,,,,,,,,,,,,,,,,,,,,,,,,,,,,,,,,,,,,,,,,,,,,,,,,,,,,,,,,,,,,,,,,,,,,,,,,,,,,,,,,,,,,,,,,,,,,,,,,,,,,,,,,,,,,,,,,,,,,,,,,116595.0,117942.0,119255.0,120503.0,121766.0,123105.0,124566.0,126017.0,127665.0,129103.0,130499.0,131763.0,132980.0,134161.0,135023.0,135907
A94sqQLgRlo,,,,,,,,,,,,,,,,,,,,,,,,,,,,,,,,,,,,,,,,,,,,,,,,,,,,,,,,,,,,,,,,,,,,,,,,,,,,,,,,,,,,,,,,,,,,,,,,,,,,,,,,,,,,,,,,,,,,,,,,,,33628.0,34110.0,34602.0,35175.0,35784.0,36420.0,36771.0,37051.0,37337.0,37586.0,37846.0,38045.0,38251.0,38423.0,38582.0,38780
ua0M2wzPcT0,,,,,,,,,,,,,,,,,,,,,,,,,,,,,,,,,,,,,,,,,,,,,,,,,,,,,,,,,,,,,,,,,,,,,,,,,,,,,,,,,,,,,,,,,,,,,,,,,,,,,,,,,,,,,,,,,,,,,,,,,,47490.0,128038.0,205295.0,287008.0,365709.0,441107.0,505541.0,548884.0,585811.0,615804.0,643469.0,667892.0,690910.0,710783.0,729722.0,752305
x3eqqoZPV_E,,,,,,,,,,,,,,,,,,,,,,,,,,,,,,,,,,,,,,,,,,,,,,,,,,,,,,,,,,,,,,,,,,,,,,,,,,,,,,,,,,,,,,,,,,,,,,,,,,,,,,,,,,,,,,,,,,,,,,,,,,,6787042.0,21556854.0,31638551.0,41441926.0,49408803.0,56381636.0,62464135.0,68221936.0,73119464.0,77802356.0,83008907.0,87246129.0,91873023.0,96807620.0,101782442
yTvKqcNyaJo,,,,,,,,,,,,,,,,,,,,,,,,,,,,,,,,,,,,,,,,,,,,,,,,,,,,,,,,,,,,,,,,,,,,,,,,,,,,,,,,,,,,,,,,,,,,,,,,,,,,,,,,,,,,,,,,,,,,,,,,,,,896497.0,2252450.0,2455156.0,2971975.0,3326010.0,3606854.0,3999955.0,4002474.0,4002415.0,4005083.0,4007988.0,4010302.0,4018947.0,4029949.0,4041457
gNexWWn6j38,,,,,,,,,,,,,,,,,,,,,,,,,,,,,,,,,,,,,,,,,,,,,,,,,,,,,,,,,,,,,,,,,,,,,,,,,,,,,,,,,,,,,,,,,,,,,,,,,,,,,,,,,,,,,,,,,,,,,,,,,,,78030.0,107094.0,136456.0,170943.0,192454.0,192476.0,204686.0,204736.0,204764.0,204793.0,204819.0,204842.0,204873.0,204957.0,204989
gTYa762k6kU,,,,,,,,,,,,,,,,,,,,,,,,,,,,,,,,,,,,,,,,,,,,,,,,,,,,,,,,,,,,,,,,,,,,,,,,,,,,,,,,,,,,,,,,,,,,,,,,,,,,,,,,,,,,,,,,,,,,,,,,,,,2966.0,7702.0,14347.0,23483.0,32489.0,38568.0,42472.0,46828.0,50172.0,85292.0,157994.0,215313.0,253690.0,350271.0,508062
xtCGn9MNe-k,,,,,,,,,,,,,,,,,,,,,,,,,,,,,,,,,,,,,,,,,,,,,,,,,,,,,,,,,,,,,,,,,,,,,,,,,,,,,,,,,,,,,,,,,,,,,,,,,,,,,,,,,,,,,,,,,,,,,,,,,,,48043.0,72147.0,98877.0,117013.0,135897.0,148923.0,162244.0,167396.0,171845.0,176414.0,180582.0,184717.0,185855.0,187027.0,188120
IZXYiqqHnls,,,,,,,,,,,,,,,,,,,,,,,,,,,,,,,,,,,,,,,,,,,,,,,,,,,,,,,,,,,,,,,,,,,,,,,,,,,,,,,,,,,,,,,,,,,,,,,,,,,,,,,,,,,,,,,,,,,,,,,,,,,694.0,1053.0,4677.0,8385.0,13690.0,19585.0,23805.0,25722.0,26422.0,27068.0,27599.0,27978.0,28308.0,28535.0,28721
3sn2t8dphQU,,,,,,,,,,,,,,,,,,,,,,,,,,,,,,,,,,,,,,,,,,,,,,,,,,,,,,,,,,,,,,,,,,,,,,,,,,,,,,,,,,,,,,,,,,,,,,,,,,,,,,,,,,,,,,,,,,,,,,,,,,,,1079.0,6802.0,18872.0,43370.0,63812.0,71441.0,78977.0,87358.0,93642.0,99035.0,103592.0,106498.0,108960.0,111768
EPnpMeKjv3Y,,,,,,,,,,,,,,,,,,,,,,,,,,,,,,,,,,,,,,,,,,,,,,,,,,,,,,,,,,,,,,,,,,,,,,,,,,,,,,,,,,,,,,,,,,,,,,,,,,,,,,,,,,,,,,,,,,,,,,,,,,,,40779.0,43831.0,47917.0,51825.0,54921.0,57746.0,60643.0,63236.0,65653.0,68881.0,72123.0,74406.0,76544.0,78799
LEw_Sto8hOc,,,,,,,,,,,,,,,,,,,,,,,,,,,,,,,,,,,,,,,,,,,,,,,,,,,,,,,,,,,,,,,,,,,,,,,,,,,,,,,,,,,,,,,,,,,,,,,,,,,,,,,,,,,,,,,,,,,,,,,,,,,,54875.0,72384.0,100243.0,117515.0,135148.0,145010.0,153180.0,156475.0,161073.0,166969.0,172286.0,176060.0,179246.0,182026
jEW8lfvCqnQ,,,,,,,,,,,,,,,,,,,,,,,,,,,,,,,,,,,,,,,,,,,,,,,,,,,,,,,,,,,,,,,,,,,,,,,,,,,,,,,,,,,,,,,,,,,,,,,,,,,,,,,,,,,,,,,,,,,,,,,,,,,,42632.0,62868.0,142740.0,228448.0,281620.0,312045.0,338249.0,352590.0,362513.0,372693.0,381667.0,387428.0,392104.0,397121
IrqtlJAbRHo,,,,,,,,,,,,,,,,,,,,,,,,,,,,,,,,,,,,,,,,,,,,,,,,,,,,,,,,,,,,,,,,,,,,,,,,,,,,,,,,,,,,,,,,,,,,,,,,,,,,,,,,,,,,,,,,,,,,,,,,,,,,13192.0,,,,,,,,,,,,,
qmuRpon6D7A,,,,,,,,,,,,,,,,,,,,,,,,,,,,,,,,,,,,,,,,,,,,,,,,,,,,,,,,,,,,,,,,,,,,,,,,,,,,,,,,,,,,,,,,,,,,,,,,,,,,,,,,,,,,,,,,,,,,,,,,,,,,,338114.0,1906177.0,3810091.0,5723153.0,7893889.0,9592422.0,10607989.0,11142553.0,12036634.0,13034916.0,14072204.0,15100073.0,15237122
x8EEqEXjmxc,,,,,,,,,,,,,,,,,,,,,,,,,,,,,,,,,,,,,,,,,,,,,,,,,,,,,,,,,,,,,,,,,,,,,,,,,,,,,,,,,,,,,,,,,,,,,,,,,,,,,,,,,,,,,,,,,,,,,,,,,,,,,70370.0,173485.0,275266.0,413728.0,580428.0,748449.0,947618.0,1133935.0,1299436.0,1494542.0,1596756.0,1679528.0,1787300
evBH5C35aNk,,,,,,,,,,,,,,,,,,,,,,,,,,,,,,,,,,,,,,,,,,,,,,,,,,,,,,,,,,,,,,,,,,,,,,,,,,,,,,,,,,,,,,,,,,,,,,,,,,,,,,,,,,,,,,,,,,,,,,,,,,,,,10865.0,11420.0,12095.0,12734.0,13250.0,13702.0,14058.0,14388.0,14736.0,15003.0,15197.0,15444.0,15660
YIpqCErlSwk,,,,,,,,,,,,,,,,,,,,,,,,,,,,,,,,,,,,,,,,,,,,,,,,,,,,,,,,,,,,,,,,,,,,,,,,,,,,,,,,,,,,,,,,,,,,,,,,,,,,,,,,,,,,,,,,,,,,,,,,,,,,,20492.0,53531.0,86125.0,122620.0,168191.0,178041.0,189615.0,197880.0,203830.0,208455.0,211942.0,215450.0,219003
PDzJeGsoSA0,,,,,,,,,,,,,,,,,,,,,,,,,,,,,,,,,,,,,,,,,,,,,,,,,,,,,,,,,,,,,,,,,,,,,,,,,,,,,,,,,,,,,,,,,,,,,,,,,,,,,,,,,,,,,,,,,,,,,,,,,,,,,459.0,544.0,621.0,709.0,833.0,991.0,1151.0,1261.0,1318.0,1382.0,1462.0,1613.0,1714
YHlvIVu3TuU,,,,,,,,,,,,,,,,,,,,,,,,,,,,,,,,,,,,,,,,,,,,,,,,,,,,,,,,,,,,,,,,,,,,,,,,,,,,,,,,,,,,,,,,,,,,,,,,,,,,,,,,,,,,,,,,,,,,,,,,,,,,,4850.0,15006.0,23752.0,34536.0,41069.0,50516.0,57413.0,61193.0,62887.0,64708.0,66461.0,68073.0,69760
U3LYhPjznKE,,,,,,,,,,,,,,,,,,,,,,,,,,,,,,,,,,,,,,,,,,,,,,,,,,,,,,,,,,,,,,,,,,,,,,,,,,,,,,,,,,,,,,,,,,,,,,,,,,,,,,,,,,,,,,,,,,,,,,,,,,,,,35373.0,43170.0,49300.0,55537.0,59121.0,63670.0,66593.0,68858.0,70551.0,72016.0,73640.0,75055.0,76287
D_gLFOf5SqY,,,,,,,,,,,,,,,,,,,,,,,,,,,,,,,,,,,,,,,,,,,,,,,,,,,,,,,,,,,,,,,,,,,,,,,,,,,,,,,,,,,,,,,,,,,,,,,,,,,,,,,,,,,,,,,,,,,,,,,,,,,,,114527.0,165275.0,208068.0,246382.0,285045.0,327114.0,362323.0,385861.0,402400.0,416936.0,428636.0,439401.0,451395
ibUXu-iaE-8,,,,,,,,,,,,,,,,,,,,,,,,,,,,,,,,,,,,,,,,,,,,,,,,,,,,,,,,,,,,,,,,,,,,,,,,,,,,,,,,,,,,,,,,,,,,,,,,,,,,,,,,,,,,,,,,,,,,,,,,,,,,,228.0,280.0,313.0,348.0,387.0,408.0,444.0,477.0,497.0,524.0,540.0,555.0,586
s-qgg1B1Eo8,,,,,,,,,,,,,,,,,,,,,,,,,,,,,,,,,,,,,,,,,,,,,,,,,,,,,,,,,,,,,,,,,,,,,,,,,,,,,,,,,,,,,,,,,,,,,,,,,,,,,,,,,,,,,,,,,,,,,,,,,,,,,208.0,262.0,295.0,312.0,331.0,365.0,400.0,431.0,453.0,473.0,500.0,516.0,527
QLJ_QSjM06E,,,,,,,,,,,,,,,,,,,,,,,,,,,,,,,,,,,,,,,,,,,,,,,,,,,,,,,,,,,,,,,,,,,,,,,,,,,,,,,,,,,,,,,,,,,,,,,,,,,,,,,,,,,,,,,,,,,,,,,,,,,,,974.0,5867.0,10961.0,16333.0,24180.0,34097.0,45928.0,60859.0,69598.0,75616.0,80188.0,84699.0,92054
7f-yjTuB-XU,,,,,,,,,,,,,,,,,,,,,,,,,,,,,,,,,,,,,,,,,,,,,,,,,,,,,,,,,,,,,,,,,,,,,,,,,,,,,,,,,,,,,,,,,,,,,,,,,,,,,,,,,,,,,,,,,,,,,,,,,,,,,,9035.0,10668.0,13284.0,15977.0,18797.0,20943.0,23464.0,24919.0,25792.0,26375.0,26939.0,27348
fBS6EWD_MGc,,,,,,,,,,,,,,,,,,,,,,,,,,,,,,,,,,,,,,,,,,,,,,,,,,,,,,,,,,,,,,,,,,,,,,,,,,,,,,,,,,,,,,,,,,,,,,,,,,,,,,,,,,,,,,,,,,,,,,,,,,,,,,69222.0,88246.0,100614.0,110059.0,118773.0,129908.0,140191.0,147635.0,153570.0,156514.0,161005.0,164047
2AxwurIbZls,,,,,,,,,,,,,,,,,,,,,,,,,,,,,,,,,,,,,,,,,,,,,,,,,,,,,,,,,,,,,,,,,,,,,,,,,,,,,,,,,,,,,,,,,,,,,,,,,,,,,,,,,,,,,,,,,,,,,,,,,,,,,,57610.0,58283.0,58956.0,59460.0,60023.0,60655.0,61340.0,61931.0,62686.0,63360.0,64025.0,65148
cfHN6WxkYKg,,,,,,,,,,,,,,,,,,,,,,,,,,,,,,,,,,,,,,,,,,,,,,,,,,,,,,,,,,,,,,,,,,,,,,,,,,,,,,,,,,,,,,,,,,,,,,,,,,,,,,,,,,,,,,,,,,,,,,,,,,,,,,1893.0,8335.0,15979.0,22080.0,42326.0,68952.0,97460.0,119281.0,130294.0,138035.0,144219.0,150987
08g-oAALjFE,,,,,,,,,,,,,,,,,,,,,,,,,,,,,,,,,,,,,,,,,,,,,,,,,,,,,,,,,,,,,,,,,,,,,,,,,,,,,,,,,,,,,,,,,,,,,,,,,,,,,,,,,,,,,,,,,,,,,,,,,,,,,,1222.0,16333.0,55505.0,159901.0,259452.0,329492.0,380555.0,417844.0,440779.0,454569.0,466262.0,480547
v094-E3Pmtk,,,,,,,,,,,,,,,,,,,,,,,,,,,,,,,,,,,,,,,,,,,,,,,,,,,,,,,,,,,,,,,,,,,,,,,,,,,,,,,,,,,,,,,,,,,,,,,,,,,,,,,,,,,,,,,,,,,,,,,,,,,,,,,117832.0,238538.0,299022.0,346766.0,387029.0,484559.0,586664.0,763475.0,848557.0,913595.0,1026335
HZOs_6AmtmE,,,,,,,,,,,,,,,,,,,,,,,,,,,,,,,,,,,,,,,,,,,,,,,,,,,,,,,,,,,,,,,,,,,,,,,,,,,,,,,,,,,,,,,,,,,,,,,,,,,,,,,,,,,,,,,,,,,,,,,,,,,,,,,50816.0,182424.0,327743.0,645574.0,1017571.0,1216863.0,1561317.0,1669476.0,1712093.0,1718738.0,1725809
r5IQf6qC9S0,,,,,,,,,,,,,,,,,,,,,,,,,,,,,,,,,,,,,,,,,,,,,,,,,,,,,,,,,,,,,,,,,,,,,,,,,,,,,,,,,,,,,,,,,,,,,,,,,,,,,,,,,,,,,,,,,,,,,,,,,,,,,,,41.0,125.0,153.0,182.0,202.0,254.0,262.0,293.0,314.0,336.0,365
nqmbtf5gDKA,,,,,,,,,,,,,,,,,,,,,,,,,,,,,,,,,,,,,,,,,,,,,,,,,,,,,,,,,,,,,,,,,,,,,,,,,,,,,,,,,,,,,,,,,,,,,,,,,,,,,,,,,,,,,,,,,,,,,,,,,,,,,,,2078.0,5916.0,20414.0,55450.0,130046.0,292772.0,426993.0,597698.0,768423.0,879047.0,1029055
9OEdOprM4Uo,,,,,,,,,,,,,,,,,,,,,,,,,,,,,,,,,,,,,,,,,,,,,,,,,,,,,,,,,,,,,,,,,,,,,,,,,,,,,,,,,,,,,,,,,,,,,,,,,,,,,,,,,,,,,,,,,,,,,,,,,,,,,,,11899.0,15969.0,18313.0,20150.0,21489.0,22667.0,24005.0,25399.0,26490.0,27403.0,28593
ywxIFZBTsCE,,,,,,,,,,,,,,,,,,,,,,,,,,,,,,,,,,,,,,,,,,,,,,,,,,,,,,,,,,,,,,,,,,,,,,,,,,,,,,,,,,,,,,,,,,,,,,,,,,,,,,,,,,,,,,,,,,,,,,,,,,,,,,,62523.0,146380.0,217127.0,272354.0,317734.0,352752.0,382213.0,410825.0,434030.0,452656.0,470926
9y86NbotmEg,,,,,,,,,,,,,,,,,,,,,,,,,,,,,,,,,,,,,,,,,,,,,,,,,,,,,,,,,,,,,,,,,,,,,,,,,,,,,,,,,,,,,,,,,,,,,,,,,,,,,,,,,,,,,,,,,,,,,,,,,,,,,,,16484.0,416864.0,458224.0,505402.0,541254.0,577347.0,611662.0,650386.0,694445.0,731378.0,769062
UDDbx0KiGi4,,,,,,,,,,,,,,,,,,,,,,,,,,,,,,,,,,,,,,,,,,,,,,,,,,,,,,,,,,,,,,,,,,,,,,,,,,,,,,,,,,,,,,,,,,,,,,,,,,,,,,,,,,,,,,,,,,,,,,,,,,,,,,,16679.0,26676.0,43209.0,46446.0,51198.0,51630.0,52237.0,52775.0,53345.0,53792.0,54230
XkkEM40VwFo,,,,,,,,,,,,,,,,,,,,,,,,,,,,,,,,,,,,,,,,,,,,,,,,,,,,,,,,,,,,,,,,,,,,,,,,,,,,,,,,,,,,,,,,,,,,,,,,,,,,,,,,,,,,,,,,,,,,,,,,,,,,,,,28637.0,119939.0,177728.0,233123.0,276495.0,311149.0,357905.0,402532.0,433809.0,456042.0,479551
vviU2vsSe5M,,,,,,,,,,,,,,,,,,,,,,,,,,,,,,,,,,,,,,,,,,,,,,,,,,,,,,,,,,,,,,,,,,,,,,,,,,,,,,,,,,,,,,,,,,,,,,,,,,,,,,,,,,,,,,,,,,,,,,,,,,,,,,,17982.0,97264.0,199201.0,311202.0,398680.0,472956.0,537206.0,596217.0,643669.0,674680.0,708611
_opQpDYh33I,,,,,,,,,,,,,,,,,,,,,,,,,,,,,,,,,,,,,,,,,,,,,,,,,,,,,,,,,,,,,,,,,,,,,,,,,,,,,,,,,,,,,,,,,,,,,,,,,,,,,,,,,,,,,,,,,,,,,,,,,,,,,,,172501.0,447041.0,659867.0,805478.0,939943.0,1106553.0,1217040.0,1356856.0,1470951.0,1553133.0,1655882
e2KAMzli7wo,,,,,,,,,,,,,,,,,,,,,,,,,,,,,,,,,,,,,,,,,,,,,,,,,,,,,,,,,,,,,,,,,,,,,,,,,,,,,,,,,,,,,,,,,,,,,,,,,,,,,,,,,,,,,,,,,,,,,,,,,,,,,,,,8805.0,31220.0,50877.0,65796.0,100250.0,131979.0,158076.0,181777.0,193257.0,201079
k030vtZq2ok,,,,,,,,,,,,,,,,,,,,,,,,,,,,,,,,,,,,,,,,,,,,,,,,,,,,,,,,,,,,,,,,,,,,,,,,,,,,,,,,,,,,,,,,,,,,,,,,,,,,,,,,,,,,,,,,,,,,,,,,,,,,,,,,472.0,601.0,760.0,889.0,1165.0,2059.0,3481.0,4971.0,5350.0,5509
nc6yI5pi3k8,,,,,,,,,,,,,,,,,,,,,,,,,,,,,,,,,,,,,,,,,,,,,,,,,,,,,,,,,,,,,,,,,,,,,,,,,,,,,,,,,,,,,,,,,,,,,,,,,,,,,,,,,,,,,,,,,,,,,,,,,,,,,,,,4070.0,4975.0,5748.0,6365.0,7060.0,20287.0,34371.0,34954.0,33694.0,33768
nNVVzAjsPe4,,,,,,,,,,,,,,,,,,,,,,,,,,,,,,,,,,,,,,,,,,,,,,,,,,,,,,,,,,,,,,,,,,,,,,,,,,,,,,,,,,,,,,,,,,,,,,,,,,,,,,,,,,,,,,,,,,,,,,,,,,,,,,,,31857.0,45769.0,61935.0,75629.0,87220.0,97085.0,105928.0,113396.0,119057.0,126099
RRKtQmsSI9g,,,,,,,,,,,,,,,,,,,,,,,,,,,,,,,,,,,,,,,,,,,,,,,,,,,,,,,,,,,,,,,,,,,,,,,,,,,,,,,,,,,,,,,,,,,,,,,,,,,,,,,,,,,,,,,,,,,,,,,,,,,,,,,,,,16361.0,35665.0,127541.0,238608.0,306138.0,319639.0,336269.0,344849
QiQJxMQ6TMU,,,,,,,,,,,,,,,,,,,,,,,,,,,,,,,,,,,,,,,,,,,,,,,,,,,,,,,,,,,,,,,,,,,,,,,,,,,,,,,,,,,,,,,,,,,,,,,,,,,,,,,,,,,,,,,,,,,,,,,,,,,,,,,,,,33140.0,137352.0,208895.0,270388.0,322931.0,363812.0,398196.0,426803
iTJSbJtS8MU,,,,,,,,,,,,,,,,,,,,,,,,,,,,,,,,,,,,,,,,,,,,,,,,,,,,,,,,,,,,,,,,,,,,,,,,,,,,,,,,,,,,,,,,,,,,,,,,,,,,,,,,,,,,,,,,,,,,,,,,,,,,,,,,,,5002783.0,16006660.0,17128627.0,17948974.0,18620754.0,19189475.0,19669665.0,20090811
DtLQeI6UsMc,,,,,,,,,,,,,,,,,,,,,,,,,,,,,,,,,,,,,,,,,,,,,,,,,,,,,,,,,,,,,,,,,,,,,,,,,,,,,,,,,,,,,,,,,,,,,,,,,,,,,,,,,,,,,,,,,,,,,,,,,,,,,,,,,,1867.0,2107.0,2246.0,2352.0,2487.0,2605.0,2688.0,2783
Q1sE699jthg,,,,,,,,,,,,,,,,,,,,,,,,,,,,,,,,,,,,,,,,,,,,,,,,,,,,,,,,,,,,,,,,,,,,,,,,,,,,,,,,,,,,,,,,,,,,,,,,,,,,,,,,,,,,,,,,,,,,,,,,,,,,,,,,,,413591.0,1247130.0,1775074.0,2145074.0,2561041.0,2995565.0,3400905.0,3787104
O0KFqVkhpuo,,,,,,,,,,,,,,,,,,,,,,,,,,,,,,,,,,,,,,,,,,,,,,,,,,,,,,,,,,,,,,,,,,,,,,,,,,,,,,,,,,,,,,,,,,,,,,,,,,,,,,,,,,,,,,,,,,,,,,,,,,,,,,,,,,39760.0,62386.0,88851.0,89146.0,89559.0,90008.0,90377.0,90770
fh9TWwotwPE,,,,,,,,,,,,,,,,,,,,,,,,,,,,,,,,,,,,,,,,,,,,,,,,,,,,,,,,,,,,,,,,,,,,,,,,,,,,,,,,,,,,,,,,,,,,,,,,,,,,,,,,,,,,,,,,,,,,,,,,,,,,,,,,,,29095.0,29149.0,29237.0,29289.0,29333.0,29397.0,29473.0,29526
5ds6H8wMOyc,,,,,,,,,,,,,,,,,,,,,,,,,,,,,,,,,,,,,,,,,,,,,,,,,,,,,,,,,,,,,,,,,,,,,,,,,,,,,,,,,,,,,,,,,,,,,,,,,,,,,,,,,,,,,,,,,,,,,,,,,,,,,,,,,,152781.0,153302.0,153782.0,154238.0,154667.0,155070.0,155407.0,155833
DhfitPakxV8,,,,,,,,,,,,,,,,,,,,,,,,,,,,,,,,,,,,,,,,,,,,,,,,,,,,,,,,,,,,,,,,,,,,,,,,,,,,,,,,,,,,,,,,,,,,,,,,,,,,,,,,,,,,,,,,,,,,,,,,,,,,,,,,,,2165094.0,2177493.0,2189846.0,2202370.0,2215271.0,2227130.0,2237107.0,2248446
9Av8DEKE2og,,,,,,,,,,,,,,,,,,,,,,,,,,,,,,,,,,,,,,,,,,,,,,,,,,,,,,,,,,,,,,,,,,,,,,,,,,,,,,,,,,,,,,,,,,,,,,,,,,,,,,,,,,,,,,,,,,,,,,,,,,,,,,,,,,6559.0,6573.0,6581.0,6588.0,6603.0,6627.0,6640.0,6658
N6JXNISrpEY,,,,,,,,,,,,,,,,,,,,,,,,,,,,,,,,,,,,,,,,,,,,,,,,,,,,,,,,,,,,,,,,,,,,,,,,,,,,,,,,,,,,,,,,,,,,,,,,,,,,,,,,,,,,,,,,,,,,,,,,,,,,,,,,,,75974.0,79559.0,82582.0,84756.0,86608.0,88300.0,89616.0,91008
mcC-o7wq5EY,,,,,,,,,,,,,,,,,,,,,,,,,,,,,,,,,,,,,,,,,,,,,,,,,,,,,,,,,,,,,,,,,,,,,,,,,,,,,,,,,,,,,,,,,,,,,,,,,,,,,,,,,,,,,,,,,,,,,,,,,,,,,,,,,,4108.0,4223.0,4289.0,4357.0,4405.0,4444.0,4473.0,4497
wCtRSOVpf40,,,,,,,,,,,,,,,,,,,,,,,,,,,,,,,,,,,,,,,,,,,,,,,,,,,,,,,,,,,,,,,,,,,,,,,,,,,,,,,,,,,,,,,,,,,,,,,,,,,,,,,,,,,,,,,,,,,,,,,,,,,,,,,,,,952.0,971.0,984.0,997.0,999.0,1018.0,1029.0,1035
XfASTPiEh3M,,,,,,,,,,,,,,,,,,,,,,,,,,,,,,,,,,,,,,,,,,,,,,,,,,,,,,,,,,,,,,,,,,,,,,,,,,,,,,,,,,,,,,,,,,,,,,,,,,,,,,,,,,,,,,,,,,,,,,,,,,,,,,,,,,18931.0,21309.0,22746.0,23459.0,24079.0,24612.0,25013.0,25454
kjccso8nrc0,,,,,,,,,,,,,,,,,,,,,,,,,,,,,,,,,,,,,,,,,,,,,,,,,,,,,,,,,,,,,,,,,,,,,,,,,,,,,,,,,,,,,,,,,,,,,,,,,,,,,,,,,,,,,,,,,,,,,,,,,,,,,,,,,,1145.0,1192.0,1244.0,1266.0,1313.0,1341.0,1364.0,1411
U4aD9NLDQJs,,,,,,,,,,,,,,,,,,,,,,,,,,,,,,,,,,,,,,,,,,,,,,,,,,,,,,,,,,,,,,,,,,,,,,,,,,,,,,,,,,,,,,,,,,,,,,,,,,,,,,,,,,,,,,,,,,,,,,,,,,,,,,,,,,37473.0,47490.0,54781.0,58324.0,60654.0,62152.0,63012.0,64069
hWT7vfliD7g,,,,,,,,,,,,,,,,,,,,,,,,,,,,,,,,,,,,,,,,,,,,,,,,,,,,,,,,,,,,,,,,,,,,,,,,,,,,,,,,,,,,,,,,,,,,,,,,,,,,,,,,,,,,,,,,,,,,,,,,,,,,,,,,,,3195.0,4057.0,4502.0,4834.0,5167.0,5325.0,5545.0,5684
__cY_IaSb7s,,,,,,,,,,,,,,,,,,,,,,,,,,,,,,,,,,,,,,,,,,,,,,,,,,,,,,,,,,,,,,,,,,,,,,,,,,,,,,,,,,,,,,,,,,,,,,,,,,,,,,,,,,,,,,,,,,,,,,,,,,,,,,,,,,34577.0,40526.0,43953.0,46252.0,48271.0,50262.0,52317.0,53826
aBtRTBVggUM,,,,,,,,,,,,,,,,,,,,,,,,,,,,,,,,,,,,,,,,,,,,,,,,,,,,,,,,,,,,,,,,,,,,,,,,,,,,,,,,,,,,,,,,,,,,,,,,,,,,,,,,,,,,,,,,,,,,,,,,,,,,,,,,,,21887.0,41729.0,56724.0,74868.0,94610.0,112749.0,126696.0,137640
OE8CjkC0BGA,,,,,,,,,,,,,,,,,,,,,,,,,,,,,,,,,,,,,,,,,,,,,,,,,,,,,,,,,,,,,,,,,,,,,,,,,,,,,,,,,,,,,,,,,,,,,,,,,,,,,,,,,,,,,,,,,,,,,,,,,,,,,,,,,,91070.0,105771.0,115400.0,123693.0,128835.0,131664.0,134010.0,136075
lqJ30KbpEY4,,,,,,,,,,,,,,,,,,,,,,,,,,,,,,,,,,,,,,,,,,,,,,,,,,,,,,,,,,,,,,,,,,,,,,,,,,,,,,,,,,,,,,,,,,,,,,,,,,,,,,,,,,,,,,,,,,,,,,,,,,,,,,,,,,1085.0,1232.0,1644.0,2177.0,3277.0,4215.0,5194.0,5962
eKuzq2AOvFM,,,,,,,,,,,,,,,,,,,,,,,,,,,,,,,,,,,,,,,,,,,,,,,,,,,,,,,,,,,,,,,,,,,,,,,,,,,,,,,,,,,,,,,,,,,,,,,,,,,,,,,,,,,,,,,,,,,,,,,,,,,,,,,,,,64928.0,83663.0,102466.0,117552.0,134065.0,148084.0,159613.0,170441
Si5mKYAei3o,,,,,,,,,,,,,,,,,,,,,,,,,,,,,,,,,,,,,,,,,,,,,,,,,,,,,,,,,,,,,,,,,,,,,,,,,,,,,,,,,,,,,,,,,,,,,,,,,,,,,,,,,,,,,,,,,,,,,,,,,,,,,,,,,,83.0,182.0,258.0,293.0,331.0,366.0,397.0,480
WxGWMI2B7r8,,,,,,,,,,,,,,,,,,,,,,,,,,,,,,,,,,,,,,,,,,,,,,,,,,,,,,,,,,,,,,,,,,,,,,,,,,,,,,,,,,,,,,,,,,,,,,,,,,,,,,,,,,,,,,,,,,,,,,,,,,,,,,,,,,2330916.0,3590556.0,4172633.0,5020544.0,5951520.0,6602948.0,7167612.0,7243158
uD0yLUVtAvk,,,,,,,,,,,,,,,,,,,,,,,,,,,,,,,,,,,,,,,,,,,,,,,,,,,,,,,,,,,,,,,,,,,,,,,,,,,,,,,,,,,,,,,,,,,,,,,,,,,,,,,,,,,,,,,,,,,,,,,,,,,,,,,,,,66578.0,223465.0,364987.0,627122.0,1041861.0,1451422.0,1490286.0,1791956
WxGWMI2B7r8,,,,,,,,,,,,,,,,,,,,,,,,,,,,,,,,,,,,,,,,,,,,,,,,,,,,,,,,,,,,,,,,,,,,,,,,,,,,,,,,,,,,,,,,,,,,,,,,,,,,,,,,,,,,,,,,,,,,,,,,,,,,,,,,,,2330916.0,3590556.0,4172633.0,5020544.0,5951520.0,6602948.0,7167612.0,7243158
iqtv43YR7oI,,,,,,,,,,,,,,,,,,,,,,,,,,,,,,,,,,,,,,,,,,,,,,,,,,,,,,,,,,,,,,,,,,,,,,,,,,,,,,,,,,,,,,,,,,,,,,,,,,,,,,,,,,,,,,,,,,,,,,,,,,,,,,,,,,,3980.0,11142.0,143352.0,3376273.0,4463606.0,4695815.0,4845995
5RT4ISfzlrU,,,,,,,,,,,,,,,,,,,,,,,,,,,,,,,,,,,,,,,,,,,,,,,,,,,,,,,,,,,,,,,,,,,,,,,,,,,,,,,,,,,,,,,,,,,,,,,,,,,,,,,,,,,,,,,,,,,,,,,,,,,,,,,,,,,1046.0,2143.0,2725.0,3185.0,3476.0,3656.0,3805
BDXZ-fYk0Gc,,,,,,,,,,,,,,,,,,,,,,,,,,,,,,,,,,,,,,,,,,,,,,,,,,,,,,,,,,,,,,,,,,,,,,,,,,,,,,,,,,,,,,,,,,,,,,,,,,,,,,,,,,,,,,,,,,,,,,,,,,,,,,,,,,,209078.0,750860.0,1351893.0,2027260.0,2324128.0,2616876.0,2696424
vOCc8AKs48Q,,,,,,,,,,,,,,,,,,,,,,,,,,,,,,,,,,,,,,,,,,,,,,,,,,,,,,,,,,,,,,,,,,,,,,,,,,,,,,,,,,,,,,,,,,,,,,,,,,,,,,,,,,,,,,,,,,,,,,,,,,,,,,,,,,,92305.0,307658.0,613823.0,909565.0,1184930.0,1456825.0,1671267
fGCCpfa-WDQ,,,,,,,,,,,,,,,,,,,,,,,,,,,,,,,,,,,,,,,,,,,,,,,,,,,,,,,,,,,,,,,,,,,,,,,,,,,,,,,,,,,,,,,,,,,,,,,,,,,,,,,,,,,,,,,,,,,,,,,,,,,,,,,,,,,3553.0,3564.0,3570.0,3585.0,3595.0,3609.0,3619
ICOB_gz4k6E,,,,,,,,,,,,,,,,,,,,,,,,,,,,,,,,,,,,,,,,,,,,,,,,,,,,,,,,,,,,,,,,,,,,,,,,,,,,,,,,,,,,,,,,,,,,,,,,,,,,,,,,,,,,,,,,,,,,,,,,,,,,,,,,,,,27442.0,116808.0,202945.0,303718.0,368363.0,416112.0,460827
jdc4XckyN7Y,,,,,,,,,,,,,,,,,,,,,,,,,,,,,,,,,,,,,,,,,,,,,,,,,,,,,,,,,,,,,,,,,,,,,,,,,,,,,,,,,,,,,,,,,,,,,,,,,,,,,,,,,,,,,,,,,,,,,,,,,,,,,,,,,,,604.0,2756.0,4446.0,5647.0,7624.0,9185.0,11044
EF7ueTjEwPs,,,,,,,,,,,,,,,,,,,,,,,,,,,,,,,,,,,,,,,,,,,,,,,,,,,,,,,,,,,,,,,,,,,,,,,,,,,,,,,,,,,,,,,,,,,,,,,,,,,,,,,,,,,,,,,,,,,,,,,,,,,,,,,,,,,982.0,3116.0,3826.0,4472.0,5194.0,5836.0,6376
enVPqoR_SVE,,,,,,,,,,,,,,,,,,,,,,,,,,,,,,,,,,,,,,,,,,,,,,,,,,,,,,,,,,,,,,,,,,,,,,,,,,,,,,,,,,,,,,,,,,,,,,,,,,,,,,,,,,,,,,,,,,,,,,,,,,,,,,,,,,,865.0,3381.0,6036.0,16526.0,29772.0,39741.0,50107
efu7Ha7Yt5g,,,,,,,,,,,,,,,,,,,,,,,,,,,,,,,,,,,,,,,,,,,,,,,,,,,,,,,,,,,,,,,,,,,,,,,,,,,,,,,,,,,,,,,,,,,,,,,,,,,,,,,,,,,,,,,,,,,,,,,,,,,,,,,,,,,,354464.0,533096.0,681300.0,838550.0,964244.0,1074523
ZtiThQN5ETc,,,,,,,,,,,,,,,,,,,,,,,,,,,,,,,,,,,,,,,,,,,,,,,,,,,,,,,,,,,,,,,,,,,,,,,,,,,,,,,,,,,,,,,,,,,,,,,,,,,,,,,,,,,,,,,,,,,,,,,,,,,,,,,,,,,,19741.0,65191.0,86854.0,99819.0,110384.0,120257
rIiGnn_8A4k,,,,,,,,,,,,,,,,,,,,,,,,,,,,,,,,,,,,,,,,,,,,,,,,,,,,,,,,,,,,,,,,,,,,,,,,,,,,,,,,,,,,,,,,,,,,,,,,,,,,,,,,,,,,,,,,,,,,,,,,,,,,,,,,,,,,46977.0,145794.0,211435.0,260496.0,295940.0,328032
dyxmlYXdxUs,,,,,,,,,,,,,,,,,,,,,,,,,,,,,,,,,,,,,,,,,,,,,,,,,,,,,,,,,,,,,,,,,,,,,,,,,,,,,,,,,,,,,,,,,,,,,,,,,,,,,,,,,,,,,,,,,,,,,,,,,,,,,,,,,,,,269287.0,1794713.0,4051162.0,5253516.0,5288572.0,5430474
69I7Hj6p8_0,,,,,,,,,,,,,,,,,,,,,,,,,,,,,,,,,,,,,,,,,,,,,,,,,,,,,,,,,,,,,,,,,,,,,,,,,,,,,,,,,,,,,,,,,,,,,,,,,,,,,,,,,,,,,,,,,,,,,,,,,,,,,,,,,,,,70009.0,237422.0,381958.0,459384.0,520764.0,555817
XiY7YPkHmkU,,,,,,,,,,,,,,,,,,,,,,,,,,,,,,,,,,,,,,,,,,,,,,,,,,,,,,,,,,,,,,,,,,,,,,,,,,,,,,,,,,,,,,,,,,,,,,,,,,,,,,,,,,,,,,,,,,,,,,,,,,,,,,,,,,,,640.0,645.0,648.0,652.0,652.0,658
GJN6J-jqBA0,,,,,,,,,,,,,,,,,,,,,,,,,,,,,,,,,,,,,,,,,,,,,,,,,,,,,,,,,,,,,,,,,,,,,,,,,,,,,,,,,,,,,,,,,,,,,,,,,,,,,,,,,,,,,,,,,,,,,,,,,,,,,,,,,,,,102416.0,156416.0,206368.0,253098.0,294187.0,329480
_pTXNzKoJ94,,,,,,,,,,,,,,,,,,,,,,,,,,,,,,,,,,,,,,,,,,,,,,,,,,,,,,,,,,,,,,,,,,,,,,,,,,,,,,,,,,,,,,,,,,,,,,,,,,,,,,,,,,,,,,,,,,,,,,,,,,,,,,,,,,,,172.0,401.0,491.0,569.0,614.0,667
UOvWqzu0AF8,,,,,,,,,,,,,,,,,,,,,,,,,,,,,,,,,,,,,,,,,,,,,,,,,,,,,,,,,,,,,,,,,,,,,,,,,,,,,,,,,,,,,,,,,,,,,,,,,,,,,,,,,,,,,,,,,,,,,,,,,,,,,,,,,,,,1253.0,5632.0,8629.0,10752.0,12482.0,14375
62Tt4m8jOp4,,,,,,,,,,,,,,,,,,,,,,,,,,,,,,,,,,,,,,,,,,,,,,,,,,,,,,,,,,,,,,,,,,,,,,,,,,,,,,,,,,,,,,,,,,,,,,,,,,,,,,,,,,,,,,,,,,,,,,,,,,,,,,,,,,,,,1630.0,2162.0,2523.0,2915.0,3315
su12CXASZc4,,,,,,,,,,,,,,,,,,,,,,,,,,,,,,,,,,,,,,,,,,,,,,,,,,,,,,,,,,,,,,,,,,,,,,,,,,,,,,,,,,,,,,,,,,,,,,,,,,,,,,,,,,,,,,,,,,,,,,,,,,,,,,,,,,,,,3342.0,13272.0,17975.0,20750.0,23874
UvWXWGhZin8,,,,,,,,,,,,,,,,,,,,,,,,,,,,,,,,,,,,,,,,,,,,,,,,,,,,,,,,,,,,,,,,,,,,,,,,,,,,,,,,,,,,,,,,,,,,,,,,,,,,,,,,,,,,,,,,,,,,,,,,,,,,,,,,,,,,,32478.0,123190.0,,,
C4aZk3URd-o,,,,,,,,,,,,,,,,,,,,,,,,,,,,,,,,,,,,,,,,,,,,,,,,,,,,,,,,,,,,,,,,,,,,,,,,,,,,,,,,,,,,,,,,,,,,,,,,,,,,,,,,,,,,,,,,,,,,,,,,,,,,,,,,,,,,,1636357.0,1641955.0,1647357.0,1652879.0,1658124
yMyXXPDv3ek,,,,,,,,,,,,,,,,,,,,,,,,,,,,,,,,,,,,,,,,,,,,,,,,,,,,,,,,,,,,,,,,,,,,,,,,,,,,,,,,,,,,,,,,,,,,,,,,,,,,,,,,,,,,,,,,,,,,,,,,,,,,,,,,,,,,,100809.0,101383.0,101929.0,102505.0,103039
Ew65b9BMrjU,,,,,,,,,,,,,,,,,,,,,,,,,,,,,,,,,,,,,,,,,,,,,,,,,,,,,,,,,,,,,,,,,,,,,,,,,,,,,,,,,,,,,,,,,,,,,,,,,,,,,,,,,,,,,,,,,,,,,,,,,,,,,,,,,,,,,208704.0,320593.0,369480.0,395274.0,421307
e53PTUZXXy4,,,,,,,,,,,,,,,,,,,,,,,,,,,,,,,,,,,,,,,,,,,,,,,,,,,,,,,,,,,,,,,,,,,,,,,,,,,,,,,,,,,,,,,,,,,,,,,,,,,,,,,,,,,,,,,,,,,,,,,,,,,,,,,,,,,,,1300.0,4696.0,7299.0,12319.0,22874
TeWDXpHyI88,,,,,,,,,,,,,,,,,,,,,,,,,,,,,,,,,,,,,,,,,,,,,,,,,,,,,,,,,,,,,,,,,,,,,,,,,,,,,,,,,,,,,,,,,,,,,,,,,,,,,,,,,,,,,,,,,,,,,,,,,,,,,,,,,,,,,13807.0,34861.0,51601.0,65411.0,79036
PdSsC7aAIwI,,,,,,,,,,,,,,,,,,,,,,,,,,,,,,,,,,,,,,,,,,,,,,,,,,,,,,,,,,,,,,,,,,,,,,,,,,,,,,,,,,,,,,,,,,,,,,,,,,,,,,,,,,,,,,,,,,,,,,,,,,,,,,,,,,,,,1560.0,5009.0,6863.0,7879.0,8611
uPm5_b-wJfg,,,,,,,,,,,,,,,,,,,,,,,,,,,,,,,,,,,,,,,,,,,,,,,,,,,,,,,,,,,,,,,,,,,,,,,,,,,,,,,,,,,,,,,,,,,,,,,,,,,,,,,,,,,,,,,,,,,,,,,,,,,,,,,,,,,,,698.0,6252.0,7129.0,7608.0,8136
Pu2uhdxMTws,,,,,,,,,,,,,,,,,,,,,,,,,,,,,,,,,,,,,,,,,,,,,,,,,,,,,,,,,,,,,,,,,,,,,,,,,,,,,,,,,,,,,,,,,,,,,,,,,,,,,,,,,,,,,,,,,,,,,,,,,,,,,,,,,,,,,,6888.0,18680.0,27335.0,33708
zyvi6HkDqxE,,,,,,,,,,,,,,,,,,,,,,,,,,,,,,,,,,,,,,,,,,,,,,,,,,,,,,,,,,,,,,,,,,,,,,,,,,,,,,,,,,,,,,,,,,,,,,,,,,,,,,,,,,,,,,,,,,,,,,,,,,,,,,,,,,,,,,7073.0,7116.0,7192.0,7277
FhlnthSvGNM,,,,,,,,,,,,,,,,,,,,,,,,,,,,,,,,,,,,,,,,,,,,,,,,,,,,,,,,,,,,,,,,,,,,,,,,,,,,,,,,,,,,,,,,,,,,,,,,,,,,,,,,,,,,,,,,,,,,,,,,,,,,,,,,,,,,,,,,,
HjxZvWCcfy8,,,,,,,,,,,,,,,,,,,,,,,,,,,,,,,,,,,,,,,,,,,,,,,,,,,,,,,,,,,,,,,,,,,,,,,,,,,,,,,,,,,,,,,,,,,,,,,,,,,,,,,,,,,,,,,,,,,,,,,,,,,,,,,,,,,,,,10587.0,55382.0,79066.0,97420
yCgjiYmRtGE,,,,,,,,,,,,,,,,,,,,,,,,,,,,,,,,,,,,,,,,,,,,,,,,,,,,,,,,,,,,,,,,,,,,,,,,,,,,,,,,,,,,,,,,,,,,,,,,,,,,,,,,,,,,,,,,,,,,,,,,,,,,,,,,,,,,,,9986.0,14431.0,17543.0,20421
DY-TO23IG18,,,,,,,,,,,,,,,,,,,,,,,,,,,,,,,,,,,,,,,,,,,,,,,,,,,,,,,,,,,,,,,,,,,,,,,,,,,,,,,,,,,,,,,,,,,,,,,,,,,,,,,,,,,,,,,,,,,,,,,,,,,,,,,,,,,,,,9735.0,9789.0,9836.0,9877
CG5dE5vaD7s,,,,,,,,,,,,,,,,,,,,,,,,,,,,,,,,,,,,,,,,,,,,,,,,,,,,,,,,,,,,,,,,,,,,,,,,,,,,,,,,,,,,,,,,,,,,,,,,,,,,,,,,,,,,,,,,,,,,,,,,,,,,,,,,,,,,,,69847.0,70928.0,72031.0,73074
NGyCzUHjorI,,,,,,,,,,,,,,,,,,,,,,,,,,,,,,,,,,,,,,,,,,,,,,,,,,,,,,,,,,,,,,,,,,,,,,,,,,,,,,,,,,,,,,,,,,,,,,,,,,,,,,,,,,,,,,,,,,,,,,,,,,,,,,,,,,,,,,168431.0,181116.0,189722.0,198892
AgqTpVY_T_k,,,,,,,,,,,,,,,,,,,,,,,,,,,,,,,,,,,,,,,,,,,,,,,,,,,,,,,,,,,,,,,,,,,,,,,,,,,,,,,,,,,,,,,,,,,,,,,,,,,,,,,,,,,,,,,,,,,,,,,,,,,,,,,,,,,,,,91868.0,2578201.0,4534221.0,6215142
jWSHTjNRQBU,,,,,,,,,,,,,,,,,,,,,,,,,,,,,,,,,,,,,,,,,,,,,,,,,,,,,,,,,,,,,,,,,,,,,,,,,,,,,,,,,,,,,,,,,,,,,,,,,,,,,,,,,,,,,,,,,,,,,,,,,,,,,,,,,,,,,,174.0,314.0,361.0,405
53Ot9E5QG_I,,,,,,,,,,,,,,,,,,,,,,,,,,,,,,,,,,,,,,,,,,,,,,,,,,,,,,,,,,,,,,,,,,,,,,,,,,,,,,,,,,,,,,,,,,,,,,,,,,,,,,,,,,,,,,,,,,,,,,,,,,,,,,,,,,,,,,229133.0,732857.0,883633.0,937964
S4zNFHjz88k,,,,,,,,,,,,,,,,,,,,,,,,,,,,,,,,,,,,,,,,,,,,,,,,,,,,,,,,,,,,,,,,,,,,,,,,,,,,,,,,,,,,,,,,,,,,,,,,,,,,,,,,,,,,,,,,,,,,,,,,,,,,,,,,,,,,,,,417.0,490.0,557
JywM-nQjIyo,,,,,,,,,,,,,,,,,,,,,,,,,,,,,,,,,,,,,,,,,,,,,,,,,,,,,,,,,,,,,,,,,,,,,,,,,,,,,,,,,,,,,,,,,,,,,,,,,,,,,,,,,,,,,,,,,,,,,,,,,,,,,,,,,,,,,,,2435.0,2438.0,2443
NiNXwI_Y1So,,,,,,,,,,,,,,,,,,,,,,,,,,,,,,,,,,,,,,,,,,,,,,,,,,,,,,,,,,,,,,,,,,,,,,,,,,,,,,,,,,,,,,,,,,,,,,,,,,,,,,,,,,,,,,,,,,,,,,,,,,,,,,,,,,,,,,,76432.0,86190.0,96184
w_mxESFUfIs,,,,,,,,,,,,,,,,,,,,,,,,,,,,,,,,,,,,,,,,,,,,,,,,,,,,,,,,,,,,,,,,,,,,,,,,,,,,,,,,,,,,,,,,,,,,,,,,,,,,,,,,,,,,,,,,,,,,,,,,,,,,,,,,,,,,,,,9957.0,12630.0,14424
4FDxvpdvx9s,,,,,,,,,,,,,,,,,,,,,,,,,,,,,,,,,,,,,,,,,,,,,,,,,,,,,,,,,,,,,,,,,,,,,,,,,,,,,,,,,,,,,,,,,,,,,,,,,,,,,,,,,,,,,,,,,,,,,,,,,,,,,,,,,,,,,,,,128721.0,132568
UwceugNYOuE,,,,,,,,,,,,,,,,,,,,,,,,,,,,,,,,,,,,,,,,,,,,,,,,,,,,,,,,,,,,,,,,,,,,,,,,,,,,,,,,,,,,,,,,,,,,,,,,,,,,,,,,,,,,,,,,,,,,,,,,,,,,,,,,,,,,,,,,74061.0,74275
2Zwr4v1iwQM,,,,,,,,,,,,,,,,,,,,,,,,,,,,,,,,,,,,,,,,,,,,,,,,,,,,,,,,,,,,,,,,,,,,,,,,,,,,,,,,,,,,,,,,,,,,,,,,,,,,,,,,,,,,,,,,,,,,,,,,,,,,,,,,,,,,,,,,33023.0,33372
-7NfQDh-Q2I,,,,,,,,,,,,,,,,,,,,,,,,,,,,,,,,,,,,,,,,,,,,,,,,,,,,,,,,,,,,,,,,,,,,,,,,,,,,,,,,,,,,,,,,,,,,,,,,,,,,,,,,,,,,,,,,,,,,,,,,,,,,,,,,,,,,,,,,22540.0,22611
-E1PQSTNx9A,,,,,,,,,,,,,,,,,,,,,,,,,,,,,,,,,,,,,,,,,,,,,,,,,,,,,,,,,,,,,,,,,,,,,,,,,,,,,,,,,,,,,,,,,,,,,,,,,,,,,,,,,,,,,,,,,,,,,,,,,,,,,,,,,,,,,,,,53060.0,54096
Zlw_EjSsxAg,,,,,,,,,,,,,,,,,,,,,,,,,,,,,,,,,,,,,,,,,,,,,,,,,,,,,,,,,,,,,,,,,,,,,,,,,,,,,,,,,,,,,,,,,,,,,,,,,,,,,,,,,,,,,,,,,,,,,,,,,,,,,,,,,,,,,,,,34244.0,58091
qqbJGLFPMkM,,,,,,,,,,,,,,,,,,,,,,,,,,,,,,,,,,,,,,,,,,,,,,,,,,,,,,,,,,,,,,,,,,,,,,,,,,,,,,,,,,,,,,,,,,,,,,,,,,,,,,,,,,,,,,,,,,,,,,,,,,,,,,,,,,,,,,,,10105.0,21840
ZOA1HiEytzE,,,,,,,,,,,,,,,,,,,,,,,,,,,,,,,,,,,,,,,,,,,,,,,,,,,,,,,,,,,,,,,,,,,,,,,,,,,,,,,,,,,,,,,,,,,,,,,,,,,,,,,,,,,,,,,,,,,,,,,,,,,,,,,,,,,,,,,,3174.0,8039
EtFy8BIkKX0,,,,,,,,,,,,,,,,,,,,,,,,,,,,,,,,,,,,,,,,,,,,,,,,,,,,,,,,,,,,,,,,,,,,,,,,,,,,,,,,,,,,,,,,,,,,,,,,,,,,,,,,,,,,,,,,,,,,,,,,,,,,,,,,,,,,,,,,37626.0,37628
PDvastsibCQ,,,,,,,,,,,,,,,,,,,,,,,,,,,,,,,,,,,,,,,,,,,,,,,,,,,,,,,,,,,,,,,,,,,,,,,,,,,,,,,,,,,,,,,,,,,,,,,,,,,,,,,,,,,,,,,,,,,,,,,,,,,,,,,,,,,,,,,,3255.0,3256
td0rZwusHlY,,,,,,,,,,,,,,,,,,,,,,,,,,,,,,,,,,,,,,,,,,,,,,,,,,,,,,,,,,,,,,,,,,,,,,,,,,,,,,,,,,,,,,,,,,,,,,,,,,,,,,,,,,,,,,,,,,,,,,,,,,,,,,,,,,,,,,,,108.0,150
qNVpJxXXAko,,,,,,,,,,,,,,,,,,,,,,,,,,,,,,,,,,,,,,,,,,,,,,,,,,,,,,,,,,,,,,,,,,,,,,,,,,,,,,,,,,,,,,,,,,,,,,,,,,,,,,,,,,,,,,,,,,,,,,,,,,,,,,,,,,,,,,,,119.0,144
jOSyZ_0eORw,,,,,,,,,,,,,,,,,,,,,,,,,,,,,,,,,,,,,,,,,,,,,,,,,,,,,,,,,,,,,,,,,,,,,,,,,,,,,,,,,,,,,,,,,,,,,,,,,,,,,,,,,,,,,,,,,,,,,,,,,,,,,,,,,,,,,,,,107.0,164
RkC-XfuwCsM,,,,,,,,,,,,,,,,,,,,,,,,,,,,,,,,,,,,,,,,,,,,,,,,,,,,,,,,,,,,,,,,,,,,,,,,,,,,,,,,,,,,,,,,,,,,,,,,,,,,,,,,,,,,,,,,,,,,,,,,,,,,,,,,,,,,,,,,,510513
pB3W-k0kQ8U,,,,,,,,,,,,,,,,,,,,,,,,,,,,,,,,,,,,,,,,,,,,,,,,,,,,,,,,,,,,,,,,,,,,,,,,,,,,,,,,,,,,,,,,,,,,,,,,,,,,,,,,,,,,,,,,,,,,,,,,,,,,,,,,,,,,,,,,,368319
1jKnI_ib8c8,,,,,,,,,,,,,,,,,,,,,,,,,,,,,,,,,,,,,,,,,,,,,,,,,,,,,,,,,,,,,,,,,,,,,,,,,,,,,,,,,,,,,,,,,,,,,,,,,,,,,,,,,,,,,,,,,,,,,,,,,,,,,,,,,,,,,,,,,1487179
tiKgdh4Csj8,,,,,,,,,,,,,,,,,,,,,,,,,,,,,,,,,,,,,,,,,,,,,,,,,,,,,,,,,,,,,,,,,,,,,,,,,,,,,,,,,,,,,,,,,,,,,,,,,,,,,,,,,,,,,,,,,,,,,,,,,,,,,,,,,,,,,,,,,101572
7QGRDC7ngpE,,,,,,,,,,,,,,,,,,,,,,,,,,,,,,,,,,,,,,,,,,,,,,,,,,,,,,,,,,,,,,,,,,,,,,,,,,,,,,,,,,,,,,,,,,,,,,,,,,,,,,,,,,,,,,,,,,,,,,,,,,,,,,,,,,,,,,,,,5592281
xZJ5f_LrSpI,,,,,,,,,,,,,,,,,,,,,,,,,,,,,,,,,,,,,,,,,,,,,,,,,,,,,,,,,,,,,,,,,,,,,,,,,,,,,,,,,,,,,,,,,,,,,,,,,,,,,,,,,,,,,,,,,,,,,,,,,,,,,,,,,,,,,,,,,118687
EAltpjVpoQ4,,,,,,,,,,,,,,,,,,,,,,,,,,,,,,,,,,,,,,,,,,,,,,,,,,,,,,,,,,,,,,,,,,,,,,,,,,,,,,,,,,,,,,,,,,,,,,,,,,,,,,,,,,,,,,,,,,,,,,,,,,,,,,,,,,,,,,,,,444
n5hA65ilgA8,,,,,,,,,,,,,,,,,,,,,,,,,,,,,,,,,,,,,,,,,,,,,,,,,,,,,,,,,,,,,,,,,,,,,,,,,,,,,,,,,,,,,,,,,,,,,,,,,,,,,,,,,,,,,,,,,,,,,,,,,,,,,,,,,,,,,,,,,4586
zGNABIZAiYw,,,,,,,,,,,,,,,,,,,,,,,,,,,,,,,,,,,,,,,,,,,,,,,,,,,,,,,,,,,,,,,,,,,,,,,,,,,,,,,,,,,,,,,,,,,,,,,,,,,,,,,,,,,,,,,,,,,,,,,,,,,,,,,,,,,,,,,,,330
