Artist ID,Album ID,Album URL,Album date,Video link,Album type,Label,ID
Idol-alexa2,2026-tongue-tied,/musicalbums/2026-Tongue-Tied,260226,,,,
Idol-chuu,2026-xo-my-cyberlove,/musicalbums/2026-XO-My-Cyberlove,260107,J3WxAEN2Ow4,studio,ATRP,a1bfd97e-b54e-418e-a808-279300ff2c1c
Idol-unknown,2026-ghostcity,/musicalbums/2026-Ghostcity,260101,No2UhSOp8aM,single,"Daytona Entertainment, PYRAT, Choi Seong",27e20b07-9832-4b9f-b463-a86b1c0c67e7
Idol-joohoney,2026-insanity,/musicalbums/2026-INSANITY,260105,eDSb9J1DJKc,mini_album,Starship Entertainment,3660de04-92f8-451b-8d1a-6f363bd3de7c
Idol-soohyun2,2026-gray,/musicalbums/2026-Gray,260107,PQCcR2mrABw,mini_album,New Boat,81e26a93-9de4-4d62-b890-e8f6e391fc7f
Idol-yonghwa,2026-one-last-day-japan-special-edition,/musicalbums/2026-One-Last-Day-Japan-Special-Edition,260211,Lr-7BBhUJio,mini_album,FNC Entertainment,5dbd4ffb-28d6-45aa-ac26-95f43a4142d8
Group-alpha-drive-one,2026-euphoria,/musicalbums/2026-Euphoria,260112,P8VVnopM610,mini_album,WAKEONE,fec7a794-3c5f-4359-aa04-9eb674126efa
Group-aoen,2026-falling-in-seconds,/musicalbums/2026-Falling-in-Seconds,260318,DzV97MXTZx8,single,YX Labels,7716a7bc-61c9-4cda-ad45-c76e1c35db4f
Group-apink,2026-re-love,/musicalbums/2026-Re-Love,260105,y2os26sMjOg,mini_album,With Us Entertainment,f472bddc-3dc6-46a5-b68a-190696720bed
Group-chrocktikal,2026-we-break-you-awake,/musicalbums/2026-We-Break-You-Awake,260115,xSx4g9c4yZU,studio,Dreamcatcher Company,fc75976d-956f-41a9-975c-e489a2df6e7e
Group-cnblue,2026-3logy,/musicalbums/2026-3LOGY,260107,ND5FhEsjVUk,studio,FNC Entertainment,38c24897-c5f3-41d5-9666-f5020c0adbc9
Group-cnblue,2026-still-a-flower,/musicalbums/2026-Still-a-Flower,260101,YgwGBgZEKaM,single,FNC Entertainment,1f660d09-f002-4634-8033-52e2266083f8
Group-dk-x-seungkwan,2026-serenade,/musicalbums/2026-Serenade,260112,blYK_tKXn9E,,,
Group-enhypen,2026-the-sin-vanish,/musicalbums/2026-THE-SIN-VANISH,260116,R6e4tBWxIxE,mini_album,BELIFT LAB Inc.,30eb091f-94bc-47c1-b6af-c87c416265de
Group-exo,2026-reverxe,/musicalbums/2026-REVERXE,260119,7hTbNeHqGD8,studio,SM Entertainment,57717ad0-9e91-4db9-a8d2-704bfb18c501
Group-for-the-more,2026-highlight,/musicalbums/2026-HIGHLIGHT,260128,yRTwoFiqQHY,mini_album,99Major,e799f14c-d33c-4675-bb7d-18b0be91e086
Group-geenius,2026-love-don-t-change,/musicalbums/2026-Love-Don-t-Change,260115,,,,
Group-h1-key,2026-the-world-is-not-like-a-movie,/musicalbums/2026-The-world-is-not-like-a-movie,260105,_UiZ-Uuw1ro,single,Choi Creative Lab,30e26920-7308-4b0e-b5aa-c36baca944e2
Group-illit,2026-sunday-morning,/musicalbums/2026-Sunday-Morning,260113,-01oDwXKSuE,single,BELIFT Lab,bc312258-544c-466b-b5b4-3ab62ecd6b57
Group-is-sue,2026-phase,/musicalbums/2026-PHASE,260114,kacuL0bgsdI,single,LAPONE Entertainment,dcb08dc7-3ab7-4167-b2fc-1fe28aaf4f8b
Group-katseye,2026-internet-girl,/musicalbums/2026-Internet-Girl,260102,5q9EjSUovc4,single,HYBE x Geffen,8c8ba48d-aa37-4164-a2af-a5cab7798674
Group-latency,2026-it-was-love,/musicalbums/2026-It-Was-Love,260108,nhDcqoetCy8,single,Oddinary,25fd9552-31c5-47db-8bc2-6fc8cb3e3940
Group-lngshot,2026-shot-callers,/musicalbums/2026-SHOT-CALLERS,260113,GFRu5ea_klk,mini_album,More Vision,9458b82d-0148-4790-b3b6-aeecb82e92b5
Group-me-i,2026-ltor,/musicalbums/2026-LtoR,260109,kDvjltW21ag,single,LAPONE GIRLS,aac13009-ba8c-4206-acc7-1774fb50b531
Group-misamo,2026-play,/musicalbums/2026-Play,260202,ELaFmC2UFzk,,,
Group-n-ssign,2026-funky-like-me,/musicalbums/2026-Funky-Like-Me,260113,LVw93DLIE78,single,n.CH Entertainment,d3fe09a8-bd63-4ee4-a229-34078eb89d4b
Group-nct-wish,2026-wishlist,/musicalbums/2026-Wishlist,260114,UulR1x4tvZE,mini_album,SM Entertainment,7a87b216-4064-4151-8783-25130bc9b81c
Group-re-hearts,2026-persona,/musicalbums/2026-Persona,260103,_onCG9RhAIo,,,
Group-riize,2026-all-of-you,/musicalbums/2026-All-of-You,260218,yfKBI5l81-A,single,SM Entertainment,b5ed519e-768b-4904-9f54-90c1c82034d5
Group-stayc,2026-stay-alive,/musicalbums/2026-Stay-Alive,260211,udOf9JGMA7U,studio,Mercury Tokyo/UNIVERSAL MUSIC LLC,b113b70b-5285-44dd-ba33-3beed319ddfb
Group-waker,2026-in-elixir-spellbound,/musicalbums/2026-In-Elixir-Spellbound,260108,F8YTLNrg8nE,mini_album,HOWLING Entertainment,a4fecaf6-e39f-4b7b-a10e-ada7ad02dce6
Group-xg,2026-the-core-he,/musicalbums/2026-The-Core-he,260123,8cEdndsuzSE,studio,XGALX,bb48a4f6-5f5c-411b-971d-9cb4f8ca6fa3
Group-yesweare,2026-yesweare,/musicalbums/2026-yesweare,260105,n71tJihpPHA,,,
Group-zerobaseone,2026-re-flow,/musicalbums/2026-RE-FLOW,260202,v5_GoNFr5wc,studio,Wakeone,f6d8ba73-c2de-40c8-8445-3e3930746b90
Group-idntt,2026-yesweare,/musicalbums/2026-yesweare,260105,n71tJihpPHA,,,
Idol-unknown,2026-love-me-ost-part-3,/musicalbums/2026-Love-Me-OST-Part-3,260103,rjQFemcplN8,ost,SLL,6d1cb202-e2ff-483a-9137-e1818e6b0299
Idol-ha-sung-woon,2026-tell-the-world,/musicalbums/2026-Tell-The-World,260105,z_ss4Yf-VZ4,single,BPM,d55935d4-b49c-406e-a356-ba254191a2bd
Idol-loopy,2026-seoul,/musicalbums/2026-SEOUL,260109,WZgam7x_ymU,,,
Group-close-your-eyes,2026-judge-lee-han-young-ost-part-1,/musicalbums/2026-Judge-Lee-Han-young-OST-Part-1,260103,3Lj1CoLVQbU,,,
Group-misamo,2026-play,/musicalbums/2026-Play,260204,ELaFmC2UFzk,,,
Idol-kursor,2026-90-s,/musicalbums/2026-90-s,260104,N_P7j2JG7ws,single,BIXIZ XOUND,b5521ed6-a465-44bb-a68c-12d46a2b9427
Idol-unknown,2026-between-you-and-i,/musicalbums/2026-Between-You-and-I,260103,fg-6jkI8B6M,single,Independent,9d564461-01a5-4c8f-8a42-e16aae337a48
Group-close-your-eyes,2026-the-judge-returns-ost-part-1,/musicalbums/2026-The-Judge-Returns-OST-Part-1,260103,3Lj1CoLVQbU,ost,Most Contents,70e5e420-4c58-4a0c-bb30-283074482d51
Group-oneus,2026-origin,/musicalbums/2026-Origin,260120,-XJi9qCv_1s,,,
Group-onewe,2026-studio-we-recording-4,/musicalbums/2026-STUDIO-WE-Recording-4,260130,KyRERlh3X28,mini_album,RBW,96dfef9e-5ed1-47d0-abd2-9f9f61434a2f
Idol-dia2,2026-dance,/musicalbums/2026-Dance,260109,CkBdKswwN0s,single,Symphonic,30e729b0-4eb5-4ed1-8573-23bd49934dda
Idol-inseong,2026-crossfade,/musicalbums/2026-Crossfade,260114,5dfsW2CBNPs,mini_album,FNC Entertainment,ab88c8aa-b136-4236-86f2-4da240cc80c4
Idol-lia,2026-idol-i-part-6,/musicalbums/2026-IDOL-I-Part-6,260106,1UyzVpQDkW8,ost,Genie Music,e1a566da-5ba0-4072-96f7-f23112177415
Group-aesther,2026-starlight,/musicalbums/2026-Starlight,260110,fAVrqc-IphQ,,,
Group-unknown,2026-yesweare,/musicalbums/2026-yesweare,260105,L_IrTG4E-CY,mini_album,MODHAUS,109c9e1f-4229-43e6-86b2-87ca8717e1f8
Group-kiiikiii,2026-delulu-park,/musicalbums/2026-DELULU-PARK,260126,,,,
Group-zerobaseone,2026-running-to-future,/musicalbums/2026-Running-to-Future,260109,v5_GoNFr5wc,single,WAKEONE,bd87a04d-8d32-4a1c-8f6d-8fceb383188c
Idol-bada,2026-our-loud-goodbye,/musicalbums/2026-Our-Loud-Goodbye,260107,OrlkRhaVnhk,single,WAVENINE,37643307-3975-4339-8fe0-2fec0f66236b
Idol-dept,2026-blue,/musicalbums/2026-Blue,260107,zSFmsS5ufDs,,,
Idol-wonpil,2026-wish,/musicalbums/2026-Wish,260107,22CcsqxQdW0,,,
Group-2z,2026-6-six,/musicalbums/2026-6-SIX,260114,3SiRPF5OOzo,single,GOGO2020,e7e9f705-2a48-4bf4-99dc-d01613c06ae1
Group-kiiikiii,2026-delulu-pack,/musicalbums/2026-DELULU-PACK,260126,zhHB4dZTChw,mini_album,Starship Entertainment,2f765ec7-5d7b-4148-9296-c8121057aac4
Idol-unknown,2026-beautiful-pain,/musicalbums/2026-Beautiful-Pain,260115,KRAFmgTECWw,single,Cube Entertainment,c86435ee-3ad6-4966-827b-674250e95ebc
Group-hades,2026-planet-b,/musicalbums/2026-Planet-B,260109,hRlt2L-MJKU,single,ORViT Entertainment,8a0e8d50-a69c-47c1-af43-980f04ace1e0
Group-young-posse,2026-lose-your-shxt,/musicalbums/2026-Lose-Your-Shxt,260110,Vxj8vwMYHP4,single,DSP media,308122a6-b685-4aca-931a-8ab5bae0321e
Idol-henry,2026-cold-air,/musicalbums/2026-Cold-Air,260110,i3hQxcVNXx0,single,AMBI Entertainment,0209ec41-fea0-4f06-b723-1b8b14ece884
Idol-jeong-hyo-bean,2026-marigold,/musicalbums/2026-Marigold,260125,LvoIv3PTk9c,,,
Idol-jiseong,2026-requested,/musicalbums/2026-Requested,260110,JGvx-7IkUCA,single,DIPBLU,cce8962f-3f06-4c37-b90c-9b5e6d2d3be1
Idol-yeoeun,2026-do-you-know,/musicalbums/2026-Do-you-know,260109,2gbVYUcPRwY,single,Yogurt Studio,1da4925e-d8d4-45f4-9e12-f346f0f62c82
Group-catch-the-young,2026-evolve,/musicalbums/2026-Evolve,260119,V6yhQw99NYY,studio,Evermore Entertainment,e456ec63-dee9-446a-b900-0f1431afcf6c
Group-la-poem,2026-alive,/musicalbums/2026-Alive,260120,nzWl5oaZ1Gg,,,
Group-oneus,2026-won,/musicalbums/2026-Won,260120,_UQCWEp-8BQ,single,RBW,4c763938-1303-41af-be2c-4b51fa63f8c5
Idol-miyeon,2026-spring-fever-pt-1-original-soundtrack,/musicalbums/2026-Spring-Fever-Pt-1-Original-Soundtrack,260106,v94Q1nzU4Vc,ost,Stone Music Entertainment,4f94a536-c756-4a8b-b03d-aa430fece4ba
Idol-younha,2026-sub-character,/musicalbums/2026-Sub-Character,260202,4TRS7y4qdWs,studio,C9 EntertainmentC9 Ent,f6fedd7f-d626-47a7-875f-12ce09758c04
Group-2nb,2026-if-i-didn-t-meet-you-that-day,/musicalbums/2026-If-I-Didn-t-Meet-You-That-Day,260111,VseIEV6xl1c,single,Donuts Culture,13d4d026-189d-4a45-a482-f5592145c82c
Idol-ha-sung-woon,2026-to-my-beloved-thief-pt-1-original-soundtrack,/musicalbums/2026-To-My-Beloved-Thief-Pt-1-Original-Soundtrack,260104,ER4YaTP2Sc8,ost,Stone Music Entertainment,7558d821-ecf8-4a86-b656-6b75cbbc8050
Group-ateez,2026-golden-hour-part-4,/musicalbums/2026-GOLDEN-HOUR-Part-4,260206,qDpEcO1hlZE,mini_album,KQ Entertainment,a43ce092-b537-4ba8-8efb-ab4e93b054e1
Group-enhypen,2026-dark-moon-the-blood-alter-ost,/musicalbums/2026-Dark-Moon-The-Blood-Alter-OST,260112,EKrsvC7XxhE,ost,Belift Lab,bfe47db7-b12f-463c-80bc-5989744400ae
Group-kickflip,2026-to-my-beloved-thief-pt-2-original-soundtrack,/musicalbums/2026-To-My-Beloved-Thief-Pt-2-Original-Soundtrack,260111,HHkj1M34QNg,ost,Stone Music Entertainment,c87e8a69-f809-4f75-96ff-14eedcae8b96
Idol-yeoeun,2026-because-you-re-so-beautiful,/musicalbums/2026-Because-You-re-So-Beautiful,260113,bxPt9jC1Xxo,single,"WM Entertainment, Yotyu",f47b3402-7cd4-4772-a84c-d69a192423de
Group-axmxp,2026-amplify-my-way,/musicalbums/2026-Amplify-My-Way,260121,pAgRuO6h7OE,mini_album,FNC Entertainment,1a85430e-e574-44de-b8c4-beb6f97313bb
Group-kaja,2026-future-calling,/musicalbums/2026-Future-Calling,260107,QohU4Ucme3c,single,Sony Music Labels Inc.,29f89bc1-872b-4052-a88e-d97b9d97f9e1
Group-tnx,2026-call-me-back,/musicalbums/2026-Call-Me-Back,260122,0-xKvImq7Ek,single,P NATION,59a564a1-0554-41c8-b8eb-9c980a2d73d8
Idol-chanmina,2026-test-me,/musicalbums/2026-TEST-ME,260114,hQ4-H-nNNz4,single,NO LABEL MUSIC,93d86614-9804-4eba-b9a2-ce0349b784ec
Group-m-o-n-t,2026-history,/musicalbums/2026-History,260121,3IjtP7PRcrE,single,FM Entertainment,f3da37b4-67f7-4301-987d-030b1d951da3
Group-blackpink,2026-deadline,/musicalbums/2026-DEADLINE,260227,CgCVZdcKcqY,mini_album,YG Entertainment,38e95ef9-7953-4545-8f11-2cbd5e6684bd
Idol-unknown,2026-yin-and-yang,/musicalbums/2026-Yin-And-Yang,260116,97qr0BOdHkc,single,"KOZ Entertainment, P NATION",21e0e0cb-a5f6-4c93-935a-49a54e4de356
Idol-kim-dahyun,2026-black-swan,/musicalbums/2026-Black-Swan,260117,6AvlefX35o8,mini_album,OGAM Entertainment,e0cdab14-4a84-494e-8d1e-21e575c8a963
Group-bts,2026-arirang,/musicalbums/2026-ARIRANG,260320,5e_VnIBO32I,mini_album,BigHit Music,d68d22e9-c48d-4cfc-a52c-c9c8ba110e5f
Group-comma,2026-toxic-sugar,/musicalbums/2026-Toxic-Sugar,260109,liIBNPLp6D8,single,4824company,0c57c8eb-befe-4a6f-a5e9-a8ac410b3a9a
Group-cravity,2026-blast-out,/musicalbums/2026-Blast-Out,260318,SoZeR3ttHKk,single,AMUSE,6d41b0b1-34bf-497e-84be-a1b64572d7dd
Group-dodree,2026-just-like-a-dream,/musicalbums/2026-Just-Like-A-Dream,260121,PqWApYzlfrU,single,INNIT Entertainment,696fbadc-c3ef-49a7-9371-4c14a151f046
Group-geenius,2026-love-don-t-change,/musicalbums/2026-Love-Don-t-Change,260115,,studio,HOMe,efad5260-a850-461a-b079-fe0accf4a174
Group-lngshot,2026-4shoboiz-mixtape,/musicalbums/2026-4SHOBOIZ-MIXTAPE,260116,Zl-LzXzy4vc,mini_album,More Vision,b7637529-79ff-4820-a969-2c7ac10fece5
Group-momoland,2026-white-spring,/musicalbums/2026-White-Spring,260123,4quKTg17A94,single,Inyeon Entertainment,9618f64b-dd0a-4df7-929e-a4fbd841e2bf
Group-whib,2026-rock-the-nation,/musicalbums/2026-ROCK-THE-NATION,260129,uRnl1Lj7GqM,mini_album,CJes Studios,4cf42d03-0973-4c5c-9c2c-041555346549
Group-young-posse,2026-visa-pilot3,/musicalbums/2026-Visa-Pilot3,260127,obqsSgY4oU8,single,"DSP Media, BEATS Entertainment",f61d96bf-916c-4f1e-9c93-5d3214a00476
Idol-coiblen,2026-c-o-d-e,/musicalbums/2026-C-O-D-E,260206,8m932pAU0f8,,,
Idol-unknown,2026-sealook-2-ost,/musicalbums/2026-Sealook-2-OST,260109,0iul7DdRFyA,ost,The Pinkfong Company,e1607d4d-2742-4e72-a312-1fd678b03bea
Group-misamo,2026-confetti,/musicalbums/2026-Confetti,260116,gOjG-70-D5o,,,
Idol-unknown,2026-119,/musicalbums/2026-119,260118,gJrl2mpEsxI,single,Way Better,52050372-d2e5-4992-a03f-411e941b0ec8
Idol-lola2,2026-tatz,/musicalbums/2026-Tatz,260119,4jyZpXEW88E,single,Symphonic,a1ed2d12-ba51-4a25-8b47-cafd45657931
Group-aoen,2026-fell-in-a-second,/musicalbums/2026-Fell-in-a-Second,260318,,,,
Group-forestella,2026-nella-notte,/musicalbums/2026-Nella-Notte,260119,HUNkE8Sopwo,,,
Group-rescene,2026-pinball-japanese-ver,/musicalbums/2026-Pinball-Japanese-Ver,260121,ou2Y2vGKCyY,single,THE MUZE Entertainment,29db896c-f8d6-4846-bd0a-bbcd01bfbf18
Idol-bora2,2026-muffler,/musicalbums/2026-Muffler,260115,RV5_Y_f7u0k,,,
Idol-dia2,2026-dance-sped-up,/musicalbums/2026-Dance-Sped-Up,260110,,,,
Idol-james-lee,2026-dead-stars,/musicalbums/2026-Dead-Stars,260119,K7t12aTmhkc,,,
Idol-unknown,2026-suji,/musicalbums/2026-SUJI,260114,Vj3zqFDToIM,,,
Group-billlie,2026-cloud-palace-false-awakening,/musicalbums/2026-Cloud-Palace-False-Awakening,260127,SeZ6L9jZmHc,,,
Group-nwh-i,2026-siren-call,/musicalbums/2026-Siren-Call,260126,wlR8b_uOfh4,,,
Group-1verse,2026-wabif,/musicalbums/2026-WABIF,260121,F192Gkz5Tas,,,
Group-8turn,2026-bruise,/musicalbums/2026-Bruise,260128,4sl47VgK_4A,,,
Group-kickflip,2026-from-kickflip-to-weflip,/musicalbums/2026-From-KickFlip-To-WeFlip,260120,OgOm9Ei0BUc,,,
Group-pow,2026-come-true,/musicalbums/2026-Come-True,260128,kI9YD61ehIw,,,
Group-txt,2026-sss-sending-secret-signals-feat-hyde,/musicalbums/2026-SSS-Sending-Secret-Signals-feat-HYDE,260126,XQ7vBKHMw7M,,,
Idol-maddyxp,2026-grapefruit,/musicalbums/2026-grapefruit,260117,3WT8A28JPnY,,,
Idol-yena2,2026-nemonemo-japanese-ver,/musicalbums/2026-Nemonemo-Japanese-Ver,260121,HRDApL3_m18,,,
Group-i-dle,2026-mono,/musicalbums/2026-Mono,260127,DYgE3SGPEqk,mini_album,,df9b5c87-d86d-472d-90bd-1bb09acccebd
Group-skinz,2026-why-u-mad,/musicalbums/2026-WHY-U-MAD,260204,CO7xkEXsn5s,,,
Idol-choi-hari,2026-jumper,/musicalbums/2026-JUMPER,260121,,,,
Idol-hebi,2026-become,/musicalbums/2026-Become,260122,XPqXU3SfxdU,,,
Idol-kang-daniel,2026-obsession,/musicalbums/2026-Obsession,260122,JBrmXv5nwZs,,,
Idol-sya,2026-23-24,/musicalbums/2026-23-24,260203,f9m2SQ81v7Q,,,
Idol-yeoeun,2026-i-love-you-i-love-you,/musicalbums/2026-I-Love-You-I-Love-You,260122,XE4A3zRxk8M,,,
Group-bolbbalgan4,2026-loosing-heart-veiled-musician-x-bol4-with-yeouido-dong-three-star,/musicalbums/2026-Loosing-Heart-Veiled-Musician-X-BOL4-with-Yeouido-dong-Three-Star,260113,6PH4Kfjeuo8,,,
Group-girlset,2026-little-miss-misdemeanor,/musicalbums/2026-Little-Miss-Misdemeanor,260123,vuAp-MShrVw,,,
Group-i1it,2026-red-line,/musicalbums/2026-RED-line,260203,WMgKm01lr2M,,,
Group-madein,2026-girl-meets-boy,/musicalbums/2026-Girl-Meets-Boy,260209,slHHlZN3N0w,,,
Group-zerobaseone,2026-roses,/musicalbums/2026-Roses,260123,JUeZL0TyT3I,,,
Idol-gray,2026-project-y-original-motion-picture-soundtrack,/musicalbums/2026-Project-Y-Original-Motion-Picture-Soundtrack,260121,BN3sEtwD7qU,,,
Idol-hyun-o,2026-starlight-glaze,/musicalbums/2026-Starlight-Glaze,260124,8k0qIUhaCD0,,,
Idol-yoseop,2026-unloved-echo,/musicalbums/2026-Unloved-Echo,260209,pOAKFUpMdd0,,,
Idol-junho,2026-always,/musicalbums/2026-Always,260126,7ehdQWIV5Ik,,,
Group-ive,2026-revive,/musicalbums/2026-REVIVE,260226,4qWUNxnZ35U,,,
Group-nct-jnjm,2026-both-sides,/musicalbums/2026-BOTH-SIDES,260223,EzvhlgTNCbU,,,
Idol-youngjae3,2026-shinbi-s-haunted-house-10th-anniversary-movie-summon-once-more-ost,/musicalbums/2026-Shinbi-s-Haunted-House-10th-Anniversary-Movie-Summon-Once-More-OST,260116,OaBsMBK1Bgo,,,
Group-ab6ix,2026-a-minute-a-second,/musicalbums/2026-A-Minute-A-Second,260127,1hRzRN2bs3k,,,
Group-ive,2026-revive,/musicalbums/2026-REVIVE,260223,4qWUNxnZ35U,,,
Idol-hyojin4,2026-painkiller,/musicalbums/2026-Painkiller,260213,e4RCv5k_kuE,,,
Idol-juntae,2026-tired-of-falling-in-love,/musicalbums/2026-Tired-of-falling-in-love,260129,IWeJUiyqFes,,,
Group-my-rakl,2026-wish-upon-the-stars,/musicalbums/2026-Wish-Upon-the-Stars,260126,-xw1nTIH50I,,,
Group-tws,2026-nice-to-see-you-again-korean-ver,/musicalbums/2026-Nice-To-See-You-Again-Korean-ver,260209,,,,
Idol-hweseung,2026-run-with-me,/musicalbums/2026-Run-With-Me,260129,2M65XQn-2Pk,,,
Group-all-h-ours,2026-my-spring-my-light-my-breath,/musicalbums/2026-My-Spring-My-Light-My-Breath,260129,AEYrm_IFoKk,,,
Group-onewe,2026-ferris-wheel,/musicalbums/2026-Ferris-Wheel,260114,KyRERlh3X28,,,
Idol-chaeryeong,2026-no-tail-to-tell-pt-4,/musicalbums/2026-No-Tail-to-Tell-Pt-4,260130,VSzrNrTeXMM,,,
Idol-unknown,2026-never-meant-to-be,/musicalbums/2026-Never-Meant-to-Be,260129,77IbsMVWyuQ,,,
Idol-gist,2026-r-g,/musicalbums/2026-R-G,260128,unlgFDu7-pA,,,
Idol-sungkyu2,2026-off-the-map,/musicalbums/2026-Off-The-Map,260302,,,,
Idol-taehyun,2026-like-the-movies,/musicalbums/2026-Like-the-movies,260130,FG2BQp9oRik,,,
Group-navillera,2026-no-limit,/musicalbums/2026-No-Limit,260203,5221XAQ6aTc,,,
Group-one-or-eight,2026-gather,/musicalbums/2026-GATHER,260124,Qcz-7evvAqY,single,AVEX Music Creative Inc.,f3f26247-d788-4e15-b4c7-815ae697a232
Group-one-pact,2026-1-only,/musicalbums/2026-1-ONLY,260226,,,,
Idol-gongwon,2026-flower,/musicalbums/2026-Flower,260130,3NqKXg2gxcc,,,
Idol-lee-jiham,2026-forever-mine,/musicalbums/2026-Forever-Mine,260129,bAENPpwyOU4,,,
Idol-leebada,2026-offline,/musicalbums/2026-Offline,260117,CuHBrVR5J7s,,,
Group-hi-fi-un-corn,2026-super-duper,/musicalbums/2026-SUPER-DUPER,260114,e8X35-Teneg,,,
Group-hi-fi-un-corn,2026-laila,/musicalbums/2026-LAILA,260130,XECOC6C_Nr4,,,
Group-ive,2026-bang-bang,/musicalbums/2026-BANG-BANG,260209,WXav5B0ppUo,,,
Group-sweden-laundry,2026-forevermore,/musicalbums/2026-Forevermore,260120,4oktaGUvcTI,,,
Idol-unknown,2026-project-y-original-motion-picture-soundtrack,/musicalbums/2026-Project-Y-Original-Motion-Picture-Soundtrack,260121,BN3sEtwD7qU,,,
Idol-jiwoo,2026-ex-ist,/musicalbums/2026-EX-IST,260211,WBAIQVnkMcE,,,
Group-rolling-quartz,2026-romantist,/musicalbums/2026-Romantist,260128,rlKaNmMCew4,,,
Idol-d-ark,2026-lovex,/musicalbums/2026-LOVEX,260202,hoep54xEUeU,,,
Idol-goopy,2026-loved-up,/musicalbums/2026-Loved-up,260202,1NJkrWfJgbU,,,
Idol-kassy,2026-a-love-just-for-you,/musicalbums/2026-A-Love-Just-For-You,260201,39upRxI7Yvc,,,
Idol-woodz,2026-archive-1,/musicalbums/2026-Archive-1,260304,aT26fdm0ZFs,,,
Group-triples,2026-4study-4work-4inst-vol-3,/musicalbums/2026-4Study-4Work-4Inst-Vol-3,260202,YrFeVx2vIG8,,,
Idol-eunji,2026-parrot,/musicalbums/2026-Parrot,260203,6uFgNS9hCiU,,,
Idol-yel,2026-narcissist,/musicalbums/2026-Narcissist,260202,KQfAQ-fHFCc,,,
Idol-younha,2026-seasonal-crime,/musicalbums/2026-Seasonal-Crime,260202,jkdx9PaVKe0,,,
Group-trendz,2026-kart-racer,/musicalbums/2026-Kart-Racer,260213,,,,
Idol-chungha,2026-save-me,/musicalbums/2026-Save-Me,260209,EDxI7p2M8Xk,,,
Idol-gunwoo,2026-talk-to-me,/musicalbums/2026-Talk-To-Me,260121,be8G6WqvGn8,,,
Idol-jin-hyun-bin,2026-the-void,/musicalbums/2026-The-Void,260204,O17TW3DXUU0,,,
Group-avion,2026-jamila,/musicalbums/2026-Jamila,260204,0srzt8rpr3Q,,,
Group-monsta-x,2026-growing-pains,/musicalbums/2026-Growing-Pains,260206,LxkkKsE9mS8,,,
Group-niziu,2026-too-bad,/musicalbums/2026-Too-Bad,260401,,,,
Idol-unknown,2026-yin-and-yang-feat-dean-penomeco-fanxy-child-ver,/musicalbums/2026-Yin-and-Yang-feat-DEAN-PENOMECO-FANXY-CHILD-Ver,260204,oyXx7MDqZ-Q,,,
Idol-jd1,2026-collection-of-props-vol-2,/musicalbums/2026-Collection-of-Props-Vol-2,260205,bRzo1UMw7YI,,,
Idol-sorn,2026-call-it-what-you-want,/musicalbums/2026-Call-It-What-You-Want,260213,JfUdhFOfj2A,,,
Idol-suho,2026-i-am-solo-pt-2,/musicalbums/2026-I-am-SOLO-Pt-2,260205,5TsjmyIwHy8,,,
Group-big-ocean,2026-the-greatest-battle,/musicalbums/2026-The-Greatest-Battle,260303,,,,
Group-hatchi,2026-tokimetique,/musicalbums/2026-Tokimetique,260205,g7eWRfcM7jU,,,
Idol-chanmina,2026-flip-flap,/musicalbums/2026-FLIP-FLAP,260204,CRf5qcPd5a0,,,
Idol-dj-aster,2026-rumble,/musicalbums/2026-Rumble,260206,1LYEVx1k0T0,,,
Idol-unknown,2026-memories,/musicalbums/2026-Memories,260206,GD5AcHvkI2E,,,
Idol-jennie,2026-dracula-remix,/musicalbums/2026-Dracula-Remix,260206,0UPDBODtxzw,,,
Idol-kessia,2026-choose,/musicalbums/2026-choose,260123,IOLNzfBSeBA,,,
Idol-lee-jiham,2026-love-before-me,/musicalbums/2026-Love-before-Me,260212,,,,
Idol-shaun,2026-diary,/musicalbums/2026-Diary,260210,,,,
Group-hearts2hearts,2026-rude,/musicalbums/2026-RUDE,260220,,,,
Idol-onew,2026-tough-love,/musicalbums/2026-TOUGH-LOVE,260309,D6wqZefJCDo,,,
Group-hori7on,2026-lunod,/musicalbums/2026-LUNOD,260213,5m97c9Hit7g,,,
Group-qqq,2026-qtoresq,/musicalbums/2026-QtoresQ,260226,,,,
Group-sikkoo,2026-home,/musicalbums/2026-home,260206,3KxiGwS2Ons,,,
Group-x-in,2026-hyper,/musicalbums/2026-Hyper,260220,,,,
Idol-blah,2026-normal-life,/musicalbums/2026-Normal-Life,260212,Vufz0kX5L3g,,,
Idol-jaehyuk2,2026-who-am-i,/musicalbums/2026-Who-AM-I,260211,N_sjonH-j9Y,,,
Idol-yeo-one,2026-run-it-up,/musicalbums/2026-Run-It-Up,260211,,,,
Hi-Fi Un!corn,super-duper,/musicalbums/super-duper,260114,e8X35-Teneg,single,Sony Music Labels Inc.,a579752a-dffb-4bb3-990f-e88a2c84059a
Forestella,nella-notte-1769818187638,/musicalbums/nella-notte-1769818187638,260119,HUNkE8Sopwo,mini_album,,482f33d7-aaf6-4bb4-b466-ade8ca08a202
KickFlip,from-kickflip-to-weflip-1769818179834,/musicalbums/from-kickflip-to-weflip-1769818179834,260120,OgOm9Ei0BUc,mini_album,,4b8bd5f9-544d-4e27-be79-54f83af1d497
1VERSE,wabif-1769818182648,/musicalbums/wabif-1769818182648,260121,8b4Cf1tlDFk,mini_album,,b12207f1-c17e-4c08-a9e7-f6f453659593
NCT WISH,call-me-back-nct-wish,/musicalbums/call-me-back-nct-wish,260122,sD44sjGm1GM,single,,d06e846b-d18d-4fc3-ad7d-2bc3c8324c3c
Yeoeun,i-love-you-i-love-you,/musicalbums/i-love-you-i-love-you,260122,XE4A3zRxk8M,single,"WM Entertainment, Yoghurt Studio",00d52040-b5e2-4671-a473-5f6a6f994742
Hebi,become,/musicalbums/become,260122,XPqXU3SfxdU,single,3Y CORPORATION,fe6e1eb0-df48-4ec3-98dd-9ad26e714e83
GIRLSET,little-miss-misdemeanor-1769818177725,/musicalbums/little-miss-misdemeanor-1769818177725,260123,vuAp-MShrVw,mini_album,,672728ad-4261-40e5-97e3-7b22269c870f
,wish-upon-the-stars-1769878745207,/musicalbums/wish-upon-the-stars-1769878745207,260126,-xw1nTIH50I,mini_album,,80290e74-6015-4684-9308-df10ac6de7a9
NWH:I,siren-call-1769818184813,/musicalbums/siren-call-1769818184813,260126,wlR8b_uOfh4,mini_album,,b629d75f-d7f0-4e1c-80de-17d0044dfaa1
TXT,sss-sending-secret-signals-feat-hyde-1769818181861,/musicalbums/sss-sending-secret-signals-feat-hyde-1769818181861,260126,vlmXpQOE75c,mini_album,,8609be28-6b9e-4296-94b8-eba419039431
Chanmina,gather,/musicalbums/gather,260127,Qcz-7evvAqY,mini_album,Avex Music Creative,3e7e6871-12ce-41d1-af86-fba7e0be5d39
AB6IX,a-minute-a-second-1769818165492,/musicalbums/a-minute-a-second-1769818165492,260127,1hRzRN2bs3k,mini_album,,f8ab6956-8b58-4af7-bdf2-2b616aecd2a6
PSY,mono-2026,/musicalbums/mono-2026,260127,9bZkp7q19f0,single,,b41c9570-2bcc-4eeb-add0-36f405e9e238
POW,come-true-1769818180629,/musicalbums/come-true-1769818180629,260128,kI9YD61ehIw,mini_album,,c242ac10-a731-4cbd-8f14-88184bcb3f73
8TURN,bruise-1769818183470,/musicalbums/bruise-1769818183470,260128,WxL5cNNelLk,mini_album,,9d02324d-4074-4bf2-a440-1142eeac8e51
ALL(H)OURS,my-spring-my-light-my-breath-1769818152126,/musicalbums/my-spring-my-light-my-breath-1769818152126,260129,AEYrm_IFoKk,mini_album,,edc0c098-995f-460d-b387-44193b903a56
Hebi,crossing-stars-arknights-6th-anniversary-ost,/musicalbums/crossing-stars-arknights-6th-anniversary-ost,260130,1dhp-wdsyGY,single,Acclers,778a8168-01c9-4204-beb9-157df828140a
Hi-Fi Un!corn,laila,/musicalbums/laila,260130,XECOC6C_Nr4,single,FNC Entertainment Japan Inc.,f67a593d-28d9-4f29-a553-ed5740eafe08
AVION,jamila,/musicalbums/jamila,260204,Tckezs5z6u0,single,Gallery Music Lab,f05120c2-e960-4af1-a1db-05dc659fddcd
MISAMO,play,/musicalbums/play,260204,gOjG-70-D5o,studio,JYP Entertainment,079790f6-b4f1-44fc-8055-1ab9fd59bd10
SKINZ,why-u-mad,/musicalbums/why-u-mad,260204,4arlM3zyWyA,single,Bride Entertainment,e5a93aed-a0e0-4707-b65e-cfba45556fac
STAYC,stereotype-chinese-ver,/musicalbums/stereotype-chinese-ver,260205,6IKDkjlKHS4,single,High Up Entertainment,cdb678a5-4ca4-4cbf-a25a-a97607b5e0d7
Lee Seyeon,what-i-meant-to-say,/musicalbums/what-i-meant-to-say,260205,q7bcUlP07i4,single,ADE Music,a480ec70-bfa9-4bc9-b848-b89fca0e7183
Sik-k,namsan-tower-feat-ley,/musicalbums/namsan-tower-feat-ley,260206,vShw8Av0dQY,single,KC,508d00b9-9590-4a8c-b7fe-ddfffd851cae
COiBLEN,2026-code,/musicalbums/2026-CODE,260206,N-zrw5qDkFQ,single,Independent,a4d0917e-f7d6-4a9b-ad9f-3085ad59ca98
Chungha,save-me,/musicalbums/save-me,260209,JTFuuQg5Mhs,single,MORE VISION,0b21e22c-22c4-4026-824c-808f0bde3522
IVE,bang-bang,/musicalbums/bang-bang,260209,9qkpcLK422o,single,Starship Entertainment,b00c22da-32f5-4adf-8395-c03a482083d0
Jungwon,dear-me,/musicalbums/dear-me,260209,9uDVag6HP8g,single,BELIFT LAB Inc.,16d37e4e-2909-4433-8665-9f8f46a12e39
ATEEZ,adrenaline-remix,/musicalbums/adrenaline-remix,260209,f3OypB-9BQI,single,KQ Entertainment,c7be3d04-3af9-49f2-8753-77f127ce51aa
Yoseop,unloved-echo,/musicalbums/unloved-echo,260209,pys0iujXJjQ,mini_album,Around US Entertainment,e7a53967-a9dd-4a01-acaf-b1631ecb4a3b
The Quiett,ambition-2-10,/musicalbums/ambition-2-10,260210,OTMan1GcBwk,single,AMBITION MUSIK,ad5f2e32-1401-43d2-bf20-7f1b97259b4b
Shaun,diary,/musicalbums/diary,260210,lBk-A6P6CQA,single,Hau Music Production,36daec01-c0b9-4764-8151-81ce41f86902
blah,normal-life,/musicalbums/normal-life,260211,dgRaQ8mZjow,mini_album,PAIX PER MIL,8d21b660-40f6-4b2a-b08e-b11b2a1a71e0
Hwang Min Hyun,truth,/musicalbums/truth,260211,1Pmoxr18YA8,single,Pledis Entertainment,0cb72fda-4cad-4908-84ba-25c5b568683b
,who-am-i,/musicalbums/who-am-i,260211,OexKn5lnqfI,ep,Herose company,50d80ccb-761c-4fd9-99b0-2c44c95aea59
Yeo One,run-it-up,/musicalbums/run-it-up,260211,imvkO-lXwTA,single,Yeo Chang Gu,ada6bd96-7d93-48c8-8f67-9d1ce5d7d6c5
Jiwoo,ex-ist,/musicalbums/ex-ist,260211,LPL1fozVrIw,ep,DSP Entertainment,9e563075-a4f3-4d1a-b74b-d3c1537d05d3
Jinsol,eternal-light,/musicalbums/eternal-light,260211,CGketww5RLk,single,Eternia Records,e01cfbf3-d78e-458a-91c2-4d044e85c274
Woodz,cinema,/musicalbums/cinema,260212,b60RXXBik1w,single,EDAM Entertainment,5aabe456-64da-42b5-8661-4d60b9045531
Forestella,etude,/musicalbums/etude,260212,IxoCRq-v81I,single,Beat Interactive,82a06bd5-ab2d-4cc4-ae8d-cfcf8321e44f
,leader,/musicalbums/leader,260212,ql6cF9gKdjA,studio,"Balming Tiger, CAM",b8cfa6b8-02b0-4df6-9f5f-d662210676a8
ODEE,vehicles,/musicalbums/vehicles,260212,BXyBr6fIuw4,single,,ef232aec-1420-45ee-b9ce-92a752d3e986
Crucial Star,wok-hei,/musicalbums/wok-hei,260212,tHvEKVW0GP8,single,RATEL,b5e7686c-1278-479b-aebc-cc5351f9ef31
Moon Sujin,you,/musicalbums/you,260213,NW6olUR350I,single,ANVI,e086cea1-e784-4f04-998a-c06c5d48ce54
CORTIS,mention-me,/musicalbums/mention-me,260213,iGGxMGeJzmw,single,,b8b76ba7-b234-43d2-b632-8c85af34f176
TRENDZ,kart-racer,/musicalbums/kart-racer,260213,OeI0fQVSQLQ,single,Global H,e02e6e17-f280-4ade-a3e6-22e8a5704ad4
Owoon,painkiller,/musicalbums/painkiller,260213,7mRAVdvlBKI,mini_album,CYO,f44cef59-fda2-40cf-a0b7-01862edbe9ee
Sorn,call-it-what-you-want,/musicalbums/call-it-what-you-want,260213,C_aVIcSuWeM,single,WILD Group,8fa41629-13b0-4716-8da3-fcf2deb13daa
Triger,wake-up,/musicalbums/wake-up,260213,j5M8mX7qnLU,mini_album,DY Entertainment,ff07e468-033e-4dd4-9277-8cf3c0f79761
Triger,hope-japanese-ver,/musicalbums/hope-japanese-ver,260213,juXsUPN55GY,single,DY Entertainment,af94b8cd-c49f-40c6-9216-5b3a1f144a13
TMC,to-you,/musicalbums/to-you,260214,kDFYu3Kg_Xs,single,MyDoll Entertainment,f0cc1c43-0ea3-4d6c-a6d3-b15d02ea0604
Elo,you2,/musicalbums/you2,260214,ZgeH3GkD_U0,single,side/up,092e06e4-9ab2-4b18-8e99-945c0309ade2
Hayun,mystic-feat-hayun-of-primrose,/musicalbums/mystic-feat-hayun-of-primrose,260219,zR-t4yv1hOE,single,Kakao Entertainment,281b5584-cb84-44dd-85f9-0c7120babf48
Sik-k,stay-on-fire-feat-dean,/musicalbums/stay-on-fire-feat-dean,260219,icW0nFygkrM,single,KC,bc8fc30e-fbb5-4b82-9cf0-33c157a7f197
I.M,iywo,/musicalbums/iywo,260220,zHQTySJrNWw,single,CODA,89328adc-e2e9-4e39-82ef-e2935eec3d62
Eunkwang,no-tail-to-tell-pt7,/musicalbums/no-tail-to-tell-pt7,260220,icW0nFygkrM,ost,Studio S,07271d25-7055-438e-b57b-98f133cb34d2
X:IN,hyper,/musicalbums/hyper,260220,PoD9YBZR0O4,mini_album,BeBy Entertainment,75559a53-ab52-46f7-b861-267fdd3226c4
Hearts2Hearts,rude,/musicalbums/rude,260220,F7sGJVUrkjQ,single,SM Entertainment,177bbd5b-e34e-483c-b27d-dcb84e2dc1f7
Sungkyu,over-it,/musicalbums/over-it,260221,AdOaQpwYx0c,mini_album,Billions,34a0d73f-17f1-4d16-af23-51414cd6439e
NCT JNJM,both-sides1769878755640,/musicalbums/both-sides1769878755640,260223,Eyv7VNmNXNI,mini_album,SM Entertainment,d8803a7d-e697-4aec-998d-d4751b135872
IVE,revive-1769818167578,/musicalbums/revive-1769818167578,260223,9qkpcLK422o,studio,Starship Entertainment,2166a877-09a6-43b8-9b00-5997dfbbcda3
,both-sides-1769878755639,/musicalbums/both-sides-1769878755639,260223,,mini_album,SM Entertainment,9ae91abc-1903-450b-a9af-84d42c305eeb
DAILY:DIRECTION,firstdelivery,/musicalbums/firstdelivery,260223,8iWkRdIsT3U,single,OODWAVE Entertainment,b2180cfe-b195-46f3-8331-e354cf180e89
ChoCo1&2,choco-la-familia,/musicalbums/choco-la-familia,260224,pIfScZGDNsc,studio,ChoCo Entertainment,2b08b119-6234-493f-b024-c944e87989d7
gongwon,0,/musicalbums/0,260224,g0_qeo00XWs,ep,Archive Achim,0c1707fd-bdea-4d68-93c6-f7c574e86fa3
Sik-k,6seoul,/musicalbums/6seoul,260225,YsfsxpJaYSw,studio,KC,57087b8b-3b96-41da-a567-99707207646f
WJSN,bloom-hour,/musicalbums/bloom-hour,260225,ItvDjeiqdlE,single,Starship Entertainment,16a05d47-9901-4c63-8cdc-bffe8aa8d730
ONE PACT,1only,/musicalbums/1only,260226,C6--84TzxZc,ep,ARMADA Ent,2939889b-1aa0-49ac-bdce-1a376cb9236b
ASC2NT,still-i,/musicalbums/still-i,260226,n7AChRJK7tc,mini_album,NEWWAYS COMPANY,082331a3-884e-4dee-afe9-0e0418ee50af
NMIXX,tic-tic-feat-pabllo-vittar,/musicalbums/tic-tic-feat-pabllo-vittar,260226,VF5KiYpH-Pg,single,,9d8f5cd2-8adb-4683-a165-2534d715944c
Alexa,tongue-tied,/musicalbums/tongue-tied,260227,tWQei-65AGM,single,Sony Music Sweden,a99421c8-af2e-4a57-963e-1bceb412d3b2
MUU,hello-wonderland,/musicalbums/hello-wonderland,260228,yg-L2yCo9-I,single,Independent,9071497d-51b2-41fb-a18b-47d694677444
Sungkyu,off-the-map,/musicalbums/off-the-map,260302,AdOaQpwYx0c,mini_album,Double H TNE Records,fb3d58c5-51b4-47b3-b3c9-4e82016274d1
EVERGLOW,code,/musicalbums/code,260303,pe3EWBY7SIc,mini_album,CHXXTA Company,fb687027-5eb2-43bb-a6db-d8cddea8c0f2
TUNEXX,set-by-us-only,/musicalbums/set-by-us-only,260303,cQESe4Jc0rE,mini_album,IST Entertainment,6d7450d2-0876-4df8-9c38-8dcf2c41bc6b
Woodz,archive-1,/musicalbums/archive-1,260304,qFVQukLBlj0,studio,,2005619c-00a9-4e00-9460-4b4a182e3304
H1-KEY,love-chapter,/musicalbums/love-chapter,260305,izGJjwhCEaI,mini_album,Choi Creative Lab,c14f00f3-3e5a-42bb-b3d9-05a7afdc2968
ORORA,on-my-way,/musicalbums/on-my-way,260305,FucT66Sb6Zc,ep,Independent,b450cb10-40da-4d5b-a16a-ed7c39c2e74d
GIRLSET,tweak,/musicalbums/tweak,260306,xLNmyB1iCig,single,"JYP Entertainment, Republic Records",0d2ef7f0-2210-4319-97a4-15b05f96ac01
NouerA,pop-it-lke,/musicalbums/pop-it-lke,260309,FeU8m9YEVSY,mini_album,Nouer Entertainment,966710cd-4b2b-4299-948c-b9f6f7a28f28
Onew,tough-love,/musicalbums/tough-love,260309,9x1JkpHbHRk,mini_album,GRIFFIN Entertainment,b6684888-91b9-4a44-92e2-10994e02a415
Dragon Pony,run-run-run,/musicalbums/run-run-run,260310,iiHXtBLfMcw,ep,Antenna,80c287c4-0cbd-4502-a846-01dc9b94c7e6
AFuture,the-land-of-dreams,/musicalbums/the-land-of-dreams,260314,ud3ZuQQ1Zlo,single,4X4 Creative,f434737e-745e-43f2-9ecd-735943b7e116
AFuture,spring-shower,/musicalbums/spring-shower,260321,,single,4X4 Creative,8d362b95-5bc6-48dc-a943-571e42d46044
Hi-Fi Un!corn,first-move,/musicalbums/first-move,260325,NKh7ABN6iiM,studio,FNC Entertainment Japan Inc.,946bd229-fd6c-4fdf-b222-2ac5b954584e
,too-bad,/musicalbums/too-bad,260401,,ep,Epic Records Japan,6787b224-9ef3-498e-8080-180d6d3de29e
NiziU,good-girl-but-not-for-you,/musicalbums/good-girl-but-not-for-you,260401,yfnE6vi6jAk,ep,JYP Entertainment,5b28294c-c0aa-48be-b14b-2c38a65c07c0
fromis_9,like-you-better-japanese-ver,/musicalbums/like-you-better-japanese-ver,260401,,ep,ASND,8b339b14-67ea-40ef-aa1c-b08c3c319b50
&TEAM,we-on-fire,/musicalbums/we-on-fire,260421,,ep,YX Labels,1a2e3a91-f1c0-4a9c-94b7-5c03da1d41d1
Heca,nagging-me,/musicalbums/nagging-me,260105,hE4bqarpTx4,single,BrandTunes Ent,8cc45d15-afa4-456f-ad14-1fd6da0c99df
Rolling Quartz,romantist,/musicalbums/romantist,260128,rlKaNmMCew4,single,Rolling Star Entertainment,3275704c-e917-43fd-b7ee-6cb1b0bca5a6
NAVILLERA,no-limit,/musicalbums/no-limit,260203,hzNZlhOOh3s,single,Troy Entertainment,8ac4b438-1642-4432-a4bd-b4d4daa0b593
TWS,nice-to-see-you-again-korean-ver,/musicalbums/nice-to-see-you-again-korean-ver,260209,w7oZ9zoBemM,single,PLEDIS Entertainment,e987ab4d-8cab-4a6e-b717-9315f0ac41ec
MADEIN,girl-meets-boy,/musicalbums/girl-meets-boy,260209,yE6yETkVI3Q,single,143 Entertainment,04625b23-7ed3-44df-a0d5-973acab03fe4
Choi Yuree,early-spring,/musicalbums/early-spring,260222,ha7i16DoKQY,single,Nave,789237a2-6a6c-49c4-85f6-0860bddfde73
Ryu Minhee,polaris,/musicalbums/polaris,260222,IMQBEabuciY,single,Iron ENM,08ee0e6e-b957-4881-8b7f-a4933d7fd942
KHAN,albatross,/musicalbums/albatross,260223,D9y3xAgp6Qo,studio,Universal Music Group,5f48ea67-ddd3-42c4-bcee-250e5498b7c2
DK,return-of-the-blossoming-blade-pt5,/musicalbums/return-of-the-blossoming-blade-pt5,260223,XQYO8vicu5I,ost,"Brand New Music, STUDIO LICO",7718e8d2-5985-41a2-ab18-851de1bda32c
Yebit,traveler,/musicalbums/traveler,260224,U-G3tZXWgiY,single,Magic Strawberry Sound,e7c32d4e-17d9-429a-a0c3-4ef5c755d532
Parc Jae Jung,always,/musicalbums/always,260225,x6peEfIQVGE,single,Romantic Factory,57ed256c-7ce9-4bc3-8d22-cf96d230b891
AtHeart,shut-up,/musicalbums/shut-up,260226,NBJWOnYONx0,single,TITAN CONTENT,d765e777-316f-41ee-81bc-c015e1d47039
Big Naughty,between-cobalt-and-navy,/musicalbums/between-cobalt-and-navy,260226,ten6JjjGcH4,ep,H1GHR MUSIC,a8eb7016-0c5b-4c12-b155-df5add02898c
Jeena,flood,/musicalbums/flood,260227,4xH9MLD7bn0,single,Independent,ecffac5c-69cc-40f3-924e-549e47499652
aespa,keychain,/musicalbums/keychain,260227,ZEbmZ18UHbo,single,,1d15ca5f-7817-4a68-bed4-5e7174bf18cc
Sejun,pray-to-god,/musicalbums/pray-to-god,260302,RR7JKnCvKV8,single,,e87e49a2-c234-4c89-ba91-871ea71bcb10
ACE,bonita,/musicalbums/bonita,260310,KzxOtaHsQEQ,single,Independent,c665696c-55b6-4ad9-a056-9ef6f168ada8
AtHeart,butterfly-doors,/musicalbums/butterfly-doors,260311,ioK78YucIjc,single,TITAN CONTENT,a9dbe3ae-526a-48af-bdc4-760d4fce2f25
Yena,love-catcher,/musicalbums/love-catcher,260311,ItSKahBISg0,mini_album,YH Entertainment,39499214-1a35-421a-ba75-1208052d9265
Yena,love-catcher2,/musicalbums/love-catcher2,260311,,mini_album,Yue Hua Entertainment,8ba1276b-6fe6-44ac-b40a-16046ec1f3a1
ALL(H)OURS,no-doubt,/musicalbums/no-doubt,260316,4-ba6z64nlQ,mini_album,EDEN Entertainment,f08bddb5-ea63-48d0-9fda-800d849fb109
,persona-mm16c7g1,/musicalbums/persona-mm16c7g1,260103,_P7jeSQP1fY,single,,3c3ec198-010e-4704-a3f2-aa85cfe3cccd
,wish-mm16ggm9,/musicalbums/wish-mm16ggm9,260107,VMJZi579yRA,single,,2781e405-9d6b-4989-b755-95ba1d1f419a
,blue-mm16oobd,/musicalbums/blue-mm16oobd,260107,zSFmsS5ufDs,mini_album,,03946fa0-8963-469d-a8a1-8ac489555de7
,seoul-mm16nikp,/musicalbums/seoul-mm16nikp,260109,WZgam7x_ymU,studio,,4768474c-0731-4d50-b587-4cc55d446015
,dance-sped-up-mm16ncze,/musicalbums/dance-sped-up-mm16ncze,260110,wLjzdSye6Rg,single,,37719682-c132-49ad-9ecb-ce8c8d9b52c7
,starlight-mm16b95r,/musicalbums/starlight-mm16b95r,260110,j-KceXc9xYE,single,,dd0470fb-7323-4c90-81f2-1eafec1f970c
,serenade-mm16chr8,/musicalbums/serenade-mm16chr8,260112,C-6VN7S6QDc,mini_album,,b7ea242c-3572-4ba8-bbaa-35a8c918a3e9
,loosing-heart-veiled-musician-x-bol4-with-yeouido-dong-three-mm14u9dt,/musicalbums/loosing-heart-veiled-musician-x-bol4-with-yeouido-dong-three-mm14u9dt,260113,6PH4Kfjeuo8,single,,127cc02b-0223-4db0-8e20-408fa9f53eae
,suji-mm16pc7p,/musicalbums/suji-mm16pc7p,260114,Vj3zqFDToIM,studio,,5530a0bd-8f3f-4f1c-ad0d-bf0d5a3f4030
,ferris-wheel-mm1658mg,/musicalbums/ferris-wheel-mm1658mg,260114,KyRERlh3X28,single,,1f63b94b-fbf1-44b7-a3e1-1b91a14e88f0
,muffler-mm16ka7n,/musicalbums/muffler-mm16ka7n,260115,RV5_Y_f7u0k,single,,3c557d5f-4f79-4288-a1c7-8b13d7489622
,confetti-mm169y44,/musicalbums/confetti-mm169y44,260116,gOjG-70-D5o,single,,3997b56a-93ee-45c3-b676-f80192a2cdcc
,shinbis-haunted-house-10th-anniversary-movie-summon-once-mor-mm16sxns,/musicalbums/shinbis-haunted-house-10th-anniversary-movie-summon-once-mor-mm16sxns,260116,--O5u5ln6-8,ost,,9f3e6744-ce94-4ced-8e57-0ffadcd15eba
,grapefruit-mm16smny,/musicalbums/grapefruit-mm16smny,260117,3WT8A28JPnY,single,,167ae24b-34ac-4566-855f-e4a57406fdd1
,offline-mm16kxwy,/musicalbums/offline-mm16kxwy,260117,CuHBrVR5J7s,single,,323a53f1-4111-4db7-8b8f-ec656229a12a
,dead-stars-mm16um91,/musicalbums/dead-stars-mm16um91,260119,oz25mlh1OS0,single,,f443d1f0-01a0-4915-a926-0e38b82593f1
,alive-mm16901a,/musicalbums/alive-mm16901a,260120,i_05y4X_yF0,mini_album,,31cce814-3d92-4e07-875e-2a6a323e9afa
,forevermore-mm1683rt,/musicalbums/forevermore-mm1683rt,260120,4oktaGUvcTI,single,,759ed816-af38-4aec-952e-386b2afb0299
,origin-mm165aco,/musicalbums/origin-mm165aco,260120,_UQCWEp-8BQ,single,,f0128602-9a26-4d16-b05c-26b45e0b96f3
,talk-to-me-mm16haa0,/musicalbums/talk-to-me-mm16haa0,260121,be8G6WqvGn8,single,,c6c64a48-97dd-4a0d-a5c6-31310ee7ad0a
,project-y-original-motion-picture-soundtrack-mm14wh70,/musicalbums/project-y-original-motion-picture-soundtrack-mm14wh70,260121,SERjkTtiKe8,ost,,8bf98c53-09db-44fc-a012-83ce9e354763
,jumper-mm16nkd8,/musicalbums/jumper-mm16nkd8,260121,bIuQqKZge7c,single,,8cd62e76-024c-442a-a32f-1325f633061d
,nemonemo-japanese-ver--mm16jru5,/musicalbums/nemonemo-japanese-ver--mm16jru5,260121,j-lMql36j8c,single,,31491d4f-8b5b-4c57-a198-33623d3acbd8
,obsession-mm16fhja,/musicalbums/obsession-mm16fhja,260122,_zHsVAmk3kI,single,,a66a2af8-37f3-4d76-9611-0a20a92bbf94
,choose-mm16np96,/musicalbums/choose-mm16np96,260123,IOLNzfBSeBA,studio,,19846c55-1a36-476c-9125-c22ae45ee465
,roses-mm16ab62,/musicalbums/roses-mm16ab62,260123,JUeZL0TyT3I,single,,b717c80f-40e1-417d-a6e1-ddbb50777cac
,starlight-glaze-mm16joxk,/musicalbums/starlight-glaze-mm16joxk,260124,zmAs8oS3_bw,single,,29ed5479-8721-4d3e-bb30-8d6bcfdc576d
,marigold-mm16nyn2,/musicalbums/marigold-mm16nyn2,260125,QwZz22c7GqE,mini_album,,7383d95c-fb84-432b-adee-d65eb527fee9
,always-mm16i9wi,/musicalbums/always-mm16i9wi,260126,2tSb1qUnOy0,single,,1e6f153c-7115-4294-8516-7191f47e1781
,cloud-palace-false-awakening-mm1678df,/musicalbums/cloud-palace-false-awakening-mm1678df,260127,LWCQQVqKGbU,single,,8b7c0cdc-9e1e-43d8-a1b7-4dc80cdd1e32
,rg-mm16r71d,/musicalbums/rg-mm16r71d,260128,unlgFDu7-pA,studio,,d52dea75-e38f-488a-9775-3103c3ab6b59
,forever-mine-mm16gbd5,/musicalbums/forever-mine-mm16gbd5,260129,bAENPpwyOU4,single,,aa8a7cf8-60ac-4085-9205-468e709d1820
,run-with-me-mm16hatm,/musicalbums/run-with-me-mm16hatm,260129,2M65XQn-2Pk,single,,d3ebaf8e-1e2b-47f7-9a78-d1e2c84ae26a
,never-meant-to-be-mm16exfs,/musicalbums/never-meant-to-be-mm16exfs,260129,77IbsMVWyuQ,mini_album,,cd78da2e-f2ed-48eb-9d83-6a7d81c4643d
,tired-of-falling-in-love-mm16kbsl,/musicalbums/tired-of-falling-in-love-mm16kbsl,260129,zmAedelGSu0,single,,a25e2a81-f7f7-4c3f-af06-545163ba24de
,no-tail-to-tell-pt4-mm16kh4u,/musicalbums/no-tail-to-tell-pt4-mm16kh4u,260130,lyQeRW9_D64,ost,,276205dd-1578-46e5-98da-d7a15b67a304
,like-the-movies-mm16gh7w,/musicalbums/like-the-movies-mm16gh7w,260130,FG2BQp9oRik,single,,aba43b16-d660-4346-a2c3-9e4300f3951a
,flower-mm16uakk,/musicalbums/flower-mm16uakk,260130,3NqKXg2gxcc,single,,476e041d-baab-479c-9bc0-92ac97311662
,a-love-just-for-you-mm16i37p,/musicalbums/a-love-just-for-you-mm16i37p,260201,M77LOyP41N8,single,,8bc738f9-e3fd-4c00-8704-6bc674d979cc
,narcissist-mm16e8qq,/musicalbums/narcissist-mm16e8qq,260202,KQfAQ-fHFCc,single,,15d12bd1-c618-45a2-9a6c-6e3590182403
,4study-4work-4inst-vol3-mm169rfc,/musicalbums/4study-4work-4inst-vol3-mm169rfc,260202,S15aSoTZT2g,studio,,33268d8c-a5f1-4bc5-bd5d-409f8f27859e
,sub-character-mm16jeug,/musicalbums/sub-character-mm16jeug,260202,,studio,,5ec4dc7c-250a-4e38-80fa-a28cbaac3940
,loved-up-mm16qmbw,/musicalbums/loved-up-mm16qmbw,260202,lp8Y7q9yr74,single,,c8beded2-3d61-4f64-aa58-01e739b97ba8
,lovex-mm16okiv,/musicalbums/lovex-mm16okiv,260202,hoep54xEUeU,mini_album,,48e8acfb-269e-4124-9135-1c924c1f2ef8
,seasonal-crime-mm16jer0,/musicalbums/seasonal-crime-mm16jer0,260202,jkdx9PaVKe0,single,,117c227e-38a4-4c46-bb7d-0b6d1d3288b8
,red-line-mm169eus,/musicalbums/red-line-mm169eus,260203,WMgKm01lr2M,mini_album,,f6382a52-b922-4a7b-8502-83310b7fe1e7
,2324-mm16owzb,/musicalbums/2324-mm16owzb,260203,gfXAQnuIW_M,studio,,862ec7cb-ed52-4d0a-8b76-04d837faaaf4
,parrot-mm14w53y,/musicalbums/parrot-mm14w53y,260203,6uFgNS9hCiU,single,,503cee6a-bde9-4055-89f7-1f1fee00e051
,yin-and-yang-feat-dean-penomeco-fanxy-child-ver-mm14wxpv,/musicalbums/yin-and-yang-feat-dean-penomeco-fanxy-child-ver-mm14wxpv,260204,oyXx7MDqZ-Q,single,,6ad40bf4-b4ef-436c-b744-1e28b289862f
,the-void-mm16q7tv,/musicalbums/the-void-mm16q7tv,260204,7Nm3ZFOlKik,single,,596ca29c-4ab1-4f7d-b52b-b3ea560b079f
,flip-flap-mm16p7id,/musicalbums/flip-flap-mm16p7id,260204,CRf5qcPd5a0,single,,728b0323-40f6-4c46-aff6-9a1fbb68c4f9
,tokimetique-mm16bjkf,/musicalbums/tokimetique-mm16bjkf,260205,CTrgQ1U0EKA,single,,c2caba6e-aecb-4c33-994b-d4eed5a39e8a
Roh Yun Ha,sonogram,/musicalbums/sonogram,260205,kaJjuLHg0JU,studio,Mine Field,bb9cc6b6-10dc-436b-bc7c-26442c328913
,collection-of-props-vol-2-mm16thku,/musicalbums/collection-of-props-vol-2-mm16thku,260205,bRzo1UMw7YI,mini_album,,a9e1a896-1e37-4e71-97e3-67422bed3394
,i-am-solo-pt2-mm16eel5,/musicalbums/i-am-solo-pt2-mm16eel5,260205,npOGe6j5V9E,ost,,41e5cdb6-5de7-493e-a24a-730c7354ca4d
,dracula-remix-mm14vo2o,/musicalbums/dracula-remix-mm14vo2o,260206,0UPDBODtxzw,single,,22e58d1e-a18e-4ed6-89f3-47697324d7ff
,home-mm16ccpe,/musicalbums/home-mm16ccpe,260206,WLcuwy8wx80,mini_album,,015a36d4-2ab0-4034-914c-52cfec7c66f3
,rumble-mm16uio8,/musicalbums/rumble-mm16uio8,260206,0JKI59x_fZo,single,,1a5786ec-a833-4072-8251-d24233687859
,memories-mm16id9d,/musicalbums/memories-mm16id9d,260206,JC4UOrmdNZY,single,,94ca1836-7dab-47ce-a625-b7ce7c283fc3
,growing-pains-mm14ug3s,/musicalbums/growing-pains-mm14ug3s,260206,tUHmmMqV7pI,single,,9b40abe0-a673-43b1-aaaf-3a7cecbe90a7
,love-before-me-mm16gb9o,/musicalbums/love-before-me-mm16gb9o,260212,aZF-sSghjmw,mini_album,,62c89e6b-2a3b-4b7a-a960-c9733aa4da90
,lunod-mm16afv9,/musicalbums/lunod-mm16afv9,260213,5zW4P_WpJ-U,single,,338978c5-37ef-45ca-a3c1-97cc174c46ea
Sullyoon,always2,/musicalbums/always2,260225,x6peEfIQVGE,single,"Romantic Factory, JYP Entertainment",6159b07f-e44a-4875-94a2-926ba37936f1
Kep1er,i-stay-from-ne-zha-2,/musicalbums/i-stay-from-ne-zha-2,260225,sj0eG4iaJFw,ost,"Nextshin Co., Ltd.",de1a9eb6-5d10-4cac-8b2a-be388783d4e2
Bassagong,real-mc,/musicalbums/real-mc,260225,aCX2F0R5q9w,studio,BADTHANGS,8dc41268-0438-4f63-ae40-de3add7295e9
RESCENE,busy-boy,/musicalbums/busy-boy,260227,ewubELWBMaE,single,THE MUZE Entertainment,bc2562bd-70b4-4d8e-893f-05d0e855313b
Sweden Laundry,wasting-love,/musicalbums/wasting-love,260228,v2bg-clO174,single,Independent,f1ff1ac1-1d0a-446e-94a8-61d43640b098
,the-greatest-battle-mm16bdjh,/musicalbums/the-greatest-battle-mm16bdjh,260303,HM7UMkgHPC4,mini_album,,3f9d627e-fea3-4d58-a03b-510bf2045d15
DeVita,the-tree-is-burning,/musicalbums/the-tree-is-burning,260304,9FEfUCWI5Jw,studio,,9344acb5-e00e-4149-92bc-4f4c5185b62d
,archive1-mm16heop,/musicalbums/archive1-mm16heop,260304,,studio,,2c3ac6de-fad0-48e0-b86c-64c51078745c
In A Minute,who-do-you-love-i-need-you,/musicalbums/who-do-you-love-i-need-you,260311,8_6UqnEjSU0,single,JWin Entertainment,120b4b82-7cc7-4361-8653-818dfa5289b1
SKINZ,skinz-is-skinz,/musicalbums/skinz-is-skinz,260311,9MSkAK58J7I,mini_album,Bridge Entertainment,e141f224-9147-4c4b-8ca9-5b5e65929109
ODD YOUTH,babyface,/musicalbums/babyface,260312,_BzRriQWPwc,single,TOP Media,d097ea81-483c-4db7-9aa1-42a6dfcbbbc6
,fell-in-a-second-mm16c5th,/musicalbums/fell-in-a-second-mm16c5th,260318,,single,,6dc1d8d5-2166-4e1f-a0bf-e1a7b7096912
,too-bad-mm168chp,/musicalbums/too-bad-mm168chp,260401,,mini_album,,0af53419-53cd-416b-a58a-e558ba60e065
IITERNITI,im-real,/musicalbums/im-real,260227,XQMg8-Ku3JI,single,Pulse9,122b4389-762b-48cc-a7db-e4f2d0c9c88f
Solar,your-own-star,/musicalbums/your-own-star,260309,RcU8cCdhNp4,single,,6a396ae3-c370-41fa-a287-d8e49c512ebf
P1Harmony,unique,/musicalbums/unique,260312,m18dRRu9-V4,mini_album,FNC Entertainment,e11a198e-7e48-4917-8641-5d47947116da
MY:RAKL,wish-upon-the-stars1769878745208,/musicalbums/wish-upon-the-stars1769878745208,260126,-xw1nTIH50I,single,Accorde Entertainment,7bc97c76-2e42-4524-83c5-cfc88e51249b
SongSun,muted,/musicalbums/muted,260225,mRjqyekF46Y,single,JJ Music Group,85e1c228-a281-4422-b74f-c23b7f769018
QQQ,qtoresq,/musicalbums/qtoresq,260226,xSM4nToXTj4,mini_album,Universal Music Group,e68e433e-964b-44a2-9fcc-7c7ed89ba516
Lavin,animated,/musicalbums/animated,260226,jBSuAbstfEA,ep,PAN Entertainment,9f0932a2-b8a8-42d3-90e8-a3ffe1fb8236
MY:RAKL,salad-days,/musicalbums/salad-days,260226,HkzNJOpraaY,single,Accorde Entertainment,c9c75e8d-ba18-4c6a-9077-e856e9f64e58
Wendy,emotions,/musicalbums/emotions,260227,dpwoihsh5o0,single,"Danal Entertainment, Devine Channel",2ae9a12f-1278-4d9a-9aa1-04d767f3e374
AB6IX,so-sweet-0522,/musicalbums/so-sweet-0522,260227,v2QsMYk0E-g,single,BRAND NEW MUSIC,d03231f5-0e0f-447c-a9eb-4858454ee756
M.O.N.T,keep-it-slow,/musicalbums/keep-it-slow,260312,uCfhl1g-Ndw,single,FM Entertainment,1f7f07bc-f482-4802-8d10-99aef0045bba
Yeoeun,cant-erase-you2,/musicalbums/cant-erase-you2,260216,YawOgI0Ha-c,single,Seeing Forest Entertainment,ec621a8d-d1af-4747-adba-74446ebd5944
Yunsae,forevermore2,/musicalbums/forevermore2,260227,HQsLcakiWXo,single,FAM,ba810548-aae8-4c63-aa90-c8e2a6422181
Yeoeun,i-called-you-every-day,/musicalbums/i-called-you-every-day,260227,AEpCP4mHIVM,single,Yogurt Studio,0f661c11-73b2-4360-b523-7b4d81ecc6b2
Xooos,pop-pop,/musicalbums/pop-pop,260227,VtudVe3Evlg,single,EMA Recordings,2e617eac-00bf-46a7-91bc-70ac8ef9e494
Lee Young-ji,robot,/musicalbums/robot,260228,dnL8tAmkZaU,single,MAINSTREAM,95ec08cb-5c09-413a-a479-7e4b8dea0ce2
Youngjae,the-practical-guide-to-love-pt1,/musicalbums/the-practical-guide-to-love-pt1,260301,7nXd6qAFHRY,ost,SLL,6f686050-cee3-4615-970f-41f3525a2f53
Bang Yedam,in-your-radiant-season-pt4,/musicalbums/in-your-radiant-season-pt4,260301,Qw0GfFo_Rxw,ost,MUSIC&NEW,43b25692-e44e-4393-8df4-f829346bf284
idntt,all-i-need2,/musicalbums/all-i-need2,260211,OGGGnYS_wZI,single,MODHAUS,3313dadd-d997-47f6-85f1-c41e2477d613
Toil,jebi,/musicalbums/jebi,260216,wO3A4sgFVKk,single,"Daytona Entertainment, PYRAT, Choi Seong",c8cc8ed5-e04e-42f1-b649-c1808ffee22f
Yeoeun,are-we-breaking-up,/musicalbums/are-we-breaking-up,260302,_o7mLf4oVkY,single,Forest Watching Entertainment,74df5840-4c7d-4b77-bffc-4567bf11484f
M1nu,on-my-way2,/musicalbums/on-my-way2,260302,cz3nrT-wxO4,single,THE EYE Entertainment,b9a9fdfb-4459-4896-a433-f938a4d5b838
Gavy NJ,the-gavy-nj-ii,/musicalbums/the-gavy-nj-ii,260303,RiWbMezuiCs,single,DSP Media,1341c027-d54d-42c8-8eca-672cf8519c23
Jihan,you-loved-me-first,/musicalbums/you-loved-me-first,260304,ISOI-3n4_ac,single,,d35c3a68-a56f-4167-8646-178032c9ef22
Yuna,ice-cream,/musicalbums/ice-cream,260323,,mini_album,JYP Entertainment,2c78c385-eee0-4e87-8d83-07252f735593
Yuna,ice-cream2,/musicalbums/ice-cream2,260323,,studio,JYP Entertainment,285bd61b-4f2c-49fc-b4b1-cd275bb5ed90
Yuna,ice-cream3,/musicalbums/ice-cream3,260323,,ep,JYP Entertainment,d70564b8-87ec-42ce-bcbd-a12afed5054e
ARISE,reboot2,/musicalbums/reboot2,260326,,single,BY-U Entertainment,e8f4f387-056c-4c03-be78-cb98bc98038e
Yuna,ice-cream-remixes,/musicalbums/ice-cream-remixes,260327,,single,JYP Entertainment,ac941c55-002e-4988-96ef-fe22e1368697
TXT,7th-year-a-moment-of-stillness-in-the-thorns,/musicalbums/7th-year-a-moment-of-stillness-in-the-thorns,260413,,mini_album,BigHit Music,07a6c06a-b669-4f86-938c-4c45db705096
NELL,x-3,/musicalbums/x-3,260302,AyQ2g0t8y1A,mini_album,Space Bohemian,b79ac2c6-4008-401e-85e7-cd8a08b12878
B.I,buzzin-feat-coogie-gray,/musicalbums/buzzin-feat-coogie-gray,260302,_8PYDtiaVmk,single,131,57d0aad4-034a-4476-84c3-f0b99813188a
Yeojin,lv1,/musicalbums/lv1,260310,Wy4DRb1KfJ0,single,MUMW Official,bed0ad41-2bf7-4ec1-9226-5972666262f8
MONSTA X,unfold,/musicalbums/unfold,260403,,studio,"Starship Entertainment, BMG Rights Management (US) LLC",a7e7b0ec-c0ce-4d65-8afa-01082c9161e3
KIMMUSEUM,sad-1er-cru-after-everything-is-love,/musicalbums/sad-1er-cru-after-everything-is-love,260304,toz3MmGkypg,single,008 AIRLINE,c728bbed-d433-41e7-8c59-a1adfed06b13
NOWZ,nowz,/musicalbums/nowz,260304,4W7qezZKB6g,ep,Cube Entertainment,2d7a3ca0-dec5-4b9b-9227-e6c3494dc858
Baby DONT Cry,after-cry,/musicalbums/after-cry,260324,ejbFkYmX7kg,mini_album,P NATION,3ab5a336-ea04-471e-abbb-9e44f09a4fb8
Moonbyul,rev,/musicalbums/rev,260325,,single,RBW Entertainment,bc78d4d4-60c2-4be8-89c9-8d19606cf232
SEVENTEEN,tiny-light,/musicalbums/tiny-light,260304,H81NsniDjTk,ost,Pledis Entertainment,c870b0ce-58ef-41db-9279-e4c767a44964
Minseo,deep-dawn,/musicalbums/deep-dawn,260305,flC0Ajafv8Q,single,A-Side Company,1c58ac81-57d8-4d61-8170-be2f8d0d667a
YeoJin,lv12,/musicalbums/lv12,260310,,single,MUMW,1111a040-c515-4087-b976-f66c77a2b02f
Baby DONT Cry,shapeshifter,/musicalbums/shapeshifter,260311,ejbFkYmX7kg,single,P NATION,82491177-4a2b-4441-bfb1-a75a78107b41
LATENCY,late-o-clock,/musicalbums/late-o-clock,260318,qPWlHgx_Oc0,mini_album,Ordinary Records,28d6a44c-c60f-4903-a9f7-dc12841ac72f
So Soo Bin,every2,/musicalbums/every2,260326,,single,Camwus,1fb02e0e-587b-4384-9230-9e9b045adc46
Jennie,ruby-the-complete-collection,/musicalbums/ruby-the-complete-collection,260306,Kh0IYZS9nXU,repackage,"Columbia Records, OA",7407f1a8-2fe0-40de-ae43-10e279c5a28d
,boyfriend-on-demand-pt1,/musicalbums/boyfriend-on-demand-pt1,260306,iAhWq2jVRH4,ost,"Netflix Music, LLC",8fbe367b-a516-4c89-b095-9beaa790e5eb
aespa,attitude,/musicalbums/attitude,260306,nMwSsHkjmfk,single,"Warner Music Japan, SM Entertainment",74dd4142-6dbe-414e-809d-d3ca2fd9ecba
Jeong Sewoon,still-shining-pt1,/musicalbums/still-shining-pt1,260306,wPvQXbgxJqk,ost,SLL,f3512850-3ca9-477c-9beb-614d9e972fb7
Blue.D,perfect-love-feat-beo,/musicalbums/perfect-love-feat-beo,260306,0K6tjifZzU4,single,"EW Entertainment, ONGRAY",380add19-e81e-4aad-b77c-03b5e1011f81
E'LAST,tame,/musicalbums/tame,260310,pJ9voGp361g,single,E Entertainment,05a3094e-c059-4fff-b2d9-ac8993c60a08
Jinsol,from-sagittarius,/musicalbums/from-sagittarius,260318,3yjLE7Z_lDs,single,,9d9e762d-7afa-4cca-8342-75b1e0733dba
Yuna,ice-cream4,/musicalbums/ice-cream4,260323,,mini_album,JYP Entertainment,0fd5798c-1f42-4ae8-9294-e5463188f91f
CORTIS,greengreen,/musicalbums/greengreen,260504,,mini_album,BigHit Music,43f9d50d-214e-40f3-a432-05a3c9b6b8c9
FIVE O ONE,set-it-off,/musicalbums/set-it-off,260307,R57IaRgtQ_g,mini_album,HENECIA,fc116bd0-56d3-441b-8b95-4beddb4a7b18
KickFlip,twenty2,/musicalbums/twenty2,260309,Gt0wRAFpwvg,single,JYP Entertainment,e18b20dd-4971-4df1-b088-54f6e5942e25
KickFlip,my-first-kick,/musicalbums/my-first-kick,260406,Gt0wRAFpwvg,mini_album,JYP Entertainment,b77d7286-b572-4541-a82f-103eb7d3dd2a
Kubin,good-high,/musicalbums/good-high,260225,RIjrFfKehis,single,Recreative,410f3179-46bf-4ae1-a64c-7d1fa9b0eb89
Rolling Quartz,red-hot,/musicalbums/red-hot,260305,6J7K9Wi8uJ4,mini_album,Rolling Star Entertainment,7b484c7a-3673-4e7a-b494-0c356481a284
Boran,delulu,/musicalbums/delulu,260307,,ep,Independent,ea8ca1a8-35f8-45e7-ad55-9dae6b4244bf
S2iT,what-i-want,/musicalbums/what-i-want,260314,61MUBevD2KM,single,Monster Brain,d1b86243-c574-4aa7-9456-664d05d24963
CHASER,route-01-burning-point,/musicalbums/route-01-burning-point,260225,nXrQR-Tc_H4,mini_album,Howling Entertainment,26364d7c-03f9-45d1-9dba-e48a3d7f1f05
SUCTION,still-hurts,/musicalbums/still-hurts,260305,qwmNcmuXMVA,single,"Rickove Co., Ltd",eeb3e53b-911a-4f3c-95a6-2ee1c87dceea
GIRLSET,tweak-singles,/musicalbums/tweak-singles,260309,xLNmyB1iCig,single,JYP Entertainment,adef2731-c096-4e32-925c-46a314ae789c
ALLDAY PROJECT,i-dont-bargin,/musicalbums/i-dont-bargin,260309,LHUMzyMq084,single,THE BLACK LABEL,a9632203-491e-4ff3-bf9f-abf8025adce9
GEMINI,aa-alone-again,/musicalbums/aa-alone-again,260313,ROsltpV-JIE,single,AT AREA,fb5582f7-7e8b-4cfe-9940-4c28888e0e01
izna,love-all,/musicalbums/love-all,260316,RyDxz9qlhA8,single,WAKEONE,bd9fe4db-694e-42f1-a788-0679fa021234
ITZY,ice-cream5,/musicalbums/ice-cream5,260323,,mini_album,JYP Entertainment,74e82ea1-e5d3-4083-bf06-3d6a3709bb13
Irene,biggest-fan,/musicalbums/biggest-fan,260330,,studio,SM Entertainment,ac9bcb2e-de93-44e1-9e47-e7f3c713f270
Kep1er,crack-code,/musicalbums/crack-code,260331,,mini_album,"WAKEONE, KLAP Entertainment",14c0011c-7f87-423b-8a9a-21c05f9e274b
aoen,instant-crush,/musicalbums/instant-crush,260309,DzV97MXTZx8,single,JCONIC,3398cf1d-8303-447e-ae21-f58d5985c846
,maze,/musicalbums/maze,260212,h9roFEJv1sI,single,,a2a1627c-247a-4632-a634-f4b6b3eb078b
Hyunsik,sirens-kiss,/musicalbums/sirens-kiss,260310,MW-oLdhz8aI,ost,NHN Bugs,cc9bf110-1846-44a3-a8d4-1cd850d24d96
CAMO,tell-me2,/musicalbums/tell-me2,260310,8y3QgANqDz8,single,502,c9b70d59-15f8-4e4c-bca1-49b0fbaf38cd
Don Malik,ambition-310,/musicalbums/ambition-310,260310,0cLcsKaoXew,single,AMBITION MUSIK,cffbc0fb-767b-422a-ba9e-619c3482e9ac
CMDM,leash,/musicalbums/leash,260310,JnNeRXpzf6A,single,COMMAND THE-M Entertainment,eb294cb0-b1c8-4206-9c9f-00e9211d762e
THE HRTZ,the-first-wave,/musicalbums/the-first-wave,260408,,mini_album,Kakao Entertainment,ae7a5361-0698-4f80-b92c-ac07a87994eb
RED OOPART,3-min-flavor,/musicalbums/3-min-flavor,260310,cNVN9zUZTFU,mini_album,LCH Entertainment,49f74279-1653-4a92-866d-61579d082d50
Woo Yerin,the-lost-thread,/musicalbums/the-lost-thread,260311,yMzkPaFuXAc,single,"Ruby Records Co., Ltd",cbe66dc4-ad27-4cb9-8ce5-8f6b7b5b07f4
V01D,012,/musicalbums/012,260311,6j5dWsWh88s,mini_album,IX Entertainment,dfc979a1-0cf3-4a57-b763-7a7001f75854
Trade L,emoji,/musicalbums/emoji,260312,FF5oFEcF-xY,single,TRADE L,130285c0-4d1f-4585-8d05-93a35c4569c1
ODEE,pipe-down,/musicalbums/pipe-down,260312,KbD9w7oMXLw,single,"ODEE, POCLANOS",dfe5e5b6-216e-4c11-8875-f1b819bf5f97
RESCENE,busy-boy-galantis-remix,/musicalbums/busy-boy-galantis-remix,260312,tSCde4Aa2lg,single,"Aria, PIG Entertainment",d974f00b-5c01-4e15-9669-0f9edad81041
BTOB,we-together,/musicalbums/we-together,260321,,single,BTOB Company,fac14ec9-4376-407b-a88d-a32908bf4c1e
Haneum,daydream2,/musicalbums/daydream2,260330,,ep,ES Nation,da60c08e-9ee6-4f37-b57e-e26cb5d427d2
Wonpil,unpiltered,/musicalbums/unpiltered,260330,,mini_album,JYP Entertainment,5ece4acb-d016-4d61-9cfd-64a5407156cf
,2026-sub-character-2,/musicalbums/2026-Sub-Character-2,260202,,studio,,5ec4dc7c-250a-4e38-80fa-a28cbaac3940
,2026-both-sides-2,/musicalbums/2026-BOTH-SIDES-2,260223,,mini_album,SM Entertainment,9ae91abc-1903-450b-a9af-84d42c305eeb
,2026-archive1,/musicalbums/2026-Archive1,260304,,studio,,2c3ac6de-fad0-48e0-b86c-64c51078745c
JEY,2026-if-you-do,/musicalbums/2026-if-you-do,260313,tk-63EQaVLI,single,ALFHA,d3a59ba3-0643-4bbc-9111-294d5fd02c52
Sole,2026-still-shining-pt3,/musicalbums/2026-still-shining-pt3,260313,pWhZYfgc0IM,ost,SLL,d7aac7f8-d175-49ab-b126-0ea5df610486
Crucial Star,2026-radish,/musicalbums/2026-radish,260313,nQGFMWcSgQg,single,RATEL,5b84720c-1a80-4d46-89bf-a05bb1821b33
Stray Kids,2026-endless-sun,/musicalbums/2026-endless-sun,260313,F-QSLxAyFes,single,JYP Entertainment,d8013b57-399a-4ba0-8f16-433e83c05dd6
Hearts2Hearts,2026-rude-japanese-ver,/musicalbums/2026-rude-japanese-ver,260318,r13VjeHj8z0,single,SM Entertainment,1bc9d1f7-11f7-44bc-8788-0605ff3ad833
SF9,2026-about-love,/musicalbums/2026-about-love,260325,TUHZKn78E5I,mini_album,FNC Entertainment,b589c3b0-7ea0-4df0-b951-ba5df3ee9eac
Kangmin,2026-free-falling,/musicalbums/2026-free-falling,260326,VS5tx9LrLo0,single,Jellyfish Entertainment,5b8ccc76-1e4d-4f4e-9cf7-47b9a5942532
Hoshi,2026-baby-honey,/musicalbums/2026-baby-honey,260314,ScdULYbnjOs,single,PLEDIS Entertainment,251229fb-b705-4ae7-ad84-b6a8da268078
Yeoeun,2026-all-i-love-is-you,/musicalbums/2026-all-i-love-is-you,260314,2v_b0rBgr1s,single,SOOP Entertainment,c3368fc1-358e-42f7-8413-eb10e72dc03a
,2026-stomachache,/musicalbums/2026-stomachache,260315,zwOCGLpKC_M,single,WJY,b16fb7e5-85fd-49e9-91fb-b4406c586804
2NB,2026-cocktail-love,/musicalbums/2026-cocktail-love,260315,zjENKAVRrcs,single,Donuts Culture,b7cbdce7-0908-424c-88a4-da868c1a9134
Ryu Minhee,2026-alone-in-goodbye,/musicalbums/2026-alone-in-goodbye,260315,sAGD0C8nuOk,single,Iron ENM,d9f30378-2912-4c78-a555-2600b02a2810
Zia,2026-please-love-her-please-love-him,/musicalbums/2026-please-love-her-please-love-him,260315,-RUZUakN4nI,single,"FlexM, HNS HQ",a6c2f9e6-6a57-4e3e-9a3a-25edac14a377
N.TOP,2026-wedisconnect-find,/musicalbums/2026-wedisconnect-find,260315,YIjvuYeaiZQ,single,NYH Entertainment,ffa7e056-dfe7-420c-b700-a8c073f8a77d
siso,2026-1972,/musicalbums/2026-1972,260315,DwhQzQigrw0,single,Beautiful Noise,141dd353-47fd-4705-adec-c25b08da829f
,2026-sirens-kiss-pt3,/musicalbums/2026-sirens-kiss-pt3,260316,dLGfgnA7f68,ost,Most Contents,64621693-e099-42a0-ac03-aabe799f2488
AB6IX,2026-seven-crimson-horizon,/musicalbums/2026-seven-crimson-horizon,260316,pZxrtHizb98,studio,Brand New Music,126a092a-296b-40d8-b92e-ff11e29859b4
Lee Hyori,2026-mongle-mongle-mongle-ost,/musicalbums/2026-mongle-mongle-mongle-ost,260316,8nBgDvhZdTU,ost,Antenna,ec01cad1-11bc-4a0b-ae24-865296bd9a50
Yi Chaebin,2026-lazy-sunday,/musicalbums/2026-lazy-sunday,260318,YgcyK6x1ZvU,single,Independent,7c8f380b-7956-4598-bc15-4fdeb9666cfc
ILLIT,2026-its-me,/musicalbums/2026-its-me,260430,bMhDJ0S0OBA,mini_album,Belift Lab,5c1936bf-495c-4a6e-8b7f-aee250491757
DD!,2026-meet-me-at-forever,/musicalbums/2026-meet-me-at-forever,260316,8uV7o3STxhc,mini_album,"DD!, akin music",fc29e5c9-0169-43e5-b6d3-3aa58f63429d
,2026-lowkey-us-vol1,/musicalbums/2026-lowkey-us-vol1,260317,971SdN1aojk,single,LibertaENM,a77e5bd7-326c-479e-b0fc-2649295d8ff2
fromis_9,2026-boyfriend-on-demand-pt2,/musicalbums/2026-boyfriend-on-demand-pt2,260317,C9OxiWmYSyM,ost,Netflix Music,35502069-6a13-43f3-9c0b-59b9793cc3c2
SongSun,2026-prism-of-love,/musicalbums/2026-prism-of-love,260317,mI88XaC5DiU,single,FREQ,aee0b173-ddf6-41cf-81f6-881f6b4a0d5f
KISS OF LIFE,2026-who-is-she,/musicalbums/2026-who-is-she,260406,,single,S2 Entertainment,9bb243a8-16d1-4f58-ae47-d061044f3894
Minnie,2026-sirens-kiss-ost-part3,/musicalbums/2026-sirens-kiss-ost-part3,260316,,ost,Most Contents,29f74cea-4f2e-48d5-8a5a-15e05db28848
Soyeon,2026-ill-sing-to-you,/musicalbums/2026-ill-sing-to-you,260318,QPp3WTt0ivM,single,Vin Music,24efafea-1818-4799-9314-2369956074c8
RYUL,2026-problem,/musicalbums/2026-problem,260318,qd-CuEYh6lw,single,Cosm,75855210-ff38-454a-b4b1-d278ed3d375e
Dohoon,2026-you-like-it-i-love-it,/musicalbums/2026-you-like-it-i-love-it,260323,,single,,9f57f8e5-542b-495f-bb26-a16d65627fd5
STRITZ,2026-hope-we-got-this,/musicalbums/2026-hope-we-got-this,260317,Y8aqyy0kpHA,single,BS Production,768eee2a-2dff-4240-9918-83015a465202
AmbiO,2026-boys-be-ambitious,/musicalbums/2026-boys-be-ambitious,260318,2SHkpzwi_-o,mini_album,E Entertainment,ca5ca401-3a5a-494f-8695-9bd8322d777f
PATEKO,2026-patek-on-wine-vol-15,/musicalbums/2026-patek-on-wine-vol-15,260319,E9PARNJYNM0,mini_album,side/up,0bca908e-cb65-4cb6-9f21-d628b30cb64e
Hyoyeon,2026-moveurbody,/musicalbums/2026-moveurbody,260323,8a90HBQs3FU,single,SM Entertainment,69353c77-00d7-4696-bbb9-f56df0827c42
Stray Kids,2026-stay2,/musicalbums/2026-stay2,260325,swuhhziz3dM,single,JYP Entertainment,a812e44d-d31a-4922-9ef1-00d52da2eb16
KISS OF LIFE,2026-who-is-she2,/musicalbums/2026-who-is-she2,260406,ygYPwsjyCzQ,single,S2 Entertainment,66ba7e3f-5f04-4dfc-a207-aef8e5d92a2b
MODYSSEY,2026-1-got-hooked-an-addictive-symphony,/musicalbums/2026-1-got-hooked-an-addictive-symphony,260413,kK4kGeB5mQs,studio,"Onecead, JYP Entertainment (JYP China)",e6cdf72c-b5fc-4cf0-86dc-fe3450e193d3
PLAVE,2026-caligo-pt2,/musicalbums/2026-caligo-pt2,260413,K-F7906Jq9U,mini_album,VLAST,299296d0-6c1f-4cec-8ef0-61410089d07b
MYNAME,2026-reblue,/musicalbums/2026-reblue,260429,y2_dysO89B0,mini_album,musicaroma,12d17761-7830-4ecd-9685-60c81a32f936
Beadyo,2026-,/musicalbums/2026-,260201,pkea5SglAHg,single,피플리 공방,53813313-00dd-4573-8a72-037321e08a1f
Boran,2026-delulu,/musicalbums/2026-delulu,260307,,ep,Independent,ea8ca1a8-35f8-45e7-ad55-9dae6b4244bf
Seok Matthew,2026-curtain-up-class-ost-pt2,/musicalbums/2026-curtain-up-class-ost-pt2,260308,pFKNeC5-MiM,ost,"Stone Music Entertainment, CJ EMN STUDIOS",0567f544-6ab9-48bc-a87f-58febe32f9cb
YeoJin,2026-lv1-2,/musicalbums/2026-lv1-2,260310,,single,MUMW,1111a040-c515-4087-b976-f66c77a2b02f
Yena,2026-love-catcher,/musicalbums/2026-love-catcher,260311,,mini_album,Yue Hua Entertainment,8ba1276b-6fe6-44ac-b40a-16046ec1f3a1
Kang Min Hee,2026-tree,/musicalbums/2026-tree,260319,FG5cO26pzb4,mini_album,With good people,648e1163-f46c-42d0-b9c7-59e45839e000
AFuture,2026-spring-shower,/musicalbums/2026-spring-shower,260321,JFhVuvzWEVI,single,4X4 Creative,8d362b95-5bc6-48dc-a943-571e42d46044
BTOB,2026-we-together,/musicalbums/2026-we-together,260321,lUJ3JEAp-II,single,BTOB Company,fac14ec9-4376-407b-a88d-a32908bf4c1e
Yuna,2026-ice-cream,/musicalbums/2026-ice-cream,260323,,mini_album,JYP Entertainment,2c78c385-eee0-4e87-8d83-07252f735593
Yuna,2026-ice-cream-3,/musicalbums/2026-ice-cream-3,260323,,studio,JYP Entertainment,285bd61b-4f2c-49fc-b4b1-cd275bb5ed90
Yuna,2026-ice-cream-2,/musicalbums/2026-ice-cream-2,260323,x0FwbTiD3iA,mini_album,JYP Entertainment,0fd5798c-1f42-4ae8-9294-e5463188f91f
ITZY,2026-ice-cream-4,/musicalbums/2026-ice-cream-4,260323,,mini_album,JYP Entertainment,74e82ea1-e5d3-4083-bf06-3d6a3709bb13
Yuna,2026-ice-cream-5,/musicalbums/2026-ice-cream-5,260323,,ep,JYP Entertainment,d70564b8-87ec-42ce-bcbd-a12afed5054e
Moonbyul,2026-rev,/musicalbums/2026-rev,260325,pLKOEfMc09E,single,RBW Entertainment,bc78d4d4-60c2-4be8-89c9-8d19606cf232
ARISE,2026-reboot,/musicalbums/2026-reboot,260326,t2gJ2szo-60,single,BY-U Entertainment,e8f4f387-056c-4c03-be78-cb98bc98038e
EL CAPITXN,2026-diary-breaking-through,/musicalbums/2026-diary-breaking-through,260326,qg4KF1DQuuk,single,,8c24f337-179e-4a0c-9ce7-1b7f7b45f96f
So Soo Bin,2026-every,/musicalbums/2026-every,260326,2_tA7-GQH1A,single,Camwus,1fb02e0e-587b-4384-9230-9e9b045adc46
Yuna,2026-ice-cream-remixes,/musicalbums/2026-ice-cream-remixes,260327,MaCtXQwta_E,single,JYP Entertainment,ac941c55-002e-4988-96ef-fe22e1368697
Wonpil,2026-unpiltered,/musicalbums/2026-unpiltered,260330,yiPTOpGWaeM,mini_album,JYP Entertainment,5ece4acb-d016-4d61-9cfd-64a5407156cf
Haneum,2026-daydream,/musicalbums/2026-daydream,260330,Gk3sKhxTN74,ep,ES Nation,da60c08e-9ee6-4f37-b57e-e26cb5d427d2
Irene,2026-biggest-fan,/musicalbums/2026-biggest-fan,260330,x7wLlK9MMN4,studio,SM Entertainment,ac9bcb2e-de93-44e1-9e47-e7f3c713f270
Kep1er,2026-crack-code,/musicalbums/2026-crack-code,260331,AMwK8YGZGnU,mini_album,"WAKEONE, KLAP Entertainment",14c0011c-7f87-423b-8a9a-21c05f9e274b
fromis_9,2026-japan-1st-ep-like-you-better-japanese-ver,/musicalbums/2026-japan-1st-ep-like-you-better-japanese-ver,260401,mfX0Zhm9PUA,ep,ASND,8b339b14-67ea-40ef-aa1c-b08c3c319b50
,2026-good-girl-but-not-for-you,/musicalbums/2026-good-girl-but-not-for-you,260401,,ep,Epic Records Japan,6787b224-9ef3-498e-8080-180d6d3de29e
MONSTA X,2026-unfold,/musicalbums/2026-unfold,260403,2EFwncas9Z4,studio,"Starship Entertainment, BMG Rights Management (US) LLC",a7e7b0ec-c0ce-4d65-8afa-01082c9161e3
THE HRTZ,2026-the-first-wave,/musicalbums/2026-the-first-wave,260408,OIGPIiPplTc,mini_album,Kakao Entertainment,ae7a5361-0698-4f80-b92c-ac07a87994eb
TXT,2026-7th-year-a-moment-of-stillness-in-the-thorns,/musicalbums/2026-7th-year-a-moment-of-stillness-in-the-thorns,260413,uflGpiktsHU,mini_album,BigHit Music,07a6c06a-b669-4f86-938c-4c45db705096
&TEAM,2026-we-on-fire,/musicalbums/2026-we-on-fire,260421,8hU6P7MmRyk,ep,YX Labels,1a2e3a91-f1c0-4a9c-94b7-5c03da1d41d1
CORTIS,2026-greengreen,/musicalbums/2026-greengreen,260504,U6BDbXIah-Y,mini_album,BigHit Music,43f9d50d-214e-40f3-a432-05a3c9b6b8c9
82MAJOR,2026-trophy-yoon-yechan-remix,/musicalbums/2026-trophy-yoon-yechan-remix,260116,Wo4cQlVHPFc,single,Great M Entertainment,861c904d-f716-494b-bd31-344f2c040a7e
cosmosy,2026-chance,/musicalbums/2026-chance,260320,DiS9MZV2ZuI,single,"NTT Docomo Studio & Live, Sony Music Entertainment Korea",6aa594dd-49d6-4b6b-94cf-9f667e1ff4cb
,2026-f-killer,/musicalbums/2026-f-killer,260321,NlQlHpSq9Tk,single,,e0e2eedb-08f4-48e0-8263-765aa347cecb
ILLIT,2026-bubee,/musicalbums/2026-bubee,260406,OZ44P4JU87E,single,Belift Lab,85da4ffb-6ddf-43d8-bafa-09aeb83ad42e
Sung Hanbin,2026-spring-fever-ost-pt5,/musicalbums/2026-spring-fever-ost-pt5,260120,ACPODVhhACY,ost,"Stone Music Entertainment, BON FACTORY",568586ba-86f0-4524-864c-020573252ecb
LNGSHOT,2026-training-day2,/musicalbums/2026-training-day2,260223,P2llSm9tZvA,ep,More Vision,a8865ea5-5d2c-4a3f-af55-f06c0ef5ad66
Beemong,2026-tiny-island,/musicalbums/2026-tiny-island,260322,y8omlVISMfU,single,Akaiv Studio,2f79b38b-c607-4912-9042-5c1032cd7428
0WAVE,2026-u,/musicalbums/2026-u,260323,JrXdLoA8L7Y,single,Pyrat,4349bbbb-368a-419b-9e38-cd7ea60e1888
LNGSHOT,2026-training-day,/musicalbums/2026-training-day,260323,,ep,MORE VISION,cc000019-51f2-442e-96fd-718c8d808364
B.D.U,2026-friends-to-lovers,/musicalbums/2026-friends-to-lovers,260323,MH04dQ-1wY8,single,Orca Music,762e04c8-7d7e-4bba-8694-ce3850ad2bd4
OWIS,2026-museum,/musicalbums/2026-museum,260323,J7OhGsGbaM4,mini_album,ama,92651be0-cfd9-432a-9c86-65f770f923fe
TWS,2026-you-like-it-i-love-it2,/musicalbums/2026-you-like-it-i-love-it2,260323,SVtiAnU7JnM,single,NHN Link,b9e0fb22-926a-4a85-9b62-e3bae0554557
Jo Kwon,2026-like-i-do,/musicalbums/2026-like-i-do,260327,SZlfyoPC_c8,single,Archive Achim,920cbf94-a7ea-4d4f-beac-8d1f66396167
cosmosy,2026-of-the-world,/musicalbums/2026-of-the-world,260401,DdGXfZaSpwY,ep,NTT Docomo Studio & Live Sony Music Entertainment Korea,dfeb2112-aa16-4dcc-871a-a61f7f844464
AMPERS&ONE,2026-definition,/musicalbums/2026-definition,260408,wRZ1MdBoUq0,mini_album,FNC Entertainment,5479469f-2767-4416-b4e7-dd7c552384ee
NCT WISH,2026-ode-to-love,/musicalbums/2026-ode-to-love,260420,Q120WlxVxdk,studio,SM Entertainment,87fe58f2-cd6c-4a8e-90d7-970c22b55649
Yena,2026-catch-catch-sped-up,/musicalbums/2026-catch-catch-sped-up,260317,ZTXWmB--TUA,single,YH Entertainment,3a74139c-8067-49be-9290-92a656100810
Yu Dabin,2026-undelivered,/musicalbums/2026-undelivered,260322,x4ofq8se8B0,single,nib.archive,6b1de240-6229-435b-a9c5-d2cddb9753a7
Bao,2026-1love,/musicalbums/2026-1love,260325,qN0QYe1lMnk,single,KOODS Entertainment,18ef5ee7-644a-43af-a8dd-1de779eafd29
CSR,2026-a-feeling-that-cant-be-hidden,/musicalbums/2026-a-feeling-that-cant-be-hidden,260326,wu7b0oYIMG4,single,A2Z Entertainment,2191621b-b13a-454f-a097-df760e314924
Dignity,2026-point-blank,/musicalbums/2026-point-blank,260326,msOGCJC-EgI,mini_album,PCS Entertainment,0908c37c-efad-421f-bb94-3e263025f202
MELONii,2026-risky-risky,/musicalbums/2026-risky-risky,260331,bafIMw8apHs,single,MELONii,20bf60b0-0f70-40c5-8b0a-9c03e5b9be71
,2026-unveil,/musicalbums/2026-unveil,260402,xP_nrIzsH-8,mini_album,DSP Media,4768b26a-6543-4bca-abad-06c44805cc12
Somin,2026-unveil2,/musicalbums/2026-unveil2,260402,,ep,DSP Media,4aa4c53c-6de1-4340-b2d6-f26dbd4e1b79
T.O.P,2026-another-dimension,/musicalbums/2026-another-dimension,260403,V_GcryUV3Io,studio,TOPSPOT PICTURES,3c29cb5f-1374-43ac-8894-f4954c0ca4f8
Xdinary Heroes,2026-dead-and,/musicalbums/2026-dead-and,260417,kG68WXnzSbQ,mini_album,"Studio J, JYP Entertainment",7d6cf398-af55-4a90-94a6-dd6e9ddae83d
Yuta,2026-play-back,/musicalbums/2026-play-back,260513,efu7Ha7Yt5g,single,Avex,ab2b5428-05c6-4837-939b-b5117aae5736
FIFTY FIFTY,2026-wish-you-were-here,/musicalbums/2026-wish-you-were-here,260324,tExRQj5h5H0,single,ATTRAKT,5e35add4-a6b4-4ba3-91df-7a8b26f68345
Hyerim,2026-stress,/musicalbums/2026-stress,260325,A8VJqH1emaw,single,Doubling Music,4f7252b5-b32e-49b8-b5f4-b32525fe6748
BamBam,2026-ready-for-more,/musicalbums/2026-ready-for-more,260325,5IpijccabU4,single,HALO CORPORATION,1491d1d3-1320-43f0-a5a6-78e77d19b8d3
Xdinary Heroes,2026-x-room,/musicalbums/2026-x-room,260325,kG68WXnzSbQ,single,"Studio J, JYP Entertainment",9029cffa-9ba0-4b29-be43-afd0a6b3ff2c
YOUNG POSSE,2026-we-dont-go-to-bed-tonight,/musicalbums/2026-we-dont-go-to-bed-tonight,260407,vopGeyv646g,single,"DSP Media, BEATS Entertainment",0429b4cc-116b-42c4-8180-b9806c554d70
ifeye,2026-as-if,/musicalbums/2026-as-if,260415,e-bwzm8-xnU,ep,Hi-Hat Entertainment,a44e8b4a-e92f-4e6e-85e0-22d8cc64ab30
BTS,2026-swim-instrumental,/musicalbums/2026-swim-instrumental,260323,b4iVv91Z6lY,single,BIGHIT Music,ef1d4abb-afcb-47c7-9960-d92c3888c312
MY:RAKL,2026-sunshine-on-demand,/musicalbums/2026-sunshine-on-demand,260325,KYAsgMDTu6c,single,Accorde Entertainment,a98b631c-0cec-48b7-b116-d3381cee9468
Wonstein,2026-everybody-dies,/musicalbums/2026-everybody-dies,260326,6At0eXB8PTQ,single,STANDARD FRIENDS,f71e8818-fa12-4268-a0ec-2cc0240c6655
Ilhoon,2026-merry-go-round,/musicalbums/2026-merry-go-round,260326,RHKpIJbwIa8,single,Carpenters Art Republic,8e5b431b-a0e8-47d7-9973-3538aa45ae7f
Minit,2026-love-again,/musicalbums/2026-love-again,260326,kS0lwh7obpA,single,Cosm,3eeb337f-31b3-41ca-a70f-b1db04987de4
Gist,2026-boyfreind,/musicalbums/2026-boyfreind,260326,jvOFx6wOkg0,studio,Daytona Entertainment,14000862-0728-4a2d-a530-f348d1cce375
Legit Goons,2026-punk,/musicalbums/2026-punk,260326,1Ni-fIXHqE8,studio,BAD THANGS,813ca8eb-4349-4270-8f00-9a7b16ac25b0
Taemin,2026-long-way-home,/musicalbums/2026-long-way-home,260327,bQtykP25A-g,single,,111a38fe-390b-4c27-90d5-3a96cb0964a9
Donghyun,2026-happy-death-day,/musicalbums/2026-happy-death-day,260403,QJwZyyQwIpU,single,SidusHQ,2b99ba1e-0d56-4cb0-a751-f2642e701f75
AKMU,2026-flowering,/musicalbums/2026-flowering,260407,SNn_H_Q2moo,studio,Cemter of Inspiration,3bb63e6d-d9c1-45d3-b891-ece9fcd8ebaf
Kang Seung Sik,2026-surfphase,/musicalbums/2026-surfphase,260408,1vcwOOfbr7g,single,MUMW Entertainment,ef4a529e-d1e4-42d1-b8a3-7bb708850051
LOVEONE,2026-unica,/musicalbums/2026-unica,260409,aylyn0E-PbA,single,CMG Stars,4abb77b8-0152-4c6b-86d2-df700cb105c4
Marv,2026-show-me-the-money-12-episode-2,/musicalbums/2026-show-me-the-money-12-episode-2,260320,8j5WQOjY34Q,studio,Stone Music Entertainment,05726eb7-b5b5-4db5-9a39-d570df9c2126
Gray,2026-show-me-the-money-12-semi-final,/musicalbums/2026-show-me-the-money-12-semi-final,260327,XmXy-4oN5Lc,studio,Stone Music Entertainment,20efc16f-d2ec-4786-8b8e-43e306272477
BTS,2026-keep-swimming,/musicalbums/2026-keep-swimming,260327,b4iVv91Z6lY,single,BigHit Music,c9d0dce4-57cb-43ea-88f0-03c8314517aa
WEi,2026-save2,/musicalbums/2026-save2,260327,1mlDoj5ZsDY,single,OUI Entertainment,af5be1c1-4f79-4872-8c67-97fb958352ce
Hearts2Hearts,2026-iscream-vol39-rude-remixes,/musicalbums/2026-iscream-vol39-rude-remixes,260327,EU8zYwRc9js,single,"SM Entertainment, ScreaM Records",e7c51080-8b71-4512-946c-a8e9fb640bdf
Kid Milli,2026-lovesick,/musicalbums/2026-lovesick,260327,SGpWyUFdG2w,studio,POV,3fd8d116-0f63-43a3-9790-c25061ee29ca
Min Jiwoon,2026-feel-it-too,/musicalbums/2026-feel-it-too,260403,uwJWPrqe5EM,single,KRUCIALIZE,f67ef47d-958c-4a78-94ab-005048ac5396
AWU,2026-reframe,/musicalbums/2026-reframe,260409,5NuJlWcuITs,mini_album,Independent,46475f66-71b4-46ce-a179-c71b73f001ad
Yves,2026-nail,/musicalbums/2026-nail,260417,04l_GY_v5Wk,mini_album,PAIX PER MIL,aa4ee1d1-fbe1-4a8b-8c26-a265289a1b5b
Park Jihoon,2026-reflect,/musicalbums/2026-reflect,260429,Fs3SzkbxdPY,single,YY Entertainment,fbddaef4-be8f-45b8-914a-242f397481ee
ChRocktikal,2026-we-break-you-awake2,/musicalbums/2026-we-break-you-awake2,260115,,studio,Dreamcatcher Company,2d33b7db-d62d-4672-9678-91a4e8021708
NXMERCY,2026-burn-the-blue,/musicalbums/2026-burn-the-blue,260316,gZt_jJh1vUI,single,Lowkeyhouse Entertainment,3e2bd01b-b79e-406b-aef4-6c1c4d52188d
Chuei Li Yu,2026-flower-pot,/musicalbums/2026-flower-pot,260318,ZoI7nREAwPw,single,FNC ENTERTAINMENT,5a78f4cb-6ef9-4b00-baf4-2d2f261af373
Hayoon,2026-unfold2,/musicalbums/2026-unfold2,260328,bMihQ2wLKMI,mini_album,257 Entertainment,a4d50e83-7640-4e28-9335-0cea66971e02
Jeong Sewoon,2026-love-in-the-margins,/musicalbums/2026-love-in-the-margins,260331,aKulGTx2hzY,ep,Starship Entertainment,cfefb341-07a9-4b62-b9cd-ca16a6d85216
Kino,2026-lost-and-found,/musicalbums/2026-lost-and-found,260401,472MqaZF3kg,ep,NAKED,ac9510d4-daae-4d5f-89d8-c48da6d1f1a9
DPR IAN,2026-the-show,/musicalbums/2026-the-show,260402,z6qyEfH2D-o,single,Dream Perfect Regime,6b5783c2-a33c-46a2-bb56-768b5586978a
Dita,2026-rip,/musicalbums/2026-rip,260404,Cp3ejSQk7tg,single,Independent,ffc6fcfe-b4dc-4f0e-87f6-a2010f4511ff
Rolling Quartz,2026-rolling-quartz-siyeon,/musicalbums/2026-rolling-quartz-siyeon,260406,b9M9-BtreL4,single,Rolling Star Entertainment,8ccb8b09-1dc1-4539-b5a9-cb31836d0fdd
ANGEL NOISE,2026-dont-look-for-me,/musicalbums/2026-dont-look-for-me,260415,8_HPIJfRbpI,single,BabyLemon Entertainment,99842285-b176-47ee-95af-642ec90ce6cb
IS:SUE,2026-quartet,/musicalbums/2026-quartet,260520,RkC-XfuwCsM,studio,LAPONE Entertainment,e437b654-3423-49bc-9f7f-387a6d242df6
Kim Tae Rae,2026-bomb-bomb,/musicalbums/2026-bomb-bomb,260129,,ost,CJ ENM,59d0f6c3-625c-4de3-8f6d-0b0d8d4e8cb3
Satbyeol,2026-jup,/musicalbums/2026-jup,260314,pN0Po0OdF44,single,JUNITY,55428dc1-8fb5-4116-be60-b0530231539f
Dok2,2026-you-me,/musicalbums/2026-you-me,260328,vYCZ4xYvsac,single,E.O.E. High-Recodings,37befa0a-278d-4c2b-9aef-f027ee46beee
Lee A Young,2026-lost-in-memory-x-by-chance-project,/musicalbums/2026-lost-in-memory-x-by-chance-project,260329,7NlrzMwoU0U,single,Donuts Culture,3a160858-12cd-4a67-9d42-3e67b8c42f08
Taeyong,2026-mad-concrete-dreams-pt2,/musicalbums/2026-mad-concrete-dreams-pt2,260329,jyUGIDbK12I,ost,"Stone Music Entertainment, Studio Dragon",3f9a59c1-e35c-4d65-84a9-5e1ef4051bc8
AWU,2026-rose,/musicalbums/2026-rose,260402,5NuJlWcuITs,single,Independent,808f5212-8ecc-4e49-8bad-03993133d4db
Ki:XÉ,2026-bomb2,/musicalbums/2026-bomb2,260124,CAS-rXb-cZs,single,ATIV Records,0239d984-a8d3-4876-ae3c-a8a83a2e207b
THE SSYNDROME,2026-good-boy,/musicalbums/2026-good-boy,260205,S2qaSh1_sg8,single,Dreamcatcher Company,33cfa660-6031-4356-a62c-48816507a0e9
Kyu,2026-unknown,/musicalbums/2026-unknown,260227,-Wa0StGAjqY,single,NAISU agency,657af556-277b-4a52-ac8b-04af178e7332
Don Malik,2026-303,/musicalbums/2026-303,260330,P_iyAH59kCs,single,AMBITION MUSIK,d0415ce4-1299-4d28-b873-7b9eca82566c
Code Kunst,2026-famous,/musicalbums/2026-famous,260330,BjIIlpUmhOQ,single,Music Farm Entertainment,ae4fede0-97a4-41c1-aa5c-a58dd521a4ee
SeeYa,2026-nevertheless-we,/musicalbums/2026-nevertheless-we,260330,dmsw-tEenZ0,single,"Seeya Entertainment Co., Ltd.",92d303ea-5bc4-4823-984c-f65304a531a7
IVE,2026-fashion,/musicalbums/2026-fashion,260403,S1bfg8s4OV8,single,Ariola Japan,f5daa2fb-d15c-4daf-896b-f603b7e355c7
MEU,2026-gummy-clock,/musicalbums/2026-gummy-clock,260406,Wtifc7TTHEQ,single,BEREO Entertainment,bc5fdd79-b9a1-4267-8800-1159d3ea7064
NOTES,2026-page-1,/musicalbums/2026-page-1,260418,cJ-h5gxPmHs,single,Independent,e14f9b40-d39a-4cf3-9dc7-8259bfef6507
MEU,2026-paper-plane,/musicalbums/2026-paper-plane,260419,UGYR8AhDDEg,mini_album,BEREO Entertainment,049e15cf-ee60-45dc-ad41-1fe6613b0e6c
TWS,2026-no-tragedy,/musicalbums/2026-no-tragedy,260427,MiO16KlMPaU,mini_album,Pledis Entertainment,89dd0004-2f58-490a-b133-5f8471fd19f4
BABYMONSTER,2026-choom,/musicalbums/2026-choom,260504,x3eqqoZPV_E,mini_album,YG Entertainment,9b4b431a-4f30-4a81-9b54-d19c4f85627b
IVE,2026-lucid-dream,/musicalbums/2026-lucid-dream,260527,-pKUL5idqxQ,ep,Ariola Japan,9c24d61f-edd4-494f-a0d8-607e022c5c53
Daeyeol,2026-where-stars-grow,/musicalbums/2026-where-stars-grow,260210,wTeVeqqz1kI,single,,c5523137-9da3-4e20-a6e7-0e60adf2c577
Yeoeun,2026-my-love-who-will-never-return,/musicalbums/2026-my-love-who-will-never-return,260330,mD_zpce3fr8,single,Seeing Forest Entertainment,4238650a-45da-4bb8-8b1a-fce73dc4214b
Zelo,2026-cola-comigo,/musicalbums/2026-cola-comigo,260331,lvpNFKmAN3w,single,VLACKSQUAD,3a6afbde-3b51-4a7e-a633-f3fb3a2a6245
RESCENE,2026-runaway,/musicalbums/2026-runaway,260408,rsZwrTNklos,single,THE MUZE Entertainment,0ae40130-74b9-4bd4-a579-501e9ade2bca
Xia,2026-gravity,/musicalbums/2026-gravity,260630,bdctjZjx5Hs,studio,Palmtree Island,e6b2d48f-b53c-438f-b46e-86f4075cc457
Meenoi,2026-ring3,/musicalbums/2026-ring3,260331,-pJUkl65xy4,ep,,50094791-1799-4343-83b1-0bace0170ed3
Kid Milli,2026-loveick,/musicalbums/2026-loveick,260401,stvqgbukKPg,ep,POV,41fba284-9cb1-4f1f-b36b-ebc93015e2f6
Yang Irae,2026-not-okay,/musicalbums/2026-not-okay,260402,X1O6JR4BXU0,single,Independent,b8530d98-360b-4feb-aeb1-808f2d060831
Hwasa,2026-so-cute,/musicalbums/2026-so-cute,260409,YEMBk076jGM,single,P NATION,34309311-45f9-47b2-ba2f-3bffd0dc406d
KATSEYE,2026-pinky-up,/musicalbums/2026-pinky-up,260409,7F1ET2XHQfk,single,"HYBE, UMG",38333697-07aa-4588-9a7f-1eeda8d51c91
CORTIS,2026-redred,/musicalbums/2026-redred,260420,U6BDbXIah-Y,single,BIGHIT MUSIC,9cac1a78-f2b8-4d40-a1da-ffc712a0352b
UNCHILD,2026-we-are-unchild,/musicalbums/2026-we-are-unchild,260421,wWvu34x2INc,single,High Up Entertainment,97a01f69-6820-41e4-a17d-a4b3d1ccb26b
INI,2026-pulse,/musicalbums/2026-pulse,260422,nBBYmYvsbP0,mini_album,LAPONE Entertainment,8bd241cd-d84c-4c71-bb0c-19edb41df368
Kassy,2026-the-late-regret,/musicalbums/2026-the-late-regret,260401,qotGIY7DZTc,single,The Toon Studio,45b6bcf5-bcaa-41c4-a903-352367ef714f
The8,2026-april-drift,/musicalbums/2026-april-drift,260402,n5k0_F9iJJo,single,,b172dd93-1337-4a3b-84ae-258fcac5827c
SORAN,2026-change-tonight-im-afraid-of-the-first-date,/musicalbums/2026-change-tonight-im-afraid-of-the-first-date,260402,giRRt-26SYI,single,"MPMG Music, CAM",c5801fa5-78fd-464c-b131-5f295724cc5c
EVNNE,2026-backtalk,/musicalbums/2026-backtalk,260420,sadl9Ujgnms,single,Jellyfish Entertainment,0f25286a-0f94-44e9-aa7b-6f546c2d5d7d
NAZE,2026-babyboo,/musicalbums/2026-babyboo,260117,kcpmKTnAHFM,single,Universal Music LLC,333121aa-e16f-4da1-a840-79f0f578f26f
NAZE,2026-hello2,/musicalbums/2026-hello2,260131,pDL_MH2DsEY,single,Universal Music LLC,131a90e7-b915-450d-a98f-536816d0823e
NAZE,2026-little-star,/musicalbums/2026-little-star,260214,bIlVqNb8mYs,single,Universal Music LLC,d1cfa6ee-bf8c-4cd3-9683-6d2ff523ee81
NAZE,2026-isnt-she-lovely,/musicalbums/2026-isnt-she-lovely,260228,iSXjamHaMH8,single,Universal Music LLC,4b3af470-75ea-4cfb-81ec-b1d4c73ace12
Seo Eve,2026-no-carrots,/musicalbums/2026-no-carrots,260328,2qU19-8hk0g,ep,Pansta,db9ba589-a9c5-4bfe-a716-6c591f004d68
CLOSE YOUR EYES,2026-efficient-encounter-of-single-men-and-women-ost-part6,/musicalbums/2026-efficient-encounter-of-single-men-and-women-ost-part6,260329,HRtza6h12yU,ost,SLL,905317b0-2e57-4d23-88f8-3ae40b28d655
Hanroro,2026-lovehate,/musicalbums/2026-lovehate,260402,qrzKsS-4lZo,single,,f6ec632a-501c-4d5d-bd5a-842a09976299
Roo,2026-vibin,/musicalbums/2026-vibin,260402,npuDCtzhF1k,single,GoHigh,08dab960-b550-46c5-be1e-c069eacb4932
KHAN,2026-stay-in-my-lane,/musicalbums/2026-stay-in-my-lane,260402,vBifhZtfELE,single,446,2c9713d6-22c4-47d8-b3dd-46f0f1ca93df
Ash Island,2026-burn-part2,/musicalbums/2026-burn-part2,260402,ZB-tSt_8M7M,ep,MIDNIGHT RECORDS,c1e9724d-951b-4af2-8b32-f2eb2be55ded
ISHA,2026-f-the-love,/musicalbums/2026-f-the-love,260403,fxCe-dQZtIc,single,COSMIK RAIDERS,621c56c3-1c19-4ad4-8002-1605e8e542ba
Yong Hoon,2026-always-meet-again-ost-part-5,/musicalbums/2026-always-meet-again-ost-part-5,260403,HJYm0RlFnXE,ost,"DSP Media, Moving Pictures Company",c64182e7-ecf9-4897-9f24-8279b3396e86
Junghoon,2026-dtt,/musicalbums/2026-dtt,260403,P8lUsa619bc,single,IPQ,67a076ab-62a0-4a70-b290-dad173da90b6
Code Kunst,2026-show-me-the-money-12-final,/musicalbums/2026-show-me-the-money-12-final,260403,,compilation,Stone Music Entertainment,329f62dd-02c6-40c4-8936-ccd920abb2a7
Dayoung,2026-whats-a-girl-to-do,/musicalbums/2026-whats-a-girl-to-do,260407,MfipEXSvtjg,single,Starship Entertainment,c6acfbc1-4f41-435a-afab-3a59a5e4c808
Gaho,2026-to-mars,/musicalbums/2026-to-mars,260408,62BGFV9A2Ig,single,Plan G Entertainment,5a3272ff-7ced-4943-a336-4a6a22a7ee0b
XngHan,2026-glow,/musicalbums/2026-glow,260427,9VH0hLImWjY,mini_album,SM Entertainment,5299236b-134f-4bce-8026-7c985ab00246
NAZE,2026-naze,/musicalbums/2026-naze,260504,yTvKqcNyaJo,mini_album,C9 Entertainment,73487904-7cef-456f-ae60-532d7895d358
RAWBURN,2026-rawburn,/musicalbums/2026-rawburn,260331,UOfJCZDqQb0,single,RAW PLACE,0ce7aa75-031d-4bab-a1b6-3caac772fea9
Ha Hyunsang,2026-new-boat,/musicalbums/2026-new-boat,260406,KuigNsDB8zw,studio,Wakeone,1629c3e3-d122-477a-af28-3d8c2df06162
pH-1,2026-purple-tape,/musicalbums/2026-purple-tape,260409,Kx6-6lLEc6U,studio,H1GHR MUSIC,0d1ebc63-c06d-4b4c-8be7-f7691405b848
Hyerim,2026-4th,/musicalbums/2026-4th,260404,23m3sKBgf7E,mini_album,Doubling Music,b8f459ec-07aa-4ee0-92f3-d0bd1e23fd4b
Royal 44,2026-checkmate,/musicalbums/2026-checkmate,260404,9tCLAEcRW5M,single,Yng & Rich Records,efa0cbbc-7740-40db-bd29-66ef7d957960
Bill Stax,2026-live-fast-die-skrt,/musicalbums/2026-live-fast-die-skrt,260405,8wKz7rN2pAk,studio,SKRRGANG BUSINESS,3e1bc21a-9fea-4c4b-becf-86a3c88122c7
COiBLEN,2026-hustle-life,/musicalbums/2026-hustle-life,260418,GWgJFJJVyl0,single,COiBLEN,73e102e5-79e4-4798-b891-0ce3a1db25ea
Sojung,2026-you-ruined-me,/musicalbums/2026-you-ruined-me,260405,-QBw5I4kn3g,single,Drama House,f2cdf3d1-002f-4f31-a976-4df171f08648
JAJUNG,2026-spring-shines-so-bright,/musicalbums/2026-spring-shines-so-bright,260405,rWzLBz2O4L8,single,HNS HQ,bc366f75-eb31-4c66-ae64-781a196f80df
Hebi,2026-allergy,/musicalbums/2026-allergy,260406,6S-_nPxtTnY,single,3Y CORPORATION,accd580b-50e2-41f8-aac7-4c5f8e967301
Yujeong,2026-beautiful-sunlight,/musicalbums/2026-beautiful-sunlight,260406,7IGZhI_1E6g,single,Cosmic Raiders,b632e097-363c-425e-a09b-d2ae42144592
Sik-k,2026-public-enemies,/musicalbums/2026-public-enemies,260406,yHsJpkQtaus,single,"KC, AT AREA",88671563-395b-416a-ab02-db7231cd43af
Solar,2026-before-we-knew-pt7,/musicalbums/2026-before-we-knew-pt7,260406,7abcAxCg2LA,ost,Hanteo Global,f7bcf0a0-1d34-452d-87f9-a3b0e8d965a4
Donghae,2026-good-day-feat-jay-park-1il,/musicalbums/2026-good-day-feat-jay-park-1il,260407,2yj0FlkF6VE,single,ODE Entertainment,5739d890-a3c1-4013-a423-f1c0de7e1dcc
KEYVITUP,2026-keyvitup,/musicalbums/2026-keyvitup,260408,oEcfOzYWLSY,ep,iNKODE,30b78c12-fe91-44bc-8e58-5932c81def87
Lisa,2026-bad-angel,/musicalbums/2026-bad-angel,260408,dKmPEhJ4wjY,single,LLOUD,39791cee-10e8-4dce-8673-18d34de15ebf
Yue,2026-im-not-fine,/musicalbums/2026-im-not-fine,260415,BJfKLlFySQs,single,Independent,ee30971f-4e10-4b5d-9638-d0f882da691d
Wheein,2026-adagio,/musicalbums/2026-adagio,260416,xnwOfIiZ-zQ,single,With US Entertainment,e8e84761-6be5-4a44-94ae-0bb82c537ff8
Donghae,2026-alive2,/musicalbums/2026-alive2,260420,2yj0FlkF6VE,studio,ODE Entertainment,49ab6582-7d44-4f05-807d-26eb4c3a9a46
QWER,2026-ceremony,/musicalbums/2026-ceremony,260427,,mini_album,,5416eb20-6d5e-47dc-a63e-f64ec3c53bf0
QWER,2026-ceremony2,/musicalbums/2026-ceremony2,260427,A8d2Gx91zwk,mini_album,3Y CORPORATION,ac1d3c52-7ef5-4910-995c-ba7a83e7c079
82MAJOR,2026-feelm,/musicalbums/2026-feelm,260428,,mini_album,Great M Entertainment,091f6c6b-5acb-4b09-b79f-714601a15b6e
82MAJOR,2026-feelm2,/musicalbums/2026-feelm2,260428,cp77ALn_JgY,mini_album,Great M Entertainment,987bd8c1-625c-4700-b957-6de3cad772c7
PLAVE,2026-hmph,/musicalbums/2026-hmph,260403,K-F7906Jq9U,single,VLAST,0a75c1d1-c3a1-4bac-b301-3cb25273e2c8
DJ ASTER,2026-omg,/musicalbums/2026-omg,260403,ZJm1CtGefsk,single,INITIAL MUSIC KOREA,1ee8ee37-6a94-4190-99dd-3c30da6becde
Verbal Jint,2026-the-difference-between-galbi-jjim-and-jjim-galbi,/musicalbums/2026-the-difference-between-galbi-jjim-and-jjim-galbi,260407,cX0TF4A7ulQ,single,OTHERSIDE,d572bfb6-928d-4b6f-bc6b-4a7e84a4899e
Deepflow,2026-curry,/musicalbums/2026-curry,260408,_F8i7y5D_aM,single,BADA B!NG Records,f1ed6691-076a-4d51-8d47-ecce07d3a5fa
Risabae,2026-spectrum,/musicalbums/2026-spectrum,260408,knsvd1s25hQ,single,icecreative,2f490be0-3019-444f-9efe-6364cd71a13c
NEXZ,2026-mmchk,/musicalbums/2026-mmchk,260427,PIgmxjozeCU,mini_album,JYP Entertainment,5171208e-1ff9-4c23-94f3-50cc3dd51cac
CRAVITY,2026-redefine,/musicalbums/2026-redefine,260429,L9-o_ZytJ20,mini_album,Starship Entertainment,bf90ef45-1908-4a5b-9a95-4dde6d879e35
H//PE Princess,2026-177,/musicalbums/2026-177,260527,4MmhtCroPEI,mini_album,CJ ENM,b447a086-bac7-4f04-a3a3-1e5ccff671a4
Rockhyun,2026-i-want-you,/musicalbums/2026-i-want-you,260201,tCnVbA-f7qA,single,Independent,b9c25ec0-432a-4828-aa03-cb646a59d4cd
Karlee,2026-right-back,/musicalbums/2026-right-back,260220,tzGw9LOZhDA,single,,d0dd2710-f4c1-4b9a-b08b-1f480a2238fb
Hyukjin,2026-im-not-alone,/musicalbums/2026-im-not-alone,260401,MTjaH8Nk4m8,single,Kiss Entertainment,134f25fd-f271-4c38-bfc5-5e2d413680be
Kisu,2026-numbers,/musicalbums/2026-numbers,260409,bMqP5bv1emI,single,Starlit,0cdc3ec5-3252-489b-b7f5-a0036b8945a3
Woo,2026-mp3,/musicalbums/2026-mp3,260414,nNR74qU3VXA,ep,duover,5ec1d07d-442a-4f03-8d80-d39bb85e8401
W3WAY,2026-the-spring-of-us,/musicalbums/2026-the-spring-of-us,260408,Jaew7AqWaJQ,single,NineTwo Entertainment,00984222-41c8-432a-b47e-50b29c7964eb
Nika,2026-letter-to,/musicalbums/2026-letter-to,260409,,single,Kingspire Music,2b1aa3aa-cd8d-4a7b-8c41-b6a57eb09b93
DJ ASTER,2026-holy-moly,/musicalbums/2026-holy-moly,260410,hHAQcVqbJ6g,single,Initial Music Korea,8474267d-9908-45f5-9599-5b1c4809bd47
BTS,2026-swim-underwater-remix,/musicalbums/2026-swim-underwater-remix,260410,QWhHYopwlaE,single,BigHit Music,5b1e2d5d-7cb4-4537-91b2-a06410a68658
BIBI,2026-perfect-crown-pt1,/musicalbums/2026-perfect-crown-pt1,260410,kiCi4-plFUA,ost,Kakao Entertainment,cb231fab-f81c-47bb-93e7-d937ef00b589
NELL,2026-loss-in-motion,/musicalbums/2026-loss-in-motion,260410,GVaA2Avsb4k,single,SPACE BOHEMIAN,22cf4f54-5dcb-4918-bb65-90c466b166a2
Zene The Zilla,2026-ambition-410,/musicalbums/2026-ambition-410,260410,cB068G7jseg,single,AMBITION MUSIK,e4b234e0-6101-499f-9a40-f4f3f132e940
Oxynova,2026-first-name,/musicalbums/2026-first-name,260410,Uhfzm92uZ_I,single,Yng & Rich Records,63cd15c6-bb62-4e97-8f62-96db7125cbf2
Yeoeun,2026-dont-go-dont-go-dont-go,/musicalbums/2026-dont-go-dont-go-dont-go,260410,,single,Yogurt Studio,d32f42a2-1fc9-4c2d-9bf4-ab0b9d22f631
DNA,2026-stronger,/musicalbums/2026-stronger,260413,rp-AiX_r6gU,single,Na Entertainment,a8f968f7-0608-48e4-8915-ba815c2d22c3
StelLive,2026-star-trail,/musicalbums/2026-star-trail,260508,v094-E3Pmtk,studio,Accelers,1188e665-5539-4e74-bdd4-d6aaa7b277cd
Skinny Brown,2026-relax-a-bit,/musicalbums/2026-relax-a-bit,260411,K1Pq_LETafQ,single,Daytona Entertainment,58ec29ad-3fa4-4777-8771-80c5a09a6fd1
KiiiKiii,2026-perfect-crown-pt2,/musicalbums/2026-perfect-crown-pt2,260411,0PZ4fElBkS8,ost,Kakao Entertainment,c56134ad-5ae1-4747-8ee3-e73e79084319
Boramiyu,2026-clover-4,/musicalbums/2026-clover-4,260415,tqnRgZIWORI,mini_album,Shofar Entertainment,e4364832-10b2-4a07-b147-5c25b1202d75
ALL'N,2026-we-up,/musicalbums/2026-we-up,260415,2GOl_ku6-Hs,single,SKS Entertainment,088da4f5-d28f-414a-8682-3f478ec491fc
H//PE Princess,2026-stolen2,/musicalbums/2026-stolen2,260429,4MmhtCroPEI,single,Chapter-I,c7097ef2-218b-46e9-b739-e12bb2b51f74
H//PE Princess,2026-stolen-korean-ver,/musicalbums/2026-stolen-korean-ver,260511,RRKtQmsSI9g,single,Chapter-I,b55085fe-1ecd-405f-b697-57d3c2498cbb
HITGS,2026-things-we-dream-vol1,/musicalbums/2026-things-we-dream-vol1,260415,6GUKqEfiX1I,single,H Music Entertainment,1026e09d-9e4d-4d0e-89ec-80138b44dcf3
Jay Chang,2026-feel2,/musicalbums/2026-feel2,260306,,single,FM Entertainment,7331256f-bb7b-4328-80f8-bec4554eaeb8
MRCH,2026-the-practical-guide-to-love-ost-part-2,/musicalbums/2026-the-practical-guide-to-love-ost-part-2,260308,Xk0dFAkAhgo,ost,Warner Music Korea,011b16f5-e727-4ef2-8a54-d7a9a343d35b
HYNN,2026-the-practical-guide-to-love-ost-part3,/musicalbums/2026-the-practical-guide-to-love-ost-part3,260314,_WDhLMNAukc,ost,Warner Music Korea,0de26172-fd29-48ec-b1ab-fa3d2e75dd1a
Jung Seunghwan,2026-the-practical-guide-to-love-ost-part4,/musicalbums/2026-the-practical-guide-to-love-ost-part4,260322,9eDb53_yTyM,ost,Warner Music Korea,7f8a7950-5b7f-44df-85f2-6a464d8dbd49
Boramiyu,2026-the-practical-guide-to-love-ost-part5,/musicalbums/2026-the-practical-guide-to-love-ost-part5,260328,ukcanytrH3s,ost,Warner Music Korea,8ee1ada4-283c-41de-90b4-c17866997a6b
Shin Jiyoon,2026-i-love-you-devil-ost-x-shin-ji-yoon,/musicalbums/2026-i-love-you-devil-ost-x-shin-ji-yoon,260408,sJRDdnkomhw,ost,OGAM Entertainment,7c8f62c0-242d-4cff-8246-3d37869e5c19
Rayeon,2026-me-cung,/musicalbums/2026-me-cung,260410,s4wPrKom3cw,single,C-Global Entertainment,9088ee2f-61be-471b-8ba6-003aa236889a
Min Jiwoon,2026-mad-concrete-dreams-ost-part3,/musicalbums/2026-mad-concrete-dreams-ost-part3,260411,qw5SpCyQNLQ,ost,"Stone Music Entertainment, Studio Dragon",14805428-9539-4b45-a4a9-4767a29e2dee
Kim Yeon Ji,2026-heels,/musicalbums/2026-heels,260412,w6vKt3MsnPE,single,Wild Move,eccc09f7-65bf-4ba1-9c57-78562f16bbb8
Anda,2026-doctor-shin-ost-part4,/musicalbums/2026-doctor-shin-ost-part4,260412,teGrm3A3b6g,ost,XP Corp.,5d01f950-2966-4809-804d-4692deecc2ad
KIMKIPYØ,2026-check-out,/musicalbums/2026-check-out,260412,0JW2A0GqB5U,ep,AOMG,416feaee-1144-442f-9556-521bf19b0e51
Jay Chang,2026-higher,/musicalbums/2026-higher,260413,vnAH7q-N_-Q,single,FM Entertainment,a69f9063-dd3c-471a-b1c3-edf2fe58d2be
Miyeon,2026-bloom-again-prod-by-yoon-ilsang,/musicalbums/2026-bloom-again-prod-by-yoon-ilsang,260413,KaOumNboHz4,single,142 Music,dedce908-9560-4d5e-9ae4-0e05945e08ef
ILLIT,2026-bubee-korean-ver,/musicalbums/2026-bubee-korean-ver,260413,dLkfa-X_H9E,single,BELIF Lab,97605803-2af2-4ef9-b79c-64e553dad564
DK X Seungkwan,2026-feel-me,/musicalbums/2026-feel-me,260413,iYkraEzsQ1g,single,"NHN Link Co., Ltd.",0aba047f-f37c-4ca8-a95f-cb0560fc27c3
Giriboy,2026-no-comment,/musicalbums/2026-no-comment,260413,FLw8FIdBunI,single,STANDARD FRIENDS,0891546d-e3fb-4d53-9527-ea6abb974be8
Taeyong,2026-rock-solid-feat-anderson-paak,/musicalbums/2026-rock-solid-feat-anderson-paak,260417,FX5YsDRRwiw,single,SM Entertainment,949779fc-873e-499d-9843-5b2d85943cbe
VVS,2026-tay-the-night,/musicalbums/2026-tay-the-night,260422,HnBSiikXMjU,mini_album,MZMC Inc,57493954-325a-458c-860b-a3a8715bea6e
LE SSERAFIM,2026-celebration,/musicalbums/2026-celebration,260424,a2grcJdfXmY,single,Source Music,8724ae69-c8b6-401a-8168-f0dbfcb503bb
lilli lilli,2026-really-lily,/musicalbums/2026-really-lily,260501,,mini_album,Entertainment HAN,6cc80cb7-48f4-4eaf-9f18-f4c2626777a5
LE SSERAFIM,2026-pureflow-pt1,/musicalbums/2026-pureflow-pt1,260522,a2grcJdfXmY,studio,SOURCE MUSIC,25535202-6835-4bbc-804a-64f3d9e4f759
5TION,2026-im-on-your-side,/musicalbums/2026-im-on-your-side,260414,Q79ML1vOCcU,single,5TION,2189b79a-e61a-4e4c-8070-cb13b6d97931
Kid Wine,2026-kihwii,/musicalbums/2026-kihwii,260414,WoPlpIz2P0I,ep,WINY,c9b6ec3c-aaa1-4c81-ba68-dec034beec4b
DXMON,2026-hyper-link-vol1,/musicalbums/2026-hyper-link-vol1,260414,cjmUDgmzUWw,single,H Music Entertainment,f9619070-63aa-47d3-9bc9-82564a9cd2ec
Bolbbalgan4,2026-find-you,/musicalbums/2026-find-you,260422,GWoKVMMLkuA,single,Kanverse,e422b532-7a1c-4c4b-a302-003a2067f8e9
Lee Chae Yeon,2026-till-i-die,/musicalbums/2026-till-i-die,260428,kxa11rqAu1g,mini_album,DOD,7c10a088-d206-43ad-b25b-bb2253e33298
WOOAH,2026-wxw-wish-with-w-vol1,/musicalbums/2026-wxw-wish-with-w-vol1,260428,hESqfnz7BW4,single,H Music Entertainment,c231144b-7c52-45af-805d-927cda8ee5b3
NMIXX,2026-heavy-serenade,/musicalbums/2026-heavy-serenade,260511,-SEKt_0pdHM,ep,JYP Entertainment,42fbd385-4fb4-4a8e-8145-1cf52c4e12d9
WOOAH,2026-wxw-wish-with-w-vol2,/musicalbums/2026-wxw-wish-with-w-vol2,260513,ZtiThQN5ETc,single,H Music Entertainment,1169c60f-987c-467a-91ba-fe22d561117e
Khundi Panda,2026-howanmama,/musicalbums/2026-howanmama,260123,AEjI1n2Tgv0,studio,bvcklash,49b64475-cef3-4a25-934c-da24eb86e9fb
So Soo Bin,2026-yumis-cells-3-ost-part-1-2026-ver,/musicalbums/2026-yumis-cells-3-ost-part-1-2026-ver,260414,GKu20OT657k,ost,Stone Music Entertainment,3da119d2-3fc7-49d3-9626-1bba7de8197e
aoen,2026-youth,/musicalbums/2026-youth,260415,qSewOUTWues,ost,,a1825baf-0102-48fa-9196-aab19896d8d6
BE BOYS,2026-be2,/musicalbums/2026-be2,260415,PfsK2VFci5Q,single,OAK Company,b9e53c24-ba33-4828-9883-49fb20639baf
TVXQ!,2026-share-the-world-red-ocean-ver,/musicalbums/2026-share-the-world-red-ocean-ver,260415,XgplTOjZatA,single,SM Entertainment,c441f820-3e66-4dfb-9898-8735fea98b12
ADÉLA,2026-kgb,/musicalbums/2026-kgb,260417,zxs0N9_94Zs,single,Capitol Records,f6224006-4be4-49dd-b3fa-cb116e7a7405
FIRR,2026-reel,/musicalbums/2026-reel,260418,P5TKt6l1Tz8,ep,,4d58270d-b0fe-4d53-ab8b-25d2955536d3
Billlie,2026-the-collective-soul-and-unconscious-chapter-two,/musicalbums/2026-the-collective-soul-and-unconscious-chapter-two,260506,sHRSiPhOT28,studio,Mystic Story,e9b19f29-f98a-4f42-bbf3-02ab0ea1466e
Lil Moshpit,2026-annyeonghaseyo-with-yuki-chiba,/musicalbums/2026-annyeonghaseyo-with-yuki-chiba,260128,Jv0vqhWRbe8,single,Warner Music Japan / 300 Entertainment Japan,4e10b79d-96f8-422b-9517-e01ddf3f016d
Eric Nam,2026-how-the-fire-started,/musicalbums/2026-how-the-fire-started,260303,ZNdMrUCOLqQ,single,The Eric Nam Company,f7beb035-0561-4670-a874-5aaf20294577
Lil Moshpit,2026-annyeonghaseyo,/musicalbums/2026-annyeonghaseyo,260415,kPHG7TbAVXQ,single,Warner Music Japan / 300 Entertainment Japan,1f4c0113-99da-488a-9e67-5cea518fce94
Sohlhee,2026-stay3,/musicalbums/2026-stay3,260415,9OXa07b_Uac,single,SALTYHOUSE PRODUCTION,ab879752-0fe7-42f2-9675-36dc2b403b70
TopHyun,2026-black-glasses,/musicalbums/2026-black-glasses,260416,n4eYZv1QlSM,single,Ravex,2ef150e3-dd8a-423f-8664-67f4b1510436
KIMMUSEUM,2026-march-33rd,/musicalbums/2026-march-33rd,260416,V0wcIPdbm_A,single,IHOPESEE,257cc475-e3ac-4b3e-8db5-78ddce958c4b
Summer Cake,2026-weakness,/musicalbums/2026-weakness,260416,tP7djdhTUUE,single,SUMMER CAKE,17e42848-fe41-46c1-8219-064c5da03680
KOALA,2026-wya-feat-double-down,/musicalbums/2026-wya-feat-double-down,260416,_wd-uFI3Njc,single,Bobblehead Music,534c98a2-f09a-4957-b0c2-aaaade876c22
cosmosy,2026-silence-body-soul,/musicalbums/2026-silence-body-soul,260416,2mUjLyyZOW0,single,"NTT Docomo Studio & Live, Sony Music Entertainment Korea",57bb278d-3f6d-4913-ba11-9d3869fd9151
MAKAMAKA,2026-pages-of-us,/musicalbums/2026-pages-of-us,260416,CzpCZPD8Xmc,ep,BLUEMOON Entertainment,0e936774-762a-490e-be08-6f8118fd7a7f
Soyou,2026-see-through,/musicalbums/2026-see-through,260416,fcFlHmkY-ZI,single,Magic Strawberry Sound,3d2e8d62-bf11-4d4e-8dad-d3c530d0d304
Apink,2026-15th-season,/musicalbums/2026-15th-season,260419,VxzIGplyFNc,single,With US Entertainment,37747b6d-4136-414b-864e-bc1763e6cf6c
CLOSE YOUR EYES,2026-overexposed,/musicalbums/2026-overexposed,260421,O8dR2eWKq8A,single,,96db3e6f-976c-4704-af51-1f9994f8fa43
KIIRAS,2026-ta-ta,/musicalbums/2026-ta-ta,260506,qmuRpon6D7A,single,,48f0e2b8-1c3b-4412-8e1e-282064655e34
KATSEYE,2026-wild,/musicalbums/2026-wild,260814,7F1ET2XHQfk,ep,"HYBE, Geffen Records",472e3463-a6c7-4bae-86e3-0f3a8be2ae46
TopHyun,2026-kidult,/musicalbums/2026-kidult,260116,E-DoiGgwze4,single,Ravex,3e145dfb-d60e-480d-8eef-9acb96bae8bb
KIK,2026-low-kik,/musicalbums/2026-low-kik,260118,Uw15hkEiTjw,ep,"MPMG Music, UNDFND",660dfa04-b516-46b5-8e47-d45d25c5e088
HeeJin,2026-before-we-knew-ost-part5-i-had-to-erase-every-memory,/musicalbums/2026-before-we-knew-ost-part5-i-had-to-erase-every-memory,260326,bwANnNaPGgk,ost,Hanter Global,96f21ff9-560b-4f27-ad3b-b7f106b5f791
BTS,2026-swim-spring-waves-remix,/musicalbums/2026-swim-spring-waves-remix,260417,b4iVv91Z6lY,single,BIGHIT MUSIC,12644a7a-6f16-4880-bff0-a3df751a1825
BOYNEXTDOOR,2026-perfect-crown-pt3,/musicalbums/2026-perfect-crown-pt3,260417,RJmuGJKSYK8,ost,Kakao Entertainment,f0d56fe7-7e8d-495b-a425-315915e5333a
Gyubin,2026-flower2,/musicalbums/2026-flower2,260417,YZ8hlzxVwb8,single,World Mate Plus,e0a85cb4-f888-413d-bbbc-8f20f304e0dc
Kubin,2026-the-girl-who-became-an-adult,/musicalbums/2026-the-girl-who-became-an-adult,260417,puY8TlKCenU,single,Recreative,feb6e6a7-92d9-4ea1-a5d4-8266a9a7ea5a
Jiwon,2026-love-me-crazy,/musicalbums/2026-love-me-crazy,260417,ceJ0qvgaxmI,single,Support,c0af9006-0b65-4714-94c9-a5cdb2f2d5ec
Luce,2026-perfect-flushing,/musicalbums/2026-perfect-flushing,260417,,single,TM Entertainment,d22f6d15-69ae-47ae-8626-f2d9a2d6944a
i-dle,2026-hide-and-seek,/musicalbums/2026-hide-and-seek,260422,5TG_4h29VIg,single,Warner Music Japan,2f15b2e3-55c8-4d1c-a586-e01488812e4a
YOUNITE,2026-inyun-part1,/musicalbums/2026-inyun-part1,260512,iqtv43YR7oI,ep,Brand New Music,779f41d2-23e2-47da-ac55-d48106fc654c
Kim Seungmin,2026-half-of-me,/musicalbums/2026-half-of-me,260303,fnfaeIWp5lI,single,Cosm,3651d0a6-84a5-4c3a-a7b8-aee8ab24bf83
RIIZE,2026-perfect-crown-pt4,/musicalbums/2026-perfect-crown-pt4,260418,3sKKVJ_jfAs,ost,Kakao Entertainment,e6572bca-2b34-4b03-b968-efcd48d99f64
Ourealgoat,2026-distance,/musicalbums/2026-distance,260418,qMm0gWRpWFU,single,OUREALGOAT,412bfc53-4d61-4866-88ff-df36b6a4cb63
DEUX,2026-another-day,/musicalbums/2026-another-day,260418,uHRRrnhTDiQ,single,WA:IDE COMPANY,adc224b6-89ba-46ca-9add-54c40f5598f8
KISEO,2026-near,/musicalbums/2026-near,260418,7oxaTPvKP6g,mini_album,,010e60b4-8b88-4d1a-9fe1-236ba77385d0
Yuju,2026-first-love-is-a-curse,/musicalbums/2026-first-love-is-a-curse,260429,5TudZQsVi7s,single,At Area,b3ee2725-ad72-42a5-b2ec-95213740fae2
Keyveatz,2026-key-beats,/musicalbums/2026-key-beats,260429,aJMpcmUobD0,single,AOMG,5403202b-7ea0-4348-bfe8-6eb20e7d9782
Jimin,2026-0108,/musicalbums/2026-0108,260108,YJ9s1dCYqV4,single,dodo,aa86aa01-f9b2-4214-b65b-2e0fc07a1e19
The ADE,2026-aching-memory,/musicalbums/2026-aching-memory,260418,v6QDpTMB23w,single,ADE Music,19b666cd-8e5d-437d-9f6b-93adf2d21d2a
Nam Gyu Ri,2026-loves-greeting-2026,/musicalbums/2026-loves-greeting-2026,260419,QETyA3sR60Y,single,On Who,fb0e8b43-dc66-442a-b6f0-f3f997771e7f
MY:RAKL,2026-my-lane-my-limit,/musicalbums/2026-my-lane-my-limit,260419,UKxqiUMesc8,single,Accorde Entertainment,0bae41a1-df6a-4290-9a99-827350bc4233
Soyou,2026-the-scarecrow-pt1,/musicalbums/2026-the-scarecrow-pt1,260420,YaD9tfBeFfs,ost,"Magic Strawberry Sound, Genie Music Corporation",6c3d5d2a-13b3-4890-85d6-e1ef22ee461e
B:DAWN,2026-beom,/musicalbums/2026-beom,260506,x8EEqEXjmxc,single,DURI Entertainment,0f248c0b-5765-418a-931f-1f45b712e62c
Taeyang,2026-quintessence,/musicalbums/2026-quintessence,260518,pB3W-k0kQ8U,studio,THEBLACKLABEL,dff0ad78-c8ef-4e03-9de0-f834a08f072c
TRENDZ,2026-still-0-cm-left,/musicalbums/2026-still-0-cm-left,260527,opVyoz94gdk,single,Avex Trax,c84edb9a-0bb8-4852-9846-a818d31f92db
aespa,2026-lemonade,/musicalbums/2026-lemonade,260529,iTJSbJtS8MU,studio,SM Entertainment,e2084bb5-301d-447d-943d-c2a09c1bae56
BOYNEXTDOOR,2026-boynextdoor-tour-knowck-on-vol1-final-live,/musicalbums/2026-boynextdoor-tour-knowck-on-vol1-final-live,260204,dGkVTpg2ojY,live,KOZ Entertainment,a9b76ff1-5bc5-4d1a-a737-ce8d4531c66d
BOYNEXTDOOR,2026-earth-wind-fire-buldak-hotter-than-my-ex-ver,/musicalbums/2026-earth-wind-fire-buldak-hotter-than-my-ex-ver,260208,-aY63527pYo,single,KOZ Entertainment,bd471751-78a8-41a6-943f-cfec22ad5aab
RYUL,2026-yeonnam-dong,/musicalbums/2026-yeonnam-dong,260212,mZoFL5owaF0,single,Cosm,b2a61e60-4c00-429c-a95d-e269254c0bb7
Kidd King,2026-cant-stop,/musicalbums/2026-cant-stop,260213,m7tmgK3RR3g,single,Clarity,a0725457-e440-4c70-a63b-68f8dba2c394
Kidd King,2026-for-me,/musicalbums/2026-for-me,260319,JUZQS-LhQY0,single,Clarity,2b74f24f-d777-4fc5-b506-03b2756ee938
Kidd King,2026-i-cant-believe,/musicalbums/2026-i-cant-believe,260420,om5Px6IVyEI,single,Clarity,e1c6d38f-6420-40ec-82a7-d59cae2aa558
B1A4,2026-set2,/musicalbums/2026-set2,260421,5qGHUPfF3tM,mini_album,B1A4 Company,ad674cb7-e550-4066-b589-f82fcc27f222
Han,2026-yumis-cells-3-pt3,/musicalbums/2026-yumis-cells-3-pt3,260421,Dj5SOqo92OU,ost,"Stone Music Entertainment, Studio Dragon",4a12161f-16dc-457a-8731-48361bd5e1f6
Kim Jaehwan,2026-ill-be-there,/musicalbums/2026-ill-be-there,260422,yoOJHtj2egE,single,WAKEONE,e1eee73d-fd58-4d71-895b-b74a89a7d671
CrazAngel,2026-picasso,/musicalbums/2026-picasso,260512,5RT4ISfzlrU,ep,FORBEST Entertainment,a8fdae12-ef56-4790-8689-249f6c2c53fd
I.O.I,2026-loop,/musicalbums/2026-loop,260519,4FDxvpdvx9s,mini_album,Stone Music Entertainment,64aa2123-d365-4c7c-9780-671e6815043f
Mangsang Yuhui,2026-act-1-overture,/musicalbums/2026-act-1-overture,260128,UJtT6U_fpwA,single,Independent,6b375134-796a-4d11-9d9d-65808c723f5d
Avokid,2026-unspoken-ache,/musicalbums/2026-unspoken-ache,260213,Ys3CILVbK2c,studio,AVOKID,f6904a30-d0a8-409d-a45d-d87a5e189d83
Sorn,2026-letters-left-unread,/musicalbums/2026-letters-left-unread,260327,qQEDjLd5ETw,studio,Wild Entertainment,1f4767d2-e117-4c49-af6f-276edf12c9ad
Olivia Marsh,2026-paraglider,/musicalbums/2026-paraglider,260422,vHDuZUfrnT4,single,"Warner Music Korea Co., Ltd.",0bde5343-edbb-4f33-9d5e-4dd1e631261a
Liz,2026-first-snow-that-day-from-sold-out-on-you-pt1,/musicalbums/2026-first-snow-that-day-from-sold-out-on-you-pt1,260422,nD08BQ-T80k,ost,YAMYAM Entertainment,d9b78b04-a5f0-436a-aa91-e856c0a0b172
GEMINI,2026-love-is-forever,/musicalbums/2026-love-is-forever,260423,wUugTlPlSNw,single,AT AREA,c402aefb-847a-4a9e-8546-10b79a6d1364
Hui,2026-to-myself-tomorrow,/musicalbums/2026-to-myself-tomorrow,260427,NsYJjBCPe0A,single,With US Entertainment,b4973d08-5736-4929-978c-c234fcf54ce2
Ji Suyeon,2026-bluescreen,/musicalbums/2026-bluescreen,260429,iuabZ3YmjKw,single,tapesonyou,4acfe2fc-ec4c-4990-9a68-3169a3a8d5ec
ITZY,2026-motto,/musicalbums/2026-motto,260518,1jKnI_ib8c8,mini_album,JYP Entertainment,06a6d419-4347-40c6-a262-47b10135239f
xikers,2026-route-zero-the-ora,/musicalbums/2026-route-zero-the-ora,260519,TU-yT_uMTic,mini_album,KQ Entertainment,237b8c2c-fb98-4c88-a22e-b88c1a31de8c
Mangsang Yuhui,2026-act-3-movement,/musicalbums/2026-act-3-movement,260402,4HgrKNeAIWQ,single,Independent,5222cd98-f4d1-430f-be61-dc016f381c39
ChRocktikal,2026-butterfly2,/musicalbums/2026-butterfly2,260423,oTh3icTtJ64,single,Lee Geum E&T,bbc9aa76-4827-4e97-985a-7ff9dc4fc319
10CM,2026-isle-of-me-from-sold-out-on-you-pt2,/musicalbums/2026-isle-of-me-from-sold-out-on-you-pt2,260423,7jr4H6M1hUU,ost,YAMYAM Entertainment,24c645dd-f7ff-4cbb-86f2-d1bc4dade621
RYUL,2026-pov,/musicalbums/2026-pov,260423,FmX81RnQNIM,single,Cosm,3979f3aa-0ec0-4e0f-bf89-adc58438cf67
Changsub,2026-youth2,/musicalbums/2026-youth2,260423,d0rNr_rDAzc,single,Fantagio,4992ada7-d67c-4b8b-a68c-b6813678990d
Forestella,2026-the-legacy,/musicalbums/2026-the-legacy,260423,43WPof6Scmw,studio,BEAT INTERACTIVE,63575877-94dc-469f-862d-b8d7003b99b7
Mimi,2026-pop-pink-apple,/musicalbums/2026-pop-pink-apple,260425,HosGMY8IcGk,single,MOOVE LABEL,f1c326e3-3ccd-485a-a5b9-b15a11368bd3
Vari,2026-dear2,/musicalbums/2026-dear2,260430,rvKKf1ZQd9A,mini_album,FirstOne Entertainment,83af255d-3272-475c-bd7a-871c462a1dd8
Elly,2026-spoon-feat-bm-of-kard,/musicalbums/2026-spoon-feat-bm-of-kard,260430,9yfji_1kggs,single,LuckSmith,05627b24-7a3b-45c3-a952-9aa1dbf17fd9
Bang Yedam,2026-intoxicated,/musicalbums/2026-intoxicated,260130,S-gqL53ys6c,ep,GF Entertainment,fa510859-f24e-4d78-abf8-e4050b6a84f6
Molly Yam,2026-dimolly,/musicalbums/2026-dimolly,260210,T9OeXyLzZlw,ep,GF Entertainment,87c3c681-6132-43fb-aeab-31cb23d8483d
Jeena,2026-flourish-push-up-bra-la-sessions,/musicalbums/2026-flourish-push-up-bra-la-sessions,260409,20X2OC0OkbU,single,Push-Up Bra LA,c9f8a1bf-875c-44ea-baf6-263eb7ec778e
Bang Yedam,2026-antidote,/musicalbums/2026-antidote,260410,-XCN1YYLXss,ep,GF Entertainment,e6f73a62-8d12-4c04-a6b5-cc0f6c259667
Jeena,2026-flood-push-up-bra-la-sessions,/musicalbums/2026-flood-push-up-bra-la-sessions,260416,KyK5hMq97tY,single,Push-Up Bra LA,5a0f6159-cc6a-49bd-b250-d734e6848ee3
Ilhoon,2026-closet,/musicalbums/2026-closet,260424,Y7ttKwp76Dg,single,Carpenterz Art Republic,f20c69f4-d32a-42b1-b375-f41fa4b9ad86
SORAN,2026-delivery,/musicalbums/2026-delivery,260424,zkYeq7V30Pg,single,MPMG MUSIC,4b30722c-0eab-4610-9605-25f11be0e740
Hanroro,2026-perfect-crown-pt5,/musicalbums/2026-perfect-crown-pt5,260424,DaI8s1s3phM,ost,Kakao Entertainment,f1fcec26-bf78-4648-a8a6-79d6ae27c93a
0WAVE,2026-love-me-like-i-do,/musicalbums/2026-love-me-like-i-do,260424,AJjVSg4Y7r4,single,PYRAT,2260b14e-30d5-4f0f-bdb1-6c63a347ab5f
Gummy,2026-like-spring,/musicalbums/2026-like-spring,260424,mOH1A0zZI2Y,single,Amoeba Culture,197ef7be-925e-4703-a5c8-f7b2f784e26b
Kursor,2026-love-is-over,/musicalbums/2026-love-is-over,260501,ARLezfeaaqk,single,BIXIZ XOUND,8e593088-8fec-4103-b620-16ab8eecb7e0
YUHZ,2026-orange-record,/musicalbums/2026-orange-record,260507,gNexWWn6j38,single,Pinnacle Entertaiment,0d60ac6d-247d-47ea-a9ae-a01766d5153f
Tiffany Young,2026-summers-not-over,/musicalbums/2026-summers-not-over,260508,HZOs_6AmtmE,single,Pacific Music Group,38dcc9f0-ff4e-4205-a26e-eeb4b5892a35
Jeena,2026-sick-kinda-feeling,/musicalbums/2026-sick-kinda-feeling,260508,r5IQf6qC9S0,single,Independent,50f13627-8a82-443a-9d65-9e07c92de2a0
BOYFRIEND,2026-boyager-6,/musicalbums/2026-boyager-6,260526,GXw1xTeDs-A,mini_album,,6959c60e-da4a-45cb-9235-74e7c2955824
Woodz,2026-21st-century-grand-princes-wife-ost-part-6,/musicalbums/2026-21st-century-grand-princes-wife-ost-part-6,260425,zpEcTuch36g,ost,Kakao Entertainment,eaba0c24-e74e-409a-9503-d58d31a357ff
SW:C,2026-born-to-move,/musicalbums/2026-born-to-move,260425,j1ppbHUneEk,single,"DNA Entertainment, DND ENS",43837dc4-3834-48d4-b225-4ceb5131d94c
16,2026-not-anymore,/musicalbums/2026-not-anymore,260312,TUlXhDrkb0M,ep,AllBlue Records,40a716b6-72c1-4e6c-ac22-4db38dffcf10
Kim Min Seok,2026-we-are-all-trying-here-pt1,/musicalbums/2026-we-are-all-trying-here-pt1,260419,fDiGKBjGT1c,ost,SLL,f9d23da4-98e9-4b99-a03d-1d109574186a
LE SSERAFIM,2026-celebration-remixes,/musicalbums/2026-celebration-remixes,260425,a2grcJdfXmY,single,Source Music,59e9216d-a772-4f9c-8a94-c4b6bbf8c30d
SAY MY NAME,2026-absolute-value-of-romance-ost-part-2,/musicalbums/2026-absolute-value-of-romance-ost-part-2,260425,DaXX_2Eg08Q,ost,Studio maumC,72224e24-1924-4456-b692-ceb96cb1c3a0
LUCY,2026-we-are-all-trying-here-pt2,/musicalbums/2026-we-are-all-trying-here-pt2,260425,JysxamgACVo,ost,SLL,fceb8273-106a-4ace-905c-a5580cbb50a4
Yeoeun,2026-love-like-this,/musicalbums/2026-love-like-this,260425,z0Mgn0b5VfM,single,Forest Watching Entertainment,45faf385-da08-496d-9ceb-4ce34805587e
pH-1,2026-different-summer-band-ver,/musicalbums/2026-different-summer-band-ver,260425,eQtMa9xjCo8,single,H1GHR MUSIC,38f84aaa-abd0-409d-a4bd-1526ad72cb27
Taeyeon,2026-we-are-all-trying-here-pt3,/musicalbums/2026-we-are-all-trying-here-pt3,260426,dUbylctYQXg,ost,SLL,db02e18f-c515-446a-b9ed-b777281707dc
Lee Bo Ram,2026-shall-we-get-married,/musicalbums/2026-shall-we-get-married,260426,pG3gGw8qmhY,single,TOON STUDIO,77a506a7-946b-4195-a645-6d169b5571dd
M1nu,2026-doctor-shin-pt7,/musicalbums/2026-doctor-shin-pt7,260426,vWENZpk7dno,ost,MUSIC&NEW,9405d910-e9e9-49b2-aa87-422bf4b596f8
Marv,2026-voo-doo,/musicalbums/2026-voo-doo,260426,smdAFbNOh4Q,single,sameOTHER,625f8ec2-cd27-49d3-8e1a-3701f3daaf29
Soyou,2026-off-hours,/musicalbums/2026-off-hours,260429,Nm5jrXpPws8,ep,Magic Strawberry Sound,577a9297-c035-4b86-b129-78b20abfc0b0
Yena,2026-catch-catch-chinese-version,/musicalbums/2026-catch-catch-chinese-version,260425,ZSJamnmheuQ,single,YH Entertainment,d5284d48-988b-4993-a7d3-6052503c8b47
Wish,2026-so-we-part,/musicalbums/2026-so-we-part,260426,hG7CgHP6NdI,single,TWT Entertainment,4897bd9e-3551-41be-9128-90d55faf28ad
Suki,2026-and-the-heart-towards-you,/musicalbums/2026-and-the-heart-towards-you,260426,k3TODjcAKyU,single,Yogurt Studio,fa5c4aef-c4d6-4d35-9125-5bae4bd6aad7
Junil,2026-echo,/musicalbums/2026-echo,260427,5Qiv8xGkxP8,single,MME,c5fd51b5-74a6-470e-a280-6e5a022e289a
NMIXX,2026-crescendo,/musicalbums/2026-crescendo,260428,-SEKt_0pdHM,single,JYP Entertainment,04cf44ed-c7c5-40ae-9cd1-4f7157fc0eaf
Taeyong,2026-wyld,/musicalbums/2026-wyld,260518,tiKgdh4Csj8,studio,SM Entertainment,93d5f3cf-ce23-4e85-bbc2-311e8bffecda
ZEROBASEONE,2026-ascend,/musicalbums/2026-ascend,260518,7QGRDC7ngpE,mini_album,Wakeone,228462e6-0bdc-4e1f-b86e-c6e8dbf99ce1
PLAVE,2026-love-is-enough,/musicalbums/2026-love-is-enough,260520,QjZ6yzhqD-c,ost,YAMYAM ENTERTAINMENT,6ebd2106-67c4-404e-a7bd-f6f3d3c56090
AND2BLE,2026-sequence-01-curiosity,/musicalbums/2026-sequence-01-curiosity,260526,m6kmpiOsLVk,mini_album,YH Entertainment,19e1a63f-143a-4a42-85bb-a87313950b0c
RIIZE,2026-kill-shot,/musicalbums/2026-kill-shot,260418,sfVO4X_xOu8,ost,UNIVERSAL MUSIC LLC,55d29734-1f3f-4d13-97b2-5d1461b282b6
AleXa,2026-4evr,/musicalbums/2026-4evr,260424,iC2SApZboFw,single,Sony Music Sweden,5c177d0a-7022-47d3-b072-1a0b5a88a13b
ODEE,2026-night,/musicalbums/2026-night,260427,DWuIHCKI3wk,single,ODEE,f2a5b4d0-a1c1-48b2-bd59-8daf2de065e0
Jung Seunghwan,2026-sleepless-from-sold-out-on-you-ost-pt3,/musicalbums/2026-sleepless-from-sold-out-on-you-ost-pt3,260428,oqt0JmsuSdE,ost,YAMYAM Entertainment,2170dd4f-7d9e-4810-a7e3-5321d15b1bcb
Trade L,2026-aurora,/musicalbums/2026-aurora,260428,AclBcmvaeKU,studio,AMBITION MUSIK,e5c0c96e-1a43-41da-8ccd-929de1ca4769
Balming Tiger,2026-home2,/musicalbums/2026-home2,260428,iDAStwuWFTE,single,Balming Tiger,881ddec0-3ef9-49b1-bd74-668dc54d9580
THAMA,2026-yumis-cells-3-pt4,/musicalbums/2026-yumis-cells-3-pt4,260428,PdZlUGBwaCc,ost,"Stone Music Entertainment, Studio Dragon",3ad3c933-e097-4ed7-8ca2-3f66273e9e30
Jinyoung,2026-said-done,/musicalbums/2026-said-done,260513,rIiGnn_8A4k,mini_album,BH Entertainment,76f66991-d98b-43bb-a23e-ac151d335a51
NiziU,2026-portfolio,/musicalbums/2026-portfolio,260701,QW28YKqdxe0,compilation,Epic Records Japan,1dcb803d-f30e-430d-b45e-6d07268f5bf9
Nosun,2026-ambition-110,/musicalbums/2026-ambition-110,260110,cYYcoxDNoik,single,AMBITION MUSIK,3298cacb-941d-469b-9c62-17b78a60109f
Trade L,2026-love-maze-ii,/musicalbums/2026-love-maze-ii,260221,x9v9uOp1nIg,ep,TRADE L,0b5448bd-a4f5-453a-be45-86eeb717c679
Lil Moshpit,2026-annyeonghaseyo-blase-remix,/musicalbums/2026-annyeonghaseyo-blase-remix,260422,cd80sQ6k8og,single,WM Japan / 300 Entertainment Japan,63ac4aa2-aea4-44ff-bad1-ac53b96e4b9b
Lil Moshpit,2026-annyeonghaseyo-4sho-remix,/musicalbums/2026-annyeonghaseyo-4sho-remix,260429,nQtWi1yT97k,single,WM Japan / 300 Entertainment Japan,237e35de-2221-4765-9056-087d70195308
LUCY,2026-childish,/musicalbums/2026-childish,260429,mMr52FVf6qk,studio,MYSTIC STORY,4d94af70-6f7d-4a0e-8e8f-41ac6f80d8df
Soobin,2026-i-love-you-i-love-you-too-from-sold-out-on-you-pt4,/musicalbums/2026-i-love-you-i-love-you-too-from-sold-out-on-you-pt4,260429,-Rbf9Kls7qI,ost,YAMYAM Entertainment,69846956-86a1-4eac-8454-029186301357
ChaDongHyeop,2026-doogeundae,/musicalbums/2026-doogeundae,260512,BDXZ-fYk0Gc,single,Woollim Entertainment,09f29ac1-bae9-41e0-b82b-b56e569779ef
Aiden,2026-unbreakable,/musicalbums/2026-unbreakable,260226,HUuqvTfD3-w,single,DIPBLU,9c7b148e-3e86-42af-b0a3-abee26e00811
Kisum,2026-so-what,/musicalbums/2026-so-what,260429,6eeGMatVNNw,single,KIUM,ea71ae61-7b86-4184-a7da-44cda8097cf6
Ryu Minhee,2026-because-its-raining,/musicalbums/2026-because-its-raining,260429,k7d3t4WwsmE,single,Double M.M.M.,79c526ca-627e-46bc-bc56-c9bedf22fd75
Aiden,2026-7-days,/musicalbums/2026-7-days,260430,kqA4JOf_Vrs,single,"JWIN Entertainment, DIPBLU",a9aca34c-c7de-4cc7-86e6-57846cc7a2b2
Shaun,2026-last-page,/musicalbums/2026-last-page,260430,8VA4vJ7XG8k,ep,How Music Production,d11d7f25-857b-446e-95a4-1fadcb1fb60c
Kang Min Hee,2026-praise,/musicalbums/2026-praise,260430,jGI-sy96hn0,single,Mound Media,a3b4c751-ea47-42ba-9a66-1d3973067002
GSoul,2026-symphony,/musicalbums/2026-symphony,260430,NtilymvB8YE,single,NONUNI ENTERTAINMENT,c2b08018-127e-4b2d-b7c4-2bf4cfddbcdb
YongYong,2026-r-o-c-k-s-t-a-r,/musicalbums/2026-r-o-c-k-s-t-a-r,260430,YHG_5V_FGdY,single,SAURUS,460f855d-60a4-4582-aa3d-582b669baa6b
Ken,2026-radio,/musicalbums/2026-radio,260430,pdn7egxK0AU,single,Code Chameleon,efe881da-e7e0-4c57-8e8a-4de7855a06fe
Jennie,2026-dracula-remix-instrumental,/musicalbums/2026-dracula-remix-instrumental,260501,0UPDBODtxzw,single,Colombia Records,efda59a1-c46e-4c82-90a3-9278cc3bc8ff
So Soo Bin,2026-perfect-crown-ost-part-7,/musicalbums/2026-perfect-crown-ost-part-7,260501,iTN61KGaUZA,ost,Kakao Entertainment,94430da4-1e9f-46a7-96b8-65c984505456
Yoon Jay,2026-numb,/musicalbums/2026-numb,260213,E2ITcPwUzig,single,PARKYOON ENTERTAINMENT,20ac0c88-3567-4df0-81f7-a0682f4f1912
Yoon Jay,2026-fly-with-you,/musicalbums/2026-fly-with-you,260227,kehGv-cauoM,single,PARKYOON ENTERTAINMENT,a3f067f2-f4b6-42ab-92ce-35545f8c2cc6
Yoon Jay,2026-bad2,/musicalbums/2026-bad2,260313,GF3CYgXKOq8,single,PARKYOON ENTERTAINMENT,d588404c-31ad-4d1e-9824-716a488f7b08
Yoon Jay,2026-dance-your-heart-out,/musicalbums/2026-dance-your-heart-out,260327,6VhzQdBPiPg,single,PARKYOON ENTERTAINMENT,9134cbb2-5513-4306-ab63-62ae024a8d76
Yihyun,2026-pokemon-horizons-rising-again,/musicalbums/2026-pokemon-horizons-rising-again,260421,QRpZZ0wlqVk,ost,Genie Music,8581f0f1-fe6a-4fdc-8e57-11b69cfcbdbc
Yoon Jay,2026-save-me2,/musicalbums/2026-save-me2,260424,mFEAnohDcKc,single,PARKYOON ENTERTAINMENT,e3706ea4-a946-405c-84d8-bd2faea2950d
Yoon Jay,2026-say-my-name,/musicalbums/2026-say-my-name,260501,KtxGi1BUwno,single,PARKYOON ENTERTAINMENT,79af0d63-0d96-4138-b3c3-33bd40caa6a0
Yunhway,2026-go-low,/musicalbums/2026-go-low,260501,6oXdQIRGnlM,single,FS0409D,a40eac06-29c8-4e94-a915-a9ab80eb8e39
N,2026-absolute-value-of-romance-pt3,/musicalbums/2026-absolute-value-of-romance-pt3,260501,p4YstJMccms,ost,Studio maumC,62628ad8-fd2a-46b2-92c8-0047699c42c7
The8,2026-love-is-gone,/musicalbums/2026-love-is-gone,260501,tHHN7xlf3XQ,single,PLEDIS Entertainment,c588ddaa-ebb0-49c8-823b-87d064209f00
Gavy NJ,2026-they-parted,/musicalbums/2026-they-parted,260504,gTYa762k6kU,single,DSP Media,e300d1c6-8e24-41b4-a4e3-2b7ae6349abf
Lee Hi,2026-2-easy-2-be-hon2st,/musicalbums/2026-2-easy-2-be-hon2st,260505,3sn2t8dphQU,single,808 HI RECORDINGS,4541677f-53a8-4541-b1cf-d189bd4d5af5
Woohyun,2026-boy-and-girl,/musicalbums/2026-boy-and-girl,260509,e2KAMzli7wo,single,Billions Entertainment,9278ef4e-412a-4743-b962-5fe0fd4c1570
tripleS,2026-assemble26-lovepop-pt1,/musicalbums/2026-assemble26-lovepop-pt1,260601,6q8UMVXhXsE,mini_album,MODHAUS,de9f3bf7-3233-4e8b-9803-a3f47933456f
BamBam,2026-carry-you,/musicalbums/2026-carry-you,260327,GZSZWsn8y3E,single,Tencent Music,8039c0ae-c76b-44e1-8adb-b9fd4930b1a7
Nosun,2026-nos,/musicalbums/2026-nos,260417,A94sqQLgRlo,ep,AMBITION MUSIK,da796721-0e65-4a1f-89b7-563ec01ad7f5
hrtz.wav,2026-perfect-crown-pt8,/musicalbums/2026-perfect-crown-pt8,260502,ua0M2wzPcT0,ost,Kakao Entertainment,c6c8a793-a23b-40ea-93f0-6cfbd167e2dc
Owler,2026-deep-dive,/musicalbums/2026-deep-dive,260501,Qv4WZkEF7TQ,ep,OWLER,f58c3ac2-0a42-4b75-882d-167e7cac7999
PJX,2026-fly-to-you,/musicalbums/2026-fly-to-you,260502,xtCGn9MNe-k,single,Charon Universe,7d4ecba6-4ef7-4a8a-b002-95dc683aa54f
Yeoeun,2026-thats-how-i-live,/musicalbums/2026-thats-how-i-live,260503,IZXYiqqHnls,single,Yoghurt Studio,92d6f75d-af80-4d33-8581-d734186dc9bf
Ilhoon,2026-devil-can-wait,/musicalbums/2026-devil-can-wait,260508,nqmbtf5gDKA,single,Carpenterz ARt,129dbe4c-5276-4d71-b3ba-487be16a9b35
Vinka,2026-quietly,/musicalbums/2026-quietly,260515,Pu2uhdxMTws,single,JX1N Entertainment,430bb9f9-7230-4efe-9683-6850a17d209b
You Dayeon,2026-dream-rusher,/musicalbums/2026-dream-rusher,260624,uT21XVIB1Hk,single,Nippon Colombia,47943834-18b7-488d-bd3e-aa8aac0b769d
HOON,2026-chaste-love,/musicalbums/2026-chaste-love,260122,,ep,HOON,681b112c-5dc2-4b5b-8e3e-4ff091638696
Neukjun,2026-the-arrival,/musicalbums/2026-the-arrival,260427,evBH5C35aNk,single,,7c3ed8ff-e40c-4ec9-989e-cb569ec36f4b
Roy Kim,2026-with-you-from-sold-out-on-you-ost-pt5,/musicalbums/2026-with-you-from-sold-out-on-you-ost-pt5,260430,EPnpMeKjv3Y,ost,YAMYAM Entertainment,c5eb56a4-aed3-4f52-a2af-6c00b8ab15cb
Mingi,2026-nova-feat-gaeko-royal44,/musicalbums/2026-nova-feat-gaeko-royal44,260504,LEw_Sto8hOc,single,KQ,4cfbcd9e-149f-486d-b558-ee221aebf8fe
I.O.I,2026-goodbye-with-a-smile-recorded-in-2016-prodjinyoung,/musicalbums/2026-goodbye-with-a-smile-recorded-in-2016-prodjinyoung,260504,jEW8lfvCqnQ,single,SWING Entertainment,e8a43416-3a25-4db1-8143-fd0ac2f5b45a
Mad Clown,2026-except-you-feat-siso,/musicalbums/2026-except-you-feat-siso,260504,IrqtlJAbRHo,single,Beautiful Noise,a711cad0-f9e5-4682-9865-30e130078ac2
Coogie,2026-stuck-feat-baek-yerin,/musicalbums/2026-stuck-feat-baek-yerin,260506,YIpqCErlSwk,single,Duover,b6470ef6-6c9b-4a13-83e1-067371622659
easea,2026-easea-peasy-coconut-breezy,/musicalbums/2026-easea-peasy-coconut-breezy,260507,9OEdOprM4Uo,single,,0c1b574f-e61b-4138-bcee-6ff514a86088
Dean,2026-aftertaste,/musicalbums/2026-aftertaste,260508,ywxIFZBTsCE,single,,b31bf03f-3406-4865-b0ef-b43aa58c0b06
Rain,2026-feel-it2,/musicalbums/2026-feel-it2,260511,QiQJxMQ6TMU,single,Rain Company,028efb87-3c8d-4744-99f8-fb1cf2f1f5aa
aespa,2026-wda-whole-different-animal,/musicalbums/2026-wda-whole-different-animal,260511,iTJSbJtS8MU,single,SM Entertainment,97996adc-d7b6-4eaa-8233-9b0facdeb5a4
FLARE U,2026-youth-error,/musicalbums/2026-youth-error,260513,dyxmlYXdxUs,mini_album,"FNC Entertainment, WAKEONE",6b8ec6ba-1655-4dbc-a36f-3acfca4275b0
Sanha,2026-no-reason,/musicalbums/2026-no-reason,260520,n-eTTpT8KGc,mini_album,Fantagio,af3c9bd4-d4fd-4061-93d4-b464cdade28f
SHOWNU X HYUNGWON,2026-love-me2,/musicalbums/2026-love-me2,260521,kUF1-MOV4KA,ep,Starship Entertainment,abc5391c-4ab5-451e-ade5-3167e28457c4
XLOV,2026-igod,/musicalbums/2026-igod,260527,1IzZezTfwE0,mini_album,257 Entertainment,ab86c0ba-2247-41bc-a235-2f0b22f72cd1
Suki,2026-hope-youre-doing-well,/musicalbums/2026-hope-youre-doing-well,260504,PDzJeGsoSA0,single,Forest View Entertainment,0e8a29e9-8759-4905-923e-e1b2968920ac
POW,2026-why2,/musicalbums/2026-why2,260505,YHlvIVu3TuU,single,GRID Entertainment,1f5f1212-9810-4037-965b-4c1e90edef96
Royal 44,2026-i-been-freestyle,/musicalbums/2026-i-been-freestyle,260505,U3LYhPjznKE,single,Yng & Rich Records,42d872fc-237e-4200-a9d8-d8dc57153506
Anton,2026-yumis-cells-3-pt5,/musicalbums/2026-yumis-cells-3-pt5,260505,D_gLFOf5SqY,ost,"Stone Music Entertainment, Studio Dragon",516340c3-2d3e-46e5-b208-08fc917bdc38
Jain Ros,2026-ombres-de-la-nuit,/musicalbums/2026-ombres-de-la-nuit,260505,ibUXu-iaE-8,single,THE VOLCE,c260e5c5-50ef-45c0-ac89-0aabc90fe89c
16,2026-lucky,/musicalbums/2026-lucky,260505,s-qgg1B1Eo8,single,AllBlue Records,e4e27b69-2763-478e-8620-6690492aae63
Marv,2026-star2,/musicalbums/2026-star2,260506,7f-yjTuB-XU,single,Marv,b5feceed-7f30-4c81-9734-c2a8a54b2f37
Wanna One,2026-we-wanna-go-wanna-one-go-back-to-base-ost,/musicalbums/2026-we-wanna-go-wanna-one-go-back-to-base-ost,260506,fBS6EWD_MGc,single,Stone Music Entertainment,3dfe32ea-5656-4353-a3a9-69bf7e47d6f0
Bolbbalgan4,2026-someday-from-sold-out-on-you-pt6,/musicalbums/2026-someday-from-sold-out-on-you-pt6,260506,QLJ_QSjM06E,ost,YAMYAM Entertainment,369d11ee-750c-47e7-a658-389038724ca1
Yeeun,2026-fragrance-of-memories,/musicalbums/2026-fragrance-of-memories,260512,vOCc8AKs48Q,single,HiD,bcf2c737-92cf-4ba0-a48c-eaca7ee32e65
Five O One,2026-set-it-off2,/musicalbums/2026-set-it-off2,260307,2AxwurIbZls,ep,Henencia,f13a315c-ad20-4e2c-b909-04eaddaac37f
Nayeon,2026-love-is-enough-from-sold-out-on-you-pt7,/musicalbums/2026-love-is-enough-from-sold-out-on-you-pt7,260507,cfHN6WxkYKg,ost,YAMYAM Entertainment,6fb5fc7a-44ca-4532-bf71-95c754932dc8
PATEKO,2026-rest-stop-feat-gist-june,/musicalbums/2026-rest-stop-feat-gist-june,260507,08g-oAALjFE,single,side/up,6260b6c8-3d09-4f6e-85d7-bd5eeb670574
Aiai,2026-hint,/musicalbums/2026-hint,260508,k030vtZq2ok,single,,77506e84-e9c1-486c-869f-54b50e67598a
BE'O,2026-hate,/musicalbums/2026-hate,260508,9y86NbotmEg,single,Midnight Records,a18e4f7e-d7ad-4715-b386-7c46b4349f69
T:EV,2026-5am,/musicalbums/2026-5am,260511,DtLQeI6UsMc,single,THE ONE,3a3c3953-e75a-497c-88af-869fb2c3f328
ITZY,2026-motto-remixes,/musicalbums/2026-motto-remixes,260522,sO_1HFO36QM,single,JYP Entertainment,2cf243ea-2006-4c4a-9684-e1b5ff4d681f
TREASURE,2026-new-wav,/musicalbums/2026-new-wav,260601,QERKD90hG98,mini_album,YG Entertainment,cc3ac5f9-8fde-4001-a644-212df805222a
ONEUS,2026-under,/musicalbums/2026-under,260701,LtSXx56Mhvw,single,,f80c69e6-8fc4-4140-b555-af4b8c6212d6
Aiai,2026-quiz,/musicalbums/2026-quiz,261108,,studio,Talented,b624e2ba-d4cd-4289-a044-854f61490a15
Yerin,2026-all-for-you-shin-ye-young-soonsoonhee-jeon-gunho-yerin-x-lulu-lala-friends-2,/musicalbums/2026-all-for-you-shin-ye-young-soonsoonhee-jeon-gunho-yerin-x-lulu-lala-friends-2,260507,UDDbx0KiGi4,single,Donuts Culture,d95876af-51da-4913-9b54-8063b96cdc9c
BewhY,2026-southside-freestyle,/musicalbums/2026-southside-freestyle,260508,XkkEM40VwFo,single,Opus Magnum,96a1099c-e8aa-4954-85c0-3585bbe88b24
Sam Kim,2026-perfect-crown-pt9,/musicalbums/2026-perfect-crown-pt9,260508,vviU2vsSe5M,ost,Kakao Entertainment,c511dded-c2e3-48ea-8507-270c610cc909
Jihyo,2026-hvnly-with-jenevieve,/musicalbums/2026-hvnly-with-jenevieve,260508,_opQpDYh33I,single,Interscope Records,1bb065d7-1d55-4f9d-be99-e7f8119e1485
COMMA,2026-radical,/musicalbums/2026-radical,260513,62Tt4m8jOp4,single,4824 Company,db03edca-05eb-4dfc-bb47-3c1efc8b5704
LNGSHOT,2026-4shoboiz-vol-2-4shoville,/musicalbums/2026-4shoboiz-vol-2-4shoville,260518,Q1sE699jthg,ep,MORE VISION,1205f703-a9ec-4c88-912a-ce5b41f5fff1
,2026-hows-delight,/musicalbums/2026-hows-delight,260507,,mini_album,,50f325de-8df3-40d7-893a-c17598e17707
Yuri Park,2026-bust-n-click,/musicalbums/2026-bust-n-click,260507,nc6yI5pi3k8,single,Independent,2f147740-4ee7-438f-b471-12a0869a06c1
Gist,2026-just-friend,/musicalbums/2026-just-friend,260508,,ep,Daytona Entertainment,b7198c22-469e-48f2-be51-9241e2eebd05
Kid Milli,2026-mainstream,/musicalbums/2026-mainstream,260508,nNVVzAjsPe4,studio,POV,04098f8c-13c5-41d1-881c-18c1da39f205
Kyu,2026-this-feels-like,/musicalbums/2026-this-feels-like,260508,O0KFqVkhpuo,single,NAISU AGENCY,32c5d927-27e6-4943-a6c3-13547401cac8
MilliMax,2026-1192,/musicalbums/2026-1192,260212,fh9TWwotwPE,single,MilliMax,d4328bec-d0eb-4ad8-bd9a-1189784c06ea
MilliMax,2026-am-i-in-luv,/musicalbums/2026-am-i-in-luv,260225,5ds6H8wMOyc,single,MilliMax,a2d95fd7-7502-4fb7-9809-a39ad433941d
Lil Moshpit,2026-show-me-the-money-12-episode-1,/musicalbums/2026-show-me-the-money-12-episode-1,260306,DhfitPakxV8,compilation,Stone Music Entertainment,6a065ac0-112a-4de9-9508-89dac9646fee
Zivenew,2026-spring-fever2,/musicalbums/2026-spring-fever2,260313,9Av8DEKE2og,single,Zivenew,c0bab44b-5640-4d9c-bf4b-19e482c21044
John Cha,2026-orange-courage,/musicalbums/2026-orange-courage,260313,fGCCpfa-WDQ,studio,WAVY,1c2c547a-a883-456b-9c36-bdee3a3faa77
MilliMax,2026-yessir,/musicalbums/2026-yessir,260326,N6JXNISrpEY,single,MilliMax,5e294331-5812-4c9b-96dd-26566d3bcb7e
Yun Seong,2026-never-lose-myself,/musicalbums/2026-never-lose-myself,260503,mcC-o7wq5EY,single,MA Entertainment,ab3a6ee1-8d7b-43a9-985c-ca16b03675b2
SHUSHU9,2026-palette,/musicalbums/2026-palette,260503,wCtRSOVpf40,single,Blue Fairy Music,4639148e-b073-4f01-a57b-91f4fcea76c9
Gavy NJ,2026-he-broke-up,/musicalbums/2026-he-broke-up,260504,gTYa762k6kU,mini_album,DSP Media,d09e5c33-6ff7-4297-803c-1f6b310ac8c7
MilliMax,2026-milli,/musicalbums/2026-milli,260505,XfASTPiEh3M,ep,AMBITION MUSIK,28c4256e-f87e-46f6-8966-f895355f0b0d
sanha,2026-sanha-express,/musicalbums/2026-sanha-express,260507,kjccso8nrc0,ep,Independent,9179b0a5-2648-4321-93f9-da422c59bce8
Choi Yuree,2026-forest-japanese-ver,/musicalbums/2026-forest-japanese-ver,260508,U4aD9NLDQJs,single,Nave,d4ef92e4-d8ea-48f9-92a3-d45cd51f073f
Jeonghwa,2026-sun-love,/musicalbums/2026-sun-love,260510,hWT7vfliD7g,single,Independent,028bae39-4827-4239-8752-82111ab04893
Trade L,2026-ambition-510,/musicalbums/2026-ambition-510,260510,__cY_IaSb7s,single,AMBITION MUSIK,0d132065-fffa-4606-a69f-861ce7e861ad
Doyoung,2026-filing-for-love-pt4,/musicalbums/2026-filing-for-love-pt4,260510,aBtRTBVggUM,ost,Studio Dragon,231d6a2b-3355-42c1-87f4-2e6cde7b943b
Big Naughty,2026-still-freestylin,/musicalbums/2026-still-freestylin,260510,OE8CjkC0BGA,single,H1GHR MUSIC RECORDS,11e8e738-7ea7-44cc-9306-93b2a7791be7
Lena,2026-no-cat-home,/musicalbums/2026-no-cat-home,260510,lqJ30KbpEY4,single,,d0a41d13-ebf4-49a3-9a56-197818b52cd0
FTISLAND,2026-flaming-baseball-2-ost-part-1,/musicalbums/2026-flaming-baseball-2-ost-part-1,260510,eKuzq2AOvFM,ost,"STUDIO C1, FNC ENTERTAINMENT",34e960a9-1404-4b43-95e6-4c8e853001b4
IÖN,2026-area-x,/musicalbums/2026-area-x,260511,Si5mKYAei3o,single,AT Area,f88cf0d2-aa8f-43e5-a973-1dd2d3a1bba3
BOYNEXTDOOR,2026-knock-knock-knock,/musicalbums/2026-knock-knock-knock,260511,WxGWMI2B7r8,single,KOZ Entertainment,9799bcd3-aca1-4fdb-9690-39596ade8567
Mingi,2026-fix-off-desire-project-origin,/musicalbums/2026-fix-off-desire-project-origin,260511,uD0yLUVtAvk,ep,KQ Entertainment,90d2b8c0-f683-4c62-b9a2-ebd455c6b202
Yeeun,2026-the-smell-of-memories,/musicalbums/2026-the-smell-of-memories,260512,,single,HiD Project,1376fdcb-81b2-4a0b-98e3-6bcd57ecf6e6
NOWZ,2026-us,/musicalbums/2026-us,260513,69I7Hj6p8_0,single,CUBE Entertainment,bc1478a8-0a8c-475a-8f70-49984af5fa4c
KAJA,2026-forward,/musicalbums/2026-forward,260515,zyvi6HkDqxE,ep,Sony Music Labels Inc.,e9fa0671-e060-4678-98ec-bc253f3338db
BIBI,2026-bumpa,/musicalbums/2026-bumpa,260520,VoTuH7UHWLI,single,FeelGhood Entertainment,3e1beef9-9ee1-4521-93ef-58b488fc00c8
WOO,2026-unlock,/musicalbums/2026-unlock,260521,mRAgbcLxj9k,single,Eighty6,dd80d49a-7bdc-4c25-bf9b-0a4ee5acea5d
Hyojung,2026-purple-note,/musicalbums/2026-purple-note,260521,BWj5MW9V7jM,single,WM Entertainment,63a80dff-f3ff-4ae2-a107-534ac61d7c30
ALPHA DRIVE ONE,2026-no-school-tomorrow,/musicalbums/2026-no-school-tomorrow,260526,cBfYIb1w1iw,single,Wakeone entertainment,8f495d57-89fe-4c1a-9c54-483f048c9d0c
BewhY,2026-pop-is-cryin,/musicalbums/2026-pop-is-cryin,260529,cO2LQvgMA_k,studio,Opus Magnum,e91606d4-750c-4421-aaf5-e8fc6351ccce
MEOVV,2026-bite-now2,/musicalbums/2026-bite-now2,260601,,ep,THE BLACK LABEL,df4498ba-025b-4b62-8d25-977578179394
FIFTY FIFTY,2026-imperfect-imperfect,/musicalbums/2026-imperfect-imperfect,260601,FhlnthSvGNM,mini_album,ATTRAKT,65182466-c054-4e34-9163-1154b4aecbb9
MEOVV,2026-bite-now,/musicalbums/2026-bite-now,260601,wAcmabgnXQ4,mini_album,THE BLACK LABEL,5b7825d4-23a2-4e32-b7c4-bab876d81104
SHINee,2026-atmos,/musicalbums/2026-atmos,260601,1XFEtAx5i7E,mini_album,SM Entertainment,a09e3ecc-ead9-4e2c-b876-99c0a17e0c0b
BOYNEXTDOOR,2026-home3,/musicalbums/2026-home3,260608,WxGWMI2B7r8,studio,KOZ,34ef70a4-33cb-4c7b-a587-6de4be187f59
Dino,2026-board,/musicalbums/2026-board,260803,,mini_album,Pledis,87a81d13-0e16-44bc-b94c-7041fcb774ea
Haon,2026-yarrr,/musicalbums/2026-yarrr,260512,ICOB_gz4k6E,single,KC,7fd4fcaf-457e-40a8-9c74-7f0d4b87f577
Wonstein,2026-echo-dark-k-pop,/musicalbums/2026-echo-dark-k-pop,260512,jdc4XckyN7Y,single,STANDARD FRIENDS,f76fdaa9-c772-415d-b1cc-dbb99df96ad0
Balming Tiger,2026-gojingamrae,/musicalbums/2026-gojingamrae,260512,EF7ueTjEwPs,single,"Balming Tiger, CAM",830d45f7-cd70-48fe-9a14-d760e9a427ff
Hayoung,2026-love-story-youth-of-revelation-x-song-ha-young,/musicalbums/2026-love-story-youth-of-revelation-x-song-ha-young,260512,enVPqoR_SVE,ost,MUSIC&NEW,53c44a48-8d6a-4e0c-b4bd-22bb3efad60f
BLASÉ,2026-blase-2,/musicalbums/2026-blase-2,260514,su12CXASZc4,studio,AT AREA,01a13398-73df-4111-84dc-ca70f92beaa4
SeeYa,2026-first-again,/musicalbums/2026-first-again,260514,UvWXWGhZin8,studio,"Seeya Entertainment Co., Ltd",e5d90d28-7418-46b4-92ff-92be9ae45548
FIFTY FIFTY,2026-starstruck,/musicalbums/2026-starstruck,260515,HjxZvWCcfy8,single,ATTRAKT,1df07ce8-966e-4cf8-9da7-af7debcf434d
THE SSYNDROME,2026-my-first-love,/musicalbums/2026-my-first-love,260521,OGaXnhIxcmA,single,Dreamcatcher Company,e46c3eaa-3e01-4e9c-b092-17b1b81f5f00
IDID,2026-fly2,/musicalbums/2026-fly2,260527,fcfv_p_NWx8,single,Starship Entertainment,ce04b8a2-77b2-42bd-8229-c4af26ec44f8
Soorin,2026-full-star-rating,/musicalbums/2026-full-star-rating,260528,ycAFjsJYCCM,single,,892428f5-031f-4cfa-b11e-3eb130ace891
Heart Of Woman,2026-heart-byte-legacy,/musicalbums/2026-heart-byte-legacy,260528,h8HGbj0enmg,studio,Blue Brown Records,bdd64f90-ebd5-49f7-9ac4-645b55123d5c
Jeup,2026-love-is-here,/musicalbums/2026-love-is-here,260327,XiY7YPkHmkU,single,"Voice Entertainment, HG Music",25bf4ad0-5590-4ba8-82f0-ed7b408fb215
,2026-world-scout-the-final-piece-finale,/musicalbums/2026-world-scout-the-final-piece-finale,260512,GJN6J-jqBA0,single,"HYBE, UMG",dab4b58a-ec65-4c58-aed7-a179fe6ff73d
Junghoon,2026-dont-hold-it,/musicalbums/2026-dont-hold-it,260513,_pTXNzKoJ94,single,"Aurora, Danal Entertainment",763a7494-99e6-4c3a-80f2-066dfb863b0e
Heize,2026-i-see-you-from-sold-out-on-you-pt8,/musicalbums/2026-i-see-you-from-sold-out-on-you-pt8,260513,UOvWqzu0AF8,ost,YamYam Entertainment,2e761843-b889-4773-a2bc-25bacea05ec6
Jay B,2026-tree2,/musicalbums/2026-tree2,260610,371J7iA56pQ,ep,528Hz,7137777a-1ccd-498f-aa87-cc06396a9246
Rubyeye,2026-mirror-vivinos-alnst-sub-mizi-part2,/musicalbums/2026-mirror-vivinos-alnst-sub-mizi-part2,260108,C4aZk3URd-o,ost,STUDIO LICO,fec87970-4301-4409-8b84-b6256e07d4f1
Soobin,2026-still-shining-ost-pt-5,/musicalbums/2026-still-shining-ost-pt-5,260320,yMyXXPDv3ek,ost,Kakao Entertainment,3269499f-34bc-4867-88d1-896e5e30e14a
Yang Jieun,2026-sunset,/musicalbums/2026-sunset,260513,jeWdFtezuG4,studio,Jieun Entertainment,c3f1b05e-4fac-4942-8af9-03aab324f950
Simon Dominic,2026-onyx,/musicalbums/2026-onyx,260514,Ew65b9BMrjU,studio,ONYX.,fe382a3f-101d-4a70-bc76-b8ede1710663
Nosun,2026-no-way-home,/musicalbums/2026-no-way-home,260514,e53PTUZXXy4,studio,Ambition Musik,2ff5eeb1-dd4b-4bff-9ea0-6d629bee16c9
Olivia Marsh,2026-paraglider2,/musicalbums/2026-paraglider2,260514,TeWDXpHyI88,ep,"Warner Music Korea Co., Ltd.",25caa1f6-851a-446c-afd2-f65e58f687f1
Tabber,2026-new-moon,/musicalbums/2026-new-moon,260514,PdSsC7aAIwI,single,You.will.knovv,ba4db86a-6aff-4c0a-b0bb-43b1da8ac0ab
Gummy,2026-missing-you-today-from-sold-out-on-you-ost-pt9,/musicalbums/2026-missing-you-today-from-sold-out-on-you-ost-pt9,260514,yCgjiYmRtGE,ost,YamYam Entertainment,a4322267-9945-41d8-b026-bf20398df83d
Yerin,2026-so-pretty-yerin-x-lululala-friends-2,/musicalbums/2026-so-pretty-yerin-x-lululala-friends-2,260514,uPm5_b-wJfg,single,Donuts Culture,6a060b1f-cb84-4dfb-b660-044f22d48010
Krystal,2026-pwlt,/musicalbums/2026-pwlt,260526,bQ2_3_H29T4,single,BANA,fceab890-623a-4669-a255-507be49f3286
Queenz Eye,2026-prism-ep02,/musicalbums/2026-prism-ep02,260528,tqGcOmgTq_U,mini_album,Big Mountain Entertainment,82fc12cf-bc1a-4124-b63c-1038f6fe818e
Jinho,2026-chestnut,/musicalbums/2026-chestnut,260106,DY-TO23IG18,single,S27M Entertainment,86841501-c54b-43f4-81a4-4df8674f78ba
AKUGETSU,2026-were-the-moonlight-the-patron-of-villains-original-soundtrack-part1,/musicalbums/2026-were-the-moonlight-the-patron-of-villains-original-soundtrack-part1,260426,CG5dE5vaD7s,ost,VOSTOK,e1f05468-f1fb-44d7-8229-74a36773adfc
Aokumo Rin,2026-spark-2026-kel-eternal-return-original-sound-track,/musicalbums/2026-spark-2026-kel-eternal-return-original-sound-track,260513,NGyCzUHjorI,ost,Frontal Lobe Injury,597d14cb-b132-489c-9042-24ada303103c
NiziU,2026-love-beat,/musicalbums/2026-love-beat,260515,AgqTpVY_T_k,single,Sony Music,cb2cee83-bec5-4a46-a123-957deaff22c2
Reddy,2026-run-outtt,/musicalbums/2026-run-outtt,260515,S4zNFHjz88k,single,QUAN Entertainment,3388caeb-342f-4089-91d9-a7c48bb537f7
Baeksik,2026-crimson-fade,/musicalbums/2026-crimson-fade,260515,jWSHTjNRQBU,ep,Baeksik,c8afd8fe-3c2c-42b6-bb5d-6d20f6b1c24d
wave to earth,2026-heaven-and-hell,/musicalbums/2026-heaven-and-hell,260515,53Ot9E5QG_I,single,wavy,5bf22a04-e7cb-4e86-b458-892775b1eed4
Taemin,2026-permission,/musicalbums/2026-permission,260522,hw0Xm7_Lgk8,single,SM Entertainment,294bfc22-9ef4-4f5a-b5e6-e7adaf518dd2
ONEWE,2026-the-quiver,/musicalbums/2026-the-quiver,260528,BTEzUKfhWl8,single,RBW,d51d6f3d-b9d4-4220-be89-746074a1f012
NMIXX,2026-k-pops-music-from-and-inspired-by,/musicalbums/2026-k-pops-music-from-and-inspired-by,260529,Ny8f5QIoL1Q,ost,"UMG Recordings, APESHIT",fdd2e4cb-d35e-4db0-8642-c7d9ad021e5a
12BH,2026-how-to-write-a-long-song,/musicalbums/2026-how-to-write-a-long-song,260116,yzw4E1WiBHI,single,,06f26c42-4032-4877-b3ac-0b5bb6ab562c
UNIS,2026-mwah-en-ver,/musicalbums/2026-mwah-en-ver,260128,UwceugNYOuE,single,AbemaTV,c2ba7038-de6c-4be9-a4d7-b73ec85cdc66
12BH,2026-better-days,/musicalbums/2026-better-days,260224,PioId8gpvgY,single,,15064b97-c7c0-49a6-892b-11ccd0ed267c
Jukjae,2026-phantom-lawyer-pt1-original-soundtrack,/musicalbums/2026-phantom-lawyer-pt1-original-soundtrack,260313,2Zwr4v1iwQM,ost,Genie Music,4eef5311-6cd0-4989-907a-841844571e9f
Yunmin,2026-phantom-lawyer-pt2-original-soundtrack,/musicalbums/2026-phantom-lawyer-pt2-original-soundtrack,260321,-7NfQDh-Q2I,ost,Genie Music,a4284e6b-2d1e-485f-9df8-95caae6e1c20
12BH,2026-take-a-breath,/musicalbums/2026-take-a-breath,260326,0R2KETpmpqQ,ep,,135c3b64-1a17-49f5-8bfd-4d8d9059b4f5
Jiwon,2026-phantom-lawyer-pt-4-original-soundtrack,/musicalbums/2026-phantom-lawyer-pt-4-original-soundtrack,260403,-E1PQSTNx9A,ost,Genie Music,c96f7046-3784-449b-abaa-3c9c6f740612
,2026-stronger2,/musicalbums/2026-stronger2,260424,JywM-nQjIyo,mini_album,Imagine Muzik,4bd27413-eff9-4b95-ac07-2bf83680cca5
MiMi,2026-pon-pink-apple,/musicalbums/2026-pon-pink-apple,260425,HosGMY8IcGk,mini_album,MOOVE LABEL,5de94d10-de92-41c0-a7a0-2dc9db1ec348
Jennie,2026-dracula-jennie-remix-boys-noize-disko-version,/musicalbums/2026-dracula-jennie-remix-boys-noize-disko-version,260512,NiNXwI_Y1So,single,Columbia,e75a6a51-8f50-4577-9ece-0816fd3aabb3
CLOSE YOUR EYES,2026-pose-spanish-ver,/musicalbums/2026-pose-spanish-ver,260515,w_mxESFUfIs,single,UNCORE,5a81a2af-dbb9-4d1c-87ea-c432e3ed336d
Young K,2026-my-royal-nemesis-pt2,/musicalbums/2026-my-royal-nemesis-pt2,260516,Zlw_EjSsxAg,ost,Studio S,5585b808-8fc1-4354-bcb6-88468044b54c
Paul Kim,2026-we-are-all-trying-here-pt7,/musicalbums/2026-we-are-all-trying-here-pt7,260516,qqbJGLFPMkM,ost,SLL,ab3b0f99-d9fa-4739-86d6-cf05902df01d
Sole,2026-filing-for-love-pt5,/musicalbums/2026-filing-for-love-pt5,260516,ZOA1HiEytzE,ost,Studio Dragon,f64ec431-5225-4c6f-930d-c3dd48deb2cd
J.Seph,2026-spin-off,/musicalbums/2026-spin-off,260526,EZNHsnwBDrk,mini_album,DSP Media,f1141a33-666d-4d26-b030-2bb478fbfa14
Dante,2026-reset,/musicalbums/2026-reset,260228,EtFy8BIkKX0,single,JUNKY CREAM,2afd7afa-a223-4097-aef6-e537b7e250f1
Yewon,2026-i-love-you-devil-ost-x-yewon-hyori-of-mimiirose,/musicalbums/2026-i-love-you-devil-ost-x-yewon-hyori-of-mimiirose,260304,PDvastsibCQ,ost,KinGMaker Label,f988fdff-03c9-43e6-94db-7056f3751a54
Jiwon,2026-pokemon-we-are-the-one,/musicalbums/2026-pokemon-we-are-the-one,260415,xZJ5f_LrSpI,ost,"Pokémon Korea, Inc. , Genie Music",77a551c7-e63c-45f4-9280-2df11e5714a4
Kim So Yeon,2026-daniel,/musicalbums/2026-daniel,260513,EAltpjVpoQ4,single,Waldeinsamkeit,5b51f543-2db8-45d5-b956-29304b3e158c
Hyori,2026-neutron-star,/musicalbums/2026-neutron-star,260516,td0rZwusHlY,single,Pocket7 Entertainment,522a7ac1-2265-488b-a98a-cfc223b83702
Yeoeun,2026-night-like-this,/musicalbums/2026-night-like-this,260516,qNVpJxXXAko,single,Seeing Forest Entertainment,9be8f428-e5a8-491d-b7a1-4492e9c1c057
KyoungSeo,2026-a-wonderful-escape-love-actually-original-soundtrack,/musicalbums/2026-a-wonderful-escape-love-actually-original-soundtrack,260517,n5hA65ilgA8,ost,Genie Music,0a18437d-f0f3-45b1-908c-4d5e183ec950
PRSNT,2026-dont2,/musicalbums/2026-dont2,260517,jOSyZ_0eORw,single,BIXIZ XOUND,4c59d690-edeb-40fe-8a80-04a8ff06f420
Wish,2026-generous,/musicalbums/2026-generous,260517,zGNABIZAiYw,single,MUMW Entertainment,b7a5eb31-9343-4c09-8be6-b559c16fd4df
BoA,2026-aint-no-hard-feelings,/musicalbums/2026-aint-no-hard-feelings,260530,YeVCiWLuqYU,single,BApal,2fbf41db-9e10-44df-aeb0-41aaf29ccce2
NCT WISH,2026-yo-i-don-boy-meets-girl,/musicalbums/2026-yo-i-don-boy-meets-girl,260715,2derLGPaliE,single,"Avex Music Creative Inc. , SM Entertainment",dcc26246-7185-4be9-b134-5bb51f69dadb
TWS,2026-all-the-possibilities,/musicalbums/2026-all-the-possibilities,260519,tTi2uZQsmlo,single,Pledis Entertainment,1e8d723f-bb90-4955-a2b4-8d0bcffb1af7
Big Ocean,2026-make-it-up-to-you,/musicalbums/2026-make-it-up-to-you,260519,kZU1GukHahM,single,Parastar Entertainment,cc74b833-4914-4be4-bdf6-a5e5254e1e1a
Peniel,2026-idki,/musicalbums/2026-idki,260522,pbO9U8YB1Fw,single,BTOB Company,47ce6c88-6986-4611-b0be-e5ad403aefa9
Jinsol,2026-eleemental,/musicalbums/2026-eleemental,260527,ABrKic-lHQY,mini_album,Air Global Castle,b74aebe9-198e-4e2a-a093-20ff843d2937
izna,2026-set-the-tempo,/musicalbums/2026-set-the-tempo,260608,NQRGAh7ukh8,mini_album,WAKEONE,1548c6fd-4e2a-4778-955c-b391b69248a7
Jungwon,2026-koe-ft-jungwon-enhypen,/musicalbums/2026-koe-ft-jungwon-enhypen,260515,Cy-E5jby108,ost,Belift Lab,8e65856a-3d4c-4f6b-a16d-b3c3a25dd6ba
Jihan,2026-text-me,/musicalbums/2026-text-me,260518,MOBHFsvENdc,single,PAPERMAKER,4d8fc285-fc8d-4cee-957e-d658570dbe12
Nam Gyu Ri,2026-samgyeopsal-song,/musicalbums/2026-samgyeopsal-song,260518,VGi-Jh4xB3o,single,Bionic,c922582c-db1f-4fdd-a2fe-3661a9fdcae5
Cliché,2026-meteor-shower,/musicalbums/2026-meteor-shower,260518,XR81lQrRceg,single,Accelers,1e45420f-b39e-43a9-82fd-63c8e8800646
Jiselle,2026-circle-in-me,/musicalbums/2026-circle-in-me,260519,dQ9qV3uSkc0,single,THE SSR,75bb5dce-d9d9-4905-bbd2-fda1ad51a91b
Balming Tiger,2026-gongbu,/musicalbums/2026-gongbu,260519,B1OM9skHVeM,studio,"Balming Tiger, CAM, AWAL",43937f69-d45b-40f8-bfb3-fa3882f59d96
Jung Seunghwan,2026-as-if2,/musicalbums/2026-as-if2,260525,2q2r0lmIjto,single,Antenna,65485533-d18b-4ffb-be47-59c907c922da
Jang Hyun Seung,2026-only-you,/musicalbums/2026-only-you,260526,RwgurGfeycA,single,MPLIFY,c1c6b609-5440-4ca7-a888-d0ce62527b8c
XODIAC,2026-phantom-fire,/musicalbums/2026-phantom-fire,260602,xOUFQXHcVc0,mini_album,JACSO Entertainment,62d1e3a2-e9cb-4210-a52f-8d497b8050fb
EPEX,2026-youth-epilogue,/musicalbums/2026-youth-epilogue,260609,S2XF34ma--k,mini_album,C9 Entertainment,4c558f51-368b-4090-bae1-6510820705c3
ONF,2026-onf-my-self,/musicalbums/2026-onf-my-self,260617,JFOZUFaACzU,studio,WM Entertainment,2d777c6f-1a04-4664-8df3-49d859a475f6
ME:I,2026-the-flowering-path,/musicalbums/2026-the-flowering-path,260805,,single,LAPONE Entertainment,73b71afb-9bce-40e4-b993-99728fa2a34f
Sole,2026-honour-pt1,/musicalbums/2026-honour-pt1,260203,JcQXEy1-myo,ost,Magic Strawberry Sound,e2a0b55f-0415-4615-96c9-06a4533e004a
Jooyoung,2026-sex-genius,/musicalbums/2026-sex-genius,260406,9MOQaot-mUo,single,sphere,ecd5031c-75ca-46a1-94c0-092bdf64432d
george,2026-moyo,/musicalbums/2026-moyo,260423,KeU4APYJDzU,single,EMA Recordings,6049c7b2-bb7f-4483-a440-c53eea6be803
UR:L,2026-wish-me-love,/musicalbums/2026-wish-me-love,260524,0RbkfQN9B94,single,"SANDBOX NETWORK, AIMING MUSIC COMPANY",d467b054-5070-40be-9105-572f15ec1c74
Jaejoong,2026-oasis,/musicalbums/2026-oasis,260527,2vRspK_5oJI,single,iNKODE,43b01b4d-32df-4f78-bc4f-c1f20da4ced5
Sommyang,2026-love-attack,/musicalbums/2026-love-attack,260214,6XMS2JB6SvA,single,SANDBOX NETWORK,bb537692-aeca-4454-ab53-b82ab56a1d22
Moca,2026-pink-orbit,/musicalbums/2026-pink-orbit,260327,Jt5gSnO334c,single,READYHOOD MUSIC,217bc328-7272-4ad2-9445-df40cff0b035
Raina,2026-oops-my-heart,/musicalbums/2026-oops-my-heart,260519,rECGhi32P8w,single,Rocket Bomb Company,3b104c79-1934-43ce-b425-d1f1755c1f11
StelLive,2026-shooting-star,/musicalbums/2026-shooting-star,260519,XR81lQrRceg,single,Accelers,36b55b71-636f-48ee-8f9f-7202ff1c45e1
Gabee,2026-bromm-taki,/musicalbums/2026-bromm-taki,260520,S7PduG-khdY,single,RAYOOL,b52b2bf3-facc-4201-b57f-98f7d850df08
DXMON,2026-hyper-link-vol2,/musicalbums/2026-hyper-link-vol2,260520,YUUqeFNgmYM,single,"H Music Entertainment, IRON E&M",9efced76-7b75-4827-a62b-4ff26465d2fa
Wanna One,2026-spring-breeze-again-original-soundtrack-from-wanna-one-go-back-to-base,/musicalbums/2026-spring-breeze-again-original-soundtrack-from-wanna-one-go-back-to-base,260520,cZ0sbqTjEU4,single,Stone Music Entertainment,cd034dec-2585-47be-9630-eed522596298
Blue.D,2026-starlight2,/musicalbums/2026-starlight2,260520,qHKI5KcFxXM,single,MUKU LABS.,f156dd02-daff-4e73-9757-660fc46b0284
Roy Kim,2026-bloom-again2,/musicalbums/2026-bloom-again2,260520,zfY6vbKB7BU,ep,DEUL,6d84ac90-2f02-4866-acad-9600d04522da
Punch,2026-beautiful-days-lovely-eyes-from-sold-out-on-you-ost-pt11,/musicalbums/2026-beautiful-days-lovely-eyes-from-sold-out-on-you-ost-pt11,260521,cXO9hwzub_4,ost,Yam Yam Entertainment,fd532f30-cc0e-4437-be99-5451ed6dd317
Boramiyu,2026-under-the-hot-sun,/musicalbums/2026-under-the-hot-sun,260521,1X45vTSsaEY,single,Warner Music Korea,c74c9d0d-fc09-4432-9695-5c9d6742d449
Sondia,2026-sirens-kiss-ost-part1,/musicalbums/2026-sirens-kiss-ost-part1,260303,cm_TYY3e0q0,ost,MOST CONTENTS,a28f1ec4-4e14-4baf-92c0-ff4b1e51ad2a
DAILY:DIRECTION,2026-roombadoomba-the-remixes,/musicalbums/2026-roombadoomba-the-remixes,260323,HKzI1yXqU-k,single,ODDWAVE,2e0c649b-ecfa-45fd-973e-467c3bd60059
LeeZe,2026-sirens-kiss-ost-pt5,/musicalbums/2026-sirens-kiss-ost-pt5,260331,ebZg7xrvkVE,ost,MOST CONTENTS,bde4c0ef-a15f-4723-89d2-d638d0189a23
PANEB,2026-for-love-alone,/musicalbums/2026-for-love-alone,260422,GRDW2BWirBw,single,,cd2c3599-15f3-4939-ad1e-d9c259acea65
Big Naughty,2026-no-brain-30th-anniversary-pt1,/musicalbums/2026-no-brain-30th-anniversary-pt1,260521,qH8lLwvw944,single,Roxtamuzik&live,2855de44-abdf-432b-95c1-a03c0bd56cb9
RYUL,2026-sign,/musicalbums/2026-sign,260521,azftBtZfhdg,single,Cosm,5c0c80b0-c302-41b0-9280-0f6d6730d67d
Lisa,2026-goals-fifa-world-cup-2026,/musicalbums/2026-goals-fifa-world-cup-2026,260521,safzyuZNCGI,single,SALXCO Records,6f7f95e9-92c4-4c4e-89ce-44f4ad59385d
xikers,2026-okay-remix,/musicalbums/2026-okay-remix,260522,mMUiKK0oAWA,single,KQ Entertainment,ab27f444-4891-4939-af5b-c3045e14e1b6
FRAME THE X,2026-no-exit,/musicalbums/2026-no-exit,260522,Ic_-Ika6gkg,single,NDY Entertainment,d61e7f19-72db-4e8c-944a-3d70111e1ee6
GEMINI,2026-no-sugar-in-my-coffee,/musicalbums/2026-no-sugar-in-my-coffee,260522,fZ0WkfTQa8A,single,AT AREA,937e951a-7428-4593-985c-d137ff216ae3
sokodomo,2026-falling-in-love,/musicalbums/2026-falling-in-love,260522,j5egPlE7o3o,single,Standard Friends,e6e21575-ec90-495c-b2ca-8d5a6b160da0
Yorch,2026-blow-your-mind,/musicalbums/2026-blow-your-mind,260522,VNqqNxM6P5k,single,GRID Entertainment,36d6099d-3d08-41d1-b592-e0218b766339
MAMAMOO,2026-4ward,/musicalbums/2026-4ward,260604,PVzSI9PpkXc,single,RBW,623578d0-e43d-42c2-b7e2-329bb5f2cc86
RIIZE,2026-ii,/musicalbums/2026-ii,260615,HDGCTtuW-Yo,mini_album,SM Entertainment,ab182484-d82e-4de5-9545-71795ba58c20
NEXZ,2026-hellmate,/musicalbums/2026-hellmate,260624,PIgmxjozeCU,mini_album,JYP Entertainment,70275689-3181-4112-a7d9-e1a15348d9dd
ATEEZ,2026-golden-hour-part5,/musicalbums/2026-golden-hour-part5,260626,-q_S27LbNKU,mini_album,KQ Entertainment,88bb4680-7803-4049-b43b-c69cd2704c66
Dorado,2026-my-royal-nemesis-pt-3,/musicalbums/2026-my-royal-nemesis-pt-3,260523,M0J4F_jSlag,ost,Studio S,20463d41-22e5-4f6a-aa32-5956a9ddd7cc
Sondia,2026-filing-for-love-pt-6,/musicalbums/2026-filing-for-love-pt-6,260523,EDBd-5pYzC8,ost,Studio Dragon,4c3f48b4-2f99-495f-a8e6-48d3845787ea
LE SSERAFIM,2026-boompala-remixes,/musicalbums/2026-boompala-remixes,260523,V1Lr-_AxeR8,single,Source Music,963056c9-9752-414c-87a6-945ef3032215
Jaeha,2026-lipbalm-feat-giwon,/musicalbums/2026-lipbalm-feat-giwon,260523,zF0ByvEOTZc,single,Daytona Entertainment,54251625-b9e2-40ce-8312-5e9417d30b2d
HANA,2026-innocent,/musicalbums/2026-innocent,260601,T3ERfzM84Jo,single,artcompany SOUL,cdf26181-7c93-4b03-84f9-42c7bf656b98
ROSESIA,2026-sleep-well-my-love,/musicalbums/2026-sleep-well-my-love,260105,konbjO8Wr58,single,,05d0e0c2-cf4b-47fe-9a12-b32f2e600f20
ROSESIA,2026-bom,/musicalbums/2026-bom,260311,J8M8ZWkQBAk,single,,7f90c82c-c295-4940-9a76-95525ca5e037
DK,2026-curtain-up-class-ost-pt5,/musicalbums/2026-curtain-up-class-ost-pt5,260322,0XrGxq5cSr0,ost,Pledis Entertainment,6fdb4507-2fa1-44e7-a48d-97a3a0cee8de
ROSESIA,2026-whats-love,/musicalbums/2026-whats-love,260407,x2tV8xRzU2o,studio,,2abcda64-533c-445b-85b7-17f51afda2da
Choi Jungyoon,2026-dont-overthink-it,/musicalbums/2026-dont-overthink-it,260411,,single,,0b28448e-9c04-45db-a2e4-436cad3bceb5
twlv,2026-goodboy-syndrome,/musicalbums/2026-goodboy-syndrome,260524,QI6Sw80pcpA,single,KENSHU*,19d57ccf-744b-492a-bb8b-a9b4bb839990
Rainbow Note,2026-rain,/musicalbums/2026-rain,260524,,single,,58ab3b89-8d82-429c-8b6c-87afeef4ecbb
Big Naughty,2026-1030-lovey-dovey,/musicalbums/2026-1030-lovey-dovey,260525,T6HxilXCF0c,single,H1GHR MUSIC,e8ebc1af-c141-4859-975a-203a66bd0a56
Heejae,2026-the-leap,/musicalbums/2026-the-leap,260525,fASt7_Qv8Lo,single,PCS Entertainment,97a5e695-becb-4a38-80c4-da1e98b4a7e0
Hanse,2026-shine-forever,/musicalbums/2026-shine-forever,260525,qos7XoTp7VY,single,DOHANSE,b33ba067-f111-41d3-9ea6-cfdf2df5f59a
Crucial Star,2026-cook-4-u,/musicalbums/2026-cook-4-u,260525,7kWeW2-GgXg,ep,RATEL,b4814c0a-366a-481a-bf4a-09e7008bf186
Renjun,2026-echoes-between-us,/musicalbums/2026-echoes-between-us,260601,FFcgGFpO1n0,ep,SM Entertainment,c68e780d-965e-4204-8aa1-ff314046dd6c
Gyubin,2026-you-light-up-my-life,/musicalbums/2026-you-light-up-my-life,260612,HBwYER9rLJY,single,Sony Music Label,0dd4f7bd-395f-42f1-baa1-88a840d1f1b5
can't be blue,2026-prussian-blue,/musicalbums/2026-prussian-blue,260119,TlrGMdDKvpk,ep,"CATS WHISKERS CO., LTD",71d0939e-2c08-40a2-85b1-e83b63e563c0
Ryu Minhee,2026-i-still-love-you-a-lot,/musicalbums/2026-i-still-love-you-a-lot,260525,,single,,a7106ff2-eb93-4fe1-80c1-3c7c5b4bb9e3
LE SSERAFIM,2026-boompala-le-sserafim-package,/musicalbums/2026-boompala-le-sserafim-package,260525,V1Lr-_AxeR8,single,Source Music,30fff41c-13e4-4856-a6b1-bc770da6e79a
can't be blue,2026-cant-love-feat-han-of-stray-kids,/musicalbums/2026-cant-love-feat-han-of-stray-kids,260526,IufpX0FpH5c,single,"CATS WHISKERS CO., LTD",9ce887a6-8c09-4c4b-bd61-9ff418741700
Rolling Quartz,2026-roll-the-dice,/musicalbums/2026-roll-the-dice,260526,JFYFIfbWAmo,mini_album,Rolling Star Entertainment,9e3630ed-475c-4690-9b9d-5c7e728b8af5
dress,2026-moho,/musicalbums/2026-moho,260603,c4C_9OQjLPs,ep,POV,08cc244a-c107-447f-befd-1d041f59bc91
BABYMONSTER,2026-sugar-honey-ice-tea,/musicalbums/2026-sugar-honey-ice-tea,260608,naoGk-Zjc1s,single,YG Entertainment,82f1271b-db2c-4bb5-9bef-cb3b82452981
Yerin,2026-reach-you,/musicalbums/2026-reach-you,260609,iZFRT-umFHI,mini_album,A-Side Company,4c05f3b4-0f86-46ae-9bfd-7c91c1595d1e
Yeoeun,2026-take-it-to-me-all-the-rest-of-me,/musicalbums/2026-take-it-to-me-all-the-rest-of-me,260526,_RRi6UiAh1g,single,Yogurt Studio,00ff8ecd-3b74-49a4-a305-3f4bd9a2aab4
Miyeon,2026-ceremony-feat-miyeon,/musicalbums/2026-ceremony-feat-miyeon,260527,CAMopgmiFWA,single,MPMG Music,57d0c4ee-bceb-4074-853c-be304a7fb418
NCT WISH,2026-k-pop-scream-3,/musicalbums/2026-k-pop-scream-3,260527,mwjEdVAvfo4,ep,"SM Entertainment, ScreaM Records",e1f8ba72-c73b-4af9-b7f5-838384aacf4d
Bubble Sisters,2026-back-to-me,/musicalbums/2026-back-to-me,260527,QGZ5YNUpl14,single,Bmublik,e6c09f5b-03df-4adf-be30-2241eed54ff3
Universe,2026-the-so-called-luck,/musicalbums/2026-the-so-called-luck,260529,yU-3gZkqI1I,mini_album,,6fbcabd9-4416-4dc6-b816-8bf235dad455
James Lee,2026-circles,/musicalbums/2026-circles,260529,2aj-Q7hbPyE,single,Sands Media,3ba2f339-3808-4fa3-b8d7-9d2a206fa499
Cross Gene,2026-coming-soon,/musicalbums/2026-coming-soon,260608,Sntl8toLiYU,single,"Amuse Entertainment Co., Ltd.",2f7ebb9c-9f35-4ac9-a264-f7ae661cc427
Junny,2026-heaven2,/musicalbums/2026-heaven2,260611,uCMDJv7sSEU,single,Mauve Company,fc401f50-361c-4b61-a86c-bcac98a26df5
Yun Seong,2026-light,/musicalbums/2026-light,260527,,single,MA Entertainment,52a70945-25df-405e-8b5e-c0de13cceb63
Bryan Chase,2026-outside-feat-big-naughty,/musicalbums/2026-outside-feat-big-naughty,260528,trpR7HJcpO0,single,Universal Music Ltd.,e64a722d-271e-44ec-8d15-9cb869650086
Ahn Yeeun,2026-i-dont-think-its-that-bad,/musicalbums/2026-i-dont-think-its-that-bad,260528,,studio,DSP Media,e167a1a9-6d49-4b7e-b692-a632ffbeafdc
MY:RAKL,2026-scene-2-take-1,/musicalbums/2026-scene-2-take-1,260528,Mjkp5d_5l-g,single,Accorde Entertainment,b91ef1fa-422b-4b77-99b6-4cd1911c0ff9
Sweden Laundry,2026-pado-and-parang,/musicalbums/2026-pado-and-parang,260528,,single,Independent,7802cca9-d098-4131-b37f-ef2197e6397e
Woo Yerin,2026-my-hyacinth,/musicalbums/2026-my-hyacinth,260528,,single,Ruby Records,e1efbc99-ff31-4118-8c9b-608db0e90cfe
Cheeze,2026-my-royal-nemesis-pt4,/musicalbums/2026-my-royal-nemesis-pt4,260529,7heiZWvuit0,ost,Studio S,f6fd5339-5283-46c4-8b89-c25936fbaa71
THE FIX,2026-are-we-there-yet,/musicalbums/2026-are-we-there-yet,260601,4G2lrKLokkc,single,Independent,e8084349-f41d-46e4-bc57-5fb99f41c2e5
USPEER,2026-bite-district,/musicalbums/2026-bite-district,260617,iEXktZOXcNo,mini_album,MW Entertainment,bf02ac05-39f9-44bf-a053-71418d2f9f00
Silly Silky,2026-silkysmooth-05,/musicalbums/2026-silkysmooth-05,260309,,ep,,284d6500-22e0-468f-b3e5-aea9af9f2480
Peakboy,2026-commercial-posh,/musicalbums/2026-commercial-posh,260529,,ep,,c0ef72af-349a-4481-be91-5eac30635154
Song Hayea,2026-how-have-you-been,/musicalbums/2026-how-have-you-been,260529,,ost,,edacc3b8-3563-4b5a-b30e-1471bd1cafb6
Luci Gang,2026-raincoat,/musicalbums/2026-raincoat,260529,,single,,e31281bb-440e-4171-ad8f-88eab216d088
Tray B,2026-lllm,/musicalbums/2026-lllm,260530,9K9kWp8ZQAQ,single,The Replay Records,82b0f4ba-6865-49fc-92e2-1ffa5437dc75
Yoon,2026-reborn-rookie-pt1,/musicalbums/2026-reborn-rookie-pt1,260530,XnXoEFGz5es,ost,SLL,dc783740-1590-45d5-ba74-44b252aa8e16
Rosy Barbie,2026-barbie-world,/musicalbums/2026-barbie-world,260530,gxjX0J_zcOQ,studio,FRML,9c04f40a-15f1-4f57-844c-3a2ee3bec754
Chaein,2026-eighteen-youth-special-track-2,/musicalbums/2026-eighteen-youth-special-track-2,260426,BfpX8j-OSLw,ost,DSP Media,dd9e51b6-8918-4179-bf0e-9b4975397bf7
LE SSERAFIM,2026-celebration-supergirl-version,/musicalbums/2026-celebration-supergirl-version,260531,ehnXQVCyzyA,ost,Source Music,f267b4dc-ded9-478b-9de1-94e388b2bdfb
aespa,2026-lemonade-zedd-remix,/musicalbums/2026-lemonade-zedd-remix,260601,P2loH5EOnr8,single,SM Entertainment,a6954e60-4a7f-4bc2-b44f-15b5bcfd0a02
Catch The Young,2026-why-are-you-leaving-my-love-sanullim-50th-anniversary-commemorative-project,/musicalbums/2026-why-are-you-leaving-my-love-sanullim-50th-anniversary-commemorative-project,260601,61_7Betq1RI,single,DZBer Entertainment & Culture,c9d4ef94-143a-4b7b-850b-dc997ab977a0
XD,2026-subscription-romance-ost-part-2,/musicalbums/2026-subscription-romance-ost-part-2,260601,FX3w7FTitBI,ost,Naturally Music,7f33ea9c-623f-446a-b625-ba7389b543d4
Chaein,2026-toad-toad-special-track-4,/musicalbums/2026-toad-toad-special-track-4,260601,YUo-4KADFrg,ost,DSP Media,56d06533-ae40-4359-b44f-75b7c45e0a29
STAYC,2026-2love,/musicalbums/2026-2love,260616,HgewvBTOJwU,single,High Up Entertainment,7573259f-740a-451f-944b-34f4928e153c
Hearts2Hearts,2026-lemon-tang,/musicalbums/2026-lemon-tang,260622,F7sGJVUrkjQ,mini_album,SM Entertainment,330c05d7-0866-4a5f-8f07-13593d0becdb
LYn,2026-i-joa,/musicalbums/2026-i-joa,260531,vFoUBCzLqJo,single,Jellyfish Entertainment,6375bf35-5910-491a-8b06-55bfb345ec92
Zia,2026-because-of-love,/musicalbums/2026-because-of-love,260531,KYeMRCkeA_g,single,Dawn tape,a733d090-fd27-40bb-b260-5f5ca247b2b7
Kim Dahyun,2026-good-shot-new-version,/musicalbums/2026-good-shot-new-version,260601,Bz9q1nDXMuw,single,"Number OneM, Hyun Company",3e575264-e4e0-4d64-bc32-5da8e12d2f46
RapidEye,2026-rapideye-digital-mini-album,/musicalbums/2026-rapideye-digital-mini-album,260601,QDWZuzjrufA,ep,FM Studio,b01f23f6-aa2c-4f46-a6d8-7c6e92341a6c
aespa,2026-lemonade-marlon-hoffstadt-remix,/musicalbums/2026-lemonade-marlon-hoffstadt-remix,260602,zBiB0jww7_8,single,"SM Entertainment, ScreaM Records",d4e286e5-fe50-4109-a6fa-586fa83acf9c
Yujin,2026-the-legend-of-kitchen-soldier-pt3,/musicalbums/2026-the-legend-of-kitchen-soldier-pt3,260602,4ApJMqqSaX4,ost,"Stone Music Entertainment, Studio Dragon",24617f2c-7ec5-4922-945b-70dd44e487ca
N.Flying,2026-in-between-seasons,/musicalbums/2026-in-between-seasons,260602,99arhk9wdNE,single,FNC Entertainment,bf4cb45c-50bb-431f-97c5-c14e5f3d7e82
K.Will,2026-doctor-on-the-edge-pt1,/musicalbums/2026-doctor-on-the-edge-pt1,260602,zJpY_Lw_3f0,ost,MOST CONTENTS,854ef13d-1ae9-4088-9957-e2e8f14c3b2c
Jacob,2026-jacob,/musicalbums/2026-jacob,260610,5YQqO7jJPOA,single,,ede56940-969d-4b76-8fc3-72c3be56de30
Rozu,2026-beautiful-love,/musicalbums/2026-beautiful-love,260610,ZQFszZBJCxM,single,Independent,ab4a4980-e3e4-48a6-a82d-9dec36067772
Hayoung,2026-undercover-miss-hong-ost-part1,/musicalbums/2026-undercover-miss-hong-ost-part1,260118,TV8ztCQedcc,ost,Kakao Entertainment,f87c5358-71ca-4905-a6d1-525ab437ae44
Jacob,2026-undercover-miss-hong-ost-part3,/musicalbums/2026-undercover-miss-hong-ost-part3,260125,GBUoWTqnivA,ost,Kakao Entertainment,6d4380af-cf2e-4738-b881-a6a6b5776bae
Sondia,2026-undercover-miss-hong-ost-part4,/musicalbums/2026-undercover-miss-hong-ost-part4,260201,pyA7oi0ErA8,ost,Kakao Entertainment,2e57beee-9d18-4450-ba4f-d5e24976507a
Kassy,2026-undercover-miss-hong-ost-part5,/musicalbums/2026-undercover-miss-hong-ost-part5,260207,q88d9hGQ-g4,ost,Kakao Entertainment,a331f8ea-7aa0-4e41-a2ea-e756bcb0edd9
Hebi,2026-catalepsy,/musicalbums/2026-catalepsy,260602,rO1_2oN-0lA,single,3Y CORPORATION,f976b996-a144-4439-b520-6ece496e9388
Kassy,2026-could-i-be-happier-than-that,/musicalbums/2026-could-i-be-happier-than-that,260603,zP7Zi0_XfXU,single,BLIX Entertainment,321f8ceb-57aa-45a9-bd8b-93975464d66c
aespa,2026-lemonade-2spade-remix,/musicalbums/2026-lemonade-2spade-remix,260603,yMvsKWGPEIU,single,"SM Entertainment, ScreaM Records",c3c25071-0c3f-490e-8fcb-0e7f78407165
Zene The Zilla,2026-syagal-feat-haon,/musicalbums/2026-syagal-feat-haon,260603,ZQxa_TS6kP0,single,Ambition Musik,a6b33595-9bc0-4b43-838b-7a763d9dbe51
Wuuslime,2026-tone,/musicalbums/2026-tone,260603,wb2cgWhidgQ,studio,Wuuslime,55e871f0-12c4-4825-8f32-f85a38638c4f
LE SSERAFIM,2026-boompala-champions-remix,/musicalbums/2026-boompala-champions-remix,260603,yyH4eOF_8p8,single,Source Music,5d0e0603-beb2-41b2-a8f9-aaa4936020c9
U-Kwon,2026-tu-y-yo,/musicalbums/2026-tu-y-yo,260604,doA7qllP-X8,single,5SECONDS COMPANY,b73901ad-3ac9-4c63-8f2e-0405b89a73e8
PATEKO,2026-patz,/musicalbums/2026-patz,260604,MCXms-tVWYo,ep,side/up,cfcc43f9-e884-43ba-b6ab-833245991941
Park Hyeon Jin,2026-sun-shower,/musicalbums/2026-sun-shower,260604,wejQt77jGqE,single,park hyeon jin,1c66e66e-e5b3-4a4b-8567-3eef8ad38bbb
Izykite,2026-ee,/musicalbums/2026-ee,260604,z-loRS00J6Q,single,Neuron Music,09ec5f1b-2739-4a9b-b877-9a456e3df1d6
40,2026-chanel,/musicalbums/2026-chanel,260604,tqUEbsyl_4Q,single,"40company Co., Ltd.",6706e140-52e1-48df-a800-33ab6b93e188
2AM,2026-like-a-movie,/musicalbums/2026-like-a-movie,260604,Insd4k8JZ-Y,single,Mute Company,9007eb5d-9b42-4e56-8c37-10b17da9a4d9
HWISOO,2026-delulu2,/musicalbums/2026-delulu2,260611,cfaoXuep0mA,single,Independent,7abcb043-0e0c-4884-af2d-dbbeddac707f
M.O.N.T,2026-unlock2,/musicalbums/2026-unlock2,260627,T-3ddfkLvTs,mini_album,FM Entertainment,04ea91e5-01a3-496d-94c6-f18d55c44620
Vablue Academy,2026-blueming,/musicalbums/2026-blueming,260310,zgczuKQvHSk,ep,Parable Entertainment,9fd95785-65c6-4fb2-9ccf-6faa7db66c1b
tripleS,2026-baby-flower-japanese-version,/musicalbums/2026-baby-flower-japanese-version,260603,-bHcbnUxSHU,single,MODHAUS,1fbd63db-fd46-4f3d-95c3-13363adefcc7
DPR IAN,2026-mood-remix-version,/musicalbums/2026-mood-remix-version,260605,N53oiP7KvbM,single,Dream Perfect Regime,2a2077fb-26e4-4e72-8ba9-6a1f3906233b
Seo Ja-yeong,2026-my-royal-nemesis-pt5,/musicalbums/2026-my-royal-nemesis-pt5,260605,Zc4u0gLS1H0,ost,Studio S,4fda5497-7c82-4b9b-86fa-1a5483b4f71f
JEY,2026-midnight-blue,/musicalbums/2026-midnight-blue,260605,BDLR77xNlzA,single,ALFHA,eac7f2d4-fef2-4617-bfac-931c7798f35e
Ann One,2026-wabi-sabi-feat-illson,/musicalbums/2026-wabi-sabi-feat-illson,260605,39d3TUxv2oY,single,Nazca Records,6065b0a1-d2e9-409a-bf10-c39bbac8bddc
Kim Min Seok,2026-summerzip-1,/musicalbums/2026-summerzip-1,260605,k6rYn502PQo,single,ABYSS Company,441a2db3-e62a-40ea-9324-3f7c8639cb08
Bang Yongguk,2026-if-tomorrow-never-comes,/musicalbums/2026-if-tomorrow-never-comes,260606,DDAHyCsnqm4,single,YY Entertainment,8bf00c2d-7e27-44a9-a849-73d97ea86bd2
ISEGYE IDOL,2026-smile-for-you,/musicalbums/2026-smile-for-you,260619,8IY44RZHyw8,single,Parable Entertainment,731b9fb8-6f7b-4283-b3de-baaf8364c0d2
OMEGA X,2026-uncapped,/musicalbums/2026-uncapped,260619,m6d52kUq5yo,mini_album,IPQ,1b187d73-c58f-413b-a016-1ea6aaf0b0ff
Keyveatz,2026-oxygen,/musicalbums/2026-oxygen,260630,jzs8p_i9oQM,ep,AOMG,6cd788e4-b0cb-4794-87e3-97b29dd35b2f
KATSEYE,2026-pinky-up-the-remixes,/musicalbums/2026-pinky-up-the-remixes,260605,DRo_8e8j1vM,mini_album,"HYBE, UMG",3f520518-9a51-400e-a4e0-a86f58e8c37d
Hyun Joong,2026-chickenia,/musicalbums/2026-chickenia,260606,WnYyIAlWsx8,single,Henecia,81ac5d29-29f2-4c47-87f7-75eb96d92e7d
Moon Sujin,2026-limbo,/musicalbums/2026-limbo,260607,Rk5-cvNboCM,single,ANVI,da68101c-d981-4dd0-b851-ccaf6fb1beee
Seori,2026-my-gravity,/musicalbums/2026-my-gravity,260611,fs_pvIVMLMI,single,88rising,f9c88c89-abe2-4ac6-9938-80a505abd1f3
ISHA,2026-dear-me,/musicalbums/2026-dear-me,260613,lzKB6gh4g0M,ep,Independent,eb48ed49-c42d-42bb-8299-adfc24d4e32e
JeA,2026-romance,/musicalbums/2026-romance,260618,BvUo2kzTui0,single,AURA Entertainment,e40bc1d4-8e24-4e2a-8128-89424f3bf895
Liv,2026-everyday-we-ost-part-6,/musicalbums/2026-everyday-we-ost-part-6,260330,Xp4pWFGgV_8,ost,Hanter Global,880ed5cc-a41a-4dc8-aa20-880db10085ac
Onew,2026-my-royal-nemesis-pt6,/musicalbums/2026-my-royal-nemesis-pt6,260606,3yNV3IqB8WA,ost,Studio S,d6d2991a-7b93-4cbc-9d0f-2485d05907e0
Vincent Blue,2026-break-the-loop,/musicalbums/2026-break-the-loop,260606,_ih_WD10lZA,single,Bluewood,8a67a038-3817-4b42-9eec-2b68b90a32a4
Kim Gyeol,2026-my-love-by-my-side,/musicalbums/2026-my-love-by-my-side,260606,,single,,b3bf022e-b03a-4fed-8e32-cc1b533d311f
TWS,2026-soda-soda,/musicalbums/2026-soda-soda,260804,,single,Pledis Entertainment,0cf05c27-a872-4aff-93c6-d24b53b97854
Kimmuse,2026-tiny-letter,/musicalbums/2026-tiny-letter,260428,,single,Inplanet,488aeba1-3617-48d3-9a83-9d0cc069a1bf
Yena,2026-mirror-mirror,/musicalbums/2026-mirror-mirror,260429,yGRDsAMCzSw,single,YH Entertainment,bee5c9dc-d8e5-4264-8936-8e640962c369
yusuii,2026-yurin,/musicalbums/2026-yurin,260527,,single,,3ee166a6-6566-4764-bcc6-8b16be071a10
Lee Aram,2026-cats-dont-come-first,/musicalbums/2026-cats-dont-come-first,260601,,single,,98d9cbcc-fade-4117-ba12-c1008ce5d3cc
Yeoeun,2026-i-cant-love-you-a-little-bit-more,/musicalbums/2026-i-cant-love-you-a-little-bit-more,260606,niQrmBLjsnw,single,Yogurt Studio,9e663761-5ed3-4d13-b58f-b64b7c0437da
HOON,2026-crazy,/musicalbums/2026-crazy,260607,Og9vvMdll4A,single,"HOON, GRIO",2b419ae6-892f-426e-9ad6-a9fb08452ed3
aoen,2026-youth-english-ver,/musicalbums/2026-youth-english-ver,260608,rv6yo1YZMQ8,single,JCONIC,7e3df3a8-b332-4bac-8458-0021b1f9d013
H//PE Princess,2026-daisygood-hpe-p-ver-kr-ver,/musicalbums/2026-daisygood-hpe-p-ver-kr-ver,260608,MoAwNsbMGcw,single,Chapter-I,63404825-a89a-4220-88ca-b2756ddc9be7
Chan,2026-joang,/musicalbums/2026-joang,260608,mAsmoXoUnos,single,BLESSFOR,86ea783f-a993-4ca3-862c-3d0b09f7569b
YEL,2026-young30,/musicalbums/2026-young30,260608,lJAigdMgfis,single,COSMIK RAIDERS,fed4c0fa-9eeb-4131-97eb-2dc83f0d3e49
Samuel,2026-samuelito,/musicalbums/2026-samuelito,260608,d_9idKLZ0Zg,single,Samuel Management & Entertainment Music Group,af31e509-eb42-4caa-a786-9a13f99b5fad
NAVILLERA,2026-friday-night,/musicalbums/2026-friday-night,260610,TV8HTUmurTA,single,Troy Entertainment,3ff14652-9550-4b9e-a2a1-b0ace7da817a
Yena,2026-mirror-mirror-star-feat-hatsune-miku,/musicalbums/2026-mirror-mirror-star-feat-hatsune-miku,260610,r_iXXhJKZ-w,single,YH Entertainment,2a9224a0-50ee-467c-8d03-c562d2dcc96c
AHOF,2026-suger-high,/musicalbums/2026-suger-high,260612,oUkhP9su_4E,single,F&F Entertainment,c4f7b3d4-f617-4232-8780-38a0e9dab93e
LE SSERAFIM,2026-iconic-by-mistake,/musicalbums/2026-iconic-by-mistake,260612,27C4pfRsf9g,single,Hybe Labels,4b83d71f-5e3e-426e-91d9-a5e8f7a31e11
Jun. K,2026-midnight-ticket,/musicalbums/2026-midnight-ticket,260615,4o6fxbNAj3A,single,JYP Entertainment,1b0344d8-fa98-4999-884a-c72abd0012f9
Secret,2026-secret-flavor,/musicalbums/2026-secret-flavor,260618,eLC7M_8HQAI,mini_album,TS Entertainment,47459f2b-66aa-4d17-abd0-180edd7ce437
V8,2026-v8,/musicalbums/2026-v8,260629,pBpr9TnhhkE,mini_album,Pledis Entertainment,cee76fab-592f-4ed0-ad16-7f0fcc0bd306
i-dle,2026-we-made,/musicalbums/2026-we-made,260706,DYgE3SGPEqk,mini_album,Cube Entertainment,11dff10b-ba3f-4f96-ad9b-3fecba4d3661
P1Harmony,2026-unique-japan-edition,/musicalbums/2026-unique-japan-edition,260729,,mini_album,FNC Entertainment,709427ae-b464-41cc-af45-a392d811ad2d
LE SSERAFIM,2026-celebration-sara-landry-remix,/musicalbums/2026-celebration-sara-landry-remix,260506,,single,Source Music,adef2ed3-2636-4fa7-bb6e-37509e71a2f5
umu,2026-the-party-song,/musicalbums/2026-the-party-song,260520,,single,,35f0b017-f188-4a95-b086-e2ccb30839f0
MiiWAN,2026-pluma,/musicalbums/2026-pluma,260527,6PGsGzb3LkE,single,ABYSS Company,53f4a5e0-500e-4982-8ce8-487755aa44cb
AKUGETSU,2026-irresistible-i-love-you,/musicalbums/2026-irresistible-i-love-you,260603,0Mh_5PamvWU,single,,0c0c2e04-0610-43ce-8249-fba759b3368e
LE SSERAFIM,2026-boompala-feat-santos-bravos,/musicalbums/2026-boompala-feat-santos-bravos,260605,1dmmtkfS0PU,single,Source Music,456296b4-b251-460f-a30f-94b1f2dd83d2
Sorn,2026-good-luck,/musicalbums/2026-good-luck,260605,hjiNdWNvanc,single,Wild Entertainment Group,62bd28a3-e86c-4b44-9687-cd0622123c77
LE SSERAFIM,2026-boompala-feat-guru-randhawa,/musicalbums/2026-boompala-feat-guru-randhawa,260606,0CEg8nz_I9U,single,Source Music,0073bea8-483f-48be-9b06-f54c9959ceb9
Yeonseo,2026-stray-cat,/musicalbums/2026-stray-cat,260607,,single,,ee62a583-4c83-44cb-887b-e6968992e02c
Luna,2026-cotton-candy-feat-kylie-of-kiiras,/musicalbums/2026-cotton-candy-feat-kylie-of-kiiras,260608,oKumYajWVvE,single,B. Studio,c4ed6f65-123b-4973-9900-559200b1aab7
tripleS,2026-baby-flower-city-remixes,/musicalbums/2026-baby-flower-city-remixes,260608,lSydvhrI3KM,mini_album,MODHAUS,e828bf15-4030-475f-84c4-ec2bb5ae10c9
DinDin,2026-melting-accidental-match-x-dindin-yuju,/musicalbums/2026-melting-accidental-match-x-dindin-yuju,260608,pxDXVxa1nhQ,ost,Music & New,c3429d8c-a3b6-4bb5-b1da-8624c34653ae
Kim Jaehwan,2026-doctor-on-the-edge-pt2,/musicalbums/2026-doctor-on-the-edge-pt2,260609,l6T2BKPctfM,ost,MOST CONTENTS,c922f517-31b8-418c-8a01-72ad19696d23
Yuto,2026-hate-to-love-you-feat-aile-the-shota,/musicalbums/2026-hate-to-love-you-feat-aile-the-shota,260610,jdoQcAe2bSg,single,RNK Entertainment,56915f2d-08ca-4cd3-a3f5-83080694cb97
ADÉLA,2026-red-bottoms,/musicalbums/2026-red-bottoms,260612,TT2OMsMe5aU,single,Capitol Records,b6da9e96-e799-420e-8b50-ceec6114b9ec
Rothy,2026-dont-be,/musicalbums/2026-dont-be,260616,J6SCk_AbpH4,single,EGO Group,09e06f2e-689f-40f8-aac0-ad2c296a89a0
MiiWAN,2026-middlei,/musicalbums/2026-middlei,260616,Ox8NTuI6ex0,studio,ABYSS Company,079fe5db-94c6-45df-b0d9-323d4ba2c871
Dara,2026-reprism,/musicalbums/2026-reprism,260620,Y2515E2mTpo,single,ARADNAS,dadd13a1-ae5b-407e-b8d2-98827cf3f569
PRIMROSE,2026-cosmic,/musicalbums/2026-cosmic,260624,HnnJGp04iNc,studio,AO Entertainment,519847e6-d26e-4956-aa0e-2a267a45094f
L-like,2026-phantom-pain,/musicalbums/2026-phantom-pain,260401,,single,,6365fc79-00f5-48b4-a066-29918a8ef3b6
Taeha,2026-depressed-by-the-wicked-dukes-holiness-ost-part10,/musicalbums/2026-depressed-by-the-wicked-dukes-holiness-ost-part10,260608,f_1uyZr7Tto,ost,Yogurt Studio,de6fd6a2-f665-4dc5-8134-f216bb40a04b
Jaejoong,2026-burn-from-the-shrine-original-soundtrack,/musicalbums/2026-burn-from-the-shrine-original-soundtrack,260609,NH-aemFmQhQ,ost,LIBRARY COMPANY,a52d06d3-f9d1-4533-96fe-eb9f15469ef0
YongYong,2026-yynitsed,/musicalbums/2026-yynitsed,260609,SJDqM-6xmz8,studio,SAURUS,50e5f17f-94b9-4791-bfbe-31872e074398
Ash-B,2026-tough2,/musicalbums/2026-tough2,260609,8jGyXA_4ikw,single,Independent,f3ca59d6-3fb9-4500-b926-adbbc4ac1a74
Chio Chicano,2026-bbow-bbow,/musicalbums/2026-bbow-bbow,260609,wiadUZgJeI4,ep,Independent,24bac5ae-1ddd-4427-8665-fab0456ab06a
Ahin,2026-feelings,/musicalbums/2026-feelings,260609,xwxG6PiPSvA,single,MUKU LABS,e725950a-5ee3-4f03-b66f-90244904247b
RYUL,2026-fire-tree,/musicalbums/2026-fire-tree,260609,IHutMUZCR6k,single,Cosm,2f4117d2-ea16-481e-9156-e5c335169bff
Jimin,2026-wya-feat-untell,/musicalbums/2026-wya-feat-untell,260610,42YsFmLHy2U,single,12Music,ff979273-3cd2-4b15-8290-71a71b1f5e2a
Hash Swan,2026-ambition-610,/musicalbums/2026-ambition-610,260610,1_8sQlaD798,single,Ambition Musik,332159a3-a602-402a-8958-1f2174c8b44d
aespa,2026-kiss-n-tell,/musicalbums/2026-kiss-n-tell,260724,nMwSsHkjmfk,mini_album,SM Entertainment,0913c294-c83a-4e1d-8b97-88136492902c
homezone,2026-wishes,/musicalbums/2026-wishes,260329,CJard9GB5t4,single,ATCM,858944bd-1774-4cbd-9adb-32bc7146397e
6FU,2026-chrysalis,/musicalbums/2026-chrysalis,260508,RxjJaK2Bk5I,single,,86695276-c844-4970-a3c5-10cd84fdb388
iiso,2026-best-friend,/musicalbums/2026-best-friend,260529,,single,,c4297f15-b62d-4ac4-9fa0-8f313a6e22e5
Effie,2026-duct-soccer-banger,/musicalbums/2026-duct-soccer-banger,260601,L8qBMSEf_9s,single,,443bf540-644c-4461-b0f7-e70bff635983
homezone,2026-asymmetry-complex,/musicalbums/2026-asymmetry-complex,260610,Jk9hjFR6s8A,single,ATCM,cdccb9a4-3a9f-4efe-8c46-ed4c84586dcd
Han,2026-back-to-life,/musicalbums/2026-back-to-life,260611,F0UIsSnotlA,single,JYP Entertainment,6de88edc-4c72-46d8-bab4-0a7fb1e21fbb
Universe,2026-heart-sheet-music,/musicalbums/2026-heart-sheet-music,260611,yiprl7-dU04,single,Accelers,874a7851-79ee-46e1-b0d2-de8a8bb531cb
NOWIMYOUNG,2026-heaven3,/musicalbums/2026-heaven3,260611,VzxSscKb3uE,single,KC,039c66e8-c449-47cf-83b6-11ec0953fb2e
TWS,2026-dream-with-us,/musicalbums/2026-dream-with-us,260611,OJDxNt8LH6s,single,Pledis Entertainment,9a4b84de-7f99-434e-aeb2-70db5310bf41
i-dle,2026-crow,/musicalbums/2026-crow,260615,bUMLC9lCgHo,single,Cube Entertainment,40ecf4cc-f416-4471-9bb3-101555ec9a3c
DAYCHILD,2026-memories2,/musicalbums/2026-memories2,260618,uUi5nN17uw8,single,Black Bear Records,e98163c3-f5c4-4d8b-900b-19262233dc8b
Evan,2026-ride-or-die,/musicalbums/2026-ride-or-die,260622,CsGENgLpyaw,single,Belift Lab,a8fab3be-7d12-4a93-ae3b-17330906a526
CLASSy,2026-reboot2,/musicalbums/2026-reboot2,260623,VoNa0Xh2RA4,mini_album,K-Tigers E&C,cbdc177e-d519-4b4c-8650-3abe0f73ab67
VAY ONN,2026-youth-today,/musicalbums/2026-youth-today,260706,8w2dMBph450,ep,iNKODE,cb33d8b6-e8a6-4bf2-9276-95d1400a1728
Lee Jae Wook,2026-shadow,/musicalbums/2026-shadow,260611,9f8lYIHlbNg,single,MUTE Company,305ea766-b80a-4334-b83b-a8cbb372a429
BTS,2026-come-over,/musicalbums/2026-come-over,260612,MEoxtFRfPoc,single,BIGHIT MUSIC,501df5ea-922b-4e87-9d7b-4f08c9584269
From20,2026-rated-r,/musicalbums/2026-rated-r,260626,AMgcKwHUCtk,studio,WAY BETTER,84c652f3-8d29-4a6f-9c79-b0b46182c71c
UAU,2026-playlist-your-youth,/musicalbums/2026-playlist-your-youth,260701,CpfnyLaUM6k,mini_album,Rolling Star Entertainment,9368521b-9cb5-4824-bf69-9df2770b0e10
Dam I,2026-throwback-memories,/musicalbums/2026-throwback-memories,260123,kfIk9P90AG8,single,JJ Music Group,0b0f2c95-067b-4a7a-aadf-aef8d165dc63
Haeon,2026-make-d-star,/musicalbums/2026-make-d-star,260131,SuzhIjXyZ6w,single,,5df037b9-9511-47cc-8ddc-d0ff5b4c4bce
Haeon,2026-illusion-of-spring,/musicalbums/2026-illusion-of-spring,260531,PScL5Ncwa1w,single,,1ae0e03f-e9b1-42be-bda9-9c4dc933465d
Rockit Girl,2026-lets-all-win-together,/musicalbums/2026-lets-all-win-together,260609,b5ezz9eWwPU,single,Boretex Vibe,99dfeea0-0ce3-4be9-9ec1-7e5f4207ac87
Tomatomat,2026-tomatomat-dosirak,/musicalbums/2026-tomatomat-dosirak,260612,yrWcOc8LMyI,ep,Tomato Club,3789f464-3078-464e-b4fd-8a7f6875d6d0
Rockit Girl,2026-up-love,/musicalbums/2026-up-love,260612,NautPwR9DtU,studio,Boretex Vibe,8754b9aa-dea4-4f63-a782-84adc093c91a
AleXa,2026-umami,/musicalbums/2026-umami,260612,pZOiSUMAKDw,single,United Talent Agency,b7a91919-72c9-44d3-9b12-20ca8c85edf6
Ahn Daeun,2026-my-royal-nemesis-pt7,/musicalbums/2026-my-royal-nemesis-pt7,260613,zVa6ijxN4xY,ost,Studio S,9f04ef72-f601-417f-8ff6-845eafceeda2
aoen,2026-hajimari-color,/musicalbums/2026-hajimari-color,260622,PDdJqkoXbu4,single,JCONIC,ac4b400b-b47a-4413-9051-0d12671f94dd
dodree,2026-motion-of-summer,/musicalbums/2026-motion-of-summer,260624,ppzIniNhrEc,single,INNIT Entertainment,2ed58f0b-e41c-4083-9fa9-0d3ffe461bba
MELONii,2026-gasso,/musicalbums/2026-gasso,260603,w8BZlry3WGE,single,"MELONii your melody, Virgin Music Group",1bf3cec6-d74e-43a4-bd35-e157f3cea514
Jihyo,2026-follow-me-feat-redone,/musicalbums/2026-follow-me-feat-redone,260612,hc1J3x3eCWc,single,2101 Records / Vydia,ee3fbca3-a953-409e-9c69-6418024ee4c5
KIMMUSEUM,2026-still-sometimes,/musicalbums/2026-still-sometimes,260614,E52AXA2ue_4,single,008 Airline,51d9d154-42fe-4808-ac20-a77f3cedcb7f
Lee Honggi,2026-monkeys-footsteps-vol3,/musicalbums/2026-monkeys-footsteps-vol3,260614,12cGccayP6Y,single,Studio Dreaming,b1d06c74-fcab-4690-9394-42becd58e728
CLOSE YOUR EYES,2026-new-employee-chairman-kang-ost-part3,/musicalbums/2026-new-employee-chairman-kang-ost-part3,260614,r6fJ2az5Yi4,ost,SLL,0de1b8ef-f158-4f0e-a34b-04f702873f7d
HaSeul,2026-again,/musicalbums/2026-again,260614,JqE4vkG-rQY,single,Nonuni Entertainment,38acfa0d-7fc6-4676-94c1-bc9c7d03579a
Marquise,2026-dontneedyouanymore,/musicalbums/2026-dontneedyouanymore,260625,G__LJdo2FKY,single,YUPP! Entertainment,6eeef610-5128-422a-b571-a4e85ea590d7
SAVVVY,2026-simple-day,/musicalbums/2026-simple-day,260204,SO2LlE9t3yQ,single,Nextlevel Entertainment,a31b315f-e057-4bd4-b869-686db4ad1e95
SAVVVY,2026-new-age-new-gen-z,/musicalbums/2026-new-age-new-gen-z,260213,EO0fLg006Y4,single,Midway Label,205db6ca-28c5-411c-9cf7-0fec98eb3a8b
SAVVVY,2026-skidding,/musicalbums/2026-skidding,260224,18ytkDsujR0,single,Nextlevel Entertainment,a5d5acd9-8b92-4da1-8955-28cf58a13ae5
Yoon Minseo,2026-control-devil,/musicalbums/2026-control-devil,260602,MgT9ZCsTTdE,single,,d19ed7a0-fe4e-4113-a4f2-aad59fe0e325
EJel,2026-summer-equation,/musicalbums/2026-summer-equation,260610,65wXfUAaSx4,single,MNH Entertainment,aa91d6cb-7203-4493-a7f2-9a564326eaa5
Ryu Minhee,2026-you-you,/musicalbums/2026-you-you,260614,xbhDv-cJp5w,single,"99, Iron ENM Co., Ltd.",b2792783-41b7-4875-8831-aa5361577a07
zzone,2026-we-grow,/musicalbums/2026-we-grow,260614,6SwzIUKTTJM,single,"AEYL MUSIC, DAERI SOFT",8309a2d4-bf4c-426d-8947-d852ea69a8a2
Hoshi,2026-snapback,/musicalbums/2026-snapback,260615,Ar11flLQ-bI,single,Pledis Entertainment,2fb048d6-c99c-47f9-917c-8ba6b650c916
SAY MY NAME,2026-your-scent-hallyu-start-20th-project-part8,/musicalbums/2026-your-scent-hallyu-start-20th-project-part8,260615,HePLQCd1vS8,single,World Mate PLUS,36ac8a58-bf96-489a-a261-40df90914c83
AtHeart,2026-say-it,/musicalbums/2026-say-it,260625,7tAqTZATR84,single,TITAN CONTENT,b8ca65be-9d3a-4361-bccd-c5fa47354298
ILLIT,2026-i-got-your-back,/musicalbums/2026-i-got-your-back,260726,-01oDwXKSuE,single,Belift Lab,3afbca7b-9319-4814-9690-45e8f804274d
Sudi,2026-curse,/musicalbums/2026-curse,260616,VlLtGnr3Weg,mini_album,SUDI MUSIC,087b26dd-43cb-4774-b89e-95dbfc9425a1
GEMINI,2026-knight,/musicalbums/2026-knight,260618,9UHrfbT9y7A,studio,AT AREA,0baa39dc-694c-45bc-856a-d03374acaf9e
YeoJin,2026-lv2,/musicalbums/2026-lv2,260623,Kdggz2tSGRU,single,MUMW Entertainment,f3ec9a21-4a21-4a5e-a8f5-f71f504c7cda
Daehyun,2026-puzzlove,/musicalbums/2026-puzzlove,260630,MNFq6SJOORg,mini_album,MA Entertainment,97d8ae72-d17b-44c5-bc65-4efe7b4aa3c1
Yoojung,2026-perfect-target,/musicalbums/2026-perfect-target,260630,wOWJslOeJrQ,single,Swing Entertainment,7ddf54f6-f8d7-4c48-9fc2-611418371260
Yeonjun,2026-no-labels-part-02,/musicalbums/2026-no-labels-part-02,260710,ihvuwqlGHXs,mini_album,BIGHIT MUSIC,92204397-638d-4cda-bce8-f11994bfd8a8
Seo In Guk,2026-trace,/musicalbums/2026-trace,260930,,ep,Story J Company,5dc8bebf-07b4-4b80-8fcd-61df4c41f81e
NTX,2026-go2,/musicalbums/2026-go2,260617,Ze632hNtGMc,single,Victory Company,dd79d774-3941-47a5-a385-c9c80ef427ba
dodree,2026-lilac,/musicalbums/2026-lilac,260617,ppzIniNhrEc,single,INNIT Entertainment,a0b52a90-749f-47b4-9df4-58449a6dc0ca
ENHYPEN,2026-well-be-fine,/musicalbums/2026-well-be-fine,260629,n2bzA-ksXZI,single,Belift Lab,1f06bb82-a6b0-46c9-96a8-2046b957e7ee
UNIS,2026-unis,/musicalbums/2026-unis,260731,,mini_album,F&F Entertainment,ad16fdeb-d31b-4898-83a4-1072a789875c
Ilhoon,2026-glory,/musicalbums/2026-glory,260618,m5Qu284WU4U,single,Cube Entertainment,13fd8708-e13b-4051-a05c-f1154b9bae99
SaRyeongHwa,2026-four-spirit-flowers,/musicalbums/2026-four-spirit-flowers,260625,pDWUvEali_Y,single,GRIM PRODUCTION,c586fd03-24db-49d5-931a-ad07703d7026
HITGS,2026-things-we-dream-vol2,/musicalbums/2026-things-we-dream-vol2,260626,L9VNIOcfSOU,mini_album,H Music Entertainment,ab2a1f46-e429-4cef-9659-c5503e2b9e14
Xooos,2026-attitude2,/musicalbums/2026-attitude2,260618,Xi6hXHbcz8s,single,EMA,b934dbf9-6512-491c-abf6-55860ab918fa
LYn,2026-i-joa-highway-remix,/musicalbums/2026-i-joa-highway-remix,260618,OhDmrQUeK-4,single,Jellyfish Entertainment,0092e7bf-9206-4e32-be91-409bd13de502
A-plus,2026-summer-night-again,/musicalbums/2026-summer-night-again,260618,ANcdX3b39G8,single,Blue Dream Entertainment,899beffa-5659-4896-8b4e-7bcf4e14fc6d
kimjinwon,2026-vacant,/musicalbums/2026-vacant,260618,VozWYo0-8zg,single,Inplanet Music,b6c38737-3e08-412f-9745-960288c74710
Ourealgoat,2026-unanswered,/musicalbums/2026-unanswered,260619,p4Gn5MmnH_I,ep,OUREALGOAT,936f31c4-7854-4762-8a97-169b0fb21906
Minhyuk,2026-reaching,/musicalbums/2026-reaching,260619,fmD_uPp0UQQ,single,Starship Entertainment,5babaa41-a02e-4ed8-8a11-6fd2ac405005
Zene The Zilla,2026-chorok-mixtape,/musicalbums/2026-chorok-mixtape,260619,dQabVG2gzeA,ep,Ambition Musik,d10a2a45-c4a8-419e-87b3-fecc4515396c
FIFTY FIFTY,2026-like-a-bubble-alawn-remix,/musicalbums/2026-like-a-bubble-alawn-remix,260619,wI-BTojLH0g,single,ATTRAKT,06fb8ccb-359d-437e-8fe1-cb0183e1db09
Jiselle,2026-i-said-it,/musicalbums/2026-i-said-it,260619,omrIyF5o7TQ,single,House 8,b307e246-ded7-4632-b8b9-1cad355bfed6
B:DAWN,2026-weather-in-june,/musicalbums/2026-weather-in-june,260629,yoHDOqWCosc,single,DURI Entertainment,7190d63c-9fce-48a9-8ee5-0ac5c6461011
RESCENE,2026-pretty-girl,/musicalbums/2026-pretty-girl,260708,qZlu2j2SiBA,single,THE MUZE Entertainment,2e281782-b953-4675-b87e-ed2575239388
ENHYPEN,2026-the-sin-bliss,/musicalbums/2026-the-sin-bliss,260821,,mini_album,Belift Lab,13940a30-2ff4-46fa-9696-7e0581f7ecee
Z-uK,2026-z,/musicalbums/2026-z,260116,tkE9uHXhPL0,mini_album,KZ Entertainment,6e582927-82be-4940-b1a0-d2c8b3e37c9a
Z-uK,2026-u2,/musicalbums/2026-u2,260619,VojoKqdNIfE,mini_album,KZ Entertainment,c7f6668a-38fa-4f6d-84b5-2f6cfaf80286
can't be blue,2026-cant-be-blue,/musicalbums/2026-cant-be-blue,260620,0q4FzfcbCUI,studio,,6b66cb47-36a8-408b-a970-efd0e7ca3d90
ContiNewd,2026-youthlog-rock,/musicalbums/2026-youthlog-rock,260615,x9o7V-R6PgY,single,Mirrorball Music Korea,a99a782d-8e20-4f43-bd15-e3ec019a48a5
Youngjae,2026-series363-a-perfect-day,/musicalbums/2026-series363-a-perfect-day,260621,tKSdEAAEr8I,single,Studio363,222a4491-35c1-4c9d-89f8-8988ee649363
Kihyun,2026-borderline,/musicalbums/2026-borderline,260707,4k64rp8KJAk,ep,Starship Entertainment,a8a810fb-d942-4229-97a9-bb307ca6984a
TRENDZ,2026-on-my-knees,/musicalbums/2026-on-my-knees,260708,NkKSgPp4oIU,single,NH Media,edd3cbc2-1dc5-4d18-8113-445be443c60a
Yung Blesh,2026-am-i-trippin,/musicalbums/2026-am-i-trippin,260619,5J31p164daA,studio,Yng & Rich Records,5725f38d-8408-41ac-93d8-7c306ad8f6ab
Yeoeun,2026-it-hurts-as-much-as-i-loved-you,/musicalbums/2026-it-hurts-as-much-as-i-loved-you,260620,rllfWU5ZedM,single,Forest Watching Entertainment,698c537d-a70f-4a0b-afe6-56e2397e4304
Hyerim,2026-my-secret-garden,/musicalbums/2026-my-secret-garden,260621,3j5fXW4xLAk,single,"Doubling Music, Iron ENM Co., Ltd.",80bcf6dd-f2f5-4dc7-8045-3d6062b55d72
Yanghongwon,2026-hw-music,/musicalbums/2026-hw-music,260621,cGYb0rEmPsU,ep,HW MUSIC,6fda12ec-b76f-4ec3-8f3b-64b6950750b6
Wonjun,2026-subscription-dating-ost-part-8,/musicalbums/2026-subscription-dating-ost-part-8,260622,tHKnHp_qzWs,ost,Naturalri Music,cb8850cc-eac8-4e03-b3db-a98a28e7c06b
JMIN,2026-forever-kids,/musicalbums/2026-forever-kids,260623,jq1utQbun8o,ep,KC,b3639649-91a5-46b6-8eca-1302c9a0d734
Stray Kids,2026-run-it2,/musicalbums/2026-run-it2,260624,Q7IFjVUUb_E,single,JYP Entertainment,340366e2-d1f3-41ba-bec5-70060032e265
Sohee,2026-begin-again,/musicalbums/2026-begin-again,260627,ePmZZSVL5Hg,mini_album,n.CH Entertainment,62ad0180-ac9f-4894-8080-a848f1a8ba53
AHOF,2026-run-to-you,/musicalbums/2026-run-to-you,260708,OhbMVYVNo40,mini_album,F&F Entertainment,4debd9f5-5361-41ed-9ca0-b1bab212e5f7
Stray Kids,2026-this-that,/musicalbums/2026-this-that,260807,Q7IFjVUUb_E,mini_album,JYP Entertainment,2c106f5e-0672-405d-a368-515ccf847599
GamJay,2026-listen,/musicalbums/2026-listen,260621,dpt0YTvGWE0,single,LEVVELS,fe9371d3-9023-4625-99f0-bb61c71883d6
Suki,2026-how-can-i-live-without-you,/musicalbums/2026-how-can-i-live-without-you,260517,cmKpzS_AvMo,single,Yogurt Studio,ae9634bf-49be-4525-9bf8-6f76d5c5c10c
Suki,2026-why-does-love-always-end,/musicalbums/2026-why-does-love-always-end,260601,aFCnslSYwsI,single,Forest View Entertainment,9bc8da75-482e-453d-b7e3-bc17bd4fac5d
Suki,2026-my-day-only-looking-for-you,/musicalbums/2026-my-day-only-looking-for-you,260623,mJlxT7OQ850,single,"WM Entertainment, Yotyu",864c2438-dc4a-4ef8-b7e7-d085bdcb5767
FIFTY FIFTY,2026-see-you-at-work-tomorrow-ost-part1,/musicalbums/2026-see-you-at-work-tomorrow-ost-part1,260623,1z1WYlvQShM,ost,Toon Studio,9ca04ddf-e9d5-47f7-98d4-d2c1be604ad2
Kwon Jin Ah,2026-save-me3,/musicalbums/2026-save-me3,260623,rrWT4W07UHg,single,ANOTHER LABEL,cfc20de9-9ef5-431a-8e56-794711dc79d5
Boramiyu,2026-dr-island-boy-ost-part5,/musicalbums/2026-dr-island-boy-ost-part5,260623,boZG9LDgrwA,ost,Most Contents,8c033f57-1799-4872-a063-9416eb1df296
VAY ONN,2026-watta-day,/musicalbums/2026-watta-day,260623,8w2dMBph450,single,iNKODE,40419ca8-24ae-4fa5-9eda-ce66c1b174df
Leenzy,2026-im-in-ny,/musicalbums/2026-im-in-ny,260624,MeCrLS7OtTw,single,Oddventure,f3d12612-c114-466c-b67f-c28c3eb78da7
UDTT,2026-viper,/musicalbums/2026-viper,260627,6WvnYSV13w0,single,SW Entertainment,1a7e2b22-69ac-4af1-bd4e-8f48268f90ef
Kwon Jin Ah,2026-save-me4,/musicalbums/2026-save-me4,260715,2Wk4vsz65jo,ep,ANOTHER LABEL,80cd20b1-1438-47b7-97c6-63180c1eeed2
Kisu,2026-whale-in-the-daylight,/musicalbums/2026-whale-in-the-daylight,260625,YdVyAU4N5ys,single,SM Universe,11ba852b-ba15-4faf-9745-f9ceca86dc1f
QWER,2026-show-down,/musicalbums/2026-show-down,260708,TcMV9YeT9Sw,single,3Y CORPORATION,52f7816f-f5f5-44d3-a846-b8380e42d1d7
ACE,2026-silk-drop,/musicalbums/2026-silk-drop,260710,ZptKVcibc1c,single,Independent,a9249f44-9b4e-443f-a532-6c98cf442348
,2026-a-new-era-of-now,/musicalbums/2026-a-new-era-of-now,260805,,ep,STARSHIP ENTERTAINMENT,a09b082b-7ea0-4326-a041-0382b488ae4a
AxMxP,2026-24-hours,/musicalbums/2026-24-hours,260624,Y8EwFN0g8pg,single,FNC Entertainment,afb74967-003b-4875-97a4-c22112bd5a76
Layone,2026-caution-new-driver,/musicalbums/2026-caution-new-driver,260625,W8w1uNsaqXo,single,Cosm,c11a7b34-c885-481f-8ac8-175149527288
Vinxen,2026-switchzip,/musicalbums/2026-switchzip,260625,IOa8J_P-YWw,ep,VINXEN x NE:ON,a7f68ce9-5568-4736-8ca8-7f336189b74e
Way Ched,2026-without-u-feat-trade-l,/musicalbums/2026-without-u-feat-trade-l,260625,po2oysXf0AQ,single,Ambition Musik,1be2ec2d-ddfe-4c8c-aa29-cac07b1a3d7e
cosmosy,2026-paradise-i-need-you,/musicalbums/2026-paradise-i-need-you,260625,AtA2V44z0nU,single,"NTT Docomo Studio & Live, Sony Music Entertainment Korea",3ca41d9c-51d7-4c7d-b18e-71053bf45bfc
ALPHA DRIVE ONE,2026-agent-kim-reactivated-pt-1,/musicalbums/2026-agent-kim-reactivated-pt-1,260626,4MdYJtV3FyE,ost,Studio S,c41cccd3-1cbf-4bed-b131-70fb35794145
Kyma,2026-little-me,/musicalbums/2026-little-me,260630,paCZO7G3YKE,single,,d3ce01bc-fe08-4472-bf31-7baba5439bb6
Cliché,2026-colorful-strokes,/musicalbums/2026-colorful-strokes,260727,,ep,Accelers,3db719a7-bd58-4e0a-a5f3-413d4678917b
D.I,2026-unlocking,/musicalbums/2026-unlocking,260623,0YWBBv2nh08,ep,Independent,3f4735b6-e3a8-4aea-a95d-20a64532d3ba
C!naH,2026-candy-scar,/musicalbums/2026-candy-scar,260626,KK7OAI7fDJU,ost,STUDIO LICO,49515cd6-ca07-47e4-9c96-50dbf9928274
dearALICE,2026-body-on-featsweet-revenge-enola-bedard,/musicalbums/2026-body-on-featsweet-revenge-enola-bedard,260627,EQY3hJI1PlE,single,SM Entertainment,9059ecb8-873c-449e-b56f-a54b668978f8
Rubyeye,2026-little-bunny,/musicalbums/2026-little-bunny,260627,nmiSx0RRcSk,ost,STUDIO LICO,710c97fb-8d8a-4274-8840-6bd81c582000
UNIS,2026-music-from-the-specials,/musicalbums/2026-music-from-the-specials,260227,mGwQR2-kuCM,ost,"HIAN Inc., The Orchard Enterprises",9a9c82d2-ddfd-4c4a-8dd9-25d4ddfb4c14
Feeldog,2026-5-6-7-8,/musicalbums/2026-5-6-7-8,260628,MfYp6uOc6gw,single,GALACTIKA *,ad78ae5f-15c2-45f9-9227-20637b76c9f8
Lee Seungyoon,2026-album-0,/musicalbums/2026-album-0,260626,NS9akHHu8uA,studio,MAREUMO,1303ad54-ad7b-4728-98f7-62375d6b6e79
POW,2026-happy-depression,/musicalbums/2026-happy-depression,260626,Jm8SJsLw-Qk,single,GRID Entertainment,5124a6ae-2a5b-4558-b5a5-bf9e80962fad
ATEEZ,2026-bad-remix,/musicalbums/2026-bad-remix,260629,WdZpUOqGvA0,single,KQ Entertainment,3f266189-70cd-466b-9ead-b4a40f65483a
U-Know,2026-times-tickin,/musicalbums/2026-times-tickin,260720,,single,SM Entertainment,44843bb7-7e86-4f99-98c6-b41202601eff
Lay,2026-call-my-name,/musicalbums/2026-call-my-name,260628,TB7gIXlvq-0,single,Zhang Yixing Studio,010f1c3b-39e1-40f9-99bc-2e04135c33e1
MY:RAKL,2026-this-too-will-pass,/musicalbums/2026-this-too-will-pass,260629,7Vj4aOP4uKw,single,Accorde Entertainment,80d578fa-6373-47eb-823c-b050897d9d04
Haena,2026-dear-my-errors,/musicalbums/2026-dear-my-errors,260629,UeKP1F-MAeI,single,With US Entertainment,d100376a-b7d1-4a2b-9373-d47ea18fdd2a
ATEEZ,2026-bad-steve-aoki-ver,/musicalbums/2026-bad-steve-aoki-ver,260630,mnLTpuVk8Vs,single,KQ Entertainment,593aebdf-13ac-45a3-ab46-a1f6b1b8eb63
AmbiO,2026-blue-splash,/musicalbums/2026-blue-splash,260707,,single,E Entertainment,14394b6c-e67e-4fc6-9298-2bb6858b997d
idntt,2026-itsnotover,/musicalbums/2026-itsnotover,260713,0ZtGSpAoNMI,mini_album,MODHAUS,376097f4-1ff1-4751-bc81-aeacfa6f1f07
Wonho,2026-core,/musicalbums/2026-core,260721,,mini_album,Starship Entertainment,2adf0fb9-bab2-460c-8ded-8368a8cdc02e
TOMORROW X TOGETHER,2026-setsuna-hanabi,/musicalbums/2026-setsuna-hanabi,260819,,single,BIGHIT MUSIC,676da5e8-54b2-48e1-a6ed-24c669c933ed
Junseong,2026-fake-love,/musicalbums/2026-fake-love,260317,4L2qXBTWPbU,single,Maroo Entertainment,0d839fe5-eeb5-4e7c-b1c7-8841c9453f06
Kyu,2026-focus-on-me,/musicalbums/2026-focus-on-me,260626,70oBbBRUB-I,single,NAISU Agency,c76ea9b3-e80a-4112-a090-4606e7554d11
Taeyeon,2026-j-pop-remake-vol1,/musicalbums/2026-j-pop-remake-vol1,260629,VVO05mYGFY8,single,SM Entertainment,78570dc5-52e5-4386-ab71-44f45e7b7c97
Baek A Yeon,2026-listen2,/musicalbums/2026-listen2,260629,ClbQHNIa2PM,single,EDEN Entertainment,c548b09e-7568-4131-9516-4abcc8fdfb20
Chuu,2026-rule-feat-heize,/musicalbums/2026-rule-feat-heize,260702,cVA96fkEcNY,single,"ATRP, Genie Music",fd164d5b-0d82-4bd5-ad75-a903b70dcf48
DXMON,2026-hyperlink-vol3,/musicalbums/2026-hyperlink-vol3,260706,6nYG4VP_VT8,single,H Music Entertainment,ce9931c9-44cf-497e-ab9a-169c870b549f
SUPER JUNIOR-83z,2026-promise,/musicalbums/2026-promise,260713,JebaOMAuIyw,mini_album,SM Entertainment,8cd7a5ba-d852-4ef9-8653-051721b61ed7
DAILY:DIRECTION,2026-monkey-mode,/musicalbums/2026-monkey-mode,260713,X8lCOhyxxEc,single,ODDWAVE,7af5aec8-b111-41fd-8b4e-34e30cabd352
Minhyuk,2026-temperature,/musicalbums/2026-temperature,260715,wVDb6xpA75E,single,BTOB Company,8b878100-a43d-4810-a4f3-59525ef8f58a
StelLive,2026-cliche,/musicalbums/2026-cliche,260727,,ep,Accelers,3f2e3474-e3f3-49a2-bfae-86984881b528
ZEROBASEONE,2026-regression-love,/musicalbums/2026-regression-love,260819,,single,WAKEONE,835fd6a1-721f-4801-a52c-13a739d8d67b
Anna Cheng,2026-i-h8-u,/musicalbums/2026-i-h8-u,260508,QMYZdHVINJk,single,Anna Cheng Records,f16bd429-5c7d-4b2c-acfa-0b2c203c78ca
AHOF,2026-day-1,/musicalbums/2026-day-1,260701,uu9PqGb8NMs,single,F&F Entertainment,5989308c-0f12-45d8-91c0-c45b20f01be0
Blue.D,2026-not-perfect-love,/musicalbums/2026-not-perfect-love,260701,tN2M03g22oU,ep,"EW Entertainment, ONGRAY",dd1409f4-62b1-4cd5-8103-3c7b23e82dc9
THE FIX,2026-die-in-the-moshpit,/musicalbums/2026-die-in-the-moshpit,260701,idiYWmiYXUk,single,Odd venture,f64671c2-2d9e-43c2-a8ac-2e383bcf4c11
IVE,2026-lucid-dream-taku-takahashi-remix,/musicalbums/2026-lucid-dream-taku-takahashi-remix,260701,joe-bNMjYvs,single,Starship Entertainment,7dd69f20-3dc1-4f3b-892c-ff3a2c3f0c14
Seo In Guk,2026-see-you-at-work-tomorrow-ost-part4,/musicalbums/2026-see-you-at-work-tomorrow-ost-part4,260701,zGSQkVE_qUE,ost,"Studio Dragon, Toon Studio",db87f9ca-8a6f-4fdc-9498-f9c910fa6c1f
Yuha,2026-teenieping-legend-of-the-whale-heartstone-special-ost-part1,/musicalbums/2026-teenieping-legend-of-the-whale-heartstone-special-ost-part1,260701,6D1ega4uLTs,ost,SM Entertainment,f08eb3cc-fbf3-433f-91ab-afe13e645f9d
ATEEZ,2026-bad-james-carter-ver,/musicalbums/2026-bad-james-carter-ver,260702,-Gx9Y_O735E,single,KQ Entertainment,c8e62797-5e7d-4d9e-9589-bab54dc65fe3
Jin Hyeon Jun,2026-it-was-never-a-love-meant-to-hurt,/musicalbums/2026-it-was-never-a-love-meant-to-hurt,260702,3BeeOJApWEo,single,Custom Record,16c2e8a8-28db-443b-8533-6da77118ff9b
Choi Sung Yun,2026-blue-moon,/musicalbums/2026-blue-moon,260707,qKQNz4QoY68,single,OAK Company,32d45f16-fc80-4bb8-ab7f-278bb171b47f
GIRLSET,2026-chat,/musicalbums/2026-chat,260717,,single,JYP Entertainment,462eea86-4aa4-4f4d-a2ed-93519970b3d7
KARD,2026-where-to-now-part2-nowhere,/musicalbums/2026-where-to-now-part2-nowhere,260728,,studio,DSP Media,3987ffa7-c6e6-4cd7-9306-c16d44fcfb0a
ALL'N,2026-dream-higher,/musicalbums/2026-dream-higher,260814,,single,SKS Entertainment,cfb064fe-a6f8-433d-9a19-6887476254ba
Touched,2026-the-immortal-song-kim-kwang-seok-30th-anniversary-special,/musicalbums/2026-the-immortal-song-kim-kwang-seok-30th-anniversary-special,260321,6--VNmhSAYg,compilation,Independent,0af20cb5-7b04-4156-bc11-c4ec672da070
Lay,2026-flawed-crown,/musicalbums/2026-flawed-crown,260703,pWTKR-q-Xgs,studio,Zhang Yixing Studio,60d1cefe-7f00-4245-bce9-6e4ef0a60f30
2Z,2026-the-prosecutors-proposal-ost-part3,/musicalbums/2026-the-prosecutors-proposal-ost-part3,260703,ot3oRVtoU04,ost,Naturally Music,1e4fbd26-bc0b-4f7b-9d1b-ae95f9761435
Jaehyun,2026-99-degrees,/musicalbums/2026-99-degrees,260710,wuF8Q_iq7Bo,single,SM Entertainment,b5087ca3-c324-418e-902d-e0639e438f8d
EMOTI:M,2026-connect,/musicalbums/2026-connect,260731,,mini_album,DNA Entertainment,ed60adff-b522-4d5f-92c7-b621d322f8c0
ARTMS,2026-hyper-ego,/musicalbums/2026-hyper-ego,260807,,mini_album,MODHAUS,cd5a4a20-3615-4c04-ae54-5986bc024a99
FTISLAND,2026-lemonade2,/musicalbums/2026-lemonade2,260902,,single,Warner Music Japan,5f45db85-631d-428b-8cba-0aa1ed9456f9
TVXQ!,2026-identity,/musicalbums/2026-identity,260212,RDAGnKcvUqK,single,SM Entertainment,28d9a344-cef0-493f-8a5e-1a11c020a5c3
W24,2026-mustard-seed,/musicalbums/2026-mustard-seed,260227,PxRU4wCuurg,single,Favor Entertainment,78f6cc3c-ed58-4010-a9e8-2b051b06d4d5
D82,2026-luminous,/musicalbums/2026-luminous,260417,utA9BIg0ajU,mini_album,Aiv Entertainment Inc.,28c72c0a-c493-437d-acc4-1f820ecd0fec
015B,2026-new-edition-71,/musicalbums/2026-new-edition-71,260512,qC0G3FyFuCk,single,Dreamus,02b2f8fa-efa7-48a5-b100-3b1fc3db17c8
W24,2026-water-gushes,/musicalbums/2026-water-gushes,260611,b0ct-yBwitw,single,Favor Entertainment,5ecfd225-2d98-4b40-9da8-a01397fd59f2
015B,2026-new-edition-72,/musicalbums/2026-new-edition-72,260617,Iju9QA9RpQs,single,Dreamus,b1cf9d1f-2aae-4026-9efa-65b94a0793ca
Ki:XÉ,2026-mew,/musicalbums/2026-mew,260622,ShO8OAa2Zjo,single,,71cda8b8-b1a8-4557-bbd8-74fce9b1edff
BLASÉ,2026-agent-kim-reactivated-pt-3,/musicalbums/2026-agent-kim-reactivated-pt-3,260704,9HHDMxdm_0A,ost,Studio S,8b980a82-d17c-4259-84f1-efbd7b392e09
Ha Hyunwoo,2026-the-husband-ost-pt-1,/musicalbums/2026-the-husband-ost-pt-1,260704,,ost,KBS Media Music,223fa086-9ffb-4eac-8c00-4daaecb51176
Ki:XÉ,2026-ketchup,/musicalbums/2026-ketchup,260705,0AgErNRXFuo,single,,069a4da4-9e2b-4937-a947-7d61b16e2400
Q,2026-anytime,/musicalbums/2026-anytime,260709,0lGTAroEN4s,single,One Hundred,b2a99869-f12f-494a-b7cc-cc423a3d265b
Ki:XÉ,2026-kikis-key,/musicalbums/2026-kikis-key,260724,,ep,,9d30d20a-48d6-4645-b1b0-c453cbf9437b
COiBLEN,2026-zero-gravity-love,/musicalbums/2026-zero-gravity-love,260731,,single,Independent,0a6a5006-f45d-4daf-aaff-21e968709769
Haneum,2026-is-it-love,/musicalbums/2026-is-it-love,260702,,single,ES Nation,23ef1804-1d00-4d2a-b74f-643894a477c1
Raina,2026-loving-you,/musicalbums/2026-loving-you,260705,cssAjas-GeY,single,"BrotherHoodEnter, IRON E&M",b31a81cd-3934-4ab8-b5dc-6143932f76fa
ATEEZ,2026-bad-ofenbach-ver,/musicalbums/2026-bad-ofenbach-ver,260706,_LDfxna5yQM,single,KQ Entertainment,48f06723-ca22-4084-a307-62c722df4f26
Niel,2026-california,/musicalbums/2026-california,260706,0Hq3NgbHzTU,single,EL&D Entertainment,a7979769-ca59-4b24-8269-9cc35b000ffa
YOUNG POSSE,2026-young-tape,/musicalbums/2026-young-tape,260713,lFxXpXk35Eo,studio,"DSP Media, BEATS Entertainment",53f61d04-eb0d-4596-932c-407d1d33597d
ONE OR EIGHT,2026-yankee-squat,/musicalbums/2026-yankee-squat,260715,qjAAqqO2TJU,single,,8efbf57f-86ac-4ffa-8094-46fb67aaad14
Sunmi,2026-forever-july,/musicalbums/2026-forever-july,260715,M6EyUZ3ANuM,single,ABYSS Company,4d139be9-293a-4d26-b0bf-219b7e6cb80b
BB GIRLS,2026-body-wave,/musicalbums/2026-body-wave,260716,ZWzO50OCbqs,single,GLG,f6011ca2-3d64-4b9b-b710-214792fe6b53
8TURN,2026-8x,/musicalbums/2026-8x,260721,,single,MNH Entertainment,a5f79c52-e2a4-4024-9eb6-869947c0f21d
Hyolyn,2026-originalyn,/musicalbums/2026-originalyn,260722,,mini_album,ReH Entertainment,bdaa41d0-1fcb-46f9-99c0-44e4a6e2d4c5
Young K,2026-youngest,/musicalbums/2026-youngest,260727,,studio,JYP Entertainment,b73913f7-3d50-44a2-a9c8-6fef1476ce9b
The Wind,2026-second-wind-s-00,/musicalbums/2026-second-wind-s-00,260729,,mini_album,With US Entertainment,f043f259-6967-4c9d-bd20-7dd8dade39d7
Red Velvet,2026-velvet-summer,/musicalbums/2026-velvet-summer,260808,,mini_album,SM Entertainment,24be9b8c-4364-4092-b85a-f8877c17268d
Hearts2Hearts,2026-iconic-heart,/musicalbums/2026-iconic-heart,260812,,single,SM Entertainment,683e01d7-9493-4ba9-9ab9-dc1d530b32fd
&TEAM,2026-mark-on-me,/musicalbums/2026-mark-on-me,260908,,mini_album,YX LABELS,564b8ab8-94a5-46eb-980f-1938b3a47366
ONE OR EIGHT,2026-en-gine,/musicalbums/2026-en-gine,260916,,ep,,d86e112d-f63c-4a68-96a6-064883e82f45
015B,2026-the-legacy-24,/musicalbums/2026-the-legacy-24,260311,PCaCPdv6Iko,single,The 015B,92fa10c8-c057-42d8-a687-ec7c8410e328
015B,2026-the-legacy-25,/musicalbums/2026-the-legacy-25,260415,0wFc8B11IiQ,single,The 015B,c5fe5dc3-4ca2-460f-82cf-944fa7de2bbe
Kursor,2026-dirty-guilty,/musicalbums/2026-dirty-guilty,260708,ajm0sX4BK1M,single,BIXIZ XOUND,1b922866-cd08-4621-9ceb-27739675d0de
WOOAH,2026-summer2,/musicalbums/2026-summer2,260713,8DwTAa5hPsA,single,H Music Entertainment,bc11e461-4e36-4e09-b4f4-6d80b69025fe
fromis_9,2026-glow-me,/musicalbums/2026-glow-me,260721,,studio,ASND,3fb8f3e5-7690-4030-80ac-f81b8a49989b
015B,2026-the-legacy-23,/musicalbums/2026-the-legacy-23,260211,X-KQJoVYmsk,single,Dreamus,842a688d-7074-4367-93a7-01c0a18dcc0c
015B,2026-yearbook-2025,/musicalbums/2026-yearbook-2025,260226,UiB_4VGIRHA,compilation,Dreamus,53c84bfe-9477-4b36-af72-5a0b4a5ad0af
KISS OF LIFE,2026-break-it,/musicalbums/2026-break-it,260704,,ost,S2 Entertainment,8e8bc4ae-64d2-4473-b3e7-a1b11bd42f0c
Ohyul,2026-the-husband-part2,/musicalbums/2026-the-husband-part2,260705,RDhgs3jSuJm,ost,MORE VISION,caade054-a3be-44f9-a908-8849441713d6
Zene The Zilla,2026-still-hot,/musicalbums/2026-still-hot,260707,IbZJwu6HEUY,single,Ambition Musik,2f644b24-4424-4096-9977-6be0e5bd8382
Rothy,2026-wave,/musicalbums/2026-wave,260707,sEIc7-gx3e4,single,EGO Group,20ab2498-b60a-4e52-bbe2-b42fe5b6ca95
Karin,2026-encore,/musicalbums/2026-encore,260707,9ARZTCaaXx4,single,Charon Universe,12382909-2976-4f0e-a133-bd493aca6ca1
VLYZ,2026-glory2,/musicalbums/2026-glory2,260712,1vQSHni2MCA,single,ORViT Entertainment,5d5c7c0a-4250-4059-8678-ed8512c5924e
ASC2NT,2026-traffic-light,/musicalbums/2026-traffic-light,260716,QRO3GeLK9go,single,NEWWAYS COMPANY,db87c557-361d-4d90-9a1f-eb23ede7c749
NouerA,2026-exe,/musicalbums/2026-exe,260727,,ep,Chromosome Entertainment Group,928becc4-a481-49f5-94d5-990f87322ae2
Kang Daniel,2026-stay4,/musicalbums/2026-stay4,260210,17ko9qZCxhA,single,ARA,61d705d5-17cb-4e43-855a-097a7740a9af
Rio,2026-ivy,/musicalbums/2026-ivy,260702,bIrtdgmCVuU,single,Rio Kimmy Works (Independent),62ff2e8c-aae6-4b34-8f5a-47c381f615ef
MRCH,2026-mutualism,/musicalbums/2026-mutualism,260707,yYQ736VFmDw,ep,theonlyscent,d9279e14-584c-4538-8b46-61542e75e84e
Yebit,2026-airplane,/musicalbums/2026-airplane,260707,H5NMoH9zz1k,single,Magic Strawberry Sound,145a58fb-aa20-4b46-9cb6-5ee6153b9efa
Meaningful Stone,2026-11-0-feat-jay-som,/musicalbums/2026-11-0-feat-jay-som,260709,SLg8OZG9cGc,single,EMA,929b3e08-5885-4fd1-83a8-b5fe3b331513
Choi Yuree,2026-stay-two,/musicalbums/2026-stay-two,260709,,single,Nave,56f7ce33-8b90-46f7-93ea-8a5881a3bf2c
AVION,2026-bad-habit,/musicalbums/2026-bad-habit,260722,,single,Gallery Music Production,b382bfea-356e-4757-871d-6295108a0724
ATEEZ,2026-bad-japanese-ver,/musicalbums/2026-bad-japanese-ver,260729,,single,KQ Entertainment,43cac7e6-c4ba-4798-a55b-2df72997de9c
10CM,2026-crushed,/musicalbums/2026-crushed,260702,O2uTlnybbH0,single,CAM WITH US,70fea6c0-20fe-407c-96b0-1b2ff7b648d7
Wheein,2026-the-symphony-of-fxxkboys-minlee-remix,/musicalbums/2026-the-symphony-of-fxxkboys-minlee-remix,260710,i8nGyt2nU4s,single,"Withers Entertainment, Baby Lemon Entertainment",4e97ffc8-1589-4dc8-94a3-713c890838e5
Jihyo,2026-distant-lover,/musicalbums/2026-distant-lover,260710,RVC4bqqMD5c,single,Musicow US,b92e8795-4879-4b33-990f-cecb5182c013
Kid Wine,2026-its-love,/musicalbums/2026-its-love,260710,7SBhpWKOz6Y,single,Winy Studio,4021286f-8c63-41e8-acd0-0283364eab90
dearALICE,2026-body-on-boys-version,/musicalbums/2026-body-on-boys-version,260710,Xg8mR_srsDc,single,SM Entertainment,83d8d510-240b-49ec-9afc-dd7f2646a095
Gray,2026-baby2,/musicalbums/2026-baby2,260515,,single,Duover,10ac6c97-a364-41ff-ac64-78aa2d38c91f
So Soo Bin,2026-become-more-beautiful,/musicalbums/2026-become-more-beautiful,260708,w_7bz3MMI00,single,CAM WITH US,c5b9be07-54e9-4ea1-9438-3db891729238
Lim Kim,2026-insa-feat-bree-runway,/musicalbums/2026-insa-feat-bree-runway,260709,YZoD0wu9kAo,single,Universal Music Korea,650c0270-6868-4ef9-9cc8-e30923229a85
Gaho,2026-the-completion-of-marriage-ost-pt-3,/musicalbums/2026-the-completion-of-marriage-ost-pt-3,260711,W-gPh7-Sdec,ost,KBS Media,0a4697fc-0aff-4955-97d1-ba9d4f923d6b
RIIZE,2026-sunburst,/musicalbums/2026-sunburst,260826,,single,SM Entertainment,e073b1ba-09c8-41ea-bca7-0ec39bff873a
Big Naughty,2026-dearj,/musicalbums/2026-dearj,260701,_lw0jM3HV8k,single,H1GHR MUSIC,a44f9e83-7ae4-4390-82cc-9f071596df6a
KickFlip,2026-everyday-everynight-youth-of-revelation-x-kickflip-original-webtoon-soundtrack,/musicalbums/2026-everyday-everynight-youth-of-revelation-x-kickflip-original-webtoon-soundtrack,260708,sYkqUY1l7uA,ost,JYP Entertainment,2ccec056-29d0-4597-a7bf-00a6390e7639
RE:REVOLUTION,2026-level-up,/musicalbums/2026-level-up,260711,oS1sZ9du7oQ,single,SCON,89a8d733-cb3b-474e-bf8b-49cd1740b28a
Itzel,2026-unstable,/musicalbums/2026-unstable,260208,Xaof9_6iXJs,single,,4b53d520-e90c-4ba5-bd2f-45aa48aceeec
Itzel,2026-be-light,/musicalbums/2026-be-light,260228,jndTWh0JSN0,ep,,e7415c33-9938-438b-ae02-d9e8b1402790
Pagaehun,2026-ooaa,/musicalbums/2026-ooaa,260318,cdtJ7KzVZiw,single,ATCM,f047138a-c9bd-41ad-a079-184b96168084
NEKIRU,2026-still-love-still-alive,/musicalbums/2026-still-love-still-alive,260322,5enP7An6vBs,single,SooSo Entertainment,98c63135-e365-4eb3-849a-0f5c0e68781e
ASCENDER,2026-gobble-up,/musicalbums/2026-gobble-up,260502,s0eGSDlBqEs,single,HOWLING Entertainment,8c191e2b-5b45-4e4b-8291-994d55f977ab
Pagaehun,2026-the-manual,/musicalbums/2026-the-manual,260516,xd31zh3HMpw,single,ATCM,a114200a-6186-4d7f-9451-eed702ca685d
ASCENDER,2026-ascend-together,/musicalbums/2026-ascend-together,260702,RKR8lnKy0Lw,mini_album,HOWLING Entertainment,e8779ab5-201d-4695-bfbd-10788f09e155
Pagaehun,2026-hey-girl,/musicalbums/2026-hey-girl,260706,cgdQRylvbuI,single,ATCM,12fcde6f-1a1f-4259-8c39-9cdf718af09c
NCT WISH,2026-yo-i-don-boy-meets-girl2,/musicalbums/2026-yo-i-don-boy-meets-girl2,260713,E1d8dVSs0Bg,single,"Avex Music Creative Inc., SM Entertainment",b8efa2b3-b91d-4524-bbbb-519863211552
Dino,2026-dream-to-you-pt-1,/musicalbums/2026-dream-to-you-pt-1,260713,6tRrCe0MA8I,ost,HYBE Labels,1c2164c1-20e8-4198-ba05-c0df3398115c
Kang Seung Sik,2026-the-season-of-us,/musicalbums/2026-the-season-of-us,260715,,mini_album,MUMW Entertainment,3d5274d2-41e9-4346-a8e4-c13d92a4f80f
ONE PACT,2026-tuned-in,/musicalbums/2026-tuned-in,260723,,single,ARMADA Ent,62b5ad0d-2a61-4393-9ad2-d05100309265
Rocky,2026-unsaid,/musicalbums/2026-unsaid,260811,,mini_album,WONIJIN Entertainment,858d5e11-dcc9-494e-9a55-b2c3ecc7efb3
Tiffany Young,2026-edge-of-calm,/musicalbums/2026-edge-of-calm,260820,,studio,Pacific Music Group,f308d3cb-598a-4e2d-80aa-bac832ab6162
LUCY,2026-your-throne-x-lucy,/musicalbums/2026-your-throne-x-lucy,260314,U--182lC5AE,ost,Most Contents,9beda28e-da40-4d44-8b93-b97c84caea39
COOING,2026-4-in-6-out,/musicalbums/2026-4-in-6-out,260707,3TyAN9X03ms,single,Starit Entertainment,e1e2e0cd-7f9b-43b9-a4d2-97bf29f0610b
Yeonjun,2026-no-labels-part-02-mango-chili-ver,/musicalbums/2026-no-labels-part-02-mango-chili-ver,260713,NnybSob6R_8,compilation,BigHit Music,749ce38b-a2f6-4daa-bcd6-2a94f11229fd
Yeonjun,2026-no-labels-part-02-earl-grey-ver,/musicalbums/2026-no-labels-part-02-earl-grey-ver,260713,aojxinAN-eU,compilation,BigHit Music,457eeeeb-1a2b-45d6-9978-449cfc15deec
Junhyung,2026-crush,/musicalbums/2026-crush,260713,69wU4HA7Ufg,single,Maroo Entertainment,dcec74df-34f5-4d77-8b50-d76600f55717
Yeonjun,2026-no-labels-part-02-cotton-candy-ver,/musicalbums/2026-no-labels-part-02-cotton-candy-ver,260713,0glyNM-gOFo,compilation,BigHit Music,6cde214b-4b8a-438d-8115-196abd8400aa
Yeonjun,2026-no-labels-part-02-espresso-ver,/musicalbums/2026-no-labels-part-02-espresso-ver,260713,uR8nG6D32Tk,compilation,BigHit Music,d0aff84c-86fb-488e-917c-4a74b2782c20
Kim Jiwoong,2026-closer,/musicalbums/2026-closer,260714,kUzlZB_gXh0,single,WAKEONE,8221967c-8cdb-4687-bfee-b9987b04ce98
Hebi,2026-tomb-raider-king-end-line-ost,/musicalbums/2026-tomb-raider-king-end-line-ost,260714,irMpQE-DWUQ,ost,3Y CORPORATION,678be8fa-64d4-4262-a0e2-68f91a6527e5
IRION,2026-memoria,/musicalbums/2026-memoria,260719,,single,Minari Entertainment,e56cca20-152f-452c-8397-72f330c5f2b1
Brooklyn Van Zandt,2026-breathe,/musicalbums/2026-breathe,260123,Jbf4eBRoDsI,single,,b7e88b47-434b-4993-a769-01ac4f42d01c
Brooklyn Van Zandt,2026-i-am-the-music,/musicalbums/2026-i-am-the-music,260306,Selvf5mu-7U,single,,7448f817-3c81-4b12-a67d-81a839a77b0c
Lee Jimin,2026-youre-mine-youre-my-man,/musicalbums/2026-youre-mine-youre-my-man,260307,,single,,253049e3-bb57-457d-8314-b48e3c0dc501
Choi Seong,2026-black2,/musicalbums/2026-black2,260320,,studio,Choi Seong,cbd0c8ed-4d6a-4bc8-a35a-6ce02de09ab6
Goopy,2026-rousseau,/musicalbums/2026-rousseau,260601,4_SI6JIXSKs,single,WAVY,a4ba1aa1-e7c5-400d-a754-c7765b7f52ba
1/N,2026-open-my-eyes,/musicalbums/2026-open-my-eyes,260610,cPlREAajfR8,single,Music Humanity,1f952c50-20d0-4f5b-9816-cd6560ef400f
Brooklyn Van Zandt,2026-dont-think-its-real,/musicalbums/2026-dont-think-its-real,260612,m1EK1kEjQEM,ep,,e7486454-c0b7-490f-8ea5-9c1d12980d6b
Mad Clown,2026-t-feat-george,/musicalbums/2026-t-feat-george,260622,HU77rxvjrxw,single,Beautiful Noise,a21653f2-8c76-4c25-a5f5-78cca206b491
KARLEE GIRL,2026-what-now,/musicalbums/2026-what-now,260626,3gw5H1y0cx8,single,,45d23caa-2d78-4ee6-9cf6-2406efa89549
Brooklyn Van Zandt,2026-eaten-by-flowers,/musicalbums/2026-eaten-by-flowers,260626,Bf-2J9jmW4A,single,,b1b82801-25ff-493b-9d87-34a0d7730b07
Trade L,2026-tt,/musicalbums/2026-tt,260704,hCc3PJyV050,single,Ambition Musik,bcea31b7-7b96-4dbb-8ee9-344fd873a900
Juniel,2026-summer-scene,/musicalbums/2026-summer-scene,260709,pmJc_QsDp_k,single,K-Tigers E&C,0856f794-0b9c-4633-8139-01369ea41a7b
MilliMax,2026-ambition-710,/musicalbums/2026-ambition-710,260710,jIwaSfd9e0Q,single,Ambition Musik,accccc1b-98f8-43f2-acf5-923890419efc
Toil,2026-haemoo,/musicalbums/2026-haemoo,260712,sCI9hUO7TRI,single,"Daytona Entertainment, AMBITION MUSIC, Choi Seong",271de569-1bc5-4b78-a0e8-d7b0b574f9ce
Loco,2026-chukchuk-demo,/musicalbums/2026-chukchuk-demo,260714,0v3jfJM41OY,single,LOCOMOTIVE,62a570d2-8900-4dd0-86b4-0b64fc20300c
Mad Clown,2026-rain-drops-feat-chodan-of-qwer,/musicalbums/2026-rain-drops-feat-chodan-of-qwer,260714,9hY5yk2UAHE,single,Beautiful Noise,45c71330-5a62-4197-82b0-3eb890164e48
Lil Moshpit,2026-annyeonghaseyo-chanmina-remix,/musicalbums/2026-annyeonghaseyo-chanmina-remix,260715,RGAemb7OtO4,single,WM Japan / 300 Entertainment Japan,b053752e-e67a-47dc-8af7-dda50d109a9d
idntt,2026-kids-return-japanese-ver,/musicalbums/2026-kids-return-japanese-ver,260716,,single,Sony Music Labels Inc.,8ab93434-85f0-4d2d-87a0-e70bd69ebd3a
Kevin,2026-aint-no-party,/musicalbums/2026-aint-no-party,260724,,single,FC ENM,dcb3d8fd-d497-4644-8bf0-3690c761af05
TWICE,2026-best-2015-2025,/musicalbums/2026-best-2015-2025,260826,,compilation,Warner Music Japan,bb7f876a-3f5b-4cc4-9d2c-a6b100aef173
Akairo Ryu,2026-repeat,/musicalbums/2026-repeat,260308,pRFv0A0f6tM,single,"SCON, YG PLUS",39ad45af-894e-44d4-8365-71959d78046a
Dino,2026-love-sicknarr-lee-moon-sae,/musicalbums/2026-love-sicknarr-lee-moon-sae,260715,Zt_37l7NiJw,single,PLEDIS Entertainment,8acaa659-fd6c-475d-87ba-9e4fd3a67edb
KIMMUSEUM,2026-im-bad,/musicalbums/2026-im-bad,260716,Zu3YzJLDIn0,single,008 AIRLINE,e3cc03a7-5761-49fe-a535-2d59f0494cdd
Han Yo Han,2026-check-in,/musicalbums/2026-check-in,260716,yECj5RzbGYo,single,ROCKSTAR CLUB,2b35a986-f7ea-465b-8da0-609e9aaaa62a
LUNEDI,2026-circle2,/musicalbums/2026-circle2,260716,DKipFKjAOwQ,single,LUNEDI,7755156c-3b02-4587-b2d2-361db610ffb2
Kun,2026-feeltalk,/musicalbums/2026-feeltalk,260718,,ep,SM Entertainment,7e341143-1848-47ca-815e-cb6b211950f1
Coogie,2026-hbk,/musicalbums/2026-hbk,260720,,studio,Duover,67e829e7-98cb-4e78-9eb2-8dbf1370302e
izna,2026-handle-with-care,/musicalbums/2026-handle-with-care,260902,,mini_album,The Black Label,9feca8d1-7b50-45d4-a768-7899b9c8e577
